ISO-10303-21;
HEADER;
FILE_DESCRIPTION (( 'STEP AP214' ),
    '1' );
FILE_NAME ('CMT-0502-75-SMT-TR.STEP',
    '2024-02-29T18:19:28',
    ( '' ),
    ( '' ),
    'SwSTEP 2.0',
    'SolidWorks 2021',
    '' );
FILE_SCHEMA (( 'AUTOMOTIVE_DESIGN' ));
ENDSEC;

DATA;
#1 = LINE ( 'NONE', #226, #2784 ) ;
#2 = CARTESIAN_POINT ( 'NONE',  ( -1.100000000000000755, 0.04999999999999991257, 2.499999999999999556 ) ) ;
#3 = CARTESIAN_POINT ( 'NONE',  ( 1.279289321881345476, 0.000000000000000000, -2.250000000000001332 ) ) ;
#4 = AXIS2_PLACEMENT_3D ( 'NONE', #2561, #2267, #2638 ) ;
#5 = CARTESIAN_POINT ( 'NONE',  ( 2.449999999999999289, 0.6500000000000000222, 1.279289321881347696 ) ) ;
#6 = DIRECTION ( 'NONE',  ( 0.7071067811865477948, 0.000000000000000000, -0.7071067811865474617 ) ) ;
#7 = ORIENTED_EDGE ( 'NONE', *, *, #3053, .T. ) ;
#8 = VERTEX_POINT ( 'NONE', #824 ) ;
#9 = VECTOR ( 'NONE', #1724, 1000.000000000000000 ) ;
#10 = CARTESIAN_POINT ( 'NONE',  ( -1.300000000000000488, 0.7000000000000000666, 2.299999999999999378 ) ) ;
#11 = ORIENTED_EDGE ( 'NONE', *, *, #3144, .T. ) ;
#12 = CARTESIAN_POINT ( 'NONE',  ( 2.099999999999998312, 0.1499999999999999944, -1.500000000000003775 ) ) ;
#13 = DIRECTION ( 'NONE',  ( 1.000000000000000000, 0.000000000000000000, 0.000000000000000000 ) ) ;
#14 = VECTOR ( 'NONE', #3460, 1000.000000000000000 ) ;
#15 = AXIS2_PLACEMENT_3D ( 'NONE', #2699, #249, #909 ) ;
#16 = CARTESIAN_POINT ( 'NONE',  ( -1.300000000000000488, 0.04999999999999991257, 2.299999999999999378 ) ) ;
#17 = CARTESIAN_POINT ( 'NONE',  ( 1.099999999999999645, 0.04999999999999991257, -2.500000000000000888 ) ) ;
#18 = ADVANCED_FACE ( 'NONE', ( #889 ), #1482, .F. ) ;
#19 = LINE ( 'NONE', #1218, #2614 ) ;
#20 = ADVANCED_FACE ( 'NONE', ( #3566 ), #546, .F. ) ;
#21 = ORIENTED_EDGE ( 'NONE', *, *, #1648, .T. ) ;
#22 = EDGE_LOOP ( 'NONE', ( #2924, #709, #3403, #513 ) ) ;
#23 = LINE ( 'NONE', #1439, #894 ) ;
#24 = LINE ( 'NONE', #2512, #2197 ) ;
#25 = CARTESIAN_POINT ( 'NONE',  ( 2.100000000000000089, 0.1999999999999999833, -2.300000000000001155 ) ) ;
#26 = EDGE_LOOP ( 'NONE', ( #126, #1604, #879, #3864, #935, #322, #1126, #784 ) ) ;
#27 = FACE_OUTER_BOUND ( 'NONE', #2271, .T. ) ;
#28 = LINE ( 'NONE', #1248, #2496 ) ;
#29 = EDGE_CURVE ( 'NONE', #1075, #3017, #3363, .T. ) ;
#30 = VERTEX_POINT ( 'NONE', #3305 ) ;
#31 = ORIENTED_EDGE ( 'NONE', *, *, #1815, .T. ) ;
#32 = DIRECTION ( 'NONE',  ( -0.7071067811865476838, -0.000000000000000000, 0.7071067811865473507 ) ) ;
#33 = PLANE ( 'NONE',  #3578 ) ;
#34 = DIRECTION ( 'NONE',  ( 1.000000000000000000, -0.000000000000000000, -6.195440985631461234E-16 ) ) ;
#35 = CARTESIAN_POINT ( 'NONE',  ( -1.291421356237309581, 2.000000000000000000, -2.279289321881346364 ) ) ;
#36 = CARTESIAN_POINT ( 'NONE',  ( 0.5500000000000007105, 0.1499999999999999944, -1.199999999999999734 ) ) ;
#37 = ORIENTED_EDGE ( 'NONE', *, *, #1789, .F. ) ;
#38 = VECTOR ( 'NONE', #1076, 1000.000000000000000 ) ;
#39 = VERTEX_POINT ( 'NONE', #1756 ) ;
#40 = CARTESIAN_POINT ( 'NONE',  ( -2.500000000000000000, 0.7000000000000000666, -2.300000000000001155 ) ) ;
#41 = LINE ( 'NONE', #3057, #137 ) ;
#42 =( BOUNDED_CURVE ( )  B_SPLINE_CURVE ( 3, ( #657, #332, #2152, #1843 ),
 .UNSPECIFIED., .F., .F. ) 
 B_SPLINE_CURVE_WITH_KNOTS ( ( 4, 4 ),
 ( 0.000000000000000000, 1.570796326794896558 ),
 .UNSPECIFIED. ) 
 CURVE ( )  GEOMETRIC_REPRESENTATION_ITEM ( )  RATIONAL_B_SPLINE_CURVE ( ( 1.000000000000000000, 0.8047378541243649375, 0.8047378541243649375, 1.000000000000000000 ) ) 
 REPRESENTATION_ITEM ( '' )  );
#43 = CYLINDRICAL_SURFACE ( 'NONE', #3452, 0.05000000000000012768 ) ;
#44 = CARTESIAN_POINT ( 'NONE',  ( -1.079289321881345520, 0.6500000000000000222, -2.450000000000000622 ) ) ;
#45 = VERTEX_POINT ( 'NONE', #253 ) ;
#46 = CARTESIAN_POINT ( 'NONE',  ( 2.499999999999999556, 0.6707106781186548128, 1.300000000000001599 ) ) ;
#47 = DIRECTION ( 'NONE',  ( -1.000000000000000000, 0.000000000000000000, 0.000000000000000000 ) ) ;
#48 = AXIS2_PLACEMENT_3D ( 'NONE', #3326, #702, #1890 ) ;
#49 = EDGE_CURVE ( 'NONE', #1876, #8, #2959, .T. ) ;
#50 = ORIENTED_EDGE ( 'NONE', *, *, #3413, .F. ) ;
#51 = CARTESIAN_POINT ( 'NONE',  ( -1.399999999999997691, 0.1652703644666145000, -2.446961550602445801 ) ) ;
#52 = AXIS2_PLACEMENT_3D ( 'NONE', #2519, #1063, #2538 ) ;
#53 = DIRECTION ( 'NONE',  ( 3.614007241618345319E-16, 0.000000000000000000, -1.000000000000000000 ) ) ;
#54 = EDGE_CURVE ( 'NONE', #917, #2425, #2074, .T. ) ;
#55 = CARTESIAN_POINT ( 'NONE',  ( -1.299999999999999600, 1.979289321881345209, -2.300000000000001155 ) ) ;
#56 = CIRCLE ( 'NONE', #489, 0.2000000000000000944 ) ;
#57 = DIRECTION ( 'NONE',  ( -0.000000000000000000, -1.000000000000000000, -0.000000000000000000 ) ) ;
#58 = EDGE_CURVE ( 'NONE', #1186, #1677, #1778, .T. ) ;
#59 = VERTEX_POINT ( 'NONE', #2387 ) ;
#60 = VERTEX_POINT ( 'NONE', #3604 ) ;
#61 = CARTESIAN_POINT ( 'NONE',  ( -2.500000000000000000, 0.6707106781186548128, -2.300000000000001155 ) ) ;
#62 = DIRECTION ( 'NONE',  ( 0.7071067811865474617, 0.000000000000000000, 0.7071067811865474617 ) ) ;
#63 = DIRECTION ( 'NONE',  ( -0.000000000000000000, -1.000000000000000000, -0.000000000000000000 ) ) ;
#64 = EDGE_CURVE ( 'NONE', #431, #3388, #3622, .T. ) ;
#65 = ORIENTED_EDGE ( 'NONE', *, *, #95, .T. ) ;
#66 = CARTESIAN_POINT ( 'NONE',  ( -2.499999999999999556, 0.5999999999999998668, 2.299999999999999378 ) ) ;
#67 = CYLINDRICAL_SURFACE ( 'NONE', #857, 0.05000000000000012768 ) ;
#68 = VERTEX_POINT ( 'NONE', #295 ) ;
#69 = AXIS2_PLACEMENT_3D ( 'NONE', #2465, #1629, #79 ) ;
#70 = DIRECTION ( 'NONE',  ( 0.000000000000000000, 0.000000000000000000, 1.000000000000000000 ) ) ;
#71 = CARTESIAN_POINT ( 'NONE',  ( 1.279289321881346586, 2.000000000000000000, 2.450000000000000178 ) ) ;
#72 = FACE_OUTER_BOUND ( 'NONE', #3454, .T. ) ;
#73 = VECTOR ( 'NONE', #1957, 1000.000000000000000 ) ;
#74 = LINE ( 'NONE', #3072, #2806 ) ;
#75 = ADVANCED_FACE ( 'NONE', ( #2704 ), #1584, .T. ) ;
#76 = ORIENTED_EDGE ( 'NONE', *, *, #3228, .F. ) ;
#77 = AXIS2_PLACEMENT_3D ( 'NONE', #2957, #1003, #2596 ) ;
#78 = LINE ( 'NONE', #1282, #3867 ) ;
#79 = DIRECTION ( 'NONE',  ( 0.000000000000000000, 0.000000000000000000, -1.000000000000000000 ) ) ;
#80 = VECTOR ( 'NONE', #2262, 1000.000000000000000 ) ;
#81 = ORIENTED_EDGE ( 'NONE', *, *, #1570, .F. ) ;
#82 = CARTESIAN_POINT ( 'NONE',  ( -0.5499999999999994893, 0.000000000000000000, -1.600000000000000089 ) ) ;
#83 = CARTESIAN_POINT ( 'NONE',  ( -1.300000000000000266, 0.04999999999999991257, -2.250000000000001332 ) ) ;
#84 = VERTEX_POINT ( 'NONE', #3324 ) ;
#85 = ADVANCED_FACE ( 'NONE', ( #2622 ), #648, .F. ) ;
#86 = ADVANCED_FACE ( 'NONE', ( #3235 ), #2102, .T. ) ;
#87 = ORIENTED_EDGE ( 'NONE', *, *, #1789, .T. ) ;
#88 = CARTESIAN_POINT ( 'NONE',  ( 2.100000000000000089, 0.000000000000000000, -2.250000000000001332 ) ) ;
#89 = ORIENTED_EDGE ( 'NONE', *, *, #1657, .T. ) ;
#90 = LINE ( 'NONE', #1233, #1951 ) ;
#91 = DIRECTION ( 'NONE',  ( -0.000000000000000000, -1.000000000000000000, -0.000000000000000000 ) ) ;
#92 = VERTEX_POINT ( 'NONE', #3289 ) ;
#93 = AXIS2_PLACEMENT_3D ( 'NONE', #2705, #3325, #2726 ) ;
#94 = DIRECTION ( 'NONE',  ( -1.000000000000000000, 0.000000000000000000, 6.195440985631461234E-16 ) ) ;
#95 = EDGE_CURVE ( 'NONE', #1851, #2030, #3767, .T. ) ;
#96 = CARTESIAN_POINT ( 'NONE',  ( -1.100000000000000755, 2.000000000000000000, 2.499999999999999556 ) ) ;
#97 = AXIS2_PLACEMENT_3D ( 'NONE', #923, #242, #580 ) ;
#98 = STYLED_ITEM ( 'NONE', ( #2105 ), #1285 ) ;
#99 = ORIENTED_EDGE ( 'NONE', *, *, #3063, .F. ) ;
#100 = FACE_OUTER_BOUND ( 'NONE', #3833, .T. ) ;
#101 = CARTESIAN_POINT ( 'NONE',  ( -2.100000000000000533, 0.1999999999999999833, 2.249999999999999112 ) ) ;
#102 = VERTEX_POINT ( 'NONE', #1210 ) ;
#103 = EDGE_CURVE ( 'NONE', #3388, #1230, #2432, .T. ) ;
#104 = VECTOR ( 'NONE', #3842, 1000.000000000000114 ) ;
#105 = DIRECTION ( 'NONE',  ( 0.000000000000000000, 0.000000000000000000, -1.000000000000000000 ) ) ;
#106 = CARTESIAN_POINT ( 'NONE',  ( -1.400000000000000133, 0.1499999999999999944, 1.500000000000001332 ) ) ;
#107 = ORIENTED_EDGE ( 'NONE', *, *, #3829, .F. ) ;
#108 = CARTESIAN_POINT ( 'NONE',  ( 1.400000000000000577, 0.1499999999999999944, -1.500000000000000888 ) ) ;
#109 = FACE_OUTER_BOUND ( 'NONE', #1169, .T. ) ;
#110 = CARTESIAN_POINT ( 'NONE',  ( 1.300000000000000044, 0.6500000000000000222, -2.250000000000001332 ) ) ;
#111 = VECTOR ( 'NONE', #1085, 1000.000000000000000 ) ;
#112 = ORIENTED_EDGE ( 'NONE', *, *, #878, .T. ) ;
#113 = CARTESIAN_POINT ( 'NONE',  ( -0.5499999999999994893, 0.04999999999999999584, -2.050000000000000266 ) ) ;
#114 = FACE_OUTER_BOUND ( 'NONE', #2079, .T. ) ;
#115 = VERTEX_POINT ( 'NONE', #871 ) ;
#116 = VECTOR ( 'NONE', #3049, 1000.000000000000000 ) ;
#117 = ORIENTED_EDGE ( 'NONE', *, *, #1959, .F. ) ;
#118 = UNCERTAINTY_MEASURE_WITH_UNIT (LENGTH_MEASURE( 1.000000000000000082E-05 ), #900, 'distance_accuracy_value', 'NONE');
#119 = CARTESIAN_POINT ( 'NONE',  ( 1.279289321881346142, 0.000000000000000000, 2.450000000000000178 ) ) ;
#120 = DIRECTION ( 'NONE',  ( -1.000000000000000000, 0.000000000000000000, 0.000000000000000000 ) ) ;
#121 = VERTEX_POINT ( 'NONE', #258 ) ;
#122 = CARTESIAN_POINT ( 'NONE',  ( -1.399999999999999911, 0.000000000000000000, 2.249999999999999556 ) ) ;
#123 = ORIENTED_EDGE ( 'NONE', *, *, #1191, .T. ) ;
#124 = VECTOR ( 'NONE', #486, 1000.000000000000114 ) ;
#125 = CARTESIAN_POINT ( 'NONE',  ( -1.399999999999997691, 0.1913175911166535847, -2.299240387650614004 ) ) ;
#126 = ORIENTED_EDGE ( 'NONE', *, *, #2379, .F. ) ;
#127 = DIRECTION ( 'NONE',  ( 5.782411586589355667E-16, 0.000000000000000000, -1.000000000000000000 ) ) ;
#128 = CARTESIAN_POINT ( 'NONE',  ( -1.399999999999999911, 0.1499999999999999944, -2.250000000000001332 ) ) ;
#129 = CARTESIAN_POINT ( 'NONE',  ( 2.479289321881345209, 0.6500000000000001332, -2.279289321881346364 ) ) ;
#130 = AXIS2_PLACEMENT_3D ( 'NONE', #1937, #166, #1377 ) ;
#131 = ADVANCED_FACE ( 'NONE', ( #2985 ), #1491, .F. ) ;
#132 = CARTESIAN_POINT ( 'NONE',  ( 0.5500000000000007105, 0.04999999999999999584, -2.049999999999999822 ) ) ;
#133 = ADVANCED_FACE ( 'NONE', ( #302 ), #2142, .F. ) ;
#134 = DIRECTION ( 'NONE',  ( -0.7071067811865474617, 0.000000000000000000, 0.7071067811865474617 ) ) ;
#135 = CARTESIAN_POINT ( 'NONE',  ( 2.500000000000000000, 0.5999999999999999778, -2.300000000000001155 ) ) ;
#136 = VECTOR ( 'NONE', #1795, 1000.000000000000000 ) ;
#137 = VECTOR ( 'NONE', #3728, 1000.000000000000000 ) ;
#138 = CYLINDRICAL_SURFACE ( 'NONE', #3449, 0.05000000000000012768 ) ;
#139 = ORIENTED_EDGE ( 'NONE', *, *, #1886, .F. ) ;
#140 = ORIENTED_EDGE ( 'NONE', *, *, #1336, .F. ) ;
#141 = CARTESIAN_POINT ( 'NONE',  ( 2.100000000000000089, 0.04999999999999991257, -2.300000000000001155 ) ) ;
#142 = FACE_OUTER_BOUND ( 'NONE', #745, .T. ) ;
#143 = EDGE_CURVE ( 'NONE', #943, #201, #1447, .T. ) ;
#144 = ORIENTED_EDGE ( 'NONE', *, *, #1388, .T. ) ;
#145 = ORIENTED_EDGE ( 'NONE', *, *, #1853, .F. ) ;
#146 = DIRECTION ( 'NONE',  ( -0.000000000000000000, -1.000000000000000000, -0.000000000000000000 ) ) ;
#147 = FILL_AREA_STYLE_COLOUR ( '', #2363 ) ;
#148 = ORIENTED_EDGE ( 'NONE', *, *, #1203, .T. ) ;
#149 = CARTESIAN_POINT ( 'NONE',  ( 1.099999999999999645, 0.04999999999999991257, -2.500000000000000888 ) ) ;
#150 = CARTESIAN_POINT ( 'NONE',  ( -1.400000000000000577, 0.1999999999999999833, 2.249999999999999556 ) ) ;
#151 = DIRECTION ( 'NONE',  ( -1.000000000000000000, 0.000000000000000000, -3.614007241618345813E-16 ) ) ;
#152 = EDGE_CURVE ( 'NONE', #3377, #2009, #2676, .T. ) ;
#153 = CIRCLE ( 'NONE', #1603, 0.1999999999999996503 ) ;
#154 = EDGE_CURVE ( 'NONE', #2425, #1186, #896, .T. ) ;
#155 = VECTOR ( 'NONE', #1340, 1000.000000000000114 ) ;
#156 = FACE_OUTER_BOUND ( 'NONE', #3652, .T. ) ;
#157 = CARTESIAN_POINT ( 'NONE',  ( -1.091421356237309848, 0.6499999999999999112, -2.479289321881345654 ) ) ;
#158 = ORIENTED_EDGE ( 'NONE', *, *, #202, .F. ) ;
#159 = ORIENTED_EDGE ( 'NONE', *, *, #2227, .F. ) ;
#160 = EDGE_CURVE ( 'NONE', #3124, #3148, #2807, .T. ) ;
#161 = CARTESIAN_POINT ( 'NONE',  ( -2.100000000000000089, 0.1499999999999999944, 2.300000000000001155 ) ) ;
#162 = DIRECTION ( 'NONE',  ( 0.000000000000000000, 0.000000000000000000, -1.000000000000000000 ) ) ;
#163 =( BOUNDED_CURVE ( )  B_SPLINE_CURVE ( 3, ( #149, #2002, #716, #1627 ),
 .UNSPECIFIED., .F., .F. ) 
 B_SPLINE_CURVE_WITH_KNOTS ( ( 4, 4 ),
 ( 0.000000000000000000, 1.570796326794887676 ),
 .UNSPECIFIED. ) 
 CURVE ( )  GEOMETRIC_REPRESENTATION_ITEM ( )  RATIONAL_B_SPLINE_CURVE ( ( 1.000000000000000000, 0.8047378541243670469, 0.8047378541243670469, 1.000000000000000000 ) ) 
 REPRESENTATION_ITEM ( '' )  );
#164 = ORIENTED_EDGE ( 'NONE', *, *, #3696, .F. ) ;
#165 = ORIENTED_EDGE ( 'NONE', *, *, #273, .T. ) ;
#166 = DIRECTION ( 'NONE',  ( 1.000000000000000000, -0.000000000000000000, 1.084202172485504631E-15 ) ) ;
#167 = DIRECTION ( 'NONE',  ( 0.000000000000000000, 0.000000000000000000, 1.000000000000000000 ) ) ;
#168 = EDGE_LOOP ( 'NONE', ( #3200, #2910, #1805, #1720 ) ) ;
#169 = EDGE_CURVE ( 'NONE', #2077, #1053, #3572, .T. ) ;
#170 = CARTESIAN_POINT ( 'NONE',  ( 1.399999999999997691, 0.1913175911166535847, -2.299240387650614004 ) ) ;
#171 = CARTESIAN_POINT ( 'NONE',  ( -1.400000000000000133, 0.000000000000000000, 1.500000000000001554 ) ) ;
#172 = EDGE_LOOP ( 'NONE', ( #2239, #1237, #1363, #2757 ) ) ;
#173 = CARTESIAN_POINT ( 'NONE',  ( -1.100000000000000755, 0.7000000000000000666, -2.450000000000000622 ) ) ;
#174 = DIRECTION ( 'NONE',  ( -0.000000000000000000, -1.000000000000000000, -0.000000000000000000 ) ) ;
#175 = FACE_OUTER_BOUND ( 'NONE', #1824, .T. ) ;
#176 = AXIS2_PLACEMENT_3D ( 'NONE', #2992, #308, #3849 ) ;
#177 = EDGE_CURVE ( 'NONE', #3737, #45, #937, .T. ) ;
#178 = ORIENTED_EDGE ( 'NONE', *, *, #1268, .F. ) ;
#179 = VERTEX_POINT ( 'NONE', #3330 ) ;
#180 = EDGE_CURVE ( 'NONE', #1896, #2442, #2061, .T. ) ;
#181 = DIRECTION ( 'NONE',  ( -1.000000000000000000, -0.000000000000000000, -6.195440985631461234E-16 ) ) ;
#182 = CARTESIAN_POINT ( 'NONE',  ( -0.5499999999999994893, 0.1499999999999999944, 1.600000000000000089 ) ) ;
#183 = ADVANCED_FACE ( 'NONE', ( #3272 ), #2732, .F. ) ;
#184 = ORIENTED_EDGE ( 'NONE', *, *, #1678, .F. ) ;
#185 = ORIENTED_EDGE ( 'NONE', *, *, #3592, .F. ) ;
#186 = LINE ( 'NONE', #1706, #2335 ) ;
#187 = CARTESIAN_POINT ( 'NONE',  ( -1.399999999999997691, 0.1913175911166535847, -2.299240387650614004 ) ) ;
#188 = VECTOR ( 'NONE', #2346, 1000.000000000000000 ) ;
#189 = EDGE_LOOP ( 'NONE', ( #870, #1446, #3766, #3114 ) ) ;
#190 = CARTESIAN_POINT ( 'NONE',  ( -2.449999999999999289, 2.000000000000000000, 2.249999999999999556 ) ) ;
#191 = CARTESIAN_POINT ( 'NONE',  ( 2.449999999999999289, 0.000000000000000000, 1.279289321881347696 ) ) ;
#192 = ORIENTED_EDGE ( 'NONE', *, *, #1875, .F. ) ;
#193 = LINE ( 'NONE', #3769, #1633 ) ;
#194 = MECHANICAL_DESIGN_GEOMETRIC_PRESENTATION_REPRESENTATION (  '', ( #888 ), #755 ) ;
#195 = CARTESIAN_POINT ( 'NONE',  ( 2.449999999999999734, 0.000000000000000000, -2.250000000000001332 ) ) ;
#196 = ORIENTED_EDGE ( 'NONE', *, *, #3802, .T. ) ;
#197 = VECTOR ( 'NONE', #841, 1000.000000000000000 ) ;
#198 = EDGE_LOOP ( 'NONE', ( #2805, #1660, #2393, #206 ) ) ;
#199 = DIRECTION ( 'NONE',  ( 1.000000000000000000, -0.000000000000000000, 1.084202172485504631E-15 ) ) ;
#200 = LINE ( 'NONE', #2585, #104 ) ;
#201 = VERTEX_POINT ( 'NONE', #261 ) ;
#202 = EDGE_CURVE ( 'NONE', #1971, #3702, #3046, .T. ) ;
#203 = EDGE_LOOP ( 'NONE', ( #1682, #2944, #2441, #3892 ) ) ;
#204 = SURFACE_SIDE_STYLE ('',( #1170 ) ) ;
#205 = CARTESIAN_POINT ( 'NONE',  ( -2.099999999999998312, 0.1499999999999999944, -1.500000000000003775 ) ) ;
#206 = ORIENTED_EDGE ( 'NONE', *, *, #2850, .T. ) ;
#207 = PLANE ( 'NONE',  #2161 ) ;
#208 = PLANE ( 'NONE',  #3787 ) ;
#209 = DIRECTION ( 'NONE',  ( -0.000000000000000000, -1.000000000000000000, -0.000000000000000000 ) ) ;
#210 = PLANE ( 'NONE',  #2265 ) ;
#211 = CARTESIAN_POINT ( 'NONE',  ( 1.300000000000000711, 0.7000000000000000666, 2.500000000000000444 ) ) ;
#212 = CIRCLE ( 'NONE', #279, 0.04999999999999969746 ) ;
#213 = ORIENTED_EDGE ( 'NONE', *, *, #2562, .T. ) ;
#214 = DIRECTION ( 'NONE',  ( -1.000000000000000000, 0.000000000000000000, 6.195440985631461234E-16 ) ) ;
#215 = FACE_OUTER_BOUND ( 'NONE', #3166, .T. ) ;
#216 = ORIENTED_EDGE ( 'NONE', *, *, #2687, .F. ) ;
#217 = AXIS2_PLACEMENT_3D ( 'NONE', #3651, #3052, #1607 ) ;
#218 = EDGE_CURVE ( 'NONE', #2033, #3741, #691, .T. ) ;
#219 = ORIENTED_EDGE ( 'NONE', *, *, #1784, .T. ) ;
#220 = EDGE_CURVE ( 'NONE', #2603, #2213, #3028, .T. ) ;
#221 = LINE ( 'NONE', #578, #576 ) ;
#222 = AXIS2_PLACEMENT_3D ( 'NONE', #769, #1974, #3546 ) ;
#223 = CARTESIAN_POINT ( 'NONE',  ( -1.091421356237309404, 2.000000000000000000, -2.479289321881345654 ) ) ;
#224 = CARTESIAN_POINT ( 'NONE',  ( -2.499999999999999556, 1.950000000000000178, 2.299999999999999378 ) ) ;
#225 = CARTESIAN_POINT ( 'NONE',  ( -2.099999999999999645, 0.1499999999999999944, -1.500000000000001332 ) ) ;
#226 = CARTESIAN_POINT ( 'NONE',  ( 2.499999999999999556, 2.000000000000000000, 1.300000000000002043 ) ) ;
#227 = CARTESIAN_POINT ( 'NONE',  ( -2.500000000000000000, 0.5999999999999999778, -2.300000000000001155 ) ) ;
#228 = DIRECTION ( 'NONE',  ( -1.000000000000000000, 0.000000000000000000, -3.614007241618345813E-16 ) ) ;
#229 = AXIS2_PLACEMENT_3D ( 'NONE', #1631, #2841, #3770 ) ;
#230 = ORIENTED_EDGE ( 'NONE', *, *, #2589, .F. ) ;
#231 = VECTOR ( 'NONE', #3179, 1000.000000000000000 ) ;
#232 = CARTESIAN_POINT ( 'NONE',  ( -0.5499999999999993783, 0.04999999999999999584, 2.050000000000000266 ) ) ;
#233 = DIRECTION ( 'NONE',  ( -1.000000000000000000, 0.000000000000000000, -0.000000000000000000 ) ) ;
#234 = ORIENTED_EDGE ( 'NONE', *, *, #3765, .T. ) ;
#235 = ORIENTED_EDGE ( 'NONE', *, *, #2633, .T. ) ;
#236 =( BOUNDED_CURVE ( )  B_SPLINE_CURVE ( 3, ( #1901, #3112, #1827, #1020 ),
 .UNSPECIFIED., .F., .F. ) 
 B_SPLINE_CURVE_WITH_KNOTS ( ( 4, 4 ),
 ( 0.000000000000000000, 1.570796326794896558 ),
 .UNSPECIFIED. ) 
 CURVE ( )  GEOMETRIC_REPRESENTATION_ITEM ( )  RATIONAL_B_SPLINE_CURVE ( ( 1.000000000000000000, 0.8047378541243649375, 0.8047378541243649375, 1.000000000000000000 ) ) 
 REPRESENTATION_ITEM ( '' )  );
#237 = EDGE_LOOP ( 'NONE', ( #158, #3662, #1258, #2507 ) ) ;
#238 = SURFACE_STYLE_USAGE ( .BOTH. , #2037 ) ;
#239 = LINE ( 'NONE', #1190, #846 ) ;
#240 = DIRECTION ( 'NONE',  ( -1.000000000000000000, -0.000000000000000000, -6.195440985631461234E-16 ) ) ;
#241 = LINE ( 'NONE', #2108, #1320 ) ;
#242 = DIRECTION ( 'NONE',  ( 0.000000000000000000, 1.000000000000000000, -0.000000000000000000 ) ) ;
#243 = AXIS2_PLACEMENT_3D ( 'NONE', #3082, #2602, #3245 ) ;
#244 = CARTESIAN_POINT ( 'NONE',  ( -1.399999999999999911, 0.000000000000000000, 2.300000000000001155 ) ) ;
#245 = ADVANCED_FACE ( 'NONE', ( #3904 ), #2394, .T. ) ;
#246 = EDGE_CURVE ( 'NONE', #3008, #1635, #1413, .T. ) ;
#247 = AXIS2_PLACEMENT_3D ( 'NONE', #2916, #3447, #1967 ) ;
#248 = ADVANCED_FACE ( 'NONE', ( #2017 ), #3216, .T. ) ;
#249 = DIRECTION ( 'NONE',  ( 0.000000000000000000, -1.000000000000000000, 0.000000000000000000 ) ) ;
#250 = CARTESIAN_POINT ( 'NONE',  ( -1.300000000000000488, 2.000000000000000000, 2.299999999999999378 ) ) ;
#251 = LINE ( 'NONE', #1202, #3027 ) ;
#252 = PRESENTATION_LAYER_ASSIGNMENT (  '', '', ( #888 ) ) ;
#253 = CARTESIAN_POINT ( 'NONE',  ( -2.099999999999997868, 0.000000000000000000, -2.250000000000004441 ) ) ;
#254 = DIRECTION ( 'NONE',  ( -0.7071067811865471286, 0.000000000000000000, -0.7071067811865479058 ) ) ;
#255 = CARTESIAN_POINT ( 'NONE',  ( 1.300000000000000044, 1.950000000000000178, -2.300000000000001155 ) ) ;
#256 = ORIENTED_EDGE ( 'NONE', *, *, #3318, .T. ) ;
#257 = VECTOR ( 'NONE', #898, 1000.000000000000000 ) ;
#258 = CARTESIAN_POINT ( 'NONE',  ( -2.449999999999999734, 2.000000000000000000, -2.250000000000001332 ) ) ;
#259 = ORIENTED_EDGE ( 'NONE', *, *, #954, .T. ) ;
#260 = EDGE_CURVE ( 'NONE', #3310, #2178, #1705, .T. ) ;
#261 = CARTESIAN_POINT ( 'NONE',  ( -2.100000000000000533, 0.1652703644666147775, 2.446961550602441804 ) ) ;
#262 = SURFACE_SIDE_STYLE ('',( #3530 ) ) ;
#263 = AXIS2_PLACEMENT_3D ( 'NONE', #927, #2135, #3337 ) ;
#264 = CARTESIAN_POINT ( 'NONE',  ( 1.250000000000000000, 1.600000000000000089, 0.4500000000000001776 ) ) ;
#265 =( BOUNDED_CURVE ( )  B_SPLINE_CURVE ( 3, ( #1803, #223, #521, #3576 ),
 .UNSPECIFIED., .F., .F. ) 
 B_SPLINE_CURVE_WITH_KNOTS ( ( 4, 4 ),
 ( 4.712388980384693227, 6.283185307179586232 ),
 .UNSPECIFIED. ) 
 CURVE ( )  GEOMETRIC_REPRESENTATION_ITEM ( )  RATIONAL_B_SPLINE_CURVE ( ( 1.000000000000000000, 0.8047378541243658256, 0.8047378541243658256, 1.000000000000000000 ) ) 
 REPRESENTATION_ITEM ( '' )  );
#266 = PLANE ( 'NONE',  #1829 ) ;
#267 = CARTESIAN_POINT ( 'NONE',  ( 0.000000000000000000, 2.000000000000000000, 0.000000000000000000 ) ) ;
#268 = CARTESIAN_POINT ( 'NONE',  ( 1.264644660940672960, 0.000000000000000000, 2.464644660940673582 ) ) ;
#269 = EDGE_LOOP ( 'NONE', ( #981, #2381, #310, #165 ) ) ;
#270 = CARTESIAN_POINT ( 'NONE',  ( -1.399999999999997691, 1.273952773349960710, -2.642452172325429949 ) ) ;
#271 = DIRECTION ( 'NONE',  ( -0.000000000000000000, -1.000000000000000000, -0.000000000000000000 ) ) ;
#272 = CARTESIAN_POINT ( 'NONE',  ( -0.5499999999999994893, 0.000000000000000000, 1.600000000000000089 ) ) ;
#273 = EDGE_CURVE ( 'NONE', #1907, #1546, #832, .T. ) ;
#274 = EDGE_CURVE ( 'NONE', #1799, #725, #2529, .T. ) ;
#275 = CARTESIAN_POINT ( 'NONE',  ( 1.864644660940673271, 0.6500000000000000222, 1.864644660940674159 ) ) ;
#276 = LINE ( 'NONE', #2368, #2484 ) ;
#277 = DIRECTION ( 'NONE',  ( -0.000000000000000000, -1.000000000000000000, -0.000000000000000000 ) ) ;
#278 = EDGE_LOOP ( 'NONE', ( #2782, #1510, #1468, #3550 ) ) ;
#279 = AXIS2_PLACEMENT_3D ( 'NONE', #2031, #214, #3247 ) ;
#280 = EDGE_CURVE ( 'NONE', #3899, #1015, #2621, .T. ) ;
#281 = ORIENTED_EDGE ( 'NONE', *, *, #2015, .F. ) ;
#282 = DIRECTION ( 'NONE',  ( 1.084202172485503842E-15, 0.000000000000000000, -1.000000000000000000 ) ) ;
#283 =( LENGTH_UNIT ( ) NAMED_UNIT ( * ) SI_UNIT ( .MILLI., .METRE. ) );
#284 = VECTOR ( 'NONE', #3508, 1000.000000000000000 ) ;
#285 = PLANE ( 'NONE',  #3823 ) ;
#286 = DIRECTION ( 'NONE',  ( -1.000000000000000000, -0.000000000000000000, -0.000000000000000000 ) ) ;
#287 = LINE ( 'NONE', #815, #2446 ) ;
#288 = CARTESIAN_POINT ( 'NONE',  ( 1.399999999999998135, 0.000000000000000000, -1.500000000000003331 ) ) ;
#289 = ORIENTED_EDGE ( 'NONE', *, *, #1985, .F. ) ;
#290 = VERTEX_POINT ( 'NONE', #88 ) ;
#291 = AXIS2_PLACEMENT_3D ( 'NONE', #1068, #2290, #493 ) ;
#292 = DIRECTION ( 'NONE',  ( 1.075827036997902322E-16, -0.9848077530122084644, 0.1736481776669284716 ) ) ;
#293 = CARTESIAN_POINT ( 'NONE',  ( 1.864644660940673493, 2.000000000000000000, 1.864644660940674381 ) ) ;
#294 = UNCERTAINTY_MEASURE_WITH_UNIT (LENGTH_MEASURE( 1.000000000000000082E-05 ), #2925, 'distance_accuracy_value', 'NONE');
#295 = CARTESIAN_POINT ( 'NONE',  ( 1.250000000000000000, 2.000000000000000000, 0.4500000000000001776 ) ) ;
#297 = VECTOR ( 'NONE', #296, 1000.000000000000000 ) ;
#296 = DIRECTION ( 'NONE',  ( 2.710505431213761578E-16, -0.000000000000000000, 1.000000000000000000 ) ) ;
#298 = DIRECTION ( 'NONE',  ( -0.7071067811865473507, 0.000000000000000000, -0.7071067811865476838 ) ) ;
#299 = ORIENTED_EDGE ( 'NONE', *, *, #476, .T. ) ;
#300 = ORIENTED_EDGE ( 'NONE', *, *, #3847, .F. ) ;
#301 = EDGE_CURVE ( 'NONE', #2729, #2725, #688, .T. ) ;
#302 = FACE_OUTER_BOUND ( 'NONE', #2391, .T. ) ;
#303 = ORIENTED_EDGE ( 'NONE', *, *, #2765, .F. ) ;
#304 = EDGE_CURVE ( 'NONE', #3377, #3625, #1934, .T. ) ;
#305 = DIRECTION ( 'NONE',  ( 1.000000000000000000, 0.000000000000000000, -0.000000000000000000 ) ) ;
#306 = VECTOR ( 'NONE', #3338, 1000.000000000000000 ) ;
#307 = CARTESIAN_POINT ( 'NONE',  ( -0.5499999999999994893, 0.1499999999999999944, 1.600000000000000089 ) ) ;
#308 = DIRECTION ( 'NONE',  ( 1.000000000000000000, -0.000000000000000000, -0.000000000000000000 ) ) ;
#309 = LINE ( 'NONE', #2361, #919 ) ;
#310 = ORIENTED_EDGE ( 'NONE', *, *, #1484, .T. ) ;
#311 = VERTEX_POINT ( 'NONE', #106 ) ;
#312 = DIRECTION ( 'NONE',  ( 1.084202172485503842E-15, 0.000000000000000000, 1.000000000000000000 ) ) ;
#313 = EDGE_CURVE ( 'NONE', #3263, #685, #416, .T. ) ;
#314 = CARTESIAN_POINT ( 'NONE',  ( 0.000000000000000000, 0.1999999999999999833, -2.250000000000001332 ) ) ;
#315 = CARTESIAN_POINT ( 'NONE',  ( -2.500000000000000000, 0.02071067811865467609, -2.300000000000001155 ) ) ;
#316 = ORIENTED_EDGE ( 'NONE', *, *, #1800, .F. ) ;
#317 = LINE ( 'NONE', #1527, #932 ) ;
#318 = FACE_OUTER_BOUND ( 'NONE', #2421, .T. ) ;
#319 = ORIENTED_EDGE ( 'NONE', *, *, #953, .T. ) ;
#320 = AXIS2_PLACEMENT_3D ( 'NONE', #3332, #1552, #1277 ) ;
#321 = CARTESIAN_POINT ( 'NONE',  ( 2.449999999999999289, 1.950000000000000178, 2.951439247321647453E-16 ) ) ;
#322 = ORIENTED_EDGE ( 'NONE', *, *, #3231, .T. ) ;
#323 = CARTESIAN_POINT ( 'NONE',  ( -1.279289321881345920, 0.6500000000000000222, 2.249999999999999556 ) ) ;
#324 =( LENGTH_UNIT ( ) NAMED_UNIT ( * ) SI_UNIT ( .MILLI., .METRE. ) );
#325 = VECTOR ( 'NONE', #3321, 1000.000000000000000 ) ;
#326 = FACE_OUTER_BOUND ( 'NONE', #405, .T. ) ;
#327 = DIRECTION ( 'NONE',  ( 0.000000000000000000, 0.000000000000000000, 1.000000000000000000 ) ) ;
#328 = PLANE ( 'NONE',  #3573 ) ;
#329 = ORIENTED_EDGE ( 'NONE', *, *, #850, .F. ) ;
#330 = ORIENTED_EDGE ( 'NONE', *, *, #1268, .T. ) ;
#331 = ADVANCED_FACE ( 'NONE', ( #2869 ), #1315, .F. ) ;
#332 = CARTESIAN_POINT ( 'NONE',  ( -1.300000000000000266, 0.6707106781186548128, -2.300000000000001155 ) ) ;
#333 = CARTESIAN_POINT ( 'NONE',  ( -2.449999999999999289, 0.5999999999999999778, 2.309822019643031035E-16 ) ) ;
#334 = CYLINDRICAL_SURFACE ( 'NONE', #2947, 0.3999999999999999667 ) ;
#335 = CARTESIAN_POINT ( 'NONE',  ( 1.250000000000000000, 1.600000000000000089, 0.000000000000000000 ) ) ;
#336 = EDGE_LOOP ( 'NONE', ( #1287, #2390, #2885, #1371 ) ) ;
#337 = CARTESIAN_POINT ( 'NONE',  ( -2.099999999999998312, 0.000000000000000000, -1.500000000000003775 ) ) ;
#338 = DIRECTION ( 'NONE',  ( 1.000000000000000000, 0.000000000000000000, 0.000000000000000000 ) ) ;
#339 = ORIENTED_EDGE ( 'NONE', *, *, #3593, .T. ) ;
#340 = ADVANCED_FACE ( 'NONE', ( #455 ), #729, .F. ) ;
#341 = EDGE_CURVE ( 'NONE', #1863, #3128, #3149, .T. ) ;
#342 = DIRECTION ( 'NONE',  ( -1.204669080539448358E-16, 0.000000000000000000, 1.000000000000000000 ) ) ;
#343 = AXIS2_PLACEMENT_3D ( 'NONE', #2120, #2176, #662 ) ;
#344 = VECTOR ( 'NONE', #2439, 1000.000000000000000 ) ;
#345 = DIRECTION ( 'NONE',  ( 0.000000000000000000, -1.000000000000000000, -0.000000000000000000 ) ) ;
#346 = DIRECTION ( 'NONE',  ( -5.782411586589372430E-16, 0.000000000000000000, 1.000000000000000000 ) ) ;
#347 = CARTESIAN_POINT ( 'NONE',  ( -0.5499999999999994893, 0.04999999999999999584, 2.000000000000000000 ) ) ;
#348 = EDGE_CURVE ( 'NONE', #3789, #3074, #958, .T. ) ;
#349 = ORIENTED_EDGE ( 'NONE', *, *, #1296, .T. ) ;
#350 = ORIENTED_EDGE ( 'NONE', *, *, #1988, .T. ) ;
#351 = PLANE ( 'NONE',  #509 ) ;
#352 = FACE_OUTER_BOUND ( 'NONE', #3483, .T. ) ;
#353 = PLANE ( 'NONE',  #2579 ) ;
#354 = VECTOR ( 'NONE', #3383, 1000.000000000000000 ) ;
#355 = EDGE_LOOP ( 'NONE', ( #319, #1399 ) ) ;
#356 = DIRECTION ( 'NONE',  ( -0.000000000000000000, -1.000000000000000000, -0.000000000000000000 ) ) ;
#357 = CARTESIAN_POINT ( 'NONE',  ( -2.449999999999999289, 0.7000000000000000666, 2.299999999999999378 ) ) ;
#358 = AXIS2_PLACEMENT_3D ( 'NONE', #3031, #327, #3090 ) ;
#359 = ORIENTED_EDGE ( 'NONE', *, *, #1536, .F. ) ;
#360 = LINE ( 'NONE', #3684, #3067 ) ;
#361 = ADVANCED_FACE ( 'NONE', ( #1239 ), #944, .T. ) ;
#362 = VERTEX_POINT ( 'NONE', #3036 ) ;
#363 = CARTESIAN_POINT ( 'NONE',  ( -1.064644660940673226, 0.7000000000000000666, 2.464644660940672249 ) ) ;
#364 = CARTESIAN_POINT ( 'NONE',  ( 1.300000000000000711, 2.000000000000000000, 2.500000000000000444 ) ) ;
#365 = CARTESIAN_POINT ( 'NONE',  ( -2.099999999999997868, 0.1999999999999999833, -2.250000000000004441 ) ) ;
#366 = ORIENTED_EDGE ( 'NONE', *, *, #3665, .F. ) ;
#367 = DIRECTION ( 'NONE',  ( -0.000000000000000000, -1.000000000000000000, -0.000000000000000000 ) ) ;
#368 = DIRECTION ( 'NONE',  ( 0.000000000000000000, 1.000000000000000000, 0.000000000000000000 ) ) ;
#369 = EDGE_CURVE ( 'NONE', #2594, #1188, #42, .T. ) ;
#370 = EDGE_CURVE ( 'NONE', #1236, #431, #839, .T. ) ;
#371 = ORIENTED_EDGE ( 'NONE', *, *, #3855, .F. ) ;
#372 = DIRECTION ( 'NONE',  ( -1.000000000000000000, 0.000000000000000000, -1.084202172485504631E-15 ) ) ;
#373 = DIRECTION ( 'NONE',  ( -1.000000000000000000, -0.000000000000000000, -6.195440985631461234E-16 ) ) ;
#374 = ORIENTED_EDGE ( 'NONE', *, *, #3144, .F. ) ;
#375 = VECTOR ( 'NONE', #3225, 1000.000000000000000 ) ;
#376 = ORIENTED_EDGE ( 'NONE', *, *, #2647, .F. ) ;
#377 = TOROIDAL_SURFACE ( 'NONE', #69, 0.4500000000000000666, 0.05000000000000000278 ) ;
#378 = CARTESIAN_POINT ( 'NONE',  ( -1.079289321881345964, 0.6500000000000000222, -2.450000000000000622 ) ) ;
#379 = ORIENTED_EDGE ( 'NONE', *, *, #246, .F. ) ;
#380 =( GEOMETRIC_REPRESENTATION_CONTEXT ( 3 ) GLOBAL_UNCERTAINTY_ASSIGNED_CONTEXT ( ( #2703 ) ) GLOBAL_UNIT_ASSIGNED_CONTEXT ( ( #1958, #458, #1623 ) ) REPRESENTATION_CONTEXT ( 'NONE', 'WORKASPACE' ) );
#381 = ADVANCED_FACE ( 'NONE', ( #2741 ), #351, .T. ) ;
#382 = DIRECTION ( 'NONE',  ( -0.000000000000000000, 1.000000000000000000, -0.000000000000000000 ) ) ;
#383 = ORIENTED_EDGE ( 'NONE', *, *, #3636, .F. ) ;
#384 = CARTESIAN_POINT ( 'NONE',  ( -1.300000000000000266, 1.950000000000000178, -2.300000000000001155 ) ) ;
#385 = VECTOR ( 'NONE', #3643, 1000.000000000000000 ) ;
#386 = CARTESIAN_POINT ( 'NONE',  ( -0.5499999999999994893, -3.388131789017201356E-18, 1.149999999999999911 ) ) ;
#387 = ORIENTED_EDGE ( 'NONE', *, *, #2871, .T. ) ;
#388 = AXIS2_PLACEMENT_3D ( 'NONE', #333, #3408, #697 ) ;
#389 = DIRECTION ( 'NONE',  ( -6.195440985631461234E-16, 0.000000000000000000, -1.000000000000000000 ) ) ;
#390 = ORIENTED_EDGE ( 'NONE', *, *, #2064, .F. ) ;
#391 = CARTESIAN_POINT ( 'NONE',  ( 1.291421356237309581, 0.6500000000000001332, -2.279289321881346364 ) ) ;
#392 = ADVANCED_FACE ( 'NONE', ( #3673 ), #2759, .F. ) ;
#393 =( BOUNDED_CURVE ( )  B_SPLINE_CURVE ( 3, ( #2967, #2081, #3846, #3238 ),
 .UNSPECIFIED., .F., .T. ) 
 B_SPLINE_CURVE_WITH_KNOTS ( ( 4, 4 ),
 ( 3.141592653589793116, 4.712388980384683457 ),
 .UNSPECIFIED. ) 
 CURVE ( )  GEOMETRIC_REPRESENTATION_ITEM ( )  RATIONAL_B_SPLINE_CURVE ( ( 1.000000000000000000, 0.8047378541243663808, 0.8047378541243663808, 1.000000000000000000 ) ) 
 REPRESENTATION_ITEM ( '' )  );
#394 = ORIENTED_EDGE ( 'NONE', *, *, #1800, .T. ) ;
#395 = CARTESIAN_POINT ( 'NONE',  ( -1.400000000000000577, 0.1999999999999999833, 2.249999999999999556 ) ) ;
#396 = DIRECTION ( 'NONE',  ( 2.710505431213761578E-16, 0.000000000000000000, 1.000000000000000000 ) ) ;
#397 = ORIENTED_EDGE ( 'NONE', *, *, #1745, .T. ) ;
#398 = CARTESIAN_POINT ( 'NONE',  ( -1.279289321881345254, 2.000000000000000000, -2.250000000000001332 ) ) ;
#399 = ORIENTED_EDGE ( 'NONE', *, *, #3243, .F. ) ;
#400 = ORIENTED_EDGE ( 'NONE', *, *, #586, .F. ) ;
#401 = CARTESIAN_POINT ( 'NONE',  ( -2.099999999999999645, 0.1999999999999999833, -2.300000000000001155 ) ) ;
#402 = CARTESIAN_POINT ( 'NONE',  ( -2.500000000000000000, 1.950000000000000178, -2.300000000000001155 ) ) ;
#403 = DIRECTION ( 'NONE',  ( -1.000000000000000000, 0.000000000000000000, 0.000000000000000000 ) ) ;
#404 = VERTEX_POINT ( 'NONE', #225 ) ;
#405 = EDGE_LOOP ( 'NONE', ( #3808, #2931, #2370, #2168 ) ) ;
#406 = FACE_OUTER_BOUND ( 'NONE', #1411, .T. ) ;
#407 = CARTESIAN_POINT ( 'NONE',  ( -1.079289321881345964, 0.000000000000000000, 2.449999999999999289 ) ) ;
#408 = VECTOR ( 'NONE', #91, 1000.000000000000000 ) ;
#409 = ORIENTED_EDGE ( 'NONE', *, *, #2734, .T. ) ;
#410 = CARTESIAN_POINT ( 'NONE',  ( 2.499999999999999556, 1.950000000000000178, 1.300000000000002043 ) ) ;
#411 = CARTESIAN_POINT ( 'NONE',  ( 1.400000000000000355, 0.1499999999999999944, -2.300000000000000711 ) ) ;
#412 = ORIENTED_EDGE ( 'NONE', *, *, #152, .T. ) ;
#413 = CARTESIAN_POINT ( 'NONE',  ( -2.499999999999999556, 0.02071067811865466221, 2.299999999999999378 ) ) ;
#414 = ORIENTED_EDGE ( 'NONE', *, *, #2714, .F. ) ;
#415 = EDGE_CURVE ( 'NONE', #3377, #2514, #1438, .T. ) ;
#416 = LINE ( 'NONE', #3129, #1271 ) ;
#417 = EDGE_CURVE ( 'NONE', #1327, #3824, #3560, .T. ) ;
#418 = ORIENTED_EDGE ( 'NONE', *, *, #3231, .F. ) ;
#419 = CARTESIAN_POINT ( 'NONE',  ( 1.300000000000000711, 0.04999999999999991257, 2.500000000000000444 ) ) ;
#420 = CARTESIAN_POINT ( 'NONE',  ( -1.100000000000000533, 0.6292893218813451206, 2.499999999999999556 ) ) ;
#421 = CARTESIAN_POINT ( 'NONE',  ( -2.500000000000000000, 2.000000000000000000, -2.300000000000001155 ) ) ;
#422 = AXIS2_PLACEMENT_3D ( 'NONE', #2678, #3893, #3038 ) ;
#423 = ORIENTED_EDGE ( 'NONE', *, *, #103, .T. ) ;
#424 = DIRECTION ( 'NONE',  ( -0.7071067811865471286, 0.000000000000000000, -0.7071067811865479058 ) ) ;
#425 = CARTESIAN_POINT ( 'NONE',  ( -1.300000000000000266, 0.04999999999999991257, -2.300000000000001155 ) ) ;
#426 = CARTESIAN_POINT ( 'NONE',  ( 1.300000000000000044, 0.5999999999999998668, -2.300000000000001155 ) ) ;
#427 = EDGE_CURVE ( 'NONE', #1975, #1903, #1714, .T. ) ;
#428 = DIRECTION ( 'NONE',  ( 0.000000000000000000, 0.000000000000000000, 1.000000000000000000 ) ) ;
#429 = DIRECTION ( 'NONE',  ( 1.000000000000000000, 0.000000000000000000, 0.000000000000000000 ) ) ;
#430 = VERTEX_POINT ( 'NONE', #817 ) ;
#431 = VERTEX_POINT ( 'NONE', #2654 ) ;
#432 = CARTESIAN_POINT ( 'NONE',  ( -2.099999999999997868, 0.1999999999999999833, -2.250000000000004441 ) ) ;
#433 = CIRCLE ( 'NONE', #2331, 0.04999999999999969746 ) ;
#434 = ORIENTED_EDGE ( 'NONE', *, *, #565, .T. ) ;
#435 = ORIENTED_EDGE ( 'NONE', *, *, #463, .T. ) ;
#436 = CARTESIAN_POINT ( 'NONE',  ( -1.279289321881345698, 0.6500000000000000222, -2.250000000000001332 ) ) ;
#437 = DIRECTION ( 'NONE',  ( -0.000000000000000000, -0.9848077530122085754, 0.1736481776669276389 ) ) ;
#438 = ORIENTED_EDGE ( 'NONE', *, *, #859, .T. ) ;
#439 = VECTOR ( 'NONE', #3111, 1000.000000000000000 ) ;
#440 = DIRECTION ( 'NONE',  ( -0.7071067811865474617, 0.000000000000000000, 0.7071067811865474617 ) ) ;
#441 = CARTESIAN_POINT ( 'NONE',  ( 2.499999999999999556, 2.000000000000000000, 1.300000000000002043 ) ) ;
#442 = ORIENTED_EDGE ( 'NONE', *, *, #878, .F. ) ;
#443 = CARTESIAN_POINT ( 'NONE',  ( -2.100000000000000533, 1.300000000000000044, 2.494731009373596375 ) ) ;
#444 = VECTOR ( 'NONE', #1181, 1000.000000000000114 ) ;
#445 = EDGE_CURVE ( 'NONE', #2903, #791, #2632, .T. ) ;
#446 = CIRCLE ( 'NONE', #3170, 0.05000000000000012768 ) ;
#447 = CARTESIAN_POINT ( 'NONE',  ( 1.300000000000000711, 0.04999999999999991257, 2.450000000000000178 ) ) ;
#448 = CYLINDRICAL_SURFACE ( 'NONE', #1196, 0.05000000000000007216 ) ;
#449 = ORIENTED_EDGE ( 'NONE', *, *, #1071, .F. ) ;
#450 = ORIENTED_EDGE ( 'NONE', *, *, #3828, .F. ) ;
#451 = DIRECTION ( 'NONE',  ( -0.000000000000000000, 1.000000000000000000, 0.000000000000000000 ) ) ;
#452 = CARTESIAN_POINT ( 'NONE',  ( 1.300000000000000711, 1.950000000000000178, 2.500000000000000444 ) ) ;
#453 = ORIENTED_EDGE ( 'NONE', *, *, #2660, .F. ) ;
#454 = EDGE_CURVE ( 'NONE', #2557, #1456, #540, .T. ) ;
#455 = FACE_OUTER_BOUND ( 'NONE', #2745, .T. ) ;
#456 = EDGE_CURVE ( 'NONE', #674, #3008, #1107, .T. ) ;
#457 = ORIENTED_EDGE ( 'NONE', *, *, #1988, .F. ) ;
#458 =( NAMED_UNIT ( * ) PLANE_ANGLE_UNIT ( ) SI_UNIT ( $, .RADIAN. ) );
#459 = CARTESIAN_POINT ( 'NONE',  ( -2.499999999999999556, 2.000000000000000000, 2.299999999999999378 ) ) ;
#460 = ORIENTED_EDGE ( 'NONE', *, *, #1308, .T. ) ;
#461 = DIRECTION ( 'NONE',  ( -0.000000000000000000, -1.000000000000000000, -0.000000000000000000 ) ) ;
#462 = DIRECTION ( 'NONE',  ( -5.782411586589351722E-16, 0.000000000000000000, -1.000000000000000000 ) ) ;
#463 = EDGE_CURVE ( 'NONE', #1684, #2425, #1249, .T. ) ;
#464 = ORIENTED_EDGE ( 'NONE', *, *, #54, .F. ) ;
#465 = DIRECTION ( 'NONE',  ( 0.7071067811865476838, 0.000000000000000000, -0.7071067811865473507 ) ) ;
#466 = DIRECTION ( 'NONE',  ( 0.7071067811865474617, 0.000000000000000000, 0.7071067811865474617 ) ) ;
#467 = DIRECTION ( 'NONE',  ( 1.000000000000000000, -0.000000000000000000, -6.195440985631461234E-16 ) ) ;
#468 = ORIENTED_EDGE ( 'NONE', *, *, #1167, .T. ) ;
#469 = EDGE_LOOP ( 'NONE', ( #746, #1149, #2470, #699 ) ) ;
#470 = CARTESIAN_POINT ( 'NONE',  ( 1.099999999999999645, 2.000000000000000000, -2.500000000000000888 ) ) ;
#471 = DIRECTION ( 'NONE',  ( 1.000000000000000000, -0.000000000000000000, -0.000000000000000000 ) ) ;
#472 = ORIENTED_EDGE ( 'NONE', *, *, #454, .F. ) ;
#473 = ORIENTED_EDGE ( 'NONE', *, *, #1498, .T. ) ;
#474 = DIRECTION ( 'NONE',  ( -0.7071067811865471286, 0.000000000000000000, -0.7071067811865479058 ) ) ;
#475 = EDGE_LOOP ( 'NONE', ( #3780, #2014, #2413, #3054 ) ) ;
#476 = EDGE_CURVE ( 'NONE', #3753, #1888, #2849, .T. ) ;
#477 = FACE_OUTER_BOUND ( 'NONE', #2789, .T. ) ;
#478 = CARTESIAN_POINT ( 'NONE',  ( -1.300000000000000266, 0.000000000000000000, -2.250000000000001332 ) ) ;
#479 = ORIENTED_EDGE ( 'NONE', *, *, #3115, .F. ) ;
#480 = VECTOR ( 'NONE', #209, 1000.000000000000000 ) ;
#481 = CARTESIAN_POINT ( 'NONE',  ( -2.099999999999997868, 0.1652703644666145000, -2.446961550602446245 ) ) ;
#482 = DIRECTION ( 'NONE',  ( -0.7071067811865473507, 0.000000000000000000, -0.7071067811865476838 ) ) ;
#483 = ORIENTED_EDGE ( 'NONE', *, *, #2247, .F. ) ;
#484 = CARTESIAN_POINT ( 'NONE',  ( -2.099999999999997868, 1.273952773349960710, -2.642452172325430393 ) ) ;
#485 = DIRECTION ( 'NONE',  ( -1.000000000000000000, 0.000000000000000000, -0.000000000000000000 ) ) ;
#486 = DIRECTION ( 'NONE',  ( -0.7071067811865486830, 0.000000000000000000, -0.7071067811865463515 ) ) ;
#487 = ADVANCED_FACE ( 'NONE', ( #2728 ), #3043, .T. ) ;
#488 = ADVANCED_FACE ( 'NONE', ( #2497 ), #2462, .F. ) ;
#489 = AXIS2_PLACEMENT_3D ( 'NONE', #2003, #3493, #2915 ) ;
#490 = EDGE_LOOP ( 'NONE', ( #196, #1029, #995, #3336 ) ) ;
#491 = ORIENTED_EDGE ( 'NONE', *, *, #865, .T. ) ;
#492 = DIRECTION ( 'NONE',  ( 0.000000000000000000, 0.000000000000000000, -1.000000000000000000 ) ) ;
#493 = DIRECTION ( 'NONE',  ( 0.7071067811865474617, 0.000000000000000000, 0.7071067811865474617 ) ) ;
#494 = ORIENTED_EDGE ( 'NONE', *, *, #3491, .T. ) ;
#495 = ORIENTED_EDGE ( 'NONE', *, *, #2379, .T. ) ;
#496 = DIRECTION ( 'NONE',  ( -1.000000000000000000, -0.000000000000000000, -6.195440985631461234E-16 ) ) ;
#497 = CARTESIAN_POINT ( 'NONE',  ( -1.100000000000000755, 0.04999999999999991257, -2.500000000000000888 ) ) ;
#498 = AXIS2_PLACEMENT_3D ( 'NONE', #3323, #1504, #2723 ) ;
#499 = EDGE_LOOP ( 'NONE', ( #2675, #1198, #140, #897 ) ) ;
#500 = CARTESIAN_POINT ( 'NONE',  ( -0.5499999999999994893, 0.1499999999999999944, -2.000000000000000000 ) ) ;
#501 = CARTESIAN_POINT ( 'NONE',  ( 2.479289321881344321, -4.144350041280215396E-17, 1.291421356237311580 ) ) ;
#502 = DIRECTION ( 'NONE',  ( 0.000000000000000000, 1.000000000000000000, -0.000000000000000000 ) ) ;
#503 = ORIENTED_EDGE ( 'NONE', *, *, #1326, .T. ) ;
#504 = PRODUCT_DEFINITION ( 'UNKNOWN', '', #984, #700 ) ;
#505 = AXIS2_PLACEMENT_3D ( 'NONE', #2911, #3866, #833 ) ;
#506 = LINE ( 'NONE', #3835, #2503 ) ;
#507 = CARTESIAN_POINT ( 'NONE',  ( -1.399999999999999911, 0.1999999999999999833, -2.300000000000001155 ) ) ;
#508 = EDGE_CURVE ( 'NONE', #3741, #3407, #3619, .T. ) ;
#509 = AXIS2_PLACEMENT_3D ( 'NONE', #3076, #1559, #2463 ) ;
#510 = VECTOR ( 'NONE', #3768, 1000.000000000000000 ) ;
#511 = ORIENTED_EDGE ( 'NONE', *, *, #1621, .F. ) ;
#512 = CARTESIAN_POINT ( 'NONE',  ( -1.400000000000000133, 0.000000000000000000, 1.500000000000001554 ) ) ;
#513 = ORIENTED_EDGE ( 'NONE', *, *, #2665, .F. ) ;
#514 = EDGE_CURVE ( 'NONE', #2009, #804, #2997, .T. ) ;
#515 = ORIENTED_EDGE ( 'NONE', *, *, #1072, .F. ) ;
#516 =( BOUNDED_CURVE ( )  B_SPLINE_CURVE ( 3, ( #5, #2747, #46, #1563 ),
 .UNSPECIFIED., .F., .T. ) 
 B_SPLINE_CURVE_WITH_KNOTS ( ( 4, 4 ),
 ( 1.570796326794896558, 3.141592653589793116 ),
 .UNSPECIFIED. ) 
 CURVE ( )  GEOMETRIC_REPRESENTATION_ITEM ( )  RATIONAL_B_SPLINE_CURVE ( ( 1.000000000000000000, 0.8047378541243649375, 0.8047378541243649375, 1.000000000000000000 ) ) 
 REPRESENTATION_ITEM ( '' )  );
#517 = EDGE_LOOP ( 'NONE', ( #397, #3692, #3135, #3006, #1579, #495 ) ) ;
#518 = PRESENTATION_STYLE_ASSIGNMENT (( #2667 ) ) ;
#519 = DIRECTION ( 'NONE',  ( 1.000000000000000000, 0.000000000000000000, -0.000000000000000000 ) ) ;
#520 = LINE ( 'NONE', #1435, #2788 ) ;
#521 = CARTESIAN_POINT ( 'NONE',  ( -1.099999999999999867, 1.979289321881345431, -2.500000000000000888 ) ) ;
#522 = ORIENTED_EDGE ( 'NONE', *, *, #2184, .T. ) ;
#523 = CARTESIAN_POINT ( 'NONE',  ( 1.300000000000000711, 2.000000000000000000, 2.500000000000000444 ) ) ;
#524 = FACE_OUTER_BOUND ( 'NONE', #2200, .T. ) ;
#525 = CARTESIAN_POINT ( 'NONE',  ( 1.079289321881344632, 0.6500000000000000222, -2.450000000000000622 ) ) ;
#526 = CARTESIAN_POINT ( 'NONE',  ( -1.399999999999998135, 0.000000000000000000, -1.500000000000003331 ) ) ;
#527 = DIRECTION ( 'NONE',  ( -6.195440985631461234E-16, 0.000000000000000000, -1.000000000000000000 ) ) ;
#528 = ORIENTED_EDGE ( 'NONE', *, *, #1740, .F. ) ;
#529 = AXIS2_PLACEMENT_3D ( 'NONE', #2106, #577, #519 ) ;
#530 = EDGE_LOOP ( 'NONE', ( #2889, #3535, #2801, #1665, #3164, #714, #1949, #1722, #3895, #339, #2150 ) ) ;
#531 = ORIENTED_EDGE ( 'NONE', *, *, #2195, .F. ) ;
#532 =( NAMED_UNIT ( * ) SI_UNIT ( $, .STERADIAN. ) SOLID_ANGLE_UNIT ( ) );
#533 = EDGE_CURVE ( 'NONE', #3074, #1146, #2344, .T. ) ;
#534 = EDGE_CURVE ( 'NONE', #1748, #2270, #1791, .T. ) ;
#535 = ADVANCED_FACE ( 'NONE', ( #2112 ), #2364, .T. ) ;
#536 = CARTESIAN_POINT ( 'NONE',  ( -2.500000000000000000, 0.04999999999999991257, -2.300000000000001155 ) ) ;
#537 = VECTOR ( 'NONE', #2642, 1000.000000000000000 ) ;
#538 = CARTESIAN_POINT ( 'NONE',  ( -1.100000000000000755, 2.000000000000000000, -2.500000000000000888 ) ) ;
#539 = DIRECTION ( 'NONE',  ( -0.7071067811865487940, 0.000000000000000000, -0.7071067811865464625 ) ) ;
#540 = LINE ( 'NONE', #244, #1963 ) ;
#541 = DIRECTION ( 'NONE',  ( 1.926125456201316417E-16, 0.9848077530122086864, -0.1736481776669269450 ) ) ;
#542 = DIRECTION ( 'NONE',  ( 0.000000000000000000, 0.000000000000000000, -1.000000000000000000 ) ) ;
#543 = LINE ( 'NONE', #1810, #2710 ) ;
#544 = VECTOR ( 'NONE', #701, 1000.000000000000000 ) ;
#545 = EDGE_CURVE ( 'NONE', #115, #2209, #23, .T. ) ;
#546 = PLANE ( 'NONE',  #1893 ) ;
#547 = AXIS2_PLACEMENT_3D ( 'NONE', #759, #1628, #134 ) ;
#548 = CARTESIAN_POINT ( 'NONE',  ( -1.400000000000000577, 0.1913175911166536125, 2.299240387650611783 ) ) ;
#549 = LINE ( 'NONE', #3187, #3583 ) ;
#550 = ORIENTED_EDGE ( 'NONE', *, *, #3134, .T. ) ;
#551 = ORIENTED_EDGE ( 'NONE', *, *, #3126, .F. ) ;
#552 = CARTESIAN_POINT ( 'NONE',  ( -2.479289321881344765, 0.6500000000000001332, 2.279289321881344588 ) ) ;
#553 = ORIENTED_EDGE ( 'NONE', *, *, #1062, .F. ) ;
#554 =( NAMED_UNIT ( * ) PLANE_ANGLE_UNIT ( ) SI_UNIT ( $, .RADIAN. ) );
#555 = EDGE_CURVE ( 'NONE', #3558, #3714, #3358, .T. ) ;
#556 = CARTESIAN_POINT ( 'NONE',  ( 1.250000000000000000, 1.600000000000000089, 0.000000000000000000 ) ) ;
#557 = EDGE_LOOP ( 'NONE', ( #2367, #1430, #3671, #1407 ) ) ;
#558 = CARTESIAN_POINT ( 'NONE',  ( -1.300000000000000488, 0.04999999999999991257, 2.249999999999999556 ) ) ;
#559 = ADVANCED_FACE ( 'NONE', ( #861 ), #1461, .F. ) ;
#560 = ORIENTED_EDGE ( 'NONE', *, *, #3301, .F. ) ;
#561 = AXIS2_PLACEMENT_3D ( 'NONE', #1596, #3731, #3393 ) ;
#562 = DIRECTION ( 'NONE',  ( -1.000000000000000000, -0.000000000000000000, -6.195440985631461234E-16 ) ) ;
#563 = DIRECTION ( 'NONE',  ( 1.000000000000000000, -0.000000000000000000, 3.614007241618345813E-16 ) ) ;
#564 = DIRECTION ( 'NONE',  ( 0.000000000000000000, 0.000000000000000000, -1.000000000000000000 ) ) ;
#565 = EDGE_CURVE ( 'NONE', #1863, #2478, #1, .T. ) ;
#566 = VECTOR ( 'NONE', #496, 1000.000000000000000 ) ;
#567 = ORIENTED_EDGE ( 'NONE', *, *, #3022, .F. ) ;
#568 = VECTOR ( 'NONE', #3839, 1000.000000000000114 ) ;
#569 = CARTESIAN_POINT ( 'NONE',  ( 2.499999999999999556, 0.7000000000000000666, 1.300000000000002043 ) ) ;
#570 = CARTESIAN_POINT ( 'NONE',  ( 1.299999999999999822, 1.979289321881345209, -2.300000000000001155 ) ) ;
#571 = ORIENTED_EDGE ( 'NONE', *, *, #1417, .T. ) ;
#572 = AXIS2_PLACEMENT_3D ( 'NONE', #1732, #3303, #3579 ) ;
#573 = VERTEX_POINT ( 'NONE', #2070 ) ;
#574 = ORIENTED_EDGE ( 'NONE', *, *, #2276, .F. ) ;
#575 = DIRECTION ( 'NONE',  ( -0.000000000000000000, 1.000000000000000000, -0.000000000000000000 ) ) ;
#576 = VECTOR ( 'NONE', #286, 1000.000000000000000 ) ;
#577 = DIRECTION ( 'NONE',  ( 0.000000000000000000, -0.000000000000000000, 1.000000000000000000 ) ) ;
#578 = CARTESIAN_POINT ( 'NONE',  ( 2.500000000000000000, 0.2000000000000000944, -2.300000000000001155 ) ) ;
#579 = FACE_OUTER_BOUND ( 'NONE', #1687, .T. ) ;
#580 = DIRECTION ( 'NONE',  ( 0.000000000000000000, 0.000000000000000000, -1.000000000000000000 ) ) ;
#581 = VERTEX_POINT ( 'NONE', #1521 ) ;
#582 = ADVANCED_FACE ( 'NONE', ( #2422 ), #2383, .F. ) ;
#583 = CARTESIAN_POINT ( 'NONE',  ( 1.300000000000000711, 0.7000000000000000666, 2.500000000000000444 ) ) ;
#584 = DIRECTION ( 'NONE',  ( 1.000000000000000000, 0.000000000000000000, -0.000000000000000000 ) ) ;
#585 = CARTESIAN_POINT ( 'NONE',  ( -1.300000000000000266, 0.04999999999999991257, -2.300000000000001155 ) ) ;
#586 = EDGE_CURVE ( 'NONE', #84, #2355, #2406, .T. ) ;
#587 = ADVANCED_FACE ( 'NONE', ( #3633 ), #2655, .F. ) ;
#588 = ORIENTED_EDGE ( 'NONE', *, *, #1062, .T. ) ;
#589 = DIRECTION ( 'NONE',  ( 1.000000000000000000, -0.000000000000000000, -0.000000000000000000 ) ) ;
#590 = ORIENTED_EDGE ( 'NONE', *, *, #1242, .T. ) ;
#591 = CIRCLE ( 'NONE', #650, 0.04999999999999969746 ) ;
#592 = ORIENTED_EDGE ( 'NONE', *, *, #2472, .F. ) ;
#593 =( NAMED_UNIT ( * ) PLANE_ANGLE_UNIT ( ) SI_UNIT ( $, .RADIAN. ) );
#594 = VECTOR ( 'NONE', #1568, 1000.000000000000000 ) ;
#595 = EDGE_CURVE ( 'NONE', #1915, #179, #1808, .T. ) ;
#596 = CARTESIAN_POINT ( 'NONE',  ( -1.100000000000001199, 0.6707106781186551459, 2.499999999999999556 ) ) ;
#597 = DIRECTION ( 'NONE',  ( -1.000000000000000000, 0.000000000000000000, 0.000000000000000000 ) ) ;
#598 = CYLINDRICAL_SURFACE ( 'NONE', #1916, 0.05000000000000012768 ) ;
#599 = ORIENTED_EDGE ( 'NONE', *, *, #1367, .F. ) ;
#600 = VERTEX_POINT ( 'NONE', #2977 ) ;
#601 = DIRECTION ( 'NONE',  ( -0.7071067811865486830, 0.000000000000000000, -0.7071067811865463515 ) ) ;
#602 = DIRECTION ( 'NONE',  ( -0.000000000000000000, -1.000000000000000000, -0.000000000000000000 ) ) ;
#603 = CARTESIAN_POINT ( 'NONE',  ( -1.279289321881345698, 0.000000000000000000, -2.250000000000001332 ) ) ;
#604 = ORIENTED_EDGE ( 'NONE', *, *, #1697, .F. ) ;
#605 = ADVANCED_FACE ( 'NONE', ( #1773 ), #2934, .T. ) ;
#606 = EDGE_CURVE ( 'NONE', #1677, #1015, #2051, .T. ) ;
#608 = CARTESIAN_POINT ( 'NONE',  ( -1.100000000000000755, 0.7000000000000000666, -2.500000000000000888 ) ) ;
#607 = VECTOR ( 'NONE', #3563, 1000.000000000000000 ) ;
#609 = CYLINDRICAL_SURFACE ( 'NONE', #2126, 0.05000000000000012768 ) ;
#610 = ORIENTED_EDGE ( 'NONE', *, *, #3389, .F. ) ;
#611 = VERTEX_POINT ( 'NONE', #1177 ) ;
#612 = CYLINDRICAL_SURFACE ( 'NONE', #3761, 0.05000000000000012768 ) ;
#613 = ADVANCED_FACE ( 'NONE', ( #406 ), #945, .F. ) ;
#614 = LINE ( 'NONE', #3030, #1638 ) ;
#615 = CARTESIAN_POINT ( 'NONE',  ( 1.099999999999999645, 1.950000000000000178, -2.500000000000000888 ) ) ;
#616 = CARTESIAN_POINT ( 'NONE',  ( -0.5499999999999994893, 0.1499999999999999944, 1.600000000000000089 ) ) ;
#617 = ORIENTED_EDGE ( 'NONE', *, *, #3050, .T. ) ;
#618 = ORIENTED_EDGE ( 'NONE', *, *, #1771, .F. ) ;
#619 = LINE ( 'NONE', #966, #2971 ) ;
#620 = AXIS2_PLACEMENT_3D ( 'NONE', #335, #3602, #3894 ) ;
#621 = CARTESIAN_POINT ( 'NONE',  ( 1.399999999999998135, 0.000000000000000000, -1.500000000000003331 ) ) ;
#622 = DIRECTION ( 'NONE',  ( -0.000000000000000000, -1.000000000000000000, 0.000000000000000000 ) ) ;
#623 = VECTOR ( 'NONE', #2190, 1000.000000000000000 ) ;
#624 = ADVANCED_FACE ( 'NONE', ( #352 ), #2189, .T. ) ;
#625 = ORIENTED_EDGE ( 'NONE', *, *, #1398, .F. ) ;
#626 = DIRECTION ( 'NONE',  ( -1.000000000000000000, 0.000000000000000000, 0.000000000000000000 ) ) ;
#627 = CARTESIAN_POINT ( 'NONE',  ( -1.279289321881345698, 0.000000000000000000, -2.250000000000001332 ) ) ;
#628 = ORIENTED_EDGE ( 'NONE', *, *, #3637, .T. ) ;
#629 = AXIS2_PLACEMENT_3D ( 'NONE', #3254, #2319, #3889 ) ;
#630 = CARTESIAN_POINT ( 'NONE',  ( 2.500000000000000000, 2.000000000000000000, -2.300000000000001155 ) ) ;
#631 = ADVANCED_FACE ( 'NONE', ( #114 ), #1259, .F. ) ;
#632 = CARTESIAN_POINT ( 'NONE',  ( -1.100000000000000755, 2.000000000000000000, -2.500000000000000888 ) ) ;
#633 = VECTOR ( 'NONE', #708, 1000.000000000000114 ) ;
#634 = VECTOR ( 'NONE', #3830, 1000.000000000000000 ) ;
#635 = FACE_OUTER_BOUND ( 'NONE', #2353, .T. ) ;
#636 = CYLINDRICAL_SURFACE ( 'NONE', #1111, 0.05000000000000012768 ) ;
#637 = CARTESIAN_POINT ( 'NONE',  ( -2.099999999999999645, 0.000000000000000000, -1.500000000000001332 ) ) ;
#638 = ORIENTED_EDGE ( 'NONE', *, *, #752, .F. ) ;
#639 =( BOUNDED_CURVE ( )  B_SPLINE_CURVE ( 3, ( #2040, #2066, #596, #2398 ),
 .UNSPECIFIED., .F., .F. ) 
 B_SPLINE_CURVE_WITH_KNOTS ( ( 4, 4 ),
 ( 1.570796326794904108, 3.141592653589793116 ),
 .UNSPECIFIED. ) 
 CURVE ( )  GEOMETRIC_REPRESENTATION_ITEM ( )  RATIONAL_B_SPLINE_CURVE ( ( 1.000000000000000000, 0.8047378541243667138, 0.8047378541243667138, 1.000000000000000000 ) ) 
 REPRESENTATION_ITEM ( '' )  );
#640 = DIRECTION ( 'NONE',  ( 0.000000000000000000, 0.000000000000000000, -1.000000000000000000 ) ) ;
#641 = DIRECTION ( 'NONE',  ( 0.7071067811865477948, 0.000000000000000000, -0.7071067811865474617 ) ) ;
#642 = CARTESIAN_POINT ( 'NONE',  ( 0.5500000000000007105, 0.04999999999999999584, -1.999999999999999556 ) ) ;
#643 = EDGE_CURVE ( 'NONE', #3721, #2487, #2444, .T. ) ;
#644 = ORIENTED_EDGE ( 'NONE', *, *, #906, .F. ) ;
#645 = PLANE ( 'NONE',  #1500 ) ;
#646 = CARTESIAN_POINT ( 'NONE',  ( -2.449999999999999289, 0.6500000000000000222, 2.249999999999999556 ) ) ;
#647 = ORIENTED_EDGE ( 'NONE', *, *, #1538, .T. ) ;
#648 = PLANE ( 'NONE',  #3672 ) ;
#649 = LINE ( 'NONE', #1856, #3121 ) ;
#650 = AXIS2_PLACEMENT_3D ( 'NONE', #3167, #2584, #1067 ) ;
#651 = MECHANICAL_DESIGN_GEOMETRIC_PRESENTATION_REPRESENTATION (  '', ( #3317 ), #3253 ) ;
#652 = DIRECTION ( 'NONE',  ( -0.000000000000000000, -1.000000000000000000, -0.000000000000000000 ) ) ;
#653 = EDGE_CURVE ( 'NONE', #2835, #611, #2820, .T. ) ;
#654 = ADVANCED_FACE ( 'NONE', ( #3654 ), #3711, .F. ) ;
#655 = DIRECTION ( 'NONE',  ( 1.204669080539448358E-16, 0.000000000000000000, -1.000000000000000000 ) ) ;
#656 = ORIENTED_EDGE ( 'NONE', *, *, #3412, .F. ) ;
#657 = CARTESIAN_POINT ( 'NONE',  ( -1.300000000000000266, 0.7000000000000000666, -2.300000000000001155 ) ) ;
#658 = CARTESIAN_POINT ( 'NONE',  ( 2.464644660940672249, 0.7000000000000000666, 1.264644660940674736 ) ) ;
#659 = CARTESIAN_POINT ( 'NONE',  ( 1.291421356237309803, 0.6500000000000001332, -2.279289321881346364 ) ) ;
#660 =( BOUNDED_CURVE ( )  B_SPLINE_CURVE ( 3, ( #1217, #2774, #1839, #615 ),
 .UNSPECIFIED., .F., .T. ) 
 B_SPLINE_CURVE_WITH_KNOTS ( ( 4, 4 ),
 ( 4.712388980384687898, 6.283185307179586232 ),
 .UNSPECIFIED. ) 
 CURVE ( )  GEOMETRIC_REPRESENTATION_ITEM ( )  RATIONAL_B_SPLINE_CURVE ( ( 1.000000000000000000, 0.8047378541243646044, 0.8047378541243646044, 1.000000000000000000 ) ) 
 REPRESENTATION_ITEM ( '' )  );
#661 = ORIENTED_EDGE ( 'NONE', *, *, #218, .T. ) ;
#662 = DIRECTION ( 'NONE',  ( 0.000000000000000000, 0.000000000000000000, 1.000000000000000000 ) ) ;
#663 = DIRECTION ( 'NONE',  ( -0.000000000000000000, -1.000000000000000000, 0.000000000000000000 ) ) ;
#664 = VECTOR ( 'NONE', #3821, 1000.000000000000000 ) ;
#665 = EDGE_CURVE ( 'NONE', #2178, #3547, #2454, .T. ) ;
#666 = ORIENTED_EDGE ( 'NONE', *, *, #3807, .F. ) ;
#667 = AXIS2_PLACEMENT_3D ( 'NONE', #1103, #2345, #2027 ) ;
#668 = FACE_OUTER_BOUND ( 'NONE', #189, .T. ) ;
#669 = EDGE_LOOP ( 'NONE', ( #511, #3139, #2709, #2707 ) ) ;
#670 = CARTESIAN_POINT ( 'NONE',  ( 1.400000000000000355, 0.000000000000000000, -2.250000000000001332 ) ) ;
#671 = CARTESIAN_POINT ( 'NONE',  ( 0.000000000000000000, 2.000000000000000000, -2.450000000000000622 ) ) ;
#672 = VECTOR ( 'NONE', #835, 1000.000000000000000 ) ;
#673 = CARTESIAN_POINT ( 'NONE',  ( 0.5500000000000007105, 0.1499999999999999944, -1.199999999999999734 ) ) ;
#674 = VERTEX_POINT ( 'NONE', #3097 ) ;
#675 = EDGE_CURVE ( 'NONE', #1094, #1322, #41, .T. ) ;
#676 = DIRECTION ( 'NONE',  ( -0.000000000000000000, 1.000000000000000000, 0.000000000000000000 ) ) ;
#677 = ORIENTED_EDGE ( 'NONE', *, *, #3256, .T. ) ;
#678 = DIRECTION ( 'NONE',  ( 0.000000000000000000, 0.000000000000000000, -1.000000000000000000 ) ) ;
#679 = ADVANCED_FACE ( 'NONE', ( #1866 ), #3355, .T. ) ;
#680 = EDGE_LOOP ( 'NONE', ( #1637, #2572, #21, #1807 ) ) ;
#681 = FACE_OUTER_BOUND ( 'NONE', #3543, .T. ) ;
#682 = FACE_OUTER_BOUND ( 'NONE', #3219, .T. ) ;
#683 = ADVANCED_FACE ( 'NONE', ( #1904 ), #2464, .F. ) ;
#684 = VECTOR ( 'NONE', #1947, 1000.000000000000114 ) ;
#685 = VERTEX_POINT ( 'NONE', #2222 ) ;
#686 = CYLINDRICAL_SURFACE ( 'NONE', #3882, 0.05000000000000012768 ) ;
#687 = ORIENTED_EDGE ( 'NONE', *, *, #3877, .F. ) ;
#688 = LINE ( 'NONE', #1052, #633 ) ;
#689 = ORIENTED_EDGE ( 'NONE', *, *, #606, .F. ) ;
#690 = CARTESIAN_POINT ( 'NONE',  ( -1.400000000000000577, 1.300000000000000044, 2.494731009373596820 ) ) ;
#691 = CIRCLE ( 'NONE', #2587, 0.2000000000000000944 ) ;
#692 = DIRECTION ( 'NONE',  ( 0.000000000000000000, 0.000000000000000000, -1.000000000000000000 ) ) ;
#693 = CARTESIAN_POINT ( 'NONE',  ( 1.764644660940670962, 2.000000000000000000, -1.764644660940676957 ) ) ;
#694 = ORIENTED_EDGE ( 'NONE', *, *, #2352, .T. ) ;
#695 = VERTEX_POINT ( 'NONE', #3077 ) ;
#696 = VECTOR ( 'NONE', #601, 1000.000000000000114 ) ;
#697 = DIRECTION ( 'NONE',  ( -1.000000000000000000, 0.000000000000000000, 9.427844978134838690E-17 ) ) ;
#698 = FACE_OUTER_BOUND ( 'NONE', #2492, .T. ) ;
#699 = ORIENTED_EDGE ( 'NONE', *, *, #2690, .F. ) ;
#700 = PRODUCT_DEFINITION_CONTEXT ( 'detailed design', #1704, 'design' ) ;
#701 = DIRECTION ( 'NONE',  ( 1.204669080539448358E-16, 0.000000000000000000, -1.000000000000000000 ) ) ;
#702 = DIRECTION ( 'NONE',  ( 0.000000000000000000, -0.000000000000000000, 1.000000000000000000 ) ) ;
#703 = EDGE_CURVE ( 'NONE', #3128, #1015, #619, .T. ) ;
#704 = ADVANCED_FACE ( 'NONE', ( #1825 ), #3374, .T. ) ;
#705 = VERTEX_POINT ( 'NONE', #2779 ) ;
#706 = DIRECTION ( 'NONE',  ( 0.000000000000000000, -0.000000000000000000, 1.000000000000000000 ) ) ;
#707 = EDGE_LOOP ( 'NONE', ( #1412, #1972, #2078, #2708 ) ) ;
#708 = DIRECTION ( 'NONE',  ( 0.7071067811865474617, -0.000000000000000000, -0.7071067811865474617 ) ) ;
#709 = ORIENTED_EDGE ( 'NONE', *, *, #103, .F. ) ;
#710 = FILL_AREA_STYLE_COLOUR ( '', #2583 ) ;
#711 = FACE_OUTER_BOUND ( 'NONE', #2460, .T. ) ;
#712 = CARTESIAN_POINT ( 'NONE',  ( -1.399999999999997691, 0.1652703644666145000, -2.446961550602445801 ) ) ;
#713 = EDGE_CURVE ( 'NONE', #2275, #84, #1543, .T. ) ;
#714 = ORIENTED_EDGE ( 'NONE', *, *, #3083, .T. ) ;
#715 = CIRCLE ( 'NONE', #2039, 0.2000000000000009548 ) ;
#716 = CARTESIAN_POINT ( 'NONE',  ( 1.091421356237308959, 1.738434634267254649E-16, -2.479289321881346098 ) ) ;
#717 = FACE_OUTER_BOUND ( 'NONE', #3250, .T. ) ;
#718 = EDGE_LOOP ( 'NONE', ( #3034, #329, #145, #2864 ) ) ;
#719 = LINE ( 'NONE', #2518, #2776 ) ;
#720 = PRESENTATION_LAYER_ASSIGNMENT (  '', '', ( #3317 ) ) ;
#721 = DIRECTION ( 'NONE',  ( 0.7071067811865486830, -0.000000000000000000, 0.7071067811865463515 ) ) ;
#722 = CARTESIAN_POINT ( 'NONE',  ( 1.400000000000000355, 0.04999999999999991257, -2.250000000000001332 ) ) ;
#723 = ORIENTED_EDGE ( 'NONE', *, *, #3665, .T. ) ;
#724 = CARTESIAN_POINT ( 'NONE',  ( -1.279289321881345254, 0.6500000000000000222, -2.250000000000001332 ) ) ;
#725 = VERTEX_POINT ( 'NONE', #1574 ) ;
#726 = VECTOR ( 'NONE', #2754, 1000.000000000000000 ) ;
#727 = DIRECTION ( 'NONE',  ( 1.000000000000000000, 0.000000000000000000, -0.000000000000000000 ) ) ;
#728 = ORIENTED_EDGE ( 'NONE', *, *, #1657, .F. ) ;
#729 = PLANE ( 'NONE',  #3863 ) ;
#730 = EDGE_LOOP ( 'NONE', ( #2852, #87 ) ) ;
#731 = CARTESIAN_POINT ( 'NONE',  ( -1.100000000000000755, 2.000000000000000000, -2.500000000000000888 ) ) ;
#732 = PLANE ( 'NONE',  #1733 ) ;
#733 = VECTOR ( 'NONE', #3724, 1000.000000000000114 ) ;
#734 = EDGE_CURVE ( 'NONE', #2101, #766, #78, .T. ) ;
#735 = EDGE_LOOP ( 'NONE', ( #192, #371, #479, #1597 ) ) ;
#736 = AXIS2_PLACEMENT_3D ( 'NONE', #314, #1300, #692 ) ;
#737 = CARTESIAN_POINT ( 'NONE',  ( -2.100000000000000089, 0.1499999999999999944, 1.500000000000001332 ) ) ;
#738 = PLANE ( 'NONE',  #3594 ) ;
#739 = ORIENTED_EDGE ( 'NONE', *, *, #3075, .T. ) ;
#740 = CARTESIAN_POINT ( 'NONE',  ( -1.300000000000000266, 0.5999999999999998668, -2.300000000000001155 ) ) ;
#741 = CARTESIAN_POINT ( 'NONE',  ( 2.479289321881344321, 2.000000000000000000, 1.291421356237312468 ) ) ;
#742 = DIRECTION ( 'NONE',  ( -3.614007241618325598E-16, 0.000000000000000000, 1.000000000000000000 ) ) ;
#743 = EDGE_CURVE ( 'NONE', #705, #1888, #2479, .T. ) ;
#744 = EDGE_CURVE ( 'NONE', #1635, #2033, #2914, .T. ) ;
#745 = EDGE_LOOP ( 'NONE', ( #2510, #2498, #1309, #963 ) ) ;
#746 = ORIENTED_EDGE ( 'NONE', *, *, #893, .F. ) ;
#747 = CARTESIAN_POINT ( 'NONE',  ( 1.400000000000000577, 0.1499999999999999944, -1.500000000000000888 ) ) ;
#748 = DIRECTION ( 'NONE',  ( 0.000000000000000000, 0.000000000000000000, -1.000000000000000000 ) ) ;
#749 = CIRCLE ( 'NONE', #498, 0.05000000000000012768 ) ;
#750 = ORIENTED_EDGE ( 'NONE', *, *, #1760, .F. ) ;
#751 = VECTOR ( 'NONE', #1195, 1000.000000000000000 ) ;
#752 = EDGE_CURVE ( 'NONE', #2355, #695, #163, .T. ) ;
#753 = VERTEX_POINT ( 'NONE', #481 ) ;
#754 = FACE_OUTER_BOUND ( 'NONE', #3335, .T. ) ;
#755 =( GEOMETRIC_REPRESENTATION_CONTEXT ( 3 ) GLOBAL_UNCERTAINTY_ASSIGNED_CONTEXT ( ( #294 ) ) GLOBAL_UNIT_ASSIGNED_CONTEXT ( ( #2925, #3313, #1744 ) ) REPRESENTATION_CONTEXT ( 'NONE', 'WORKASPACE' ) );
#756 = ORIENTED_EDGE ( 'NONE', *, *, #2073, .F. ) ;
#757 = CLOSED_SHELL ( 'NONE', ( #331, #20, #1593, #1295, #3878, #2440, #3204, #133, #1772, #2772, #3448, #85, #1976, #1842, #1933, #704, #2858, #2047, #3474, #1030, #3391, #487, #624, #2892, #2968, #2783, #1119, #86, #2429, #2787, #2556, #2297, #245, #2700, #1700, #1155, #2926, #2397 ) ) ;
#758 = LINE ( 'NONE', #1964, #2096 ) ;
#759 = CARTESIAN_POINT ( 'NONE',  ( 1.764644660940670962, 1.950000000000000178, -1.764644660940676957 ) ) ;
#760 = ORIENTED_EDGE ( 'NONE', *, *, #1962, .T. ) ;
#761 = DIRECTION ( 'NONE',  ( 0.000000000000000000, -0.000000000000000000, -1.000000000000000000 ) ) ;
#762 = AXIS2_PLACEMENT_3D ( 'NONE', #2500, #676, #2742 ) ;
#763 = CARTESIAN_POINT ( 'NONE',  ( 2.464644660940672249, 0.04999999999999991257, 1.264644660940674736 ) ) ;
#764 = CARTESIAN_POINT ( 'NONE',  ( -1.400000000000000133, 0.000000000000000000, 1.500000000000001554 ) ) ;
#765 = EDGE_CURVE ( 'NONE', #1888, #179, #2724, .T. ) ;
#766 = VERTEX_POINT ( 'NONE', #3510 ) ;
#767 = ORIENTED_EDGE ( 'NONE', *, *, #3287, .F. ) ;
#768 = LINE ( 'NONE', #3437, #3628 ) ;
#769 = CARTESIAN_POINT ( 'NONE',  ( -0.5499999999999994893, 0.1499999999999999944, -1.600000000000000089 ) ) ;
#770 = ORIENTED_EDGE ( 'NONE', *, *, #273, .F. ) ;
#771 = VERTEX_POINT ( 'NONE', #2595 ) ;
#772 = LINE ( 'NONE', #3487, #2905 ) ;
#773 = FACE_OUTER_BOUND ( 'NONE', #168, .T. ) ;
#774 = ORIENTED_EDGE ( 'NONE', *, *, #1192, .T. ) ;
#775 = EDGE_CURVE ( 'NONE', #3209, #3825, #798, .T. ) ;
#776 = EDGE_CURVE ( 'NONE', #60, #1185, #3733, .T. ) ;
#777 = DIRECTION ( 'NONE',  ( -1.000000000000000000, -0.000000000000000000, -6.195440985631461234E-16 ) ) ;
#778 = DIRECTION ( 'NONE',  ( -1.000000000000000000, -0.000000000000000000, -6.195440985631461234E-16 ) ) ;
#779 = CARTESIAN_POINT ( 'NONE',  ( 1.099999999999999645, 0.5999999999999999778, -2.500000000000000888 ) ) ;
#780 = VECTOR ( 'NONE', #2309, 1000.000000000000000 ) ;
#781 = VECTOR ( 'NONE', #1686, 1000.000000000000000 ) ;
#782 = LINE ( 'NONE', #1440, #2692 ) ;
#783 = DIRECTION ( 'NONE',  ( 0.000000000000000000, 0.000000000000000000, 1.000000000000000000 ) ) ;
#784 = ORIENTED_EDGE ( 'NONE', *, *, #1536, .T. ) ;
#785 = AXIS2_PLACEMENT_3D ( 'NONE', #2902, #1406, #2580 ) ;
#786 = ORIENTED_EDGE ( 'NONE', *, *, #1760, .T. ) ;
#787 = CARTESIAN_POINT ( 'NONE',  ( -2.499999999999998668, 0.6292893218813448986, -2.300000000000001155 ) ) ;
#788 = DIRECTION ( 'NONE',  ( 1.000000000000000000, -0.000000000000000000, -0.000000000000000000 ) ) ;
#789 = EDGE_CURVE ( 'NONE', #3625, #1975, #3198, .T. ) ;
#790 = ORIENTED_EDGE ( 'NONE', *, *, #3580, .T. ) ;
#791 = VERTEX_POINT ( 'NONE', #1710 ) ;
#792 = VECTOR ( 'NONE', #3004, 1000.000000000000000 ) ;
#793 = ORIENTED_EDGE ( 'NONE', *, *, #1771, .T. ) ;
#794 = CARTESIAN_POINT ( 'NONE',  ( -1.100000000000000755, 0.5999999999999998668, 2.499999999999999556 ) ) ;
#795 = ORIENTED_EDGE ( 'NONE', *, *, #3637, .F. ) ;
#796 = ADVANCED_FACE ( 'NONE', ( #3444 ), #207, .F. ) ;
#797 = CIRCLE ( 'NONE', #2758, 0.4500000000000001221 ) ;
#798 = LINE ( 'NONE', #1983, #3039 ) ;
#799 = DIRECTION ( 'NONE',  ( -0.000000000000000000, -1.000000000000000000, 0.000000000000000000 ) ) ;
#800 = DIRECTION ( 'NONE',  ( 1.000000000000000000, -0.000000000000000000, -0.000000000000000000 ) ) ;
#801 = CARTESIAN_POINT ( 'NONE',  ( -1.279289321881345254, 0.6500000000000000222, -2.250000000000001332 ) ) ;
#802 = CARTESIAN_POINT ( 'NONE',  ( 1.764644660940670962, 0.5999999999999999778, -1.764644660940676957 ) ) ;
#803 = VECTOR ( 'NONE', #127, 1000.000000000000000 ) ;
#804 = VERTEX_POINT ( 'NONE', #3467 ) ;
#805 = VERTEX_POINT ( 'NONE', #1079 ) ;
#806 = PLANE ( 'NONE',  #2357 ) ;
#807 = CARTESIAN_POINT ( 'NONE',  ( 2.099999999999997868, 0.000000000000000000, -2.250000000000004441 ) ) ;
#808 = ORIENTED_EDGE ( 'NONE', *, *, #313, .F. ) ;
#809 = ORIENTED_EDGE ( 'NONE', *, *, #2015, .T. ) ;
#810 = ORIENTED_EDGE ( 'NONE', *, *, #1561, .F. ) ;
#811 = PRESENTATION_STYLE_ASSIGNMENT (( #3293 ) ) ;
#812 = CIRCLE ( 'NONE', #2080, 0.3999999999999999667 ) ;
#813 = VERTEX_POINT ( 'NONE', #1689 ) ;
#814 = DIRECTION ( 'NONE',  ( 0.000000000000000000, 0.000000000000000000, -1.000000000000000000 ) ) ;
#815 = CARTESIAN_POINT ( 'NONE',  ( -2.500000000000000000, 0.04999999999999991257, -2.300000000000001155 ) ) ;
#816 = DIRECTION ( 'NONE',  ( -2.710505431213761578E-16, -0.000000000000000000, -1.000000000000000000 ) ) ;
#817 = CARTESIAN_POINT ( 'NONE',  ( -2.099999999999997868, 1.273952773349960710, -2.642452172325430393 ) ) ;
#818 = CIRCLE ( 'NONE', #3288, 0.4500000000000001221 ) ;
#819 = CARTESIAN_POINT ( 'NONE',  ( -2.449999999999999289, 0.6500000000000000222, 2.249999999999999556 ) ) ;
#820 = DIRECTION ( 'NONE',  ( 0.000000000000000000, -0.9848077530122086864, 0.1736481776669269728 ) ) ;
#821 = VECTOR ( 'NONE', #1661, 1000.000000000000000 ) ;
#822 = CARTESIAN_POINT ( 'NONE',  ( -1.399999999999999911, 0.1999999999999999833, -2.250000000000001332 ) ) ;
#823 = AXIS2_PLACEMENT_3D ( 'NONE', #1882, #94, #389 ) ;
#824 = CARTESIAN_POINT ( 'NONE',  ( 1.399999999999997691, 0.1913175911166535570, -2.299240387650614448 ) ) ;
#825 = EDGE_CURVE ( 'NONE', #872, #1927, #2615, .T. ) ;
#826 = DIRECTION ( 'NONE',  ( -0.7071067811865471286, -0.000000000000000000, -0.7071067811865479058 ) ) ;
#827 = FACE_OUTER_BOUND ( 'NONE', #3382, .T. ) ;
#828 = EDGE_CURVE ( 'NONE', #1022, #3241, #446, .T. ) ;
#829 = EDGE_LOOP ( 'NONE', ( #3556, #366 ) ) ;
#830 = ORIENTED_EDGE ( 'NONE', *, *, #3150, .T. ) ;
#831 = ORIENTED_EDGE ( 'NONE', *, *, #3301, .T. ) ;
#832 = LINE ( 'NONE', #3486, #73 ) ;
#833 = DIRECTION ( 'NONE',  ( 0.000000000000000000, 0.000000000000000000, 1.000000000000000000 ) ) ;
#834 = CARTESIAN_POINT ( 'NONE',  ( -1.100000000000000755, 1.950000000000000178, 2.499999999999999556 ) ) ;
#835 = DIRECTION ( 'NONE',  ( -0.000000000000000000, -1.000000000000000000, -0.000000000000000000 ) ) ;
#836 = ORIENTED_EDGE ( 'NONE', *, *, #3318, .F. ) ;
#837 = CYLINDRICAL_SURFACE ( 'NONE', #2458, 0.05000000000000007216 ) ;
#838 = ADVANCED_FACE ( 'NONE', ( #1115 ), #2553, .T. ) ;
#839 =( BOUNDED_CURVE ( )  B_SPLINE_CURVE ( 3, ( #3056, #1542, #61, #40 ),
 .UNSPECIFIED., .F., .T. ) 
 B_SPLINE_CURVE_WITH_KNOTS ( ( 4, 4 ),
 ( 1.570796326794896558, 3.141592653589793116 ),
 .UNSPECIFIED. ) 
 CURVE ( )  GEOMETRIC_REPRESENTATION_ITEM ( )  RATIONAL_B_SPLINE_CURVE ( ( 1.000000000000000000, 0.8047378541243649375, 0.8047378541243649375, 1.000000000000000000 ) ) 
 REPRESENTATION_ITEM ( '' )  );
#840 = DIRECTION ( 'NONE',  ( -1.000000000000000000, 0.000000000000000000, -2.710505431213761578E-16 ) ) ;
#841 = DIRECTION ( 'NONE',  ( -1.000000000000000000, 0.000000000000000000, 0.000000000000000000 ) ) ;
#842 = FACE_OUTER_BOUND ( 'NONE', #3060, .T. ) ;
#843 = CARTESIAN_POINT ( 'NONE',  ( -0.5499999999999994893, 0.1499999999999999944, 1.200000000000000178 ) ) ;
#844 = AXIS2_PLACEMENT_3D ( 'NONE', #2940, #3879, #492 ) ;
#845 = DIRECTION ( 'NONE',  ( 0.000000000000000000, -0.000000000000000000, 1.000000000000000000 ) ) ;
#846 = VECTOR ( 'NONE', #1514, 1000.000000000000114 ) ;
#847 = DIRECTION ( 'NONE',  ( 1.000000000000000000, -0.000000000000000000, -6.195440985631461234E-16 ) ) ;
#848 = LINE ( 'NONE', #3266, #1613 ) ;
#849 = VERTEX_POINT ( 'NONE', #190 ) ;
#850 = EDGE_CURVE ( 'NONE', #121, #849, #1647, .T. ) ;
#851 = ORIENTED_EDGE ( 'NONE', *, *, #220, .T. ) ;
#852 =( LENGTH_UNIT ( ) NAMED_UNIT ( * ) SI_UNIT ( .MILLI., .METRE. ) );
#853 = EDGE_CURVE ( 'NONE', #3700, #805, #3178, .T. ) ;
#854 = FILL_AREA_STYLE_COLOUR ( '', #1857 ) ;
#855 = VECTOR ( 'NONE', #2473, 1000.000000000000000 ) ;
#856 = CARTESIAN_POINT ( 'NONE',  ( 1.279289321881345476, 0.6500000000000000222, -2.250000000000001332 ) ) ;
#857 = AXIS2_PLACEMENT_3D ( 'NONE', #83, #429, #2786 ) ;
#858 = DIRECTION ( 'NONE',  ( -1.000000000000000000, 0.000000000000000000, 0.000000000000000000 ) ) ;
#859 = EDGE_CURVE ( 'NONE', #3148, #60, #1940, .T. ) ;
#860 = CARTESIAN_POINT ( 'NONE',  ( -1.079289321881345520, 2.000000000000000000, -2.450000000000000622 ) ) ;
#861 = FACE_OUTER_BOUND ( 'NONE', #3796, .T. ) ;
#862 = CARTESIAN_POINT ( 'NONE',  ( 2.499999999999999556, 2.000000000000000000, 1.300000000000002043 ) ) ;
#863 = CARTESIAN_POINT ( 'NONE',  ( -1.764644660940673182, 2.000000000000000000, 1.764644660940671184 ) ) ;
#864 = DIRECTION ( 'NONE',  ( 0.000000000000000000, -0.9848077530122085754, 0.1736481776669276389 ) ) ;
#865 = EDGE_CURVE ( 'NONE', #2603, #1592, #758, .T. ) ;
#866 = VECTOR ( 'NONE', #3832, 1000.000000000000114 ) ;
#867 = CARTESIAN_POINT ( 'NONE',  ( -1.400000000000000577, 0.1999999999999999833, 2.249999999999999556 ) ) ;
#868 = LINE ( 'NONE', #2450, #1238 ) ;
#869 = ORIENTED_EDGE ( 'NONE', *, *, #1215, .F. ) ;
#870 = ORIENTED_EDGE ( 'NONE', *, *, #3063, .T. ) ;
#871 = CARTESIAN_POINT ( 'NONE',  ( -2.100000000000000089, 0.000000000000000000, 1.500000000000001110 ) ) ;
#872 = VERTEX_POINT ( 'NONE', #1667 ) ;
#873 =( NAMED_UNIT ( * ) PLANE_ANGLE_UNIT ( ) SI_UNIT ( $, .RADIAN. ) );
#874 = SURFACE_STYLE_USAGE ( .BOTH. , #3591 ) ;
#875 = ADVANCED_FACE ( 'NONE', ( #2894 ), #2875, .F. ) ;
#876 = LINE ( 'NONE', #2084, #3484 ) ;
#877 = CARTESIAN_POINT ( 'NONE',  ( -0.5499999999999994893, 0.04999999999999999584, 1.600000000000000089 ) ) ;
#878 = EDGE_CURVE ( 'NONE', #3587, #362, #2377, .T. ) ;
#879 = ORIENTED_EDGE ( 'NONE', *, *, #1968, .T. ) ;
#880 = CARTESIAN_POINT ( 'NONE',  ( 2.099999999999997868, 0.1652703644666145000, -2.446961550602446245 ) ) ;
#881 = VECTOR ( 'NONE', #3020, 1000.000000000000000 ) ;
#882 = EDGE_CURVE ( 'NONE', #3008, #3825, #2715, .T. ) ;
#883 = ORIENTED_EDGE ( 'NONE', *, *, #2793, .F. ) ;
#884 = AXIS2_PLACEMENT_3D ( 'NONE', #2780, #3410, #2822 ) ;
#885 = CARTESIAN_POINT ( 'NONE',  ( 1.291421356237310247, 0.6500000000000001332, 2.479289321881346098 ) ) ;
#886 = DIRECTION ( 'NONE',  ( 0.7071067811865471286, -0.000000000000000000, 0.7071067811865479058 ) ) ;
#887 = DIRECTION ( 'NONE',  ( 0.000000000000000000, 0.000000000000000000, -1.000000000000000000 ) ) ;
#888 = STYLED_ITEM ( 'NONE', ( #518 ), #1262 ) ;
#889 = FACE_OUTER_BOUND ( 'NONE', #1977, .T. ) ;
#890 = LINE ( 'NONE', #1812, #1794 ) ;
#891 = CYLINDRICAL_SURFACE ( 'NONE', #1864, 0.05000000000000007216 ) ;
#892 = ORIENTED_EDGE ( 'NONE', *, *, #2537, .T. ) ;
#893 = EDGE_CURVE ( 'NONE', #1146, #2036, #1777, .T. ) ;
#894 = VECTOR ( 'NONE', #1752, 1000.000000000000000 ) ;
#895 = ORIENTED_EDGE ( 'NONE', *, *, #415, .T. ) ;
#896 = LINE ( 'NONE', #1894, #3165 ) ;
#897 = ORIENTED_EDGE ( 'NONE', *, *, #3815, .F. ) ;
#898 = DIRECTION ( 'NONE',  ( 1.000000000000000000, 0.000000000000000000, 3.614007241618345813E-16 ) ) ;
#899 = FILL_AREA_STYLE ('',( #2395 ) ) ;
#900 =( LENGTH_UNIT ( ) NAMED_UNIT ( * ) SI_UNIT ( .MILLI., .METRE. ) );
#901 = DIRECTION ( 'NONE',  ( 0.000000000000000000, 0.000000000000000000, 1.000000000000000000 ) ) ;
#902 =( BOUNDED_CURVE ( )  B_SPLINE_CURVE ( 3, ( #2114, #315, #3339, #1545 ),
 .UNSPECIFIED., .F., .T. ) 
 B_SPLINE_CURVE_WITH_KNOTS ( ( 4, 4 ),
 ( 3.141592653589793116, 4.712388980384689674 ),
 .UNSPECIFIED. ) 
 CURVE ( )  GEOMETRIC_REPRESENTATION_ITEM ( )  RATIONAL_B_SPLINE_CURVE ( ( 1.000000000000000000, 0.8047378541243649375, 0.8047378541243649375, 1.000000000000000000 ) ) 
 REPRESENTATION_ITEM ( '' )  );
#903 = DIRECTION ( 'NONE',  ( -2.710505431213761578E-16, 0.000000000000000000, 1.000000000000000000 ) ) ;
#904 = DIRECTION ( 'NONE',  ( 0.7071067811865474617, -0.000000000000000000, -0.7071067811865474617 ) ) ;
#905 = VERTEX_POINT ( 'NONE', #2337 ) ;
#906 = EDGE_CURVE ( 'NONE', #2530, #1863, #876, .T. ) ;
#907 = EDGE_CURVE ( 'NONE', #3110, #3109, #221, .T. ) ;
#908 = VERTEX_POINT ( 'NONE', #1134 ) ;
#909 = DIRECTION ( 'NONE',  ( 0.000000000000000000, 0.000000000000000000, 1.000000000000000000 ) ) ;
#910 = LINE ( 'NONE', #3634, #306 ) ;
#911 = CARTESIAN_POINT ( 'NONE',  ( -1.291421356237309803, -8.629797279988790114E-17, -2.279289321881346364 ) ) ;
#912 = VERTEX_POINT ( 'NONE', #2948 ) ;
#913 = DIRECTION ( 'NONE',  ( -1.204669080539448358E-16, 0.000000000000000000, 1.000000000000000000 ) ) ;
#914 = CARTESIAN_POINT ( 'NONE',  ( -2.499999999999999556, 0.7000000000000000666, 2.299999999999999378 ) ) ;
#915 = EDGE_LOOP ( 'NONE', ( #2877, #3267, #2287, #1051 ) ) ;
#916 = AXIS2_PLACEMENT_3D ( 'NONE', #1314, #451, #2214 ) ;
#917 = VERTEX_POINT ( 'NONE', #856 ) ;
#918 = PLANE ( 'NONE',  #3376 ) ;
#919 = VECTOR ( 'NONE', #1136, 1000.000000000000114 ) ;
#920 =( NAMED_UNIT ( * ) PLANE_ANGLE_UNIT ( ) SI_UNIT ( $, .RADIAN. ) );
#921 = CARTESIAN_POINT ( 'NONE',  ( -2.500000000000000000, 2.000000000000000000, -2.300000000000001155 ) ) ;
#922 = CARTESIAN_POINT ( 'NONE',  ( 2.099999999999997868, 1.300000000000000044, -2.494731009373599484 ) ) ;
#923 = CARTESIAN_POINT ( 'NONE',  ( 0.5500000000000007105, 0.000000000000000000, -1.599999999999999645 ) ) ;
#924 = EDGE_CURVE ( 'NONE', #3791, #1799, #520, .T. ) ;
#925 = ORIENTED_EDGE ( 'NONE', *, *, #1291, .T. ) ;
#926 = ORIENTED_EDGE ( 'NONE', *, *, #3838, .T. ) ;
#927 = CARTESIAN_POINT ( 'NONE',  ( -1.399999999999999911, 0.1499999999999999944, -2.300000000000001155 ) ) ;
#928 = CARTESIAN_POINT ( 'NONE',  ( 0.5500000000000007105, 0.04999999999999999584, -1.199999999999999734 ) ) ;
#929 = DIRECTION ( 'NONE',  ( -9.427844978134821433E-17, 0.000000000000000000, -1.000000000000000000 ) ) ;
#930 = EDGE_CURVE ( 'NONE', #1996, #2594, #3595, .T. ) ;
#931 = ORIENTED_EDGE ( 'NONE', *, *, #3549, .T. ) ;
#933 = CARTESIAN_POINT ( 'NONE',  ( -0.5499999999999994893, 0.1499999999999999944, 1.200000000000000178 ) ) ;
#932 = VECTOR ( 'NONE', #3360, 1000.000000000000000 ) ;
#934 = DIRECTION ( 'NONE',  ( 0.000000000000000000, 0.000000000000000000, -1.000000000000000000 ) ) ;
#935 = ORIENTED_EDGE ( 'NONE', *, *, #713, .F. ) ;
#936 = DIRECTION ( 'NONE',  ( 0.000000000000000000, 0.9848077530122085754, 0.1736481776669276944 ) ) ;
#937 = LINE ( 'NONE', #2434, #2523 ) ;
#938 = CARTESIAN_POINT ( 'NONE',  ( -1.091421356237310292, -8.629797279988790114E-17, -2.479289321881346098 ) ) ;
#939 = DIRECTION ( 'NONE',  ( 0.7071067811865474617, 0.000000000000000000, -0.7071067811865474617 ) ) ;
#940 = LINE ( 'NONE', #1590, #1307 ) ;
#941 = LINE ( 'NONE', #1257, #3190 ) ;
#942 = EDGE_LOOP ( 'NONE', ( #2794, #1639, #2111, #3025 ) ) ;
#943 = VERTEX_POINT ( 'NONE', #2107 ) ;
#944 = CYLINDRICAL_SURFACE ( 'NONE', #1078, 0.05000000000000012768 ) ;
#945 = PLANE ( 'NONE',  #762 ) ;
#946 = CIRCLE ( 'NONE', #2327, 0.2000000000000009548 ) ;
#947 = AXIS2_PLACEMENT_3D ( 'NONE', #523, #2536, #151 ) ;
#948 = ORIENTED_EDGE ( 'NONE', *, *, #3029, .T. ) ;
#949 = DIRECTION ( 'NONE',  ( -0.000000000000000000, -1.000000000000000000, -0.000000000000000000 ) ) ;
#950 = CARTESIAN_POINT ( 'NONE',  ( 0.000000000000000000, 1.950000000000000178, -2.250000000000001332 ) ) ;
#951 = ORIENTED_EDGE ( 'NONE', *, *, #765, .T. ) ;
#952 = VECTOR ( 'NONE', #3239, 1000.000000000000000 ) ;
#953 = EDGE_CURVE ( 'NONE', #1702, #1971, #2272, .T. ) ;
#954 = EDGE_CURVE ( 'NONE', #2023, #2077, #2659, .T. ) ;
#955 = ORIENTED_EDGE ( 'NONE', *, *, #985, .F. ) ;
#956 = EDGE_CURVE ( 'NONE', #3753, #3501, #818, .T. ) ;
#957 = DIRECTION ( 'NONE',  ( -0.000000000000000000, -1.000000000000000000, -0.000000000000000000 ) ) ;
#958 = CIRCLE ( 'NONE', #3233, 0.05000000000000012768 ) ;
#959 = VECTOR ( 'NONE', #367, 1000.000000000000000 ) ;
#960 = LINE ( 'NONE', #978, #1267 ) ;
#961 = CARTESIAN_POINT ( 'NONE',  ( 2.500000000000000000, 1.979289321881345209, -2.300000000000001155 ) ) ;
#962 = LINE ( 'NONE', #3688, #2928 ) ;
#963 = ORIENTED_EDGE ( 'NONE', *, *, #1242, .F. ) ;
#964 = ORIENTED_EDGE ( 'NONE', *, *, #1861, .T. ) ;
#965 = DIRECTION ( 'NONE',  ( 0.000000000000000000, 0.000000000000000000, -1.000000000000000000 ) ) ;
#966 = CARTESIAN_POINT ( 'NONE',  ( 1.300000000000000711, 2.000000000000000000, 2.500000000000000444 ) ) ;
#967 = FACE_OUTER_BOUND ( 'NONE', #2300, .T. ) ;
#968 = ORIENTED_EDGE ( 'NONE', *, *, #49, .T. ) ;
#969 = CARTESIAN_POINT ( 'NONE',  ( -2.499999999999999556, 1.979289321881345209, -2.300000000000001155 ) ) ;
#970 = CARTESIAN_POINT ( 'NONE',  ( -1.300000000000000266, 0.7000000000000000666, -2.300000000000001155 ) ) ;
#971 = ORIENTED_EDGE ( 'NONE', *, *, #2064, .T. ) ;
#972 = ORIENTED_EDGE ( 'NONE', *, *, #218, .F. ) ;
#973 = CARTESIAN_POINT ( 'NONE',  ( -1.400000000000000133, 0.1499999999999999944, 1.500000000000001554 ) ) ;
#974 = EDGE_CURVE ( 'NONE', #3263, #3899, #639, .T. ) ;
#975 = VECTOR ( 'NONE', #3147, 1000.000000000000000 ) ;
#976 = ADVANCED_FACE ( 'NONE', ( #3575 ), #1747, .F. ) ;
#977 = AXIS2_PLACEMENT_3D ( 'NONE', #365, #3113, #1591 ) ;
#978 = CARTESIAN_POINT ( 'NONE',  ( -2.099999999999999645, 0.1499999999999999944, -2.300000000000001155 ) ) ;
#979 = CARTESIAN_POINT ( 'NONE',  ( -1.400000000000000133, 0.000000000000000000, 1.500000000000001554 ) ) ;
#980 = LINE ( 'NONE', #637, #344 ) ;
#981 = ORIENTED_EDGE ( 'NONE', *, *, #3389, .T. ) ;
#982 = PRESENTATION_LAYER_ASSIGNMENT (  '', '', ( #98 ) ) ;
#983 = ORIENTED_EDGE ( 'NONE', *, *, #1886, .T. ) ;
#984 = PRODUCT_DEFINITION_FORMATION_WITH_SPECIFIED_SOURCE ( 'ANY', '', #1753, .NOT_KNOWN. ) ;
#985 = EDGE_CURVE ( 'NONE', #2986, #1038, #1473, .T. ) ;
#986 = CARTESIAN_POINT ( 'NONE',  ( -1.279289321881345920, 0.000000000000000000, 2.249999999999999556 ) ) ;
#987 = ORIENTED_EDGE ( 'NONE', *, *, #1740, .T. ) ;
#988 = CARTESIAN_POINT ( 'NONE',  ( -1.300000000000000488, 0.6500000000000000222, 2.249999999999999556 ) ) ;
#989 = ORIENTED_EDGE ( 'NONE', *, *, #2324, .F. ) ;
#990 = DIRECTION ( 'NONE',  ( -1.000000000000000000, -0.000000000000000000, -6.195440985631461234E-16 ) ) ;
#991 = DIRECTION ( 'NONE',  ( -1.000000000000000000, 0.000000000000000000, 2.710505431213761578E-16 ) ) ;
#992 = EDGE_LOOP ( 'NONE', ( #1034, #3359, #2812, #610, #3290, #2626 ) ) ;
#993 = DIRECTION ( 'NONE',  ( -1.204669080539448358E-16, -0.000000000000000000, 1.000000000000000000 ) ) ;
#994 = CARTESIAN_POINT ( 'NONE',  ( 1.300000000000000266, 0.02071067811865466221, -2.300000000000001155 ) ) ;
#995 = ORIENTED_EDGE ( 'NONE', *, *, #3347, .F. ) ;
#996 = ORIENTED_EDGE ( 'NONE', *, *, #3413, .T. ) ;
#997 = CARTESIAN_POINT ( 'NONE',  ( -1.400000000000000577, 1.273952773349960710, 2.642452172325428172 ) ) ;
#998 = LINE ( 'NONE', #2136, #1507 ) ;
#999 = AXIS2_PLACEMENT_3D ( 'NONE', #2085, #1135, #3910 ) ;
#1000 = DIRECTION ( 'NONE',  ( 0.000000000000000000, 0.000000000000000000, -1.000000000000000000 ) ) ;
#1001 = ORIENTED_EDGE ( 'NONE', *, *, #3458, .T. ) ;
#1002 = EDGE_CURVE ( 'NONE', #1456, #2645, #1891, .T. ) ;
#1003 = DIRECTION ( 'NONE',  ( 1.000000000000000000, -0.000000000000000000, 0.000000000000000000 ) ) ;
#1004 = CARTESIAN_POINT ( 'NONE',  ( -1.300000000000000488, 0.02071067811865466221, 2.299999999999999378 ) ) ;
#1005 = ADVANCED_FACE ( 'NONE', ( #2972 ), #266, .F. ) ;
#1006 = VERTEX_POINT ( 'NONE', #536 ) ;
#1007 = DIRECTION ( 'NONE',  ( 1.000000000000000000, -0.000000000000000000, -0.000000000000000000 ) ) ;
#1008 = ORIENTED_EDGE ( 'NONE', *, *, #2349, .F. ) ;
#1009 = CARTESIAN_POINT ( 'NONE',  ( -1.300000000000000488, 0.04999999999999991257, 2.249999999999999556 ) ) ;
#1010 = DIRECTION ( 'NONE',  ( 0.000000000000000000, -0.9848077530122085754, 0.1736481776669276389 ) ) ;
#1011 = AXIS2_PLACEMENT_3D ( 'NONE', #272, #2137, #564 ) ;
#1012 = ORIENTED_EDGE ( 'NONE', *, *, #765, .F. ) ;
#1013 = CARTESIAN_POINT ( 'NONE',  ( -1.399999999999997691, 0.1999999999999999833, -2.250000000000003997 ) ) ;
#1014 = EDGE_CURVE ( 'NONE', #771, #1070, #1515, .T. ) ;
#1015 = VERTEX_POINT ( 'NONE', #1726 ) ;
#1016 = COLOUR_RGB ( '',0.2509803921568627416, 0.2509803921568627416, 0.2509803921568627416 ) ;
#1017 = ORIENTED_EDGE ( 'NONE', *, *, #2690, .T. ) ;
#1018 = DIRECTION ( 'NONE',  ( -1.000000000000000000, -0.000000000000000000, -0.000000000000000000 ) ) ;
#1019 = VECTOR ( 'NONE', #2097, 1000.000000000000000 ) ;
#1020 = CARTESIAN_POINT ( 'NONE',  ( -1.279289321881345920, 2.000000000000000000, 2.249999999999999556 ) ) ;
#1021 = DIRECTION ( 'NONE',  ( -0.000000000000000000, -0.9848077530122085754, 0.1736481776669276389 ) ) ;
#1022 = VERTEX_POINT ( 'NONE', #2929 ) ;
#1023 = DIRECTION ( 'NONE',  ( 0.000000000000000000, -0.000000000000000000, 1.000000000000000000 ) ) ;
#1024 = ORIENTED_EDGE ( 'NONE', *, *, #1291, .F. ) ;
#1025 = CARTESIAN_POINT ( 'NONE',  ( -1.100000000000000755, 0.7000000000000000666, -2.500000000000000888 ) ) ;
#1026 = UNCERTAINTY_MEASURE_WITH_UNIT (LENGTH_MEASURE( 1.000000000000000082E-05 ), #283, 'distance_accuracy_value', 'NONE');
#1027 = CYLINDRICAL_SURFACE ( 'NONE', #1683, 0.05000000000000012768 ) ;
#1028 = DIRECTION ( 'NONE',  ( 1.000000000000000000, -0.000000000000000000, -2.710505431213761578E-16 ) ) ;
#1029 = ORIENTED_EDGE ( 'NONE', *, *, #1442, .T. ) ;
#1030 = ADVANCED_FACE ( 'NONE', ( #635 ), #3629, .T. ) ;
#1031 = CARTESIAN_POINT ( 'NONE',  ( 2.500000000000000000, 2.000000000000000000, -2.300000000000001155 ) ) ;
#1032 = EDGE_LOOP ( 'NONE', ( #1654, #2419, #2360, #1162 ) ) ;
#1033 = DIRECTION ( 'NONE',  ( 6.101318315979463128E-16, -0.1736481776669276389, -0.9848077530122085754 ) ) ;
#1034 = ORIENTED_EDGE ( 'NONE', *, *, #2937, .T. ) ;
#1035 = DIRECTION ( 'NONE',  ( -0.000000000000000000, -1.000000000000000000, -0.000000000000000000 ) ) ;
#1036 = FACE_OUTER_BOUND ( 'NONE', #3470, .T. ) ;
#1037 = LINE ( 'NONE', #421, #284 ) ;
#1038 = VERTEX_POINT ( 'NONE', #2146 ) ;
#1039 = CARTESIAN_POINT ( 'NONE',  ( 2.099999999999997868, 0.000000000000000000, -2.250000000000004441 ) ) ;
#1040 = EDGE_CURVE ( 'NONE', #3007, #404, #3048, .T. ) ;
#1041 = CARTESIAN_POINT ( 'NONE',  ( -1.399999999999997691, 1.273952773349960710, -2.642452172325429949 ) ) ;
#1042 = CYLINDRICAL_SURFACE ( 'NONE', #3709, 0.05000000000000012768 ) ;
#1043 = CARTESIAN_POINT ( 'NONE',  ( 2.499999999999999556, 0.6292893218813446765, 1.300000000000002931 ) ) ;
#1044 = ADVANCED_FACE ( 'NONE', ( #1900 ), #2437, .T. ) ;
#1045 = ORIENTED_EDGE ( 'NONE', *, *, #2976, .F. ) ;
#1046 = ORIENTED_EDGE ( 'NONE', *, *, #1561, .T. ) ;
#1047 = AXIS2_PLACEMENT_3D ( 'NONE', #182, #1391, #1109 ) ;
#1048 =( BOUNDED_CURVE ( )  B_SPLINE_CURVE ( 3, ( #1885, #391, #1325, #426 ),
 .UNSPECIFIED., .F., .T. ) 
 B_SPLINE_CURVE_WITH_KNOTS ( ( 4, 4 ),
 ( 1.570796326794896558, 3.141592653589795336 ),
 .UNSPECIFIED. ) 
 CURVE ( )  GEOMETRIC_REPRESENTATION_ITEM ( )  RATIONAL_B_SPLINE_CURVE ( ( 1.000000000000000000, 0.8047378541243644934, 0.8047378541243644934, 1.000000000000000000 ) ) 
 REPRESENTATION_ITEM ( '' )  );
#1049 = CARTESIAN_POINT ( 'NONE',  ( 1.300000000000000044, 0.04999999999999991257, -2.300000000000001155 ) ) ;
#1050 = CARTESIAN_POINT ( 'NONE',  ( 2.500000000000000000, 0.04999999999999991257, -2.250000000000001332 ) ) ;
#1051 = ORIENTED_EDGE ( 'NONE', *, *, #1083, .T. ) ;
#1052 = CARTESIAN_POINT ( 'NONE',  ( -1.064644660940673226, 0.000000000000000000, -2.464644660940673582 ) ) ;
#1053 = VERTEX_POINT ( 'NONE', #71 ) ;
#1054 = SURFACE_STYLE_FILL_AREA ( #2511 ) ;
#1055 = PLANE ( 'NONE',  #2426 ) ;
#1056 = VECTOR ( 'NONE', #356, 1000.000000000000000 ) ;
#1057 = EDGE_LOOP ( 'NONE', ( #159, #1153, #2466, #2232 ) ) ;
#1058 = VECTOR ( 'NONE', #3596, 1000.000000000000000 ) ;
#1059 = DIRECTION ( 'NONE',  ( -1.000000000000000000, 0.000000000000000000, 0.000000000000000000 ) ) ;
#1060 = DIRECTION ( 'NONE',  ( -0.000000000000000000, -1.000000000000000000, -0.000000000000000000 ) ) ;
#1061 = CARTESIAN_POINT ( 'NONE',  ( 2.464644660940672694, 0.6500000000000000222, 1.264644660940674958 ) ) ;
#1062 = EDGE_CURVE ( 'NONE', #3286, #600, #2795, .T. ) ;
#1063 = DIRECTION ( 'NONE',  ( 1.000000000000000000, -0.000000000000000000, -0.000000000000000000 ) ) ;
#1064 = CARTESIAN_POINT ( 'NONE',  ( -0.5499999999999994893, 0.04999999999999999584, -1.600000000000000089 ) ) ;
#1065 = ORIENTED_EDGE ( 'NONE', *, *, #154, .F. ) ;
#1066 = ORIENTED_EDGE ( 'NONE', *, *, #2562, .F. ) ;
#1067 = DIRECTION ( 'NONE',  ( 0.000000000000000000, 0.000000000000000000, 1.000000000000000000 ) ) ;
#1068 = CARTESIAN_POINT ( 'NONE',  ( 1.864644660940673271, 0.5999999999999999778, 1.864644660940674159 ) ) ;
#1069 = CIRCLE ( 'NONE', #2958, 0.3999999999999999667 ) ;
#1070 = VERTEX_POINT ( 'NONE', #2813 ) ;
#1071 = EDGE_CURVE ( 'NONE', #1322, #2043, #90, .T. ) ;
#1072 = EDGE_CURVE ( 'NONE', #2174, #431, #3404, .T. ) ;
#1073 = VECTOR ( 'NONE', #1100, 1000.000000000000000 ) ;
#1074 =( BOUNDED_CURVE ( )  B_SPLINE_CURVE ( 3, ( #1344, #1941, #2597, #1116 ),
 .UNSPECIFIED., .F., .T. ) 
 B_SPLINE_CURVE_WITH_KNOTS ( ( 4, 4 ),
 ( 0.000000000000000000, 1.570796326794896558 ),
 .UNSPECIFIED. ) 
 CURVE ( )  GEOMETRIC_REPRESENTATION_ITEM ( )  RATIONAL_B_SPLINE_CURVE ( ( 1.000000000000000000, 0.8047378541243649375, 0.8047378541243649375, 1.000000000000000000 ) ) 
 REPRESENTATION_ITEM ( '' )  );
#1075 = VERTEX_POINT ( 'NONE', #2455 ) ;
#1076 = DIRECTION ( 'NONE',  ( -1.000000000000000000, 0.000000000000000000, 0.000000000000000000 ) ) ;
#1077 = EDGE_LOOP ( 'NONE', ( #3785, #2110, #1741, #2827 ) ) ;
#1078 = AXIS2_PLACEMENT_3D ( 'NONE', #1865, #2170, #640 ) ;
#1079 = CARTESIAN_POINT ( 'NONE',  ( -2.099999999999999645, 0.000000000000000000, -2.250000000000001332 ) ) ;
#1080 = CARTESIAN_POINT ( 'NONE',  ( 1.291421356237310025, 0.6500000000000001332, 2.479289321881346098 ) ) ;
#1081 = EDGE_LOOP ( 'NONE', ( #3527, #3232, #2342, #1611 ) ) ;
#1082 = CARTESIAN_POINT ( 'NONE',  ( 1.400000000000000355, 0.1499999999999999944, -2.300000000000000711 ) ) ;
#1083 = EDGE_CURVE ( 'NONE', #600, #943, #2493, .T. ) ;
#1084 = VECTOR ( 'NONE', #240, 1000.000000000000000 ) ;
#1085 = DIRECTION ( 'NONE',  ( -9.427844978134821433E-17, -0.000000000000000000, -1.000000000000000000 ) ) ;
#1086 = DIRECTION ( 'NONE',  ( 0.7071067811865475727, 0.000000000000000000, -0.7071067811865475727 ) ) ;
#1087 = EDGE_LOOP ( 'NONE', ( #3439, #418, #836, #795 ) ) ;
#1088 = ORIENTED_EDGE ( 'NONE', *, *, #3561, .T. ) ;
#1089 = CARTESIAN_POINT ( 'NONE',  ( -1.100000000000000755, 0.6500000000000000222, -2.450000000000000622 ) ) ;
#1090 = CARTESIAN_POINT ( 'NONE',  ( -1.300000000000000488, 2.000000000000000000, 2.299999999999999378 ) ) ;
#1091 = EDGE_LOOP ( 'NONE', ( #1418, #604, #1220, #438 ) ) ;
#1092 = ADVANCED_FACE ( 'NONE', ( #1534 ), #2128, .T. ) ;
#1093 = ORIENTED_EDGE ( 'NONE', *, *, #1203, .F. ) ;
#1094 = VERTEX_POINT ( 'NONE', #1820 ) ;
#1095 = CARTESIAN_POINT ( 'NONE',  ( 0.5500000000000007105, 0.1499999999999999944, -1.999999999999999556 ) ) ;
#1096 = CARTESIAN_POINT ( 'NONE',  ( 0.000000000000000000, 0.1999999999999999833, 2.249999999999999556 ) ) ;
#1097 = ORIENTED_EDGE ( 'NONE', *, *, #3311, .F. ) ;
#1098 = DIRECTION ( 'NONE',  ( -5.782411586589351722E-16, -0.000000000000000000, 1.000000000000000000 ) ) ;
#1099 = LINE ( 'NONE', #3788, #2568 ) ;
#1100 = DIRECTION ( 'NONE',  ( -1.000000000000000000, -0.000000000000000000, -0.000000000000000000 ) ) ;
#1101 = AXIS2_PLACEMENT_3D ( 'NONE', #3341, #372, #2427 ) ;
#1102 = VECTOR ( 'NONE', #3218, 1000.000000000000000 ) ;
#1103 = CARTESIAN_POINT ( 'NONE',  ( -0.5499999999999994893, 0.1499999999999999944, 1.600000000000000089 ) ) ;
#1104 = FACE_OUTER_BOUND ( 'NONE', #1269, .T. ) ;
#1105 = EDGE_LOOP ( 'NONE', ( #661, #3811, #3107, #3726, #2306, #1520, #3745, #3800 ) ) ;
#1106 = ORIENTED_EDGE ( 'NONE', *, *, #2883, .T. ) ;
#1107 = LINE ( 'NONE', #2308, #2025 ) ;
#1108 = DIRECTION ( 'NONE',  ( 0.000000000000000000, 0.000000000000000000, 1.000000000000000000 ) ) ;
#1109 = DIRECTION ( 'NONE',  ( 0.000000000000000000, 0.000000000000000000, 1.000000000000000000 ) ) ;
#1110 = EDGE_LOOP ( 'NONE', ( #948, #3151, #964, #1128, #588, #3116, #89, #2433 ) ) ;
#1111 = AXIS2_PLACEMENT_3D ( 'NONE', #1352, #2544, #748 ) ;
#1112 = ORIENTED_EDGE ( 'NONE', *, *, #95, .F. ) ;
#1113 = ORIENTED_EDGE ( 'NONE', *, *, #3014, .T. ) ;
#1114 = AXIS2_PLACEMENT_3D ( 'NONE', #2954, #2637, #1404 ) ;
#1115 = FACE_OUTER_BOUND ( 'NONE', #2964, .T. ) ;
#1116 = CARTESIAN_POINT ( 'NONE',  ( 1.279289321881346586, 2.000000000000000000, 2.450000000000000178 ) ) ;
#1117 = ORIENTED_EDGE ( 'NONE', *, *, #1697, .T. ) ;
#1118 = FACE_OUTER_BOUND ( 'NONE', #1759, .T. ) ;
#1119 = ADVANCED_FACE ( 'NONE', ( #2416 ), #2753, .T. ) ;
#1120 = EDGE_CURVE ( 'NONE', #1801, #1166, #614, .T. ) ;
#1121 = PLANE ( 'NONE',  #3519 ) ;
#1122 = DIRECTION ( 'NONE',  ( 1.204669080539448358E-16, 0.000000000000000000, -1.000000000000000000 ) ) ;
#1123 = EDGE_LOOP ( 'NONE', ( #2016, #786, #3773, #1512 ) ) ;
#1124 = DIRECTION ( 'NONE',  ( -1.000000000000000000, -0.000000000000000000, -6.195440985631461234E-16 ) ) ;
#1125 = PLANE ( 'NONE',  #2058 ) ;
#1126 = ORIENTED_EDGE ( 'NONE', *, *, #653, .T. ) ;
#1127 = VERTEX_POINT ( 'NONE', #1255 ) ;
#1128 = ORIENTED_EDGE ( 'NONE', *, *, #2687, .T. ) ;
#1129 = CIRCLE ( 'NONE', #1011, 0.4500000000000001221 ) ;
#1130 = EDGE_CURVE ( 'NONE', #3462, #2582, #3070, .T. ) ;
#1131 = CARTESIAN_POINT ( 'NONE',  ( -1.300000000000000266, 0.04999999999999991257, -2.250000000000001332 ) ) ;
#1132 = PRESENTATION_STYLE_ASSIGNMENT (( #238 ) ) ;
#1133 = CIRCLE ( 'NONE', #3854, 0.4500000000000001221 ) ;
#1134 = CARTESIAN_POINT ( 'NONE',  ( -1.279289321881345920, 2.000000000000000000, 2.249999999999999556 ) ) ;
#1135 = DIRECTION ( 'NONE',  ( 1.075827036997899363E-16, -0.9848077530122084644, -0.1736481776669279997 ) ) ;
#1136 = DIRECTION ( 'NONE',  ( -0.7071067811865474617, 0.000000000000000000, 0.7071067811865474617 ) ) ;
#1137 = VECTOR ( 'NONE', #2570, 1000.000000000000000 ) ;
#1138 = CARTESIAN_POINT ( 'NONE',  ( -2.100000000000000089, 0.1499999999999999944, 2.300000000000001155 ) ) ;
#1139 = DIRECTION ( 'NONE',  ( 0.000000000000000000, 0.000000000000000000, -1.000000000000000000 ) ) ;
#1140 = CARTESIAN_POINT ( 'NONE',  ( 1.099999999999999645, 0.7000000000000000666, -2.500000000000000888 ) ) ;
#1141 = CLOSED_SHELL ( 'NONE', ( #2412, #2008, #3163, #1987, #976, #2095, #1460, #2823, #3559, #2811, #3750, #2588, #1601, #2552, #2280, #2026, #1506, #183, #1219, #18, #3400, #381, #2499, #1368, #1044, #1945, #361, #1935, #2738, #838, #248, #1906, #3188, #3002, #3381, #2600, #1729, #1092, #679, #2400, #2127, #2970, #3051, #2116, #3717, #3387, #3176, #613, #2762, #3488, #75, #3302, #2927, #2763, #796, #582, #1425, #1005, #2517, #587, #3268, #2840, #683, #1178, #2658, #2157, #3210, #3774 ) ) ;
#1142 = VECTOR ( 'NONE', #2046, 1000.000000000000000 ) ;
#1143 = EDGE_LOOP ( 'NONE', ( #3504, #3816, #2405, #3883 ) ) ;
#1144 = CARTESIAN_POINT ( 'NONE',  ( -2.500000000000000000, 0.5999999999999998668, -2.300000000000001155 ) ) ;
#1145 = FACE_OUTER_BOUND ( 'NONE', #269, .T. ) ;
#1146 = VERTEX_POINT ( 'NONE', #401 ) ;
#1147 = ORIENTED_EDGE ( 'NONE', *, *, #2850, .F. ) ;
#1148 = EDGE_CURVE ( 'NONE', #1146, #2307, #960, .T. ) ;
#1149 = ORIENTED_EDGE ( 'NONE', *, *, #533, .F. ) ;
#1150 = PRODUCT_DEFINITION_SHAPE ( 'NONE', 'NONE',  #504 ) ;
#1151 = DIRECTION ( 'NONE',  ( 0.000000000000000000, 1.000000000000000000, -0.000000000000000000 ) ) ;
#1152 = CYLINDRICAL_SURFACE ( 'NONE', #1688, 0.05000000000000007216 ) ;
#1153 = ORIENTED_EDGE ( 'NONE', *, *, #595, .T. ) ;
#1154 = DIRECTION ( 'NONE',  ( 0.000000000000000000, 0.000000000000000000, 1.000000000000000000 ) ) ;
#1155 = ADVANCED_FACE ( 'NONE', ( #326 ), #2735, .T. ) ;
#1156 = CARTESIAN_POINT ( 'NONE',  ( -1.100000000000000533, 0.5999999999999999778, -2.500000000000001332 ) ) ;
#1157 = EDGE_CURVE ( 'NONE', #362, #3721, #3384, .T. ) ;
#1158 = CARTESIAN_POINT ( 'NONE',  ( -1.400000000000000577, 0.1999999999999999833, 2.249999999999999556 ) ) ;
#1159 = CARTESIAN_POINT ( 'NONE',  ( 2.099999999999998312, 0.000000000000000000, -1.500000000000003775 ) ) ;
#1160 = CARTESIAN_POINT ( 'NONE',  ( -1.100000000000000755, 0.04999999999999991257, -2.500000000000000888 ) ) ;
#1161 = VECTOR ( 'NONE', #3127, 1000.000000000000000 ) ;
#1162 = ORIENTED_EDGE ( 'NONE', *, *, #2734, .F. ) ;
#1163 = AXIS2_PLACEMENT_3D ( 'NONE', #1096, #2550, #167 ) ;
#1164 = DIRECTION ( 'NONE',  ( -0.7071067811865471286, -0.000000000000000000, -0.7071067811865479058 ) ) ;
#1165 = CARTESIAN_POINT ( 'NONE',  ( -1.100000000000000755, 1.950000000000000178, -2.500000000000000888 ) ) ;
#1166 = VERTEX_POINT ( 'NONE', #670 ) ;
#1167 = EDGE_CURVE ( 'NONE', #1884, #1127, #2386, .T. ) ;
#1168 = CIRCLE ( 'NONE', #3887, 0.4500000000000001776 ) ;
#1169 = EDGE_LOOP ( 'NONE', ( #2504, #3840, #1562, #810 ) ) ;
#1170 = SURFACE_STYLE_FILL_AREA ( #899 ) ;
#1171 = SURFACE_STYLE_FILL_AREA ( #3010 ) ;
#1172 = DIRECTION ( 'NONE',  ( -1.000000000000000000, 0.000000000000000000, 0.000000000000000000 ) ) ;
#1173 = FACE_OUTER_BOUND ( 'NONE', #1087, .T. ) ;
#1174 = DIRECTION ( 'NONE',  ( -1.000000000000000000, 0.000000000000000000, 0.000000000000000000 ) ) ;
#1175 = ORIENTED_EDGE ( 'NONE', *, *, #3083, .F. ) ;
#1176 = TOROIDAL_SURFACE ( 'NONE', #3896, 0.4500000000000000666, 0.05000000000000000278 ) ;
#1177 = CARTESIAN_POINT ( 'NONE',  ( 2.500000000000000000, 0.04999999999999991257, -2.300000000000001155 ) ) ;
#1178 = ADVANCED_FACE ( 'NONE', ( #1589 ), #3722, .F. ) ;
#1179 = DIRECTION ( 'NONE',  ( -1.084202172485504631E-15, 0.000000000000000000, 1.000000000000000000 ) ) ;
#1180 = LINE ( 'NONE', #3281, #1260 ) ;
#1181 = DIRECTION ( 'NONE',  ( -0.7071067811865476838, -0.000000000000000000, 0.7071067811865473507 ) ) ;
#1182 = AXIS2_PLACEMENT_3D ( 'NONE', #621, #1503, #2701 ) ;
#1183 = LINE ( 'NONE', #1428, #1294 ) ;
#1184 = CARTESIAN_POINT ( 'NONE',  ( 1.279289321881345032, 2.000000000000000000, -2.250000000000001332 ) ) ;
#1185 = VERTEX_POINT ( 'NONE', #3152 ) ;
#1186 = VERTEX_POINT ( 'NONE', #1998 ) ;
#1187 = CARTESIAN_POINT ( 'NONE',  ( -2.100000000000000533, 1.273952773349960710, 2.642452172325427728 ) ) ;
#1188 = VERTEX_POINT ( 'NONE', #436 ) ;
#1189 = DIRECTION ( 'NONE',  ( -0.000000000000000000, -1.000000000000000000, -0.000000000000000000 ) ) ;
#1190 = CARTESIAN_POINT ( 'NONE',  ( 1.064644660940671894, 0.6500000000000000222, -2.464644660940673582 ) ) ;
#1191 = EDGE_CURVE ( 'NONE', #2033, #45, #1338, .T. ) ;
#1192 = EDGE_CURVE ( 'NONE', #2919, #1801, #772, .T. ) ;
#1193 = CARTESIAN_POINT ( 'NONE',  ( -0.5499999999999994893, 0.000000000000000000, -1.600000000000000089 ) ) ;
#1194 = CARTESIAN_POINT ( 'NONE',  ( 0.000000000000000000, 0.5999999999999999778, -2.250000000000001332 ) ) ;
#1195 = DIRECTION ( 'NONE',  ( -1.000000000000000000, -0.000000000000000000, -6.195440985631461234E-16 ) ) ;
#1196 = AXIS2_PLACEMENT_3D ( 'NONE', #802, #1970, #1653 ) ;
#1197 = EDGE_LOOP ( 'NONE', ( #2522, #1383, #1846, #1594 ) ) ;
#1198 = ORIENTED_EDGE ( 'NONE', *, *, #3496, .F. ) ;
#1199 =( BOUNDED_CURVE ( )  B_SPLINE_CURVE ( 3, ( #3455, #1373, #413, #2250 ),
 .UNSPECIFIED., .F., .T. ) 
 B_SPLINE_CURVE_WITH_KNOTS ( ( 4, 4 ),
 ( 4.712388980384689674, 6.283185307179586232 ),
 .UNSPECIFIED. ) 
 CURVE ( )  GEOMETRIC_REPRESENTATION_ITEM ( )  RATIONAL_B_SPLINE_CURVE ( ( 1.000000000000000000, 0.8047378541243649375, 0.8047378541243649375, 1.000000000000000000 ) ) 
 REPRESENTATION_ITEM ( '' )  );
#1200 = DIRECTION ( 'NONE',  ( 0.000000000000000000, 0.000000000000000000, 1.000000000000000000 ) ) ;
#1201 = DIRECTION ( 'NONE',  ( -1.000000000000000000, -0.000000000000000000, -6.195440985631461234E-16 ) ) ;
#1202 = CARTESIAN_POINT ( 'NONE',  ( 2.449999999999999734, 0.6500000000000000222, -2.300000000000001155 ) ) ;
#1203 = EDGE_CURVE ( 'NONE', #1006, #771, #186, .T. ) ;
#1204 = CARTESIAN_POINT ( 'NONE',  ( 0.000000000000000000, 0.6500000000000000222, 0.000000000000000000 ) ) ;
#1205 = CARTESIAN_POINT ( 'NONE',  ( -1.100000000000000755, 2.000000000000000000, 2.499999999999999556 ) ) ;
#1206 = CYLINDRICAL_SURFACE ( 'NONE', #3764, 0.05000000000000007216 ) ;
#1207 = ORIENTED_EDGE ( 'NONE', *, *, #744, .F. ) ;
#1208 = AXIS2_PLACEMENT_3D ( 'NONE', #1595, #2799, #1304 ) ;
#1209 = EDGE_LOOP ( 'NONE', ( #65, #303, #184, #289 ) ) ;
#1210 = CARTESIAN_POINT ( 'NONE',  ( -0.5499999999999994893, 0.04999999999999999584, 1.200000000000000178 ) ) ;
#1211 = ORIENTED_EDGE ( 'NONE', *, *, #3723, .F. ) ;
#1212 = CARTESIAN_POINT ( 'NONE',  ( 1.250000000000000000, 1.600000000000000089, -0.4500000000000001776 ) ) ;
#1213 = CARTESIAN_POINT ( 'NONE',  ( 1.279289321881345476, 0.000000000000000000, -2.250000000000001332 ) ) ;
#1214 =( NAMED_UNIT ( * ) SI_UNIT ( $, .STERADIAN. ) SOLID_ANGLE_UNIT ( ) );
#1215 = EDGE_CURVE ( 'NONE', #2321, #1851, #3173, .T. ) ;
#1216 = CARTESIAN_POINT ( 'NONE',  ( -8.854317741964946304E-16, 1.950000000000000178, 2.449999999999999734 ) ) ;
#1217 = CARTESIAN_POINT ( 'NONE',  ( 1.079289321881344632, 2.000000000000000000, -2.450000000000000622 ) ) ;
#1218 = CARTESIAN_POINT ( 'NONE',  ( -1.300000000000000488, 0.2000000000000000944, 2.299999999999999378 ) ) ;
#1219 = ADVANCED_FACE ( 'NONE', ( #477 ), #2549, .F. ) ;
#1220 = ORIENTED_EDGE ( 'NONE', *, *, #1861, .F. ) ;
#1221 = ORIENTED_EDGE ( 'NONE', *, *, #3802, .F. ) ;
#1222 = DIRECTION ( 'NONE',  ( -0.000000000000000000, -1.000000000000000000, -0.000000000000000000 ) ) ;
#1223 = DIRECTION ( 'NONE',  ( -1.000000000000000000, -0.000000000000000000, -6.195440985631461234E-16 ) ) ;
#1224 = FACE_OUTER_BOUND ( 'NONE', #1197, .T. ) ;
#1225 = ORIENTED_EDGE ( 'NONE', *, *, #2635, .T. ) ;
#1226 = DIRECTION ( 'NONE',  ( 0.000000000000000000, 0.000000000000000000, -1.000000000000000000 ) ) ;
#1227 = CARTESIAN_POINT ( 'NONE',  ( -1.079289321881345964, 0.000000000000000000, -2.450000000000000622 ) ) ;
#1228 = ORIENTED_EDGE ( 'NONE', *, *, #427, .T. ) ;
#1229 = CARTESIAN_POINT ( 'NONE',  ( -2.499999999999999556, 0.5999999999999998668, 2.299999999999999378 ) ) ;
#1230 = VERTEX_POINT ( 'NONE', #1640 ) ;
#1231 = LINE ( 'NONE', #1513, #1862 ) ;
#1232 = VECTOR ( 'NONE', #1902, 1000.000000000000114 ) ;
#1233 = CARTESIAN_POINT ( 'NONE',  ( 2.099999999999998312, 0.000000000000000000, -1.500000000000003775 ) ) ;
#1234 = CARTESIAN_POINT ( 'NONE',  ( -1.279289321881345254, 2.000000000000000000, -2.250000000000001332 ) ) ;
#1235 = DIRECTION ( 'NONE',  ( 0.7071067811865486830, -0.000000000000000000, 0.7071067811865463515 ) ) ;
#1236 = VERTEX_POINT ( 'NONE', #3762 ) ;
#1237 = ORIENTED_EDGE ( 'NONE', *, *, #586, .T. ) ;
#1238 = VECTOR ( 'NONE', #338, 1000.000000000000000 ) ;
#1239 = FACE_OUTER_BOUND ( 'NONE', #499, .T. ) ;
#1240 = CARTESIAN_POINT ( 'NONE',  ( 2.500000000000000000, 2.000000000000000000, -2.300000000000001155 ) ) ;
#1241 = DIRECTION ( 'NONE',  ( -0.000000000000000000, -1.000000000000000000, 0.000000000000000000 ) ) ;
#1242 = EDGE_CURVE ( 'NONE', #59, #2749, #2218, .T. ) ;
#1243 = EDGE_CURVE ( 'NONE', #2213, #1127, #1396, .T. ) ;
#1244 = EDGE_CURVE ( 'NONE', #3558, #3241, #3804, .T. ) ;
#1245 = VERTEX_POINT ( 'NONE', #3507 ) ;
#1247 = LINE ( 'NONE', #337, #3646 ) ;
#1246 = CIRCLE ( 'NONE', #52, 0.05000000000000012768 ) ;
#1248 = CARTESIAN_POINT ( 'NONE',  ( -1.300000000000000266, 0.7000000000000000666, -2.300000000000001155 ) ) ;
#1249 =( BOUNDED_CURVE ( )  B_SPLINE_CURVE ( 3, ( #3095, #3443, #129, #3136 ),
 .UNSPECIFIED., .F., .F. ) 
 B_SPLINE_CURVE_WITH_KNOTS ( ( 4, 4 ),
 ( 3.141592653589793116, 4.712388980384689674 ),
 .UNSPECIFIED. ) 
 CURVE ( )  GEOMETRIC_REPRESENTATION_ITEM ( )  RATIONAL_B_SPLINE_CURVE ( ( 1.000000000000000000, 0.8047378541243649375, 0.8047378541243649375, 1.000000000000000000 ) ) 
 REPRESENTATION_ITEM ( '' )  );
#1250 = VERTEX_POINT ( 'NONE', #3421 ) ;
#1251 = AXIS2_PLACEMENT_3D ( 'NONE', #150, #778, #1984 ) ;
#1252 = DIRECTION ( 'NONE',  ( -1.000000000000000000, -0.000000000000000000, -6.195440985631461234E-16 ) ) ;
#1253 = EDGE_CURVE ( 'NONE', #1546, #1801, #2853, .T. ) ;
#1254 = MANIFOLD_SOLID_BREP ( 'Boss-Extrude3[2]', #1400 ) ;
#1255 = CARTESIAN_POINT ( 'NONE',  ( 1.300000000000000711, 0.04999999999999991257, 2.500000000000000444 ) ) ;
#1256 = CARTESIAN_POINT ( 'NONE',  ( -2.100000000000000533, 1.300000000000000044, 2.494731009373596375 ) ) ;
#1257 = CARTESIAN_POINT ( 'NONE',  ( 2.499999999999999556, 0.7000000000000000666, 1.300000000000002043 ) ) ;
#1258 = ORIENTED_EDGE ( 'NONE', *, *, #3177, .T. ) ;
#1259 = PLANE ( 'NONE',  #823 ) ;
#1260 = VECTOR ( 'NONE', #2679, 1000.000000000000114 ) ;
#1261 = DIRECTION ( 'NONE',  ( -1.445602896647343650E-15, 0.1736481776669284993, 0.9848077530122084644 ) ) ;
#1262 = MANIFOLD_SOLID_BREP ( 'Boss-Extrude3[1]', #3477 ) ;
#1263 = VECTOR ( 'NONE', #2068, 1000.000000000000114 ) ;
#1264 = ORIENTED_EDGE ( 'NONE', *, *, #2526, .F. ) ;
#1265 = EDGE_CURVE ( 'NONE', #2213, #3865, #3742, .T. ) ;
#1266 = FACE_OUTER_BOUND ( 'NONE', #680, .T. ) ;
#1267 = VECTOR ( 'NONE', #652, 1000.000000000000000 ) ;
#1268 = EDGE_CURVE ( 'NONE', #766, #3209, #2212, .T. ) ;
#1269 = EDGE_LOOP ( 'NONE', ( #996, #756, #3599, #1587 ) ) ;
#1270 = MANIFOLD_SOLID_BREP ( 'Cut-Extrude1', #757 ) ;
#1271 = VECTOR ( 'NONE', #3171, 1000.000000000000000 ) ;
#1272 = CARTESIAN_POINT ( 'NONE',  ( 1.250000000000000000, 1.600000000000000089, 0.000000000000000000 ) ) ;
#1273 = ORIENTED_EDGE ( 'NONE', *, *, #3779, .T. ) ;
#1274 = VECTOR ( 'NONE', #3279, 1000.000000000000000 ) ;
#1275 = EDGE_CURVE ( 'NONE', #3215, #1327, #2963, .T. ) ;
#1276 = VECTOR ( 'NONE', #2856, 1000.000000000000000 ) ;
#1277 = DIRECTION ( 'NONE',  ( 1.000000000000000000, 0.000000000000000000, 1.204669080539441948E-16 ) ) ;
#1278 = DIRECTION ( 'NONE',  ( -1.204669080539448358E-16, -0.000000000000000000, 1.000000000000000000 ) ) ;
#1279 = CARTESIAN_POINT ( 'NONE',  ( -2.099999999999999645, 0.000000000000000000, -1.500000000000001332 ) ) ;
#1280 = ORIENTED_EDGE ( 'NONE', *, *, #3855, .T. ) ;
#1281 = ORIENTED_EDGE ( 'NONE', *, *, #260, .T. ) ;
#1282 = CARTESIAN_POINT ( 'NONE',  ( -1.399999999999997691, 0.1913175911166535570, -2.299240387650614448 ) ) ;
#1283 = ORIENTED_EDGE ( 'NONE', *, *, #1826, .T. ) ;
#1284 = CARTESIAN_POINT ( 'NONE',  ( 1.300000000000000044, 0.7000000000000000666, -2.300000000000001155 ) ) ;
#1285 = MANIFOLD_SOLID_BREP ( 'Fillet4', #1141 ) ;
#1286 = EDGE_CURVE ( 'NONE', #1349, #1236, #1414, .T. ) ;
#1287 = ORIENTED_EDGE ( 'NONE', *, *, #427, .F. ) ;
#1288 = FACE_OUTER_BOUND ( 'NONE', #1337, .T. ) ;
#1289 = FACE_OUTER_BOUND ( 'NONE', #2893, .T. ) ;
#1290 = ORIENTED_EDGE ( 'NONE', *, *, #3723, .T. ) ;
#1291 = EDGE_CURVE ( 'NONE', #2451, #1094, #2356, .T. ) ;
#1292 = DIRECTION ( 'NONE',  ( 0.000000000000000000, -0.000000000000000000, -1.000000000000000000 ) ) ;
#1293 = ORIENTED_EDGE ( 'NONE', *, *, #3373, .T. ) ;
#1294 = VECTOR ( 'NONE', #3567, 1000.000000000000000 ) ;
#1295 = ADVANCED_FACE ( 'NONE', ( #3066 ), #918, .F. ) ;
#1296 = EDGE_CURVE ( 'NONE', #1896, #3913, #1168, .T. ) ;
#1297 = ORIENTED_EDGE ( 'NONE', *, *, #3366, .T. ) ;
#1298 = AXIS2_PLACEMENT_3D ( 'NONE', #1625, #1397, #2873 ) ;
#1299 = CARTESIAN_POINT ( 'NONE',  ( 1.279289321881346142, 0.000000000000000000, 2.450000000000000178 ) ) ;
#1300 = DIRECTION ( 'NONE',  ( 1.000000000000000000, 0.000000000000000000, -0.000000000000000000 ) ) ;
#1301 = LINE ( 'NONE', #673, #1483 ) ;
#1302 = MECHANICAL_DESIGN_GEOMETRIC_PRESENTATION_REPRESENTATION (  '', ( #98 ), #2302 ) ;
#1303 = ORIENTED_EDGE ( 'NONE', *, *, #1318, .T. ) ;
#1304 = DIRECTION ( 'NONE',  ( 0.000000000000000000, 0.000000000000000000, 1.000000000000000000 ) ) ;
#1305 = ORIENTED_EDGE ( 'NONE', *, *, #445, .T. ) ;
#1306 = DIRECTION ( 'NONE',  ( -0.000000000000000000, -1.000000000000000000, -0.000000000000000000 ) ) ;
#1307 = VECTOR ( 'NONE', #1278, 1000.000000000000000 ) ;
#1308 = EDGE_CURVE ( 'NONE', #1903, #2729, #2452, .T. ) ;
#1309 = ORIENTED_EDGE ( 'NONE', *, *, #3528, .F. ) ;
#1310 = CARTESIAN_POINT ( 'NONE',  ( 1.250000000000000000, 1.600000000000000089, -0.4500000000000001776 ) ) ;
#1311 = DIRECTION ( 'NONE',  ( 0.000000000000000000, 0.000000000000000000, 1.000000000000000000 ) ) ;
#1312 = EDGE_LOOP ( 'NONE', ( #3760, #2696, #647, #1093 ) ) ;
#1313 = AXIS2_PLACEMENT_3D ( 'NONE', #763, #1969, #466 ) ;
#1314 = CARTESIAN_POINT ( 'NONE',  ( 0.000000000000000000, 0.1499999999999999944, 0.000000000000000000 ) ) ;
#1315 = CYLINDRICAL_SURFACE ( 'NONE', #3099, 0.4500000000000001776 ) ;
#1316 = EDGE_LOOP ( 'NONE', ( #2501, #1476, #3392, #3328 ) ) ;
#1317 = DIRECTION ( 'NONE',  ( 1.000000000000000000, 0.000000000000000000, -0.000000000000000000 ) ) ;
#1318 = EDGE_CURVE ( 'NONE', #1966, #1322, #360, .T. ) ;
#1319 = DIRECTION ( 'NONE',  ( 0.000000000000000000, 0.000000000000000000, -1.000000000000000000 ) ) ;
#1320 = VECTOR ( 'NONE', #3297, 1000.000000000000000 ) ;
#1321 = CARTESIAN_POINT ( 'NONE',  ( 1.250000000000000000, 2.000000000000000000, 0.000000000000000000 ) ) ;
#1322 = VERTEX_POINT ( 'NONE', #12 ) ;
#1323 = CARTESIAN_POINT ( 'NONE',  ( -1.300000000000000488, 0.04999999999999991257, 2.299999999999999378 ) ) ;
#1324 = ORIENTED_EDGE ( 'NONE', *, *, #370, .T. ) ;
#1325 = CARTESIAN_POINT ( 'NONE',  ( 1.300000000000000266, 0.6292893218813448986, -2.300000000000001155 ) ) ;
#1326 = EDGE_CURVE ( 'NONE', #3344, #39, #3645, .T. ) ;
#1327 = VERTEX_POINT ( 'NONE', #378 ) ;
#1328 = CARTESIAN_POINT ( 'NONE',  ( 2.499999999999999112, 1.979289321881345431, 1.300000000000002709 ) ) ;
#1329 = LINE ( 'NONE', #2226, #1944 ) ;
#1330 = VECTOR ( 'NONE', #1010, 1000.000000000000000 ) ;
#1331 = ORIENTED_EDGE ( 'NONE', *, *, #1356, .T. ) ;
#1332 = CARTESIAN_POINT ( 'NONE',  ( 0.000000000000000000, 2.000000000000000000, 2.249999999999999556 ) ) ;
#1333 = ORIENTED_EDGE ( 'NONE', *, *, #152, .F. ) ;
#1334 = PRODUCT_RELATED_PRODUCT_CATEGORY ( 'part', '', ( #1753 ) ) ;
#1335 = VECTOR ( 'NONE', #34, 1000.000000000000000 ) ;
#1336 = EDGE_CURVE ( 'NONE', #3180, #2725, #1751, .T. ) ;
#1337 = EDGE_LOOP ( 'NONE', ( #571, #625, #972, #123 ) ) ;
#1338 = LINE ( 'NONE', #2257, #566 ) ;
#1339 = CARTESIAN_POINT ( 'NONE',  ( -1.091421356237310070, 0.6499999999999998002, 2.479289321881344765 ) ) ;
#1340 = DIRECTION ( 'NONE',  ( -0.7071067811865474617, 0.000000000000000000, 0.7071067811865474617 ) ) ;
#1341 = EDGE_LOOP ( 'NONE', ( #1380, #3236, #3417, #1465 ) ) ;
#1342 = VECTOR ( 'NONE', #1920, 1000.000000000000000 ) ;
#1343 = DIRECTION ( 'NONE',  ( 9.427844978134821433E-17, 0.000000000000000000, 1.000000000000000000 ) ) ;
#1344 = CARTESIAN_POINT ( 'NONE',  ( 1.300000000000000711, 1.950000000000000178, 2.500000000000000444 ) ) ;
#1345 = ADVANCED_FACE ( 'NONE', ( #3664 ), #33, .F. ) ;
#1346 = CARTESIAN_POINT ( 'NONE',  ( 2.449999999999999734, 0.6500000000000000222, -2.250000000000001332 ) ) ;
#1347 = CARTESIAN_POINT ( 'NONE',  ( 2.449999999999999289, 0.7000000000000000666, 1.300000000000002043 ) ) ;
#1348 = CARTESIAN_POINT ( 'NONE',  ( 2.449999999999999289, 0.6500000000000000222, 1.279289321881348140 ) ) ;
#1349 = VERTEX_POINT ( 'NONE', #2180 ) ;
#1350 = ORIENTED_EDGE ( 'NONE', *, *, #415, .F. ) ;
#1351 = LINE ( 'NONE', #1049, #1161 ) ;
#1352 = CARTESIAN_POINT ( 'NONE',  ( 0.000000000000000000, 1.950000000000000178, 2.249999999999999556 ) ) ;
#1353 = EDGE_LOOP ( 'NONE', ( #1650, #219, #1617, #1541 ) ) ;
#1354 = DIRECTION ( 'NONE',  ( 1.000000000000000000, -0.000000000000000000, 3.614007241618345813E-16 ) ) ;
#1355 = EDGE_LOOP ( 'NONE', ( #1387, #1721, #3257, #1695 ) ) ;
#1356 = EDGE_CURVE ( 'NONE', #1185, #3436, #3701, .T. ) ;
#1357 = CARTESIAN_POINT ( 'NONE',  ( 1.300000000000000488, 0.02071067811865470384, 2.500000000000000444 ) ) ;
#1358 = VECTOR ( 'NONE', #826, 1000.000000000000000 ) ;
#1359 = DIRECTION ( 'NONE',  ( -0.000000000000000000, -1.000000000000000000, -0.000000000000000000 ) ) ;
#1360 = VECTOR ( 'NONE', #3891, 1000.000000000000000 ) ;
#1361 = CARTESIAN_POINT ( 'NONE',  ( 0.000000000000000000, 0.1499999999999999944, 2.249999999999999556 ) ) ;
#1362 = FACE_OUTER_BOUND ( 'NONE', #3154, .T. ) ;
#1363 = ORIENTED_EDGE ( 'NONE', *, *, #1498, .F. ) ;
#1364 = CARTESIAN_POINT ( 'NONE',  ( -1.764644660940673182, 0.6500000000000000222, -1.764644660940673182 ) ) ;
#1365 = DIRECTION ( 'NONE',  ( 0.000000000000000000, 0.000000000000000000, 1.000000000000000000 ) ) ;
#1366 = CARTESIAN_POINT ( 'NONE',  ( 1.099999999999999645, 1.950000000000000178, -2.500000000000000888 ) ) ;
#1367 = EDGE_CURVE ( 'NONE', #2530, #1684, #1231, .T. ) ;
#1368 = ADVANCED_FACE ( 'NONE', ( #668 ), #612, .T. ) ;
#1369 = VECTOR ( 'NONE', #2733, 1000.000000000000000 ) ;
#1370 = ORIENTED_EDGE ( 'NONE', *, *, #3900, .T. ) ;
#1371 = ORIENTED_EDGE ( 'NONE', *, *, #1308, .F. ) ;
#1372 = CIRCLE ( 'NONE', #222, 0.3999999999999999667 ) ;
#1373 = CARTESIAN_POINT ( 'NONE',  ( -2.479289321881344765, -8.669552408009074863E-17, 2.279289321881345032 ) ) ;
#1374 = LINE ( 'NONE', #2606, #2816 ) ;
#1375 = ORIENTED_EDGE ( 'NONE', *, *, #2117, .T. ) ;
#1376 = ORIENTED_EDGE ( 'NONE', *, *, #853, .F. ) ;
#1377 = DIRECTION ( 'NONE',  ( 1.084202172485504631E-15, 0.000000000000000000, -1.000000000000000000 ) ) ;
#1378 = LINE ( 'NONE', #497, #2546 ) ;
#1379 = EDGE_CURVE ( 'NONE', #2749, #2174, #3009, .T. ) ;
#1380 = ORIENTED_EDGE ( 'NONE', *, *, #3150, .F. ) ;
#1381 = DIRECTION ( 'NONE',  ( -6.101318315979463128E-16, -0.1736481776669276389, -0.9848077530122085754 ) ) ;
#1382 = DIRECTION ( 'NONE',  ( 0.000000000000000000, 0.000000000000000000, -1.000000000000000000 ) ) ;
#1383 = ORIENTED_EDGE ( 'NONE', *, *, #555, .F. ) ;
#1384 = FACE_BOUND ( 'NONE', #730, .T. ) ;
#1385 = DIRECTION ( 'NONE',  ( 0.000000000000000000, 0.000000000000000000, -1.000000000000000000 ) ) ;
#1386 = CYLINDRICAL_SURFACE ( 'NONE', #3402, 0.05000000000000007216 ) ;
#1387 = ORIENTED_EDGE ( 'NONE', *, *, #2472, .T. ) ;
#1388 = EDGE_CURVE ( 'NONE', #84, #3191, #1477, .T. ) ;
#1389 = ORIENTED_EDGE ( 'NONE', *, *, #2073, .T. ) ;
#1390 = DIRECTION ( 'NONE',  ( -0.000000000000000000, -1.000000000000000000, -0.000000000000000000 ) ) ;
#1391 = DIRECTION ( 'NONE',  ( 0.000000000000000000, -1.000000000000000000, 0.000000000000000000 ) ) ;
#1392 = VERTEX_POINT ( 'NONE', #1802 ) ;
#1393 = EDGE_CURVE ( 'NONE', #685, #1230, #1873, .T. ) ;
#1394 = AXIS2_PLACEMENT_3D ( 'NONE', #3514, #1712, #1986 ) ;
#1395 = VERTEX_POINT ( 'NONE', #2750 ) ;
#1396 = LINE ( 'NONE', #1662, #3351 ) ;
#1397 = DIRECTION ( 'NONE',  ( -1.000000000000000000, 0.000000000000000000, 0.000000000000000000 ) ) ;
#1398 = EDGE_CURVE ( 'NONE', #3741, #753, #2712, .T. ) ;
#1399 = ORIENTED_EDGE ( 'NONE', *, *, #2647, .T. ) ;
#1400 = CLOSED_SHELL ( 'NONE', ( #1898, #3079, #2185, #340, #2065, #3705, #559, #654, #1485, #3603 ) ) ;
#1401 = DIRECTION ( 'NONE',  ( -0.000000000000000000, -1.000000000000000000, 0.000000000000000000 ) ) ;
#1402 = CARTESIAN_POINT ( 'NONE',  ( -1.279289321881345920, 0.6500000000000000222, 2.249999999999999556 ) ) ;
#1403 = LINE ( 'NONE', #779, #3285 ) ;
#1404 = DIRECTION ( 'NONE',  ( 0.000000000000000000, -0.9848077530122085754, -0.1736481776669276389 ) ) ;
#1405 = CARTESIAN_POINT ( 'NONE',  ( 2.479289321881345209, -9.347178765812512669E-17, -2.279289321881346364 ) ) ;
#1406 = DIRECTION ( 'NONE',  ( 0.000000000000000000, 0.000000000000000000, 1.000000000000000000 ) ) ;
#1407 = ORIENTED_EDGE ( 'NONE', *, *, #3366, .F. ) ;
#1408 = ORIENTED_EDGE ( 'NONE', *, *, #643, .T. ) ;
#1409 = LINE ( 'NONE', #1993, #3185 ) ;
#1410 = CARTESIAN_POINT ( 'NONE',  ( 0.000000000000000000, 0.6500000000000000222, -2.250000000000001332 ) ) ;
#1411 = EDGE_LOOP ( 'NONE', ( #2567, #617 ) ) ;
#1412 = ORIENTED_EDGE ( 'NONE', *, *, #3877, .T. ) ;
#1413 = LINE ( 'NONE', #1997, #2020 ) ;
#1414 = LINE ( 'NONE', #2966, #594 ) ;
#1415 = DIRECTION ( 'NONE',  ( 0.000000000000000000, 0.000000000000000000, -1.000000000000000000 ) ) ;
#1416 = EDGE_CURVE ( 'NONE', #1851, #771, #649, .T. ) ;
#1417 = EDGE_CURVE ( 'NONE', #45, #753, #153, .T. ) ;
#1418 = ORIENTED_EDGE ( 'NONE', *, *, #776, .T. ) ;
#1419 = DIRECTION ( 'NONE',  ( 0.000000000000000000, 0.000000000000000000, -1.000000000000000000 ) ) ;
#1420 = DIRECTION ( 'NONE',  ( 0.000000000000000000, -1.000000000000000000, 0.000000000000000000 ) ) ;
#1421 = CARTESIAN_POINT ( 'NONE',  ( -2.499999999999999556, 0.000000000000000000, 2.249999999999999556 ) ) ;
#1422 = AXIS2_PLACEMENT_3D ( 'NONE', #3738, #2808, #105 ) ;
#1423 = CARTESIAN_POINT ( 'NONE',  ( 1.300000000000000044, 0.7000000000000000666, -2.300000000000001155 ) ) ;
#1424 = LINE ( 'NONE', #1140, #124 ) ;
#1425 = ADVANCED_FACE ( 'NONE', ( #1679 ), #2886, .F. ) ;
#1426 = CARTESIAN_POINT ( 'NONE',  ( 2.499999999999999556, 1.950000000000000178, 1.300000000000002043 ) ) ;
#1427 = CARTESIAN_POINT ( 'NONE',  ( 0.5500000000000007105, 0.04999999999999999584, -1.599999999999999645 ) ) ;
#1428 = CARTESIAN_POINT ( 'NONE',  ( -1.400000000000000577, 1.273952773349960710, 2.642452172325428172 ) ) ;
#1429 = FACE_OUTER_BOUND ( 'NONE', #557, .T. ) ;
#1430 = ORIENTED_EDGE ( 'NONE', *, *, #220, .F. ) ;
#1431 = ORIENTED_EDGE ( 'NONE', *, *, #1621, .T. ) ;
#1432 = ORIENTED_EDGE ( 'NONE', *, *, #454, .T. ) ;
#1433 = DIRECTION ( 'NONE',  ( -0.000000000000000000, -1.000000000000000000, -0.000000000000000000 ) ) ;
#1434 = VECTOR ( 'NONE', #174, 1000.000000000000000 ) ;
#1435 = CARTESIAN_POINT ( 'NONE',  ( -2.499999999999999556, 0.000000000000000000, 2.249999999999999556 ) ) ;
#1436 = CYLINDRICAL_SURFACE ( 'NONE', #3016, 0.05000000000000012768 ) ;
#1437 = DIRECTION ( 'NONE',  ( 0.000000000000000000, 0.000000000000000000, -1.000000000000000000 ) ) ;
#1438 = LINE ( 'NONE', #1156, #3732 ) ;
#1439 = CARTESIAN_POINT ( 'NONE',  ( -2.100000000000000089, 0.000000000000000000, 1.500000000000001110 ) ) ;
#1440 = CARTESIAN_POINT ( 'NONE',  ( 1.399999999999998135, 0.000000000000000000, -1.500000000000003331 ) ) ;
#1441 = DIRECTION ( 'NONE',  ( -0.000000000000000000, -1.000000000000000000, 0.000000000000000000 ) ) ;
#1442 = EDGE_CURVE ( 'NONE', #1230, #3899, #2865, .T. ) ;
#1443 = VERTEX_POINT ( 'NONE', #398 ) ;
#1444 = DIRECTION ( 'NONE',  ( 1.000000000000000000, -0.000000000000000000, -1.224646799147353207E-16 ) ) ;
#1445 = CARTESIAN_POINT ( 'NONE',  ( -1.400000000000000577, 0.1913175911166536125, 2.299240387650611783 ) ) ;
#1446 = ORIENTED_EDGE ( 'NONE', *, *, #3075, .F. ) ;
#1447 = LINE ( 'NONE', #1187, #3035 ) ;
#1448 = EDGE_LOOP ( 'NONE', ( #3094, #2248, #2223, #883, #394, #1919 ) ) ;
#1449 = VECTOR ( 'NONE', #3104, 1000.000000000000000 ) ;
#1450 =( LENGTH_UNIT ( ) NAMED_UNIT ( * ) SI_UNIT ( .MILLI., .METRE. ) );
#1451 = EDGE_CURVE ( 'NONE', #3631, #872, #3314, .T. ) ;
#1452 = EDGE_CURVE ( 'NONE', #3124, #2209, #768, .T. ) ;
#1453 = DIRECTION ( 'NONE',  ( 0.000000000000000000, 0.000000000000000000, 1.000000000000000000 ) ) ;
#1454 =( BOUNDED_CURVE ( )  B_SPLINE_CURVE ( 3, ( #3715, #741, #1328, #410 ),
 .UNSPECIFIED., .F., .T. ) 
 B_SPLINE_CURVE_WITH_KNOTS ( ( 4, 4 ),
 ( 4.712388980384695003, 6.283185307179586232 ),
 .UNSPECIFIED. ) 
 CURVE ( )  GEOMETRIC_REPRESENTATION_ITEM ( )  RATIONAL_B_SPLINE_CURVE ( ( 1.000000000000000000, 0.8047378541243662697, 0.8047378541243662697, 1.000000000000000000 ) ) 
 REPRESENTATION_ITEM ( '' )  );
#1455 = LINE ( 'NONE', #1516, #2508 ) ;
#1456 = VERTEX_POINT ( 'NONE', #122 ) ;
#1457 = CARTESIAN_POINT ( 'NONE',  ( -2.479289321881344765, 2.000000000000000000, 2.279289321881345032 ) ) ;
#1458 = CARTESIAN_POINT ( 'NONE',  ( 0.000000000000000000, 0.6500000000000000222, -2.450000000000000622 ) ) ;
#1459 = STYLED_ITEM ( 'NONE', ( #3463 ), #1254 ) ;
#1460 = ADVANCED_FACE ( 'NONE', ( #1602 ), #686, .T. ) ;
#1461 = PLANE ( 'NONE',  #572 ) ;
#1462 = CARTESIAN_POINT ( 'NONE',  ( -2.099999999999999645, 0.1499999999999999944, -2.250000000000001332 ) ) ;
#1463 = DIRECTION ( 'NONE',  ( -0.7071067811865463515, 0.000000000000000000, 0.7071067811865486830 ) ) ;
#1464 = AXIS2_PLACEMENT_3D ( 'NONE', #3220, #777, #2240 ) ;
#1465 = ORIENTED_EDGE ( 'NONE', *, *, #3570, .F. ) ;
#1466 = DIRECTION ( 'NONE',  ( 0.7071067811865474617, 0.000000000000000000, -0.7071067811865474617 ) ) ;
#1467 = CARTESIAN_POINT ( 'NONE',  ( 1.864644660940673271, 1.950000000000000178, 1.864644660940674159 ) ) ;
#1468 = ORIENTED_EDGE ( 'NONE', *, *, #3029, .F. ) ;
#1469 = ORIENTED_EDGE ( 'NONE', *, *, #3677, .F. ) ;
#1470 = DIRECTION ( 'NONE',  ( 1.000000000000000000, 0.000000000000000000, 6.195440985631461234E-16 ) ) ;
#1471 = LINE ( 'NONE', #2648, #2746 ) ;
#1472 = EDGE_CURVE ( 'NONE', #849, #908, #1636, .T. ) ;
#1473 = LINE ( 'NONE', #2670, #1767 ) ;
#1474 = DIRECTION ( 'NONE',  ( 0.000000000000000000, -1.000000000000000000, 0.000000000000000000 ) ) ;
#1475 = CARTESIAN_POINT ( 'NONE',  ( -1.300000000000000488, 0.04999999999999991257, 2.299999999999999378 ) ) ;
#1476 = ORIENTED_EDGE ( 'NONE', *, *, #1578, .T. ) ;
#1477 =( BOUNDED_CURVE ( )  B_SPLINE_CURVE ( 3, ( #2435, #994, #2124, #1213 ),
 .UNSPECIFIED., .F., .F. ) 
 B_SPLINE_CURVE_WITH_KNOTS ( ( 4, 4 ),
 ( 0.000000000000000000, 1.570796326794896558 ),
 .UNSPECIFIED. ) 
 CURVE ( )  GEOMETRIC_REPRESENTATION_ITEM ( )  RATIONAL_B_SPLINE_CURVE ( ( 1.000000000000000000, 0.8047378541243649375, 0.8047378541243649375, 1.000000000000000000 ) ) 
 REPRESENTATION_ITEM ( '' )  );
#1478 = DIRECTION ( 'NONE',  ( -1.084202172485499306E-15, 0.000000000000000000, 1.000000000000000000 ) ) ;
#1479 = CARTESIAN_POINT ( 'NONE',  ( -1.100000000000001199, 0.02071067811865479058, 2.499999999999999112 ) ) ;
#1480 = CARTESIAN_POINT ( 'NONE',  ( -1.400000000000000133, 0.1499999999999999944, 1.500000000000001554 ) ) ;
#1481 = AXIS2_PLACEMENT_3D ( 'NONE', #1013, #2231, #1895 ) ;
#1482 = PLANE ( 'NONE',  #1831 ) ;
#1483 = VECTOR ( 'NONE', #57, 1000.000000000000000 ) ;
#1484 = EDGE_CURVE ( 'NONE', #30, #1907, #2525, .T. ) ;
#1485 = ADVANCED_FACE ( 'NONE', ( #3776 ), #1930, .T. ) ;
#1486 = CARTESIAN_POINT ( 'NONE',  ( -1.100000000000000755, 2.000000000000000000, 2.499999999999999556 ) ) ;
#1487 = CYLINDRICAL_SURFACE ( 'NONE', #2436, 0.05000000000000012768 ) ;
#1488 = ORIENTED_EDGE ( 'NONE', *, *, #2138, .F. ) ;
#1489 = COLOUR_RGB ( '',0.2509803921568627416, 0.2509803921568627416, 0.2509803921568627416 ) ;
#1490 = ORIENTED_EDGE ( 'NONE', *, *, #954, .F. ) ;
#1491 = PLANE ( 'NONE',  #2091 ) ;
#1492 = ORIENTED_EDGE ( 'NONE', *, *, #3356, .T. ) ;
#1493 = CARTESIAN_POINT ( 'NONE',  ( 1.300000000000000488, 0.5999999999999999778, 2.500000000000000444 ) ) ;
#1494 = FILL_AREA_STYLE_COLOUR ( '', #1016 ) ;
#1495 = CARTESIAN_POINT ( 'NONE',  ( -1.100000000000000533, 1.979289321881345209, 2.499999999999999556 ) ) ;
#1496 = CARTESIAN_POINT ( 'NONE',  ( -2.500000000000000000, 0.5999999999999998668, -2.300000000000001155 ) ) ;
#1497 = FACE_OUTER_BOUND ( 'NONE', #355, .T. ) ;
#1498 = EDGE_CURVE ( 'NONE', #3017, #2355, #3186, .T. ) ;
#1499 = EDGE_LOOP ( 'NONE', ( #259, #1175, #3453, #81 ) ) ;
#1500 = AXIS2_PLACEMENT_3D ( 'NONE', #1848, #3061, #2767 ) ;
#1501 = VERTEX_POINT ( 'NONE', #141 ) ;
#1502 = CARTESIAN_POINT ( 'NONE',  ( -1.400000000000000577, 0.000000000000000000, 2.250000000000001776 ) ) ;
#1503 = DIRECTION ( 'NONE',  ( -6.195440985631461234E-16, 0.000000000000000000, -1.000000000000000000 ) ) ;
#1504 = DIRECTION ( 'NONE',  ( -1.000000000000000000, 0.000000000000000000, 2.710505431213761578E-16 ) ) ;
#1505 = DIRECTION ( 'NONE',  ( 0.000000000000000000, 1.000000000000000000, 0.000000000000000000 ) ) ;
#1506 = ADVANCED_FACE ( 'NONE', ( #3418 ), #1655, .F. ) ;
#1507 = VECTOR ( 'NONE', #886, 1000.000000000000000 ) ;
#1508 = DIRECTION ( 'NONE',  ( -0.000000000000000000, -1.000000000000000000, -0.000000000000000000 ) ) ;
#1509 = ORIENTED_EDGE ( 'NONE', *, *, #3751, .F. ) ;
#1510 = ORIENTED_EDGE ( 'NONE', *, *, #1452, .F. ) ;
#1511 = CARTESIAN_POINT ( 'NONE',  ( -1.299999999999999600, 0.6292893218813450096, -2.300000000000001155 ) ) ;
#1512 = ORIENTED_EDGE ( 'NONE', *, *, #1618, .T. ) ;
#1513 = CARTESIAN_POINT ( 'NONE',  ( 2.500000000000000000, 2.000000000000000000, -2.300000000000001155 ) ) ;
#1514 = DIRECTION ( 'NONE',  ( -0.7071067811865486830, 0.000000000000000000, -0.7071067811865463515 ) ) ;
#1515 = LINE ( 'NONE', #16, #952 ) ;
#1516 = CARTESIAN_POINT ( 'NONE',  ( 1.300000000000000044, 0.04999999999999991257, -2.300000000000001155 ) ) ;
#1517 = DIRECTION ( 'NONE',  ( 1.000000000000000000, -0.000000000000000000, -0.000000000000000000 ) ) ;
#1518 = AXIS2_PLACEMENT_3D ( 'NONE', #2744, #1241, #2657 ) ;
#1519 = ORIENTED_EDGE ( 'NONE', *, *, #1265, .F. ) ;
#1520 = ORIENTED_EDGE ( 'NONE', *, *, #456, .T. ) ;
#1521 = CARTESIAN_POINT ( 'NONE',  ( 0.5500000000000008216, -3.388131789017201356E-18, -1.149999999999999467 ) ) ;
#1522 = CYLINDRICAL_SURFACE ( 'NONE', #736, 0.05000000000000012768 ) ;
#1523 = FACE_OUTER_BOUND ( 'NONE', #2731, .T. ) ;
#1524 = PRESENTATION_LAYER_ASSIGNMENT (  '', '', ( #3227 ) ) ;
#1525 = EDGE_LOOP ( 'NONE', ( #387, #164, #728, #3015 ) ) ;
#1526 = AXIS2_PLACEMENT_3D ( 'NONE', #321, #1531, #2730 ) ;
#1527 = CARTESIAN_POINT ( 'NONE',  ( -1.100000000000000755, 0.04999999999999991257, 2.499999999999999556 ) ) ;
#1528 = DIRECTION ( 'NONE',  ( 0.000000000000000000, 0.000000000000000000, 1.000000000000000000 ) ) ;
#1529 = AXIS2_PLACEMENT_3D ( 'NONE', #3746, #1401, #3492 ) ;
#1530 = ORIENTED_EDGE ( 'NONE', *, *, #2634, .T. ) ;
#1531 = DIRECTION ( 'NONE',  ( 1.204669080539448358E-16, 0.000000000000000000, -1.000000000000000000 ) ) ;
#1532 = EDGE_LOOP ( 'NONE', ( #3234, #2188, #2547, #2613 ) ) ;
#1533 = CARTESIAN_POINT ( 'NONE',  ( -1.100000000000000755, 0.02071067811865466221, -2.500000000000001776 ) ) ;
#1534 = FACE_OUTER_BOUND ( 'NONE', #1881, .T. ) ;
#1535 = DIRECTION ( 'NONE',  ( 0.000000000000000000, -0.000000000000000000, -1.000000000000000000 ) ) ;
#1536 = EDGE_CURVE ( 'NONE', #611, #1501, #1351, .T. ) ;
#1537 = FACE_OUTER_BOUND ( 'NONE', #1110, .T. ) ;
#1538 = EDGE_CURVE ( 'NONE', #1799, #771, #1199, .T. ) ;
#1539 = EDGE_LOOP ( 'NONE', ( #2000, #1913, #1490, #1066 ) ) ;
#1540 = ORIENTED_EDGE ( 'NONE', *, *, #2871, .F. ) ;
#1541 = ORIENTED_EDGE ( 'NONE', *, *, #3516, .T. ) ;
#1542 = CARTESIAN_POINT ( 'NONE',  ( -2.479289321881345209, 0.6500000000000001332, -2.279289321881346364 ) ) ;
#1543 = LINE ( 'NONE', #1844, #959 ) ;
#1544 = DIRECTION ( 'NONE',  ( 1.000000000000000000, 0.000000000000000000, 0.000000000000000000 ) ) ;
#1545 = CARTESIAN_POINT ( 'NONE',  ( -2.449999999999999734, 0.000000000000000000, -2.250000000000001332 ) ) ;
#1546 = VERTEX_POINT ( 'NONE', #747 ) ;
#1547 = FACE_OUTER_BOUND ( 'NONE', #2019, .T. ) ;
#1548 = CARTESIAN_POINT ( 'NONE',  ( -2.499999999999999556, 1.950000000000000178, 2.299999999999999378 ) ) ;
#1549 = EDGE_CURVE ( 'NONE', #813, #1070, #1952, .T. ) ;
#1550 = ORIENTED_EDGE ( 'NONE', *, *, #304, .T. ) ;
#1551 = CARTESIAN_POINT ( 'NONE',  ( -1.300000000000000488, 0.7000000000000000666, 2.299999999999999378 ) ) ;
#1552 = DIRECTION ( 'NONE',  ( -1.204669080539448358E-16, 0.000000000000000000, 1.000000000000000000 ) ) ;
#1553 = CARTESIAN_POINT ( 'NONE',  ( 1.399999999999997691, 1.300000000000000044, -2.494731009373599040 ) ) ;
#1554 = DIRECTION ( 'NONE',  ( 0.000000000000000000, -1.000000000000000000, 0.000000000000000000 ) ) ;
#1555 = VECTOR ( 'NONE', #2790, 1000.000000000000000 ) ;
#1556 = ORIENTED_EDGE ( 'NONE', *, *, #2956, .T. ) ;
#1557 = EDGE_CURVE ( 'NONE', #2101, #674, #591, .T. ) ;
#1558 = AXIS2_PLACEMENT_3D ( 'NONE', #3342, #3880, #3586 ) ;
#1559 = DIRECTION ( 'NONE',  ( 0.000000000000000000, 1.000000000000000000, 0.000000000000000000 ) ) ;
#1560 = DIRECTION ( 'NONE',  ( 1.445602896647343650E-15, 0.1736481776669284993, 0.9848077530122084644 ) ) ;
#1561 = EDGE_CURVE ( 'NONE', #1075, #3172, #2273, .T. ) ;
#1562 = ORIENTED_EDGE ( 'NONE', *, *, #2989, .T. ) ;
#1563 = CARTESIAN_POINT ( 'NONE',  ( 2.499999999999999556, 0.7000000000000000666, 1.300000000000002043 ) ) ;
#1564 = DIRECTION ( 'NONE',  ( -0.7071067811865474617, 0.000000000000000000, 0.7071067811865474617 ) ) ;
#1565 = EDGE_CURVE ( 'NONE', #1614, #1392, #1973, .T. ) ;
#1566 = ORIENTED_EDGE ( 'NONE', *, *, #743, .T. ) ;
#1567 = VECTOR ( 'NONE', #602, 1000.000000000000000 ) ;
#1568 = DIRECTION ( 'NONE',  ( -9.427844978134821433E-17, 0.000000000000000000, -1.000000000000000000 ) ) ;
#1569 = DIRECTION ( 'NONE',  ( -0.7071067811865475727, 0.000000000000000000, 0.7071067811865475727 ) ) ;
#1570 = EDGE_CURVE ( 'NONE', #2023, #59, #1409, .T. ) ;
#1571 = DIRECTION ( 'NONE',  ( 3.614007241618345813E-16, 0.000000000000000000, -1.000000000000000000 ) ) ;
#1572 = DIRECTION ( 'NONE',  ( 0.000000000000000000, 1.000000000000000000, 0.000000000000000000 ) ) ;
#1573 = ORIENTED_EDGE ( 'NONE', *, *, #1002, .T. ) ;
#1574 = CARTESIAN_POINT ( 'NONE',  ( -2.449999999999999734, 0.000000000000000000, -2.250000000000001332 ) ) ;
#1575 = AXIS2_PLACEMENT_3D ( 'NONE', #3771, #228, #742 ) ;
#1576 = DIRECTION ( 'NONE',  ( 0.000000000000000000, -0.000000000000000000, 1.000000000000000000 ) ) ;
#1577 = VECTOR ( 'NONE', #816, 1000.000000000000000 ) ;
#1578 = EDGE_CURVE ( 'NONE', #1015, #2478, #2605, .T. ) ;
#1579 = ORIENTED_EDGE ( 'NONE', *, *, #1582, .T. ) ;
#1580 = CARTESIAN_POINT ( 'NONE',  ( 2.499999999999999556, 2.000000000000000000, 1.300000000000002043 ) ) ;
#1581 = CARTESIAN_POINT ( 'NONE',  ( 2.500000000000000000, 0.5999999999999998668, -2.300000000000001155 ) ) ;
#1582 = EDGE_CURVE ( 'NONE', #30, #3110, #1914, .T. ) ;
#1583 = ORIENTED_EDGE ( 'NONE', *, *, #882, .T. ) ;
#1584 = TOROIDAL_SURFACE ( 'NONE', #1770, 0.4500000000000001221, 0.05000000000000000278 ) ;
#1585 = CARTESIAN_POINT ( 'NONE',  ( -1.079289321881345964, 0.000000000000000000, -2.450000000000000622 ) ) ;
#1586 = ORIENTED_EDGE ( 'NONE', *, *, #734, .T. ) ;
#1587 = ORIENTED_EDGE ( 'NONE', *, *, #1398, .T. ) ;
#1588 = AXIS2_PLACEMENT_3D ( 'NONE', #170, #1381, #2573 ) ;
#1589 = FACE_OUTER_BOUND ( 'NONE', #517, .T. ) ;
#1590 = CARTESIAN_POINT ( 'NONE',  ( 2.449999999999999289, 0.000000000000000000, 1.300000000000002043 ) ) ;
#1591 = DIRECTION ( 'NONE',  ( 6.195440985631461234E-16, 0.000000000000000000, -1.000000000000000000 ) ) ;
#1592 = VERTEX_POINT ( 'NONE', #2982 ) ;
#1593 = ADVANCED_FACE ( 'NONE', ( #3820 ), #1698, .F. ) ;
#1594 = ORIENTED_EDGE ( 'NONE', *, *, #1646, .T. ) ;
#1595 = CARTESIAN_POINT ( 'NONE',  ( -1.399999999999997691, 0.000000000000000000, -2.250000000000003997 ) ) ;
#1596 = CARTESIAN_POINT ( 'NONE',  ( -0.5499999999999994893, 0.000000000000000000, 1.600000000000000089 ) ) ;
#1597 = ORIENTED_EDGE ( 'NONE', *, *, #2348, .F. ) ;
#1598 = CARTESIAN_POINT ( 'NONE',  ( 2.449999999999999289, 2.000000000000000000, 2.951439247321647453E-16 ) ) ;
#1599 = CYLINDRICAL_SURFACE ( 'NONE', #2516, 0.05000000000000012768 ) ;
#1600 = ORIENTED_EDGE ( 'NONE', *, *, #58, .F. ) ;
#1601 = ADVANCED_FACE ( 'NONE', ( #1757 ), #806, .F. ) ;
#1602 = FACE_OUTER_BOUND ( 'NONE', #1143, .T. ) ;
#1603 = AXIS2_PLACEMENT_3D ( 'NONE', #432, #1912, #3719 ) ;
#1604 = ORIENTED_EDGE ( 'NONE', *, *, #907, .T. ) ;
#1605 = DIRECTION ( 'NONE',  ( 0.7071067811865487940, 0.000000000000000000, 0.7071067811865464625 ) ) ;
#1606 = LINE ( 'NONE', #2113, #2443 ) ;
#1607 = DIRECTION ( 'NONE',  ( 6.195440985631461234E-16, 0.000000000000000000, -1.000000000000000000 ) ) ;
#1608 = ORIENTED_EDGE ( 'NONE', *, *, #1745, .F. ) ;
#1609 = ORIENTED_EDGE ( 'NONE', *, *, #369, .F. ) ;
#1610 = CARTESIAN_POINT ( 'NONE',  ( 2.099999999999997868, 1.300000000000000044, -2.494731009373599484 ) ) ;
#1611 = ORIENTED_EDGE ( 'NONE', *, *, #924, .F. ) ;
#1612 = CARTESIAN_POINT ( 'NONE',  ( -0.5499999999999993783, 0.04999999999999999584, -1.149999999999999911 ) ) ;
#1613 = VECTOR ( 'NONE', #1758, 1000.000000000000000 ) ;
#1614 = VERTEX_POINT ( 'NONE', #2329 ) ;
#1615 = DIRECTION ( 'NONE',  ( -1.000000000000000000, 0.000000000000000000, 0.000000000000000000 ) ) ;
#1616 = FACE_OUTER_BOUND ( 'NONE', #2057, .T. ) ;
#1617 = ORIENTED_EDGE ( 'NONE', *, *, #2420, .F. ) ;
#1618 = EDGE_CURVE ( 'NONE', #3865, #2321, #2012, .T. ) ;
#1619 = CARTESIAN_POINT ( 'NONE',  ( 2.100000000000000089, 0.1499999999999999944, -2.300000000000000711 ) ) ;
#1620 = ORIENTED_EDGE ( 'NONE', *, *, #1855, .F. ) ;
#1621 = EDGE_CURVE ( 'NONE', #3697, #1966, #212, .T. ) ;
#1622 = ORIENTED_EDGE ( 'NONE', *, *, #1253, .F. ) ;
#1623 =( NAMED_UNIT ( * ) SI_UNIT ( $, .STERADIAN. ) SOLID_ANGLE_UNIT ( ) );
#1624 = PLANE ( 'NONE',  #3394 ) ;
#1625 = CARTESIAN_POINT ( 'NONE',  ( -2.100000000000000089, 0.1999999999999999833, 2.249999999999999556 ) ) ;
#1626 = ORIENTED_EDGE ( 'NONE', *, *, #143, .F. ) ;
#1627 = CARTESIAN_POINT ( 'NONE',  ( 1.079289321881345076, 0.000000000000000000, -2.450000000000000622 ) ) ;
#1628 = DIRECTION ( 'NONE',  ( -0.7071067811865487940, 0.000000000000000000, -0.7071067811865464625 ) ) ;
#1629 = DIRECTION ( 'NONE',  ( -0.000000000000000000, -1.000000000000000000, 0.000000000000000000 ) ) ;
#1630 = VECTOR ( 'NONE', #1007, 1000.000000000000000 ) ;
#1631 = CARTESIAN_POINT ( 'NONE',  ( -2.100000000000000533, 0.1999999999999999833, 2.249999999999999112 ) ) ;
#1632 = CARTESIAN_POINT ( 'NONE',  ( 2.099999999999997868, 0.1913175911166535847, -2.299240387650614448 ) ) ;
#1633 = VECTOR ( 'NONE', #2599, 1000.000000000000000 ) ;
#1634 = EDGE_LOOP ( 'NONE', ( #1045, #2569, #3679, #983 ) ) ;
#1635 = VERTEX_POINT ( 'NONE', #526 ) ;
#1636 = LINE ( 'NONE', #1332, #3817 ) ;
#1637 = ORIENTED_EDGE ( 'NONE', *, *, #180, .F. ) ;
#1638 = VECTOR ( 'NONE', #2475, 1000.000000000000000 ) ;
#1639 = ORIENTED_EDGE ( 'NONE', *, *, #859, .F. ) ;
#1640 = CARTESIAN_POINT ( 'NONE',  ( -1.300000000000000488, 0.7000000000000000666, 2.299999999999999378 ) ) ;
#1641 = AXIS2_PLACEMENT_3D ( 'NONE', #630, #1836, #3045 ) ;
#1642 = DIRECTION ( 'NONE',  ( -0.000000000000000000, 0.000000000000000000, -1.000000000000000000 ) ) ;
#1643 = ORIENTED_EDGE ( 'NONE', *, *, #3433, .T. ) ;
#1644 = AXIS2_PLACEMENT_3D ( 'NONE', #2721, #292, #3562 ) ;
#1645 = ADVANCED_FACE ( 'NONE', ( #2641 ), #1737, .F. ) ;
#1646 = EDGE_CURVE ( 'NONE', #3241, #2181, #2863, .T. ) ;
#1647 = LINE ( 'NONE', #2836, #3676 ) ;
#1648 = EDGE_CURVE ( 'NONE', #3913, #68, #276, .T. ) ;
#1649 = CYLINDRICAL_SURFACE ( 'NONE', #547, 0.05000000000000007216 ) ;
#1650 = ORIENTED_EDGE ( 'NONE', *, *, #985, .T. ) ;
#1651 = CARTESIAN_POINT ( 'NONE',  ( -2.499999999999999556, 0.7000000000000000666, 2.299999999999999378 ) ) ;
#1652 = DIRECTION ( 'NONE',  ( -1.000000000000000000, 0.000000000000000000, -3.614007241618345813E-16 ) ) ;
#1653 = DIRECTION ( 'NONE',  ( 0.7071067811865474617, 0.000000000000000000, -0.7071067811865474617 ) ) ;
#1654 = ORIENTED_EDGE ( 'NONE', *, *, #1002, .F. ) ;
#1655 = PLANE ( 'NONE',  #2115 ) ;
#1656 = CARTESIAN_POINT ( 'NONE',  ( -1.100000000000000755, 0.5999999999999998668, -2.500000000000000888 ) ) ;
#1657 = EDGE_CURVE ( 'NONE', #92, #1748, #715, .T. ) ;
#1658 = VERTEX_POINT ( 'NONE', #2906 ) ;
#1659 = CARTESIAN_POINT ( 'NONE',  ( -2.449999999999999734, 0.000000000000000000, -2.300000000000001155 ) ) ;
#1660 = ORIENTED_EDGE ( 'NONE', *, *, #882, .F. ) ;
#1661 = DIRECTION ( 'NONE',  ( -0.7071067811865471286, -0.000000000000000000, -0.7071067811865479058 ) ) ;
#1662 = CARTESIAN_POINT ( 'NONE',  ( 1.300000000000000711, 2.000000000000000000, 2.500000000000000444 ) ) ;
#1663 = VECTOR ( 'NONE', #3545, 1000.000000000000000 ) ;
#1664 = DIRECTION ( 'NONE',  ( 1.000000000000000000, 0.000000000000000000, -9.427844978134821433E-17 ) ) ;
#1665 = ORIENTED_EDGE ( 'NONE', *, *, #850, .T. ) ;
#1666 = CIRCLE ( 'NONE', #97, 0.4500000000000001221 ) ;
#1667 = CARTESIAN_POINT ( 'NONE',  ( -1.399999999999999911, 0.1499999999999999944, 2.249999999999999556 ) ) ;
#1668 = CYLINDRICAL_SURFACE ( 'NONE', #1251, 0.05000000000000100198 ) ;
#1669 = ORIENTED_EDGE ( 'NONE', *, *, #3412, .T. ) ;
#1670 = DIRECTION ( 'NONE',  ( -1.000000000000000000, 0.000000000000000000, 0.000000000000000000 ) ) ;
#1671 =( GEOMETRIC_REPRESENTATION_CONTEXT ( 3 ) GLOBAL_UNCERTAINTY_ASSIGNED_CONTEXT ( ( #3430 ) ) GLOBAL_UNIT_ASSIGNED_CONTEXT ( ( #324, #920, #2125 ) ) REPRESENTATION_CONTEXT ( 'NONE', 'WORKASPACE' ) );
#1672 = EDGE_CURVE ( 'NONE', #1677, #3263, #3585, .T. ) ;
#1673 = EDGE_CURVE ( 'NONE', #905, #3702, #2611, .T. ) ;
#1674 = LINE ( 'NONE', #1889, #3141 ) ;
#1675 = CARTESIAN_POINT ( 'NONE',  ( -1.400000000000000133, 0.1499999999999999944, -1.500000000000001332 ) ) ;
#1676 = ORIENTED_EDGE ( 'NONE', *, *, #3347, .T. ) ;
#1677 = VERTEX_POINT ( 'NONE', #3522 ) ;
#1678 = EDGE_CURVE ( 'NONE', #2332, #804, #2817, .T. ) ;
#1679 = FACE_OUTER_BOUND ( 'NONE', #2291, .T. ) ;
#1680 = LINE ( 'NONE', #3861, #664 ) ;
#1681 = ORIENTED_EDGE ( 'NONE', *, *, #177, .F. ) ;
#1682 = ORIENTED_EDGE ( 'NONE', *, *, #606, .T. ) ;
#1683 = AXIS2_PLACEMENT_3D ( 'NONE', #1009, #1615, #428 ) ;
#1684 = VERTEX_POINT ( 'NONE', #2053 ) ;
#1685 = CARTESIAN_POINT ( 'NONE',  ( -1.300000000000000488, 1.950000000000000178, 2.299999999999999378 ) ) ;
#1686 = DIRECTION ( 'NONE',  ( 1.000000000000000000, -0.000000000000000000, -0.000000000000000000 ) ) ;
#1687 = EDGE_LOOP ( 'NONE', ( #2196, #3073, #553, #2950 ) ) ;
#1688 = AXIS2_PLACEMENT_3D ( 'NONE', #2399, #2359, #3277 ) ;
#1689 = CARTESIAN_POINT ( 'NONE',  ( -2.100000000000000089, 0.1999999999999999833, 2.299999999999999378 ) ) ;
#1690 = DIRECTION ( 'NONE',  ( -0.7071067811865476838, 0.000000000000000000, 0.7071067811865473507 ) ) ;
#1691 = DIRECTION ( 'NONE',  ( 1.926125456201316417E-16, 0.9848077530122086864, -0.1736481776669269450 ) ) ;
#1692 = DIRECTION ( 'NONE',  ( 1.000000000000000000, -0.000000000000000000, -6.195440985631461234E-16 ) ) ;
#1693 = LINE ( 'NONE', #764, #375 ) ;
#1694 = EDGE_CURVE ( 'NONE', #600, #92, #1183, .T. ) ;
#1695 = ORIENTED_EDGE ( 'NONE', *, *, #3593, .F. ) ;
#1696 = ORIENTED_EDGE ( 'NONE', *, *, #348, .T. ) ;
#1697 = EDGE_CURVE ( 'NONE', #3213, #1185, #2623, .T. ) ;
#1698 = PLANE ( 'NONE',  #1847 ) ;
#1699 = LINE ( 'NONE', #1410, #3327 ) ;
#1700 = ADVANCED_FACE ( 'NONE', ( #1869 ), #3081, .T. ) ;
#1701 = EDGE_LOOP ( 'NONE', ( #2295, #1783, #2403, #3398 ) ) ;
#1702 = VERTEX_POINT ( 'NONE', #933 ) ;
#1703 = ORIENTED_EDGE ( 'NONE', *, *, #828, .T. ) ;
#1704 = APPLICATION_CONTEXT ( 'automotive_design' ) ;
#1705 = LINE ( 'NONE', #1723, #821 ) ;
#1706 = CARTESIAN_POINT ( 'NONE',  ( -2.499999999999999556, 0.04999999999999991257, 2.299999999999999378 ) ) ;
#1707 = DIRECTION ( 'NONE',  ( -1.000000000000000000, 0.000000000000000000, 0.000000000000000000 ) ) ;
#1708 = AXIS2_PLACEMENT_3D ( 'NONE', #3089, #1605, #939 ) ;
#1709 = ORIENTED_EDGE ( 'NONE', *, *, #3779, .F. ) ;
#1710 = CARTESIAN_POINT ( 'NONE',  ( -2.099999999999997868, 1.300000000000000044, -2.494731009373599484 ) ) ;
#1711 = CARTESIAN_POINT ( 'NONE',  ( -1.399999999999999911, 0.1499999999999999944, -2.300000000000001155 ) ) ;
#1712 = DIRECTION ( 'NONE',  ( 0.000000000000000000, -1.000000000000000000, 0.000000000000000000 ) ) ;
#1713 = EDGE_CURVE ( 'NONE', #3191, #1166, #890, .T. ) ;
#1714 = CIRCLE ( 'NONE', #3479, 0.05000000000000012768 ) ;
#1715 = FACE_OUTER_BOUND ( 'NONE', #1814, .T. ) ;
#1716 = LINE ( 'NONE', #2900, #3153 ) ;
#1717 = ORIENTED_EDGE ( 'NONE', *, *, #3345, .T. ) ;
#1718 = CARTESIAN_POINT ( 'NONE',  ( 1.300000000000000711, 0.6500000000000000222, 2.450000000000000178 ) ) ;
#1719 = DIRECTION ( 'NONE',  ( -6.195440985631461234E-16, 0.000000000000000000, 1.000000000000000000 ) ) ;
#1720 = ORIENTED_EDGE ( 'NONE', *, *, #825, .F. ) ;
#1721 = ORIENTED_EDGE ( 'NONE', *, *, #2635, .F. ) ;
#1722 = ORIENTED_EDGE ( 'NONE', *, *, #2089, .T. ) ;
#1723 = CARTESIAN_POINT ( 'NONE',  ( -1.264644660940673182, 0.000000000000000000, 2.264644660940672072 ) ) ;
#1724 = DIRECTION ( 'NONE',  ( -1.000000000000000000, -0.000000000000000000, -3.614007241618345813E-16 ) ) ;
#1725 = FACE_OUTER_BOUND ( 'NONE', #3590, .T. ) ;
#1726 = CARTESIAN_POINT ( 'NONE',  ( 1.300000000000000711, 0.7000000000000000666, 2.500000000000000444 ) ) ;
#1727 =( BOUNDED_CURVE ( )  B_SPLINE_CURVE ( 3, ( #195, #1405, #3814, #3518 ),
 .UNSPECIFIED., .F., .F. ) 
 B_SPLINE_CURVE_WITH_KNOTS ( ( 4, 4 ),
 ( 4.712388980384689674, 6.283185307179586232 ),
 .UNSPECIFIED. ) 
 CURVE ( )  GEOMETRIC_REPRESENTATION_ITEM ( )  RATIONAL_B_SPLINE_CURVE ( ( 1.000000000000000000, 0.8047378541243649375, 0.8047378541243649375, 1.000000000000000000 ) ) 
 REPRESENTATION_ITEM ( '' )  );
#1728 = CARTESIAN_POINT ( 'NONE',  ( 1.300000000000000266, 0.6292893218813448986, 2.500000000000000888 ) ) ;
#1729 = ADVANCED_FACE ( 'NONE', ( #1547 ), #3639, .T. ) ;
#1730 = ORIENTED_EDGE ( 'NONE', *, *, #3807, .T. ) ;
#1731 = CARTESIAN_POINT ( 'NONE',  ( -0.5499999999999994893, 0.1499999999999999944, -1.600000000000000089 ) ) ;
#1732 = CARTESIAN_POINT ( 'NONE',  ( -1.399999999999998135, 0.000000000000000000, -1.500000000000003331 ) ) ;
#1733 = AXIS2_PLACEMENT_3D ( 'NONE', #1938, #2294, #1642 ) ;
#1734 = PLANE ( 'NONE',  #1114 ) ;
#1735 = CARTESIAN_POINT ( 'NONE',  ( 1.099999999999999645, 0.5999999999999998668, -2.500000000000000888 ) ) ;
#1736 = CARTESIAN_POINT ( 'NONE',  ( 1.091421356237309181, 0.6500000000000001332, -2.479289321881346098 ) ) ;
#1737 = CYLINDRICAL_SURFACE ( 'NONE', #2424, 0.04999999999999969746 ) ;
#1738 = CARTESIAN_POINT ( 'NONE',  ( -2.100000000000000089, 0.1499999999999999944, 2.300000000000001155 ) ) ;
#1739 = EDGE_LOOP ( 'NONE', ( #774, #1622, #770, #1981 ) ) ;
#1740 = EDGE_CURVE ( 'NONE', #1094, #3462, #2139, .T. ) ;
#1741 = ORIENTED_EDGE ( 'NONE', *, *, #2362, .T. ) ;
#1742 = VECTOR ( 'NONE', #2624, 1000.000000000000000 ) ;
#1743 = ORIENTED_EDGE ( 'NONE', *, *, #2751, .T. ) ;
#1744 =( NAMED_UNIT ( * ) SI_UNIT ( $, .STERADIAN. ) SOLID_ANGLE_UNIT ( ) );
#1745 = EDGE_CURVE ( 'NONE', #1501, #290, #2802, .T. ) ;
#1746 = VECTOR ( 'NONE', #626, 1000.000000000000000 ) ;
#1747 = CYLINDRICAL_SURFACE ( 'NONE', #629, 0.3999999999999999667 ) ;
#1748 = VERTEX_POINT ( 'NONE', #2388 ) ;
#1749 = CARTESIAN_POINT ( 'NONE',  ( -0.5499999999999993783, -3.388131789017201356E-18, -1.149999999999999911 ) ) ;
#1750 = CIRCLE ( 'NONE', #2069, 0.3999999999999999667 ) ;
#1751 =( BOUNDED_CURVE ( )  B_SPLINE_CURVE ( 3, ( #2198, #1533, #938, #1585 ),
 .UNSPECIFIED., .F., .T. ) 
 B_SPLINE_CURVE_WITH_KNOTS ( ( 4, 4 ),
 ( 0.000000000000000000, 1.570796326794896558 ),
 .UNSPECIFIED. ) 
 CURVE ( )  GEOMETRIC_REPRESENTATION_ITEM ( )  RATIONAL_B_SPLINE_CURVE ( ( 1.000000000000000000, 0.8047378541243649375, 0.8047378541243649375, 1.000000000000000000 ) ) 
 REPRESENTATION_ITEM ( '' )  );
#1752 = DIRECTION ( 'NONE',  ( 0.000000000000000000, 1.000000000000000000, 0.000000000000000000 ) ) ;
#1753 = PRODUCT ( 'CMT-0502-75-SMT-TR', 'CMT-0502-75-SMT-TR', '', ( #3565 ) ) ;
#1754 = CARTESIAN_POINT ( 'NONE',  ( -1.100000000000000755, 1.950000000000000178, 2.499999999999999556 ) ) ;
#1755 = CARTESIAN_POINT ( 'NONE',  ( 1.099999999999999645, 2.000000000000000000, -2.500000000000000888 ) ) ;
#1756 = CARTESIAN_POINT ( 'NONE',  ( -2.100000000000000089, 0.000000000000000000, 1.500000000000001332 ) ) ;
#1757 = FACE_OUTER_BOUND ( 'NONE', #1123, .T. ) ;
#1758 = DIRECTION ( 'NONE',  ( 1.000000000000000000, 0.000000000000000000, -0.000000000000000000 ) ) ;
#1759 = EDGE_LOOP ( 'NONE', ( #1676, #2134, #2481, #213 ) ) ;
#1760 = EDGE_CURVE ( 'NONE', #3547, #912, #317, .T. ) ;
#1761 = ORIENTED_EDGE ( 'NONE', *, *, #3433, .F. ) ;
#1762 = TOROIDAL_SURFACE ( 'NONE', #1518, 0.4500000000000001221, 0.05000000000000000278 ) ;
#1763 = DIRECTION ( 'NONE',  ( -0.7071067811865463515, 0.000000000000000000, 0.7071067811865486830 ) ) ;
#1764 = CIRCLE ( 'NONE', #884, 0.3999999999999999667 ) ;
#1765 = DIRECTION ( 'NONE',  ( 0.000000000000000000, 0.000000000000000000, -1.000000000000000000 ) ) ;
#1766 = FACE_OUTER_BOUND ( 'NONE', #530, .T. ) ;
#1767 = VECTOR ( 'NONE', #3011, 1000.000000000000000 ) ;
#1768 = DIRECTION ( 'NONE',  ( -0.7071067811865474617, 0.000000000000000000, 0.7071067811865474617 ) ) ;
#1769 = EDGE_LOOP ( 'NONE', ( #2965, #2884, #2821, #2644, #2100, #3610 ) ) ;
#1770 = AXIS2_PLACEMENT_3D ( 'NONE', #1427, #1811, #3021 ) ;
#1771 = EDGE_CURVE ( 'NONE', #311, #872, #3657, .T. ) ;
#1772 = ADVANCED_FACE ( 'NONE', ( #27 ), #2410, .F. ) ;
#1773 = FACE_OUTER_BOUND ( 'NONE', #1525, .T. ) ;
#1774 = CYLINDRICAL_SURFACE ( 'NONE', #3837, 0.05000000000000012768 ) ;
#1775 = CARTESIAN_POINT ( 'NONE',  ( 1.300000000000000711, 1.950000000000000178, 2.500000000000000444 ) ) ;
#1776 = VECTOR ( 'NONE', #1560, 1000.000000000000000 ) ;
#1777 = CIRCLE ( 'NONE', #3801, 0.05000000000000012768 ) ;
#1778 = LINE ( 'NONE', #275, #444 ) ;
#1779 = CARTESIAN_POINT ( 'NONE',  ( 2.100000000000000089, 0.1999999999999999833, -2.250000000000001332 ) ) ;
#1780 = DIRECTION ( 'NONE',  ( 9.427844978134821433E-17, -0.000000000000000000, 1.000000000000000000 ) ) ;
#1781 = EDGE_LOOP ( 'NONE', ( #2586, #2229, #1540, #1626, #2766, #3653, #2328, #3642 ) ) ;
#1782 = ORIENTED_EDGE ( 'NONE', *, *, #3592, .T. ) ;
#1783 = ORIENTED_EDGE ( 'NONE', *, *, #3706, .T. ) ;
#1784 = EDGE_CURVE ( 'NONE', #1038, #3215, #2785, .T. ) ;
#1785 = DIRECTION ( 'NONE',  ( -1.000000000000000000, -0.000000000000000000, -0.000000000000000000 ) ) ;
#1786 = FACE_OUTER_BOUND ( 'NONE', #1341, .T. ) ;
#1787 = ORIENTED_EDGE ( 'NONE', *, *, #2589, .T. ) ;
#1788 = LINE ( 'NONE', #2130, #3125 ) ;
#1789 = EDGE_CURVE ( 'NONE', #3501, #3753, #797, .T. ) ;
#1790 = ORIENTED_EDGE ( 'NONE', *, *, #1713, .T. ) ;
#1791 = LINE ( 'NONE', #1502, #325 ) ;
#1792 = CARTESIAN_POINT ( 'NONE',  ( -1.079289321881345964, 2.000000000000000000, 2.449999999999999289 ) ) ;
#1793 = LINE ( 'NONE', #843, #2145 ) ;
#1794 = VECTOR ( 'NONE', #589, 1000.000000000000000 ) ;
#1795 = DIRECTION ( 'NONE',  ( 1.000000000000000000, -0.000000000000000000, -0.000000000000000000 ) ) ;
#1796 = VECTOR ( 'NONE', #1960, 1000.000000000000000 ) ;
#1797 = CARTESIAN_POINT ( 'NONE',  ( 1.399999999999998135, 0.000000000000000000, -1.500000000000003331 ) ) ;
#1798 = CARTESIAN_POINT ( 'NONE',  ( -2.099999999999999645, 0.1499999999999999944, -2.300000000000001155 ) ) ;
#1799 = VERTEX_POINT ( 'NONE', #3605 ) ;
#1800 = EDGE_CURVE ( 'NONE', #404, #3700, #3041, .T. ) ;
#1801 = VERTEX_POINT ( 'NONE', #2098 ) ;
#1802 = CARTESIAN_POINT ( 'NONE',  ( 1.279289321881346586, 0.6500000000000000222, 2.450000000000000178 ) ) ;
#1803 = CARTESIAN_POINT ( 'NONE',  ( -1.079289321881345520, 2.000000000000000000, -2.450000000000000622 ) ) ;
#1804 = DIRECTION ( 'NONE',  ( 1.000000000000000000, -0.000000000000000000, -0.000000000000000000 ) ) ;
#1805 = ORIENTED_EDGE ( 'NONE', *, *, #3752, .F. ) ;
#1806 = AXIS2_PLACEMENT_3D ( 'NONE', #395, #1908, #1946 ) ;
#1807 = ORIENTED_EDGE ( 'NONE', *, *, #3001, .T. ) ;
#1808 = LINE ( 'NONE', #3018, #1274 ) ;
#1809 = FACE_OUTER_BOUND ( 'NONE', #469, .T. ) ;
#1810 = CARTESIAN_POINT ( 'NONE',  ( -2.100000000000000089, 0.000000000000000000, 1.500000000000001332 ) ) ;
#1811 = DIRECTION ( 'NONE',  ( -0.000000000000000000, -1.000000000000000000, 0.000000000000000000 ) ) ;
#1812 = CARTESIAN_POINT ( 'NONE',  ( 2.500000000000000000, 0.000000000000000000, -2.250000000000001332 ) ) ;
#1813 = PLANE ( 'NONE',  #1558 ) ;
#1814 = EDGE_LOOP ( 'NONE', ( #37, #831, #1012, #2252 ) ) ;
#1815 = EDGE_CURVE ( 'NONE', #3825, #3737, #1247, .T. ) ;
#1816 = ORIENTED_EDGE ( 'NONE', *, *, #3053, .F. ) ;
#1817 = EDGE_CURVE ( 'NONE', #1186, #2478, #516, .T. ) ;
#1818 = DIRECTION ( 'NONE',  ( 1.000000000000000000, 0.000000000000000000, 0.000000000000000000 ) ) ;
#1819 = CIRCLE ( 'NONE', #3223, 0.1999999999999996503 ) ;
#1820 = CARTESIAN_POINT ( 'NONE',  ( 1.399999999999998135, 0.1499999999999999944, -1.500000000000003331 ) ) ;
#1821 = CYLINDRICAL_SURFACE ( 'NONE', #3005, 0.05000000000000012768 ) ;
#1822 = CARTESIAN_POINT ( 'NONE',  ( -2.499999999999999556, 1.979289321881345209, 2.299999999999999378 ) ) ;
#1823 = AXIS2_PLACEMENT_3D ( 'NONE', #1755, #1463, #2224 ) ;
#1824 = EDGE_LOOP ( 'NONE', ( #412, #300, #2896, #1350 ) ) ;
#1825 = FACE_OUTER_BOUND ( 'NONE', #2205, .T. ) ;
#1826 = EDGE_CURVE ( 'NONE', #3865, #912, #2449, .T. ) ;
#1827 = CARTESIAN_POINT ( 'NONE',  ( -1.291421356237309803, 2.000000000000000000, 2.279289321881345032 ) ) ;
#1828 = CARTESIAN_POINT ( 'NONE',  ( -1.400000000000000577, 0.1499999999999989952, 2.249999999999999556 ) ) ;
#1829 = AXIS2_PLACEMENT_3D ( 'NONE', #2629, #3614, #901 ) ;
#1830 = ORIENTED_EDGE ( 'NONE', *, *, #3696, .T. ) ;
#1831 = AXIS2_PLACEMENT_3D ( 'NONE', #2680, #2640, #3246 ) ;
#1832 = DIRECTION ( 'NONE',  ( 0.000000000000000000, 1.000000000000000000, -0.000000000000000000 ) ) ;
#1833 = LINE ( 'NONE', #2076, #3831 ) ;
#1834 = AXIS2_PLACEMENT_3D ( 'NONE', #1138, #2636, #1200 ) ;
#1835 = EDGE_LOOP ( 'NONE', ( #3320, #2598, #3434, #3064 ) ) ;
#1836 = DIRECTION ( 'NONE',  ( 0.000000000000000000, -0.000000000000000000, 1.000000000000000000 ) ) ;
#1837 = CARTESIAN_POINT ( 'NONE',  ( -1.300000000000000488, 0.6707106781186548128, 2.299999999999999378 ) ) ;
#1838 = DIRECTION ( 'NONE',  ( 0.000000000000000000, -0.1736481776669279997, 0.9848077530122084644 ) ) ;
#1839 = CARTESIAN_POINT ( 'NONE',  ( 1.099999999999999867, 1.979289321881345209, -2.500000000000001332 ) ) ;
#1840 = CARTESIAN_POINT ( 'NONE',  ( -1.300000000000000266, 1.950000000000000178, -2.300000000000001155 ) ) ;
#1841 = ORIENTED_EDGE ( 'NONE', *, *, #2348, .T. ) ;
#1842 = ADVANCED_FACE ( 'NONE', ( #2159 ), #645, .F. ) ;
#1843 = CARTESIAN_POINT ( 'NONE',  ( -1.279289321881345698, 0.6500000000000000222, -2.250000000000001332 ) ) ;
#1844 = CARTESIAN_POINT ( 'NONE',  ( 1.300000000000000044, 2.000000000000000000, -2.300000000000001155 ) ) ;
#1845 = CARTESIAN_POINT ( 'NONE',  ( -1.399999999999997691, 1.300000000000000044, -2.494731009373599040 ) ) ;
#1846 = ORIENTED_EDGE ( 'NONE', *, *, #1244, .T. ) ;
#1847 = AXIS2_PLACEMENT_3D ( 'NONE', #3211, #2960, #1466 ) ;
#1848 = CARTESIAN_POINT ( 'NONE',  ( -2.499999999999999556, 2.000000000000000000, 2.299999999999999378 ) ) ;
#1849 = CYLINDRICAL_SURFACE ( 'NONE', #243, 0.05000000000000012768 ) ;
#1850 =( BOUNDED_CURVE ( )  B_SPLINE_CURVE ( 3, ( #585, #2955, #911, #603 ),
 .UNSPECIFIED., .F., .T. ) 
 B_SPLINE_CURVE_WITH_KNOTS ( ( 4, 4 ),
 ( 0.000000000000000000, 1.570796326794896558 ),
 .UNSPECIFIED. ) 
 CURVE ( )  GEOMETRIC_REPRESENTATION_ITEM ( )  RATIONAL_B_SPLINE_CURVE ( ( 1.000000000000000000, 0.8047378541243649375, 0.8047378541243649375, 1.000000000000000000 ) ) 
 REPRESENTATION_ITEM ( '' )  );
#1851 = VERTEX_POINT ( 'NONE', #66 ) ;
#1852 = AXIS2_PLACEMENT_3D ( 'NONE', #2653, #3316, #1437 ) ;
#1853 = EDGE_CURVE ( 'NONE', #2174, #121, #3908, .T. ) ;
#1854 = CARTESIAN_POINT ( 'NONE',  ( -1.400000000000000133, 0.1499999999999999944, 1.500000000000001554 ) ) ;
#1855 = EDGE_CURVE ( 'NONE', #573, #1395, #2468, .T. ) ;
#1856 = CARTESIAN_POINT ( 'NONE',  ( -2.499999999999999556, 2.000000000000000000, 2.299999999999999378 ) ) ;
#1857 = COLOUR_RGB ( '',0.7921568627450980005, 0.8196078431372548767, 0.9333333333333333481 ) ;
#1858 = CARTESIAN_POINT ( 'NONE',  ( -1.764644660940673182, 1.950000000000000178, -1.764644660940673182 ) ) ;
#1859 = DIRECTION ( 'NONE',  ( 0.000000000000000000, -0.1736481776669279997, 0.9848077530122084644 ) ) ;
#1860 = CARTESIAN_POINT ( 'NONE',  ( -1.300000000000000266, 0.04999999999999991257, -2.300000000000001155 ) ) ;
#1861 = EDGE_CURVE ( 'NONE', #3148, #3213, #3207, .T. ) ;
#1862 = VECTOR ( 'NONE', #957, 1000.000000000000000 ) ;
#1863 = VERTEX_POINT ( 'NONE', #2244 ) ;
#1864 = AXIS2_PLACEMENT_3D ( 'NONE', #3042, #2428, #3284 ) ;
#1865 = CARTESIAN_POINT ( 'NONE',  ( -1.100000000000000755, 0.04999999999999991257, -2.450000000000000622 ) ) ;
#1866 = FACE_OUTER_BOUND ( 'NONE', #1209, .T. ) ;
#1867 = CARTESIAN_POINT ( 'NONE',  ( 1.279289321881345476, 0.6500000000000000222, -2.250000000000001332 ) ) ;
#1868 = EDGE_LOOP ( 'NONE', ( #234, #423, #1221, #590 ) ) ;
#1869 = FACE_OUTER_BOUND ( 'NONE', #2233, .T. ) ;
#1870 = DIRECTION ( 'NONE',  ( 1.000000000000000000, 0.000000000000000000, 0.000000000000000000 ) ) ;
#1871 = ORIENTED_EDGE ( 'NONE', *, *, #2471, .F. ) ;
#1872 = CIRCLE ( 'NONE', #176, 0.05000000000000012768 ) ;
#1873 =( BOUNDED_CURVE ( )  B_SPLINE_CURVE ( 3, ( #323, #3348, #1837, #1551 ),
 .UNSPECIFIED., .F., .T. ) 
 B_SPLINE_CURVE_WITH_KNOTS ( ( 4, 4 ),
 ( 1.570796326794896558, 3.141592653589793116 ),
 .UNSPECIFIED. ) 
 CURVE ( )  GEOMETRIC_REPRESENTATION_ITEM ( )  RATIONAL_B_SPLINE_CURVE ( ( 1.000000000000000000, 0.8047378541243649375, 0.8047378541243649375, 1.000000000000000000 ) ) 
 REPRESENTATION_ITEM ( '' )  );
#1874 = CARTESIAN_POINT ( 'NONE',  ( -2.100000000000000533, 0.1913175911166536125, 2.299240387650611339 ) ) ;
#1875 = EDGE_CURVE ( 'NONE', #805, #2307, #1246, .T. ) ;
#1876 = VERTEX_POINT ( 'NONE', #1925 ) ;
#1877 = ORIENTED_EDGE ( 'NONE', *, *, #1367, .T. ) ;
#1878 = DIRECTION ( 'NONE',  ( 0.7071067811865471286, -0.000000000000000000, 0.7071067811865479058 ) ) ;
#1879 = CARTESIAN_POINT ( 'NONE',  ( 2.449999999999999734, 2.000000000000000000, -2.250000000000001332 ) ) ;
#1880 = DIRECTION ( 'NONE',  ( -1.000000000000000000, 0.000000000000000000, 0.000000000000000000 ) ) ;
#1881 = EDGE_LOOP ( 'NONE', ( #1556, #457, #2646, #2996 ) ) ;
#1882 = CARTESIAN_POINT ( 'NONE',  ( 2.099999999999997868, 0.1999999999999999833, -2.250000000000004441 ) ) ;
#1883 = AXIS2_PLACEMENT_3D ( 'NONE', #3432, #663, #3062 ) ;
#1884 = VERTEX_POINT ( 'NONE', #119 ) ;
#1885 = CARTESIAN_POINT ( 'NONE',  ( 1.279289321881345032, 0.6500000000000000222, -2.250000000000001332 ) ) ;
#1886 = EDGE_CURVE ( 'NONE', #3587, #3521, #2825, .T. ) ;
#1887 = EDGE_CURVE ( 'NONE', #573, #1863, #1454, .T. ) ;
#1888 = VERTEX_POINT ( 'NONE', #2880 ) ;
#1889 = CARTESIAN_POINT ( 'NONE',  ( 1.399999999999997691, 0.1499999999999999944, -2.250000000000003997 ) ) ;
#1890 = DIRECTION ( 'NONE',  ( 1.000000000000000000, 0.000000000000000000, -0.000000000000000000 ) ) ;
#1891 = CIRCLE ( 'NONE', #2018, 0.05000000000000012768 ) ;
#1892 = ORIENTED_EDGE ( 'NONE', *, *, #1265, .T. ) ;
#1893 = AXIS2_PLACEMENT_3D ( 'NONE', #1204, #1505, #845 ) ;
#1894 = CARTESIAN_POINT ( 'NONE',  ( 2.449999999999999289, 0.6500000000000000222, 2.951439247321647453E-16 ) ) ;
#1895 = DIRECTION ( 'NONE',  ( 6.195440985631461234E-16, 0.000000000000000000, -1.000000000000000000 ) ) ;
#1896 = VERTEX_POINT ( 'NONE', #1310 ) ;
#1897 = VECTOR ( 'NONE', #541, 1000.000000000000114 ) ;
#1898 = ADVANCED_FACE ( 'NONE', ( #1288 ), #3160, .T. ) ;
#1899 = VERTEX_POINT ( 'NONE', #3450 ) ;
#1900 = FACE_OUTER_BOUND ( 'NONE', #2448, .T. ) ;
#1901 = CARTESIAN_POINT ( 'NONE',  ( -1.300000000000000488, 1.950000000000000178, 2.299999999999999378 ) ) ;
#1902 = DIRECTION ( 'NONE',  ( -0.7071067811865486830, 0.000000000000000000, -0.7071067811865463515 ) ) ;
#1903 = VERTEX_POINT ( 'NONE', #2485 ) ;
#1904 = FACE_OUTER_BOUND ( 'NONE', #1739, .T. ) ;
#1905 = DIRECTION ( 'NONE',  ( 0.000000000000000000, 0.000000000000000000, 1.000000000000000000 ) ) ;
#1906 = ADVANCED_FACE ( 'NONE', ( #3734 ), #1027, .T. ) ;
#1907 = VERTEX_POINT ( 'NONE', #3698 ) ;
#1908 = DIRECTION ( 'NONE',  ( -1.000000000000000000, -0.000000000000000000, -6.195440985631461234E-16 ) ) ;
#1909 = CARTESIAN_POINT ( 'NONE',  ( -1.100000000000000755, 2.000000000000000000, -2.500000000000000888 ) ) ;
#1910 = EDGE_CURVE ( 'NONE', #695, #3191, #3431, .T. ) ;
#1911 = ORIENTED_EDGE ( 'NONE', *, *, #1549, .F. ) ;
#1912 = DIRECTION ( 'NONE',  ( 1.000000000000000000, 0.000000000000000000, 6.195440985631461234E-16 ) ) ;
#1913 = ORIENTED_EDGE ( 'NONE', *, *, #169, .F. ) ;
#1914 = CIRCLE ( 'NONE', #1979, 0.05000000000000012768 ) ;
#1915 = VERTEX_POINT ( 'NONE', #3182 ) ;
#1916 = AXIS2_PLACEMENT_3D ( 'NONE', #558, #2340, #2042 ) ;
#1917 = CARTESIAN_POINT ( 'NONE',  ( -1.100000000000000755, 0.5999999999999998668, 2.499999999999999556 ) ) ;
#1918 = FACE_OUTER_BOUND ( 'NONE', #3822, .T. ) ;
#1919 = ORIENTED_EDGE ( 'NONE', *, *, #853, .T. ) ;
#1920 = DIRECTION ( 'NONE',  ( -1.000000000000000000, 0.000000000000000000, 0.000000000000000000 ) ) ;
#1921 = CARTESIAN_POINT ( 'NONE',  ( 1.400000000000000355, 0.04999999999999991257, -2.300000000000000711 ) ) ;
#1922 = ORIENTED_EDGE ( 'NONE', *, *, #3496, .T. ) ;
#1923 = CARTESIAN_POINT ( 'NONE',  ( -2.099999999999997868, 0.1499999999999999944, -2.250000000000004441 ) ) ;
#1924 = VECTOR ( 'NONE', #3071, 1000.000000000000000 ) ;
#1925 = CARTESIAN_POINT ( 'NONE',  ( 1.399999999999997691, 1.300000000000000044, -2.494731009373599040 ) ) ;
#1926 = DIRECTION ( 'NONE',  ( 0.000000000000000000, 0.000000000000000000, 1.000000000000000000 ) ) ;
#1927 = VERTEX_POINT ( 'NONE', #2560 ) ;
#1928 = ORIENTED_EDGE ( 'NONE', *, *, #3458, .F. ) ;
#1929 = VECTOR ( 'NONE', #721, 1000.000000000000114 ) ;
#1930 = PLANE ( 'NONE',  #1481 ) ;
#1931 = EDGE_LOOP ( 'NONE', ( #3862, #656, #1703, #767 ) ) ;
#1932 = ADVANCED_FACE ( 'NONE', ( #3142 ), #2803, .F. ) ;
#1933 = ADVANCED_FACE ( 'NONE', ( #100 ), #138, .T. ) ;
#1934 = LINE ( 'NONE', #2255, #3354 ) ;
#1935 = ADVANCED_FACE ( 'NONE', ( #681 ), #1042, .T. ) ;
#1936 = EDGE_LOOP ( 'NONE', ( #1228, #2333, #2524, #483, #1696, #809 ) ) ;
#1937 = CARTESIAN_POINT ( 'NONE',  ( 2.100000000000000089, 0.1499999999999999944, -2.300000000000000711 ) ) ;
#1938 = CARTESIAN_POINT ( 'NONE',  ( 1.399999999999998135, 0.1499999999999999944, -1.500000000000003331 ) ) ;
#1939 = VERTEX_POINT ( 'NONE', #2860 ) ;
#1940 = LINE ( 'NONE', #3155, #80 ) ;
#1941 = CARTESIAN_POINT ( 'NONE',  ( 1.300000000000000266, 1.979289321881345209, 2.500000000000001776 ) ) ;
#1942 = ORIENTED_EDGE ( 'NONE', *, *, #1815, .F. ) ;
#1943 = DIRECTION ( 'NONE',  ( 1.000000000000000000, -0.000000000000000000, -0.000000000000000000 ) ) ;
#1944 = VECTOR ( 'NONE', #373, 1000.000000000000000 ) ;
#1945 = ADVANCED_FACE ( 'NONE', ( #156 ), #3475, .T. ) ;
#1946 = DIRECTION ( 'NONE',  ( 0.000000000000000000, 0.000000000000000000, -1.000000000000000000 ) ) ;
#1947 = DIRECTION ( 'NONE',  ( 0.7071067811865486830, -0.000000000000000000, 0.7071067811865463515 ) ) ;
#1948 = VECTOR ( 'NONE', #465, 1000.000000000000114 ) ;
#1949 = ORIENTED_EDGE ( 'NONE', *, *, #169, .T. ) ;
#1950 = ORIENTED_EDGE ( 'NONE', *, *, #3264, .F. ) ;
#1951 = VECTOR ( 'NONE', #345, 1000.000000000000000 ) ;
#1952 = LINE ( 'NONE', #161, #3690 ) ;
#1953 = CARTESIAN_POINT ( 'NONE',  ( -1.400000000000000133, 0.000000000000000000, 1.500000000000001332 ) ) ;
#1954 = EDGE_LOOP ( 'NONE', ( #3319, #3145, #3446, #1643, #892, #790, #2533, #1281, #1492, #472, #374, #107, #2609, #3618, #1280, #1376, #383, #1008, #460, #3419, #1922, #2123, #1790 ) ) ;
#1955 = COLOUR_RGB ( '',0.7921568627450980005, 0.8196078431372548767, 0.9333333333333333481 ) ;
#1956 = ORIENTED_EDGE ( 'NONE', *, *, #1148, .T. ) ;
#1957 = DIRECTION ( 'NONE',  ( -1.000000000000000000, 0.000000000000000000, 0.000000000000000000 ) ) ;
#1958 =( LENGTH_UNIT ( ) NAMED_UNIT ( * ) SI_UNIT ( .MILLI., .METRE. ) );
#1959 = EDGE_CURVE ( 'NONE', #2451, #1966, #1674, .T. ) ;
#1960 = DIRECTION ( 'NONE',  ( -1.000000000000000000, -0.000000000000000000, -6.195440985631461234E-16 ) ) ;
#1961 = ORIENTED_EDGE ( 'NONE', *, *, #463, .F. ) ;
#1962 = EDGE_CURVE ( 'NONE', #3462, #2043, #782, .T. ) ;
#1963 = VECTOR ( 'NONE', #3819, 1000.000000000000000 ) ;
#1964 = CARTESIAN_POINT ( 'NONE',  ( 2.499999999999999556, 2.000000000000000000, 1.300000000000002043 ) ) ;
#1965 = DIRECTION ( 'NONE',  ( 0.000000000000000000, -0.000000000000000000, 1.000000000000000000 ) ) ;
#1966 = VERTEX_POINT ( 'NONE', #3205 ) ;
#1967 = DIRECTION ( 'NONE',  ( -0.7071067811865474617, 0.000000000000000000, 0.7071067811865474617 ) ) ;
#1968 = EDGE_CURVE ( 'NONE', #3109, #2256, #3793, .T. ) ;
#1969 = DIRECTION ( 'NONE',  ( -0.7071067811865477948, 0.000000000000000000, 0.7071067811865474617 ) ) ;
#1970 = DIRECTION ( 'NONE',  ( 0.7071067811865487940, -0.000000000000000000, 0.7071067811865464625 ) ) ;
#1971 = VERTEX_POINT ( 'NONE', #2618 ) ;
#1972 = ORIENTED_EDGE ( 'NONE', *, *, #417, .F. ) ;
#1973 = LINE ( 'NONE', #1718, #1663 ) ;
#1974 = DIRECTION ( 'NONE',  ( 0.000000000000000000, -1.000000000000000000, 0.000000000000000000 ) ) ;
#1975 = VERTEX_POINT ( 'NONE', #2005 ) ;
#1976 = ADVANCED_FACE ( 'NONE', ( #2303 ), #3224, .F. ) ;
#1977 = EDGE_LOOP ( 'NONE', ( #3040, #2246, #3597, #895 ) ) ;
#1978 = DIRECTION ( 'NONE',  ( 9.427844978134821433E-17, 0.000000000000000000, 1.000000000000000000 ) ) ;
#1979 = AXIS2_PLACEMENT_3D ( 'NONE', #1779, #199, #3265 ) ;
#1980 = LINE ( 'NONE', #2833, #155 ) ;
#1981 = ORIENTED_EDGE ( 'NONE', *, *, #3683, .T. ) ;
#1982 = VECTOR ( 'NONE', #1021, 1000.000000000000000 ) ;
#1983 = CARTESIAN_POINT ( 'NONE',  ( -2.099999999999998312, 0.1499999999999999944, -1.500000000000003775 ) ) ;
#1984 = DIRECTION ( 'NONE',  ( 0.000000000000000000, 0.000000000000000000, 1.000000000000000000 ) ) ;
#1985 = EDGE_CURVE ( 'NONE', #1851, #2332, #2935, .T. ) ;
#1986 = DIRECTION ( 'NONE',  ( 0.000000000000000000, -0.000000000000000000, -1.000000000000000000 ) ) ;
#1987 = ADVANCED_FACE ( 'NONE', ( #842 ), #2656, .F. ) ;
#1988 = EDGE_CURVE ( 'NONE', #2835, #2603, #3873, .T. ) ;
#1989 = CARTESIAN_POINT ( 'NONE',  ( -1.091421356237310736, 5.015145761125080550E-17, 2.479289321881343877 ) ) ;
#1990 = FACE_OUTER_BOUND ( 'NONE', #2870, .T. ) ;
#1991 = ORIENTED_EDGE ( 'NONE', *, *, #1817, .F. ) ;
#1992 = ORIENTED_EDGE ( 'NONE', *, *, #1243, .F. ) ;
#1993 = CARTESIAN_POINT ( 'NONE',  ( -1.100000000000000755, 1.950000000000000178, 2.499999999999999556 ) ) ;
#1994 = DIRECTION ( 'NONE',  ( 0.000000000000000000, 0.000000000000000000, -1.000000000000000000 ) ) ;
#1995 = VERTEX_POINT ( 'NONE', #1423 ) ;
#1996 = VERTEX_POINT ( 'NONE', #2049 ) ;
#1997 = CARTESIAN_POINT ( 'NONE',  ( -1.399999999999998135, 0.000000000000000000, -1.500000000000003331 ) ) ;
#1998 = CARTESIAN_POINT ( 'NONE',  ( 2.449999999999999289, 0.6500000000000000222, 1.279289321881347696 ) ) ;
#1999 = CARTESIAN_POINT ( 'NONE',  ( -0.5499999999999994893, -3.388131789017201356E-18, -2.050000000000000266 ) ) ;
#2000 = ORIENTED_EDGE ( 'NONE', *, *, #2228, .T. ) ;
#2001 = VECTOR ( 'NONE', #3012, 1000.000000000000000 ) ;
#2002 = CARTESIAN_POINT ( 'NONE',  ( 1.099999999999999201, 0.02071067811865487385, -2.500000000000000888 ) ) ;
#2003 = CARTESIAN_POINT ( 'NONE',  ( 1.399999999999997691, 0.1999999999999999833, -2.250000000000003997 ) ) ;
#2004 = CARTESIAN_POINT ( 'NONE',  ( 1.279289321881345032, 0.6500000000000000222, -2.250000000000001332 ) ) ;
#2005 = CARTESIAN_POINT ( 'NONE',  ( -1.399999999999999911, 0.04999999999999991257, -2.300000000000001155 ) ) ;
#2006 = LINE ( 'NONE', #2028, #188 ) ;
#2007 = EDGE_CURVE ( 'NONE', #430, #791, #506, .T. ) ;
#2008 = ADVANCED_FACE ( 'NONE', ( #1715 ), #1176, .T. ) ;
#2009 = VERTEX_POINT ( 'NONE', #801 ) ;
#2010 = ORIENTED_EDGE ( 'NONE', *, *, #3177, .F. ) ;
#2011 = DIRECTION ( 'NONE',  ( -5.782411586589351722E-16, -0.000000000000000000, 1.000000000000000000 ) ) ;
#2012 = LINE ( 'NONE', #2662, #1358 ) ;
#2013 = DIRECTION ( 'NONE',  ( 0.000000000000000000, 1.000000000000000000, -0.000000000000000000 ) ) ;
#2014 = ORIENTED_EDGE ( 'NONE', *, *, #2089, .F. ) ;
#2015 = EDGE_CURVE ( 'NONE', #3074, #1975, #2071, .T. ) ;
#2016 = ORIENTED_EDGE ( 'NONE', *, *, #3228, .T. ) ;
#2017 = FACE_OUTER_BOUND ( 'NONE', #336, .T. ) ;
#2018 = AXIS2_PLACEMENT_3D ( 'NONE', #3533, #3276, #1765 ) ;
#2019 = EDGE_LOOP ( 'NONE', ( #926, #1097, #1112, #869 ) ) ;
#2020 = VECTOR ( 'NONE', #1433, 1000.000000000000000 ) ;
#2021 = CARTESIAN_POINT ( 'NONE',  ( -1.300000000000000266, 2.000000000000000000, -2.300000000000001155 ) ) ;
#2022 = CARTESIAN_POINT ( 'NONE',  ( -1.399999999999999911, 0.000000000000000000, -2.300000000000001155 ) ) ;
#2023 = VERTEX_POINT ( 'NONE', #1754 ) ;
#2024 = CARTESIAN_POINT ( 'NONE',  ( 2.500000000000000000, 0.000000000000000000, -2.250000000000001332 ) ) ;
#2025 = VECTOR ( 'NONE', #2011, 1000.000000000000000 ) ;
#2026 = ADVANCED_FACE ( 'NONE', ( #3244 ), #1121, .F. ) ;
#2027 = DIRECTION ( 'NONE',  ( 0.000000000000000000, 0.000000000000000000, -1.000000000000000000 ) ) ;
#2028 = CARTESIAN_POINT ( 'NONE',  ( 0.000000000000000000, 0.1499999999999999944, -2.250000000000001332 ) ) ;
#2029 = DIRECTION ( 'NONE',  ( 1.000000000000000000, -0.000000000000000000, 2.710505431213761578E-16 ) ) ;
#2030 = VERTEX_POINT ( 'NONE', #819 ) ;
#2031 = CARTESIAN_POINT ( 'NONE',  ( 2.099999999999997868, 0.1999999999999999833, -2.250000000000004441 ) ) ;
#2032 = CARTESIAN_POINT ( 'NONE',  ( 1.399999999999997691, 0.1999999999999999833, -2.250000000000003997 ) ) ;
#2033 = VERTEX_POINT ( 'NONE', #3581 ) ;
#2034 = ADVANCED_FACE ( 'NONE', ( #524 ), #1734, .F. ) ;
#2035 = ORIENTED_EDGE ( 'NONE', *, *, #54, .T. ) ;
#2036 = VERTEX_POINT ( 'NONE', #1462 ) ;
#2037 = SURFACE_SIDE_STYLE ('',( #3884 ) ) ;
#2038 = DIRECTION ( 'NONE',  ( 0.000000000000000000, 1.000000000000000000, 0.000000000000000000 ) ) ;
#2039 = AXIS2_PLACEMENT_3D ( 'NONE', #867, #3502, #2681 ) ;
#2040 = CARTESIAN_POINT ( 'NONE',  ( -1.079289321881345964, 0.6500000000000000222, 2.449999999999999289 ) ) ;
#2041 = FACE_OUTER_BOUND ( 'NONE', #3736, .T. ) ;
#2042 = DIRECTION ( 'NONE',  ( 0.000000000000000000, 0.000000000000000000, 1.000000000000000000 ) ) ;
#2043 = VERTEX_POINT ( 'NONE', #1159 ) ;
#2044 = VECTOR ( 'NONE', #1359, 1000.000000000000000 ) ;
#2045 = DIRECTION ( 'NONE',  ( 0.000000000000000000, 0.000000000000000000, -1.000000000000000000 ) ) ;
#2046 = DIRECTION ( 'NONE',  ( -1.000000000000000000, -0.000000000000000000, -0.000000000000000000 ) ) ;
#2047 = ADVANCED_FACE ( 'NONE', ( #2365 ), #1774, .T. ) ;
#2048 = AXIS2_PLACEMENT_3D ( 'NONE', #3630, #1174, #3598 ) ;
#2049 = CARTESIAN_POINT ( 'NONE',  ( -1.300000000000000266, 1.950000000000000178, -2.300000000000001155 ) ) ;
#2050 = DIRECTION ( 'NONE',  ( -1.000000000000000000, 0.000000000000000000, 0.000000000000000000 ) ) ;
#2051 =( BOUNDED_CURVE ( )  B_SPLINE_CURVE ( 3, ( #3600, #885, #2092, #583 ),
 .UNSPECIFIED., .F., .T. ) 
 B_SPLINE_CURVE_WITH_KNOTS ( ( 4, 4 ),
 ( 1.570796326794896558, 3.141592653589793116 ),
 .UNSPECIFIED. ) 
 CURVE ( )  GEOMETRIC_REPRESENTATION_ITEM ( )  RATIONAL_B_SPLINE_CURVE ( ( 1.000000000000000000, 0.8047378541243649375, 0.8047378541243649375, 1.000000000000000000 ) ) 
 REPRESENTATION_ITEM ( '' )  );
#2052 = CARTESIAN_POINT ( 'NONE',  ( 1.099999999999999645, 0.6292893218813448986, -2.500000000000000888 ) ) ;
#2053 = CARTESIAN_POINT ( 'NONE',  ( 2.500000000000000000, 0.7000000000000000666, -2.300000000000001155 ) ) ;
#2054 = CARTESIAN_POINT ( 'NONE',  ( 0.000000000000000000, 0.1499999999999999944, 0.000000000000000000 ) ) ;
#2055 = ORIENTED_EDGE ( 'NONE', *, *, #58, .T. ) ;
#2056 = VECTOR ( 'NONE', #1252, 1000.000000000000000 ) ;
#2057 = EDGE_LOOP ( 'NONE', ( #3197, #2187, #3427, #3490 ) ) ;
#2058 = AXIS2_PLACEMENT_3D ( 'NONE', #512, #1719, #2921 ) ;
#2059 = CARTESIAN_POINT ( 'NONE',  ( -2.500000000000000000, 0.6292893218813448986, 2.299999999999999378 ) ) ;
#2060 = ORIENTED_EDGE ( 'NONE', *, *, #2901, .F. ) ;
#2061 = LINE ( 'NONE', #1212, #2969 ) ;
#2062 =( NAMED_UNIT ( * ) SI_UNIT ( $, .STERADIAN. ) SOLID_ANGLE_UNIT ( ) );
#2063 = PLANE ( 'NONE',  #529 ) ;
#2064 = EDGE_CURVE ( 'NONE', #3310, #912, #3370, .T. ) ;
#2065 = ADVANCED_FACE ( 'NONE', ( #2601 ), #2722, .F. ) ;
#2066 = CARTESIAN_POINT ( 'NONE',  ( -1.091421356237310958, 0.6500000000000001332, 2.479289321881344321 ) ) ;
#2067 = CARTESIAN_POINT ( 'NONE',  ( 2.449999999999999734, 0.6500000000000000222, -2.250000000000001332 ) ) ;
#2068 = DIRECTION ( 'NONE',  ( 0.7071067811865476838, 0.000000000000000000, -0.7071067811865473507 ) ) ;
#2069 = AXIS2_PLACEMENT_3D ( 'NONE', #2837, #799, #3426 ) ;
#2070 = CARTESIAN_POINT ( 'NONE',  ( 2.449999999999999289, 2.000000000000000000, 1.279289321881348140 ) ) ;
#2071 = LINE ( 'NONE', #2917, #480 ) ;
#2072 = CARTESIAN_POINT ( 'NONE',  ( 1.400000000000000355, 0.1999999999999999833, -2.300000000000000711 ) ) ;
#2073 = EDGE_CURVE ( 'NONE', #3407, #430, #1606, .T. ) ;
#2074 = LINE ( 'NONE', #3282, #136 ) ;
#2075 = DIRECTION ( 'NONE',  ( 0.7071067811865479058, 0.000000000000000000, -0.7071067811865471286 ) ) ;
#2076 = CARTESIAN_POINT ( 'NONE',  ( -2.449999999999999289, 0.6500000000000000222, 2.299999999999999378 ) ) ;
#2077 = VERTEX_POINT ( 'NONE', #1792 ) ;
#2078 = ORIENTED_EDGE ( 'NONE', *, *, #1275, .F. ) ;
#2079 = EDGE_LOOP ( 'NONE', ( #2158, #3088, #1408, #1106, #1431, #1303, #2215, #3656 ) ) ;
#2080 = AXIS2_PLACEMENT_3D ( 'NONE', #1064, #1441, #3161 ) ;
#2081 = CARTESIAN_POINT ( 'NONE',  ( 1.099999999999998979, 0.6707106781186551459, -2.500000000000000888 ) ) ;
#2082 = VECTOR ( 'NONE', #1306, 1000.000000000000000 ) ;
#2083 = EDGE_CURVE ( 'NONE', #290, #2919, #2494, .T. ) ;
#2084 = CARTESIAN_POINT ( 'NONE',  ( 2.499999999999999556, 1.950000000000000178, 1.300000000000002043 ) ) ;
#2085 = CARTESIAN_POINT ( 'NONE',  ( -1.400000000000000577, 1.300000000000000044, 2.494731009373596820 ) ) ;
#2086 = AXIS2_PLACEMENT_3D ( 'NONE', #307, #3909, #2651 ) ;
#2087 = ORIENTED_EDGE ( 'NONE', *, *, #3911, .F. ) ;
#2088 = CARTESIAN_POINT ( 'NONE',  ( 1.399999999999997691, 0.1652703644666145000, -2.446961550602445801 ) ) ;
#2089 = EDGE_CURVE ( 'NONE', #1053, #573, #2743, .T. ) ;
#2090 = ORIENTED_EDGE ( 'NONE', *, *, #3838, .F. ) ;
#2091 = AXIS2_PLACEMENT_3D ( 'NONE', #2688, #3902, #936 ) ;
#2092 = CARTESIAN_POINT ( 'NONE',  ( 1.300000000000000488, 0.6707106781186548128, 2.500000000000000444 ) ) ;
#2093 = CARTESIAN_POINT ( 'NONE',  ( -0.5499999999999994893, 0.1499999999999999944, -1.600000000000000089 ) ) ;
#2094 = DIRECTION ( 'NONE',  ( -0.000000000000000000, -1.000000000000000000, -0.000000000000000000 ) ) ;
#2095 = ADVANCED_FACE ( 'NONE', ( #3019 ), #334, .F. ) ;
#2096 = VECTOR ( 'NONE', #461, 1000.000000000000000 ) ;
#2097 = DIRECTION ( 'NONE',  ( 9.427844978134821433E-17, -0.000000000000000000, 1.000000000000000000 ) ) ;
#2098 = CARTESIAN_POINT ( 'NONE',  ( 1.400000000000000577, 0.000000000000000000, -1.500000000000000888 ) ) ;
#2099 = DIRECTION ( 'NONE',  ( -0.7071067811865474617, 0.000000000000000000, -0.7071067811865474617 ) ) ;
#2100 = ORIENTED_EDGE ( 'NONE', *, *, #3752, .T. ) ;
#2101 = VERTEX_POINT ( 'NONE', #2384 ) ;
#2102 = CYLINDRICAL_SURFACE ( 'NONE', #1526, 0.05000000000000012768 ) ;
#2103 = ORIENTED_EDGE ( 'NONE', *, *, #2882, .F. ) ;
#2104 = CARTESIAN_POINT ( 'NONE',  ( -0.5499999999999994893, 0.1499999999999999944, 2.000000000000000000 ) ) ;
#2105 = PRESENTATION_STYLE_ASSIGNMENT (( #3292 ) ) ;
#2106 = CARTESIAN_POINT ( 'NONE',  ( -1.300000000000000266, 2.000000000000000000, -2.300000000000001155 ) ) ;
#2107 = CARTESIAN_POINT ( 'NONE',  ( -2.100000000000000533, 1.273952773349960710, 2.642452172325427728 ) ) ;
#2108 = CARTESIAN_POINT ( 'NONE',  ( -1.400000000000000133, 0.1499999999999999944, 1.500000000000001332 ) ) ;
#2109 = CARTESIAN_POINT ( 'NONE',  ( -2.449999999999999289, 2.000000000000000000, 2.249999999999999556 ) ) ;
#2110 = ORIENTED_EDGE ( 'NONE', *, *, #1157, .F. ) ;
#2111 = ORIENTED_EDGE ( 'NONE', *, *, #160, .F. ) ;
#2112 = FACE_OUTER_BOUND ( 'NONE', #1634, .T. ) ;
#2113 = CARTESIAN_POINT ( 'NONE',  ( -1.399999999999997691, 1.273952773349960710, -2.642452172325429949 ) ) ;
#2114 = CARTESIAN_POINT ( 'NONE',  ( -2.500000000000000000, 0.04999999999999991257, -2.300000000000001155 ) ) ;
#2115 = AXIS2_PLACEMENT_3D ( 'NONE', #1031, #706, #727 ) ;
#2116 = ADVANCED_FACE ( 'NONE', ( #109 ), #3601, .T. ) ;
#2117 = EDGE_CURVE ( 'NONE', #2199, #1614, #998, .T. ) ;
#2118 = CARTESIAN_POINT ( 'NONE',  ( 1.099999999999999645, 0.5999999999999998668, -2.500000000000000888 ) ) ;
#2119 = CIRCLE ( 'NONE', #2048, 0.04999999999999991257 ) ;
#2120 = CARTESIAN_POINT ( 'NONE',  ( 0.000000000000000000, 1.950000000000000178, -2.250000000000001332 ) ) ;
#2121 = PLANE ( 'NONE',  #48 ) ;
#2122 = ORIENTED_EDGE ( 'NONE', *, *, #3516, .F. ) ;
#2123 = ORIENTED_EDGE ( 'NONE', *, *, #1910, .T. ) ;
#2124 = CARTESIAN_POINT ( 'NONE',  ( 1.291421356237309803, -8.629797279988790114E-17, -2.279289321881346364 ) ) ;
#2125 =( NAMED_UNIT ( * ) SI_UNIT ( $, .STERADIAN. ) SOLID_ANGLE_UNIT ( ) );
#2126 = AXIS2_PLACEMENT_3D ( 'NONE', #950, #3606, #2411 ) ;
#2127 = ADVANCED_FACE ( 'NONE', ( #711 ), #43, .T. ) ;
#2128 = CYLINDRICAL_SURFACE ( 'NONE', #320, 0.05000000000000012768 ) ;
#2129 = LINE ( 'NONE', #3757, #2318 ) ;
#2130 = CARTESIAN_POINT ( 'NONE',  ( 0.000000000000000000, 2.000000000000000000, -2.250000000000001332 ) ) ;
#2131 = ORIENTED_EDGE ( 'NONE', *, *, #3636, .T. ) ;
#2132 = VERTEX_POINT ( 'NONE', #2998 ) ;
#2133 = VECTOR ( 'NONE', #1179, 1000.000000000000000 ) ;
#2134 = ORIENTED_EDGE ( 'NONE', *, *, #280, .T. ) ;
#2135 = DIRECTION ( 'NONE',  ( 1.000000000000000000, -0.000000000000000000, 2.710505431213761578E-16 ) ) ;
#2136 = CARTESIAN_POINT ( 'NONE',  ( -1.064644660940673226, 0.6500000000000000222, 2.464644660940672249 ) ) ;
#2137 = DIRECTION ( 'NONE',  ( 0.000000000000000000, 1.000000000000000000, -0.000000000000000000 ) ) ;
#2138 = EDGE_CURVE ( 'NONE', #1443, #121, #910, .T. ) ;
#2139 = LINE ( 'NONE', #1797, #2293 ) ;
#2140 = FACE_OUTER_BOUND ( 'NONE', #2314, .T. ) ;
#2141 = EDGE_LOOP ( 'NONE', ( #3513, #3395, #1566, #951 ) ) ;
#2142 = PLANE ( 'NONE',  #1641 ) ;
#2143 = CARTESIAN_POINT ( 'NONE',  ( -2.499999999999999556, 1.950000000000000178, 2.299999999999999378 ) ) ;
#2144 = ADVANCED_FACE ( 'NONE', ( #2978 ), #2203, .F. ) ;
#2145 = VECTOR ( 'NONE', #2423, 1000.000000000000000 ) ;
#2146 = CARTESIAN_POINT ( 'NONE',  ( 1.099999999999999645, 0.7000000000000000666, -2.500000000000000888 ) ) ;
#2147 = LINE ( 'NONE', #1256, #2243 ) ;
#2148 = LINE ( 'NONE', #110, #2296 ) ;
#2149 = AXIS2_PLACEMENT_3D ( 'NONE', #1612, #2482, #678 ) ;
#2150 = ORIENTED_EDGE ( 'NONE', *, *, #3729, .T. ) ;
#2151 = ORIENTED_EDGE ( 'NONE', *, *, #3461, .T. ) ;
#2152 = CARTESIAN_POINT ( 'NONE',  ( -1.291421356237309803, 0.6500000000000001332, -2.279289321881346364 ) ) ;
#2153 = DIRECTION ( 'NONE',  ( -0.000000000000000000, -1.000000000000000000, -0.000000000000000000 ) ) ;
#2154 = CYLINDRICAL_SURFACE ( 'NONE', #3343, 0.05000000000000012768 ) ;
#2155 = EDGE_CURVE ( 'NONE', #3631, #2645, #2407, .T. ) ;
#2156 = AXIS2_PLACEMENT_3D ( 'NONE', #1858, #1569, #2182 ) ;
#2157 = ADVANCED_FACE ( 'NONE', ( #1809 ), #1522, .T. ) ;
#2158 = ORIENTED_EDGE ( 'NONE', *, *, #2976, .T. ) ;
#2159 = FACE_OUTER_BOUND ( 'NONE', #3146, .T. ) ;
#2160 = CARTESIAN_POINT ( 'NONE',  ( -0.5499999999999994893, 0.1499999999999999944, 1.600000000000000089 ) ) ;
#2161 = AXIS2_PLACEMENT_3D ( 'NONE', #737, #1419, #2298 ) ;
#2162 = ORIENTED_EDGE ( 'NONE', *, *, #789, .T. ) ;
#2163 =( BOUNDED_CURVE ( )  B_SPLINE_CURVE ( 3, ( #1284, #3375, #659, #1867 ),
 .UNSPECIFIED., .F., .T. ) 
 B_SPLINE_CURVE_WITH_KNOTS ( ( 4, 4 ),
 ( 3.141592653589793116, 4.712388980384691450 ),
 .UNSPECIFIED. ) 
 CURVE ( )  GEOMETRIC_REPRESENTATION_ITEM ( )  RATIONAL_B_SPLINE_CURVE ( ( 1.000000000000000000, 0.8047378541243646044, 0.8047378541243646044, 1.000000000000000000 ) ) 
 REPRESENTATION_ITEM ( '' )  );
#2164 = EDGE_CURVE ( 'NONE', #92, #201, #24, .T. ) ;
#2165 = CARTESIAN_POINT ( 'NONE',  ( -1.300000000000000266, 0.000000000000000000, -2.250000000000001332 ) ) ;
#2166 = DIRECTION ( 'NONE',  ( -1.000000000000000000, -0.000000000000000000, -0.000000000000000000 ) ) ;
#2167 = PLANE ( 'NONE',  #217 ) ;
#2168 = ORIENTED_EDGE ( 'NONE', *, *, #3515, .F. ) ;
#2169 = ADVANCED_BREP_SHAPE_REPRESENTATION ( 'CMT-0502-75-SMT-TR', ( #1270, #1285, #1262, #1254, #3876, #785 ), #3059 ) ;
#2170 = DIRECTION ( 'NONE',  ( 1.000000000000000000, 0.000000000000000000, 0.000000000000000000 ) ) ;
#2171 = DIRECTION ( 'NONE',  ( -0.000000000000000000, -1.000000000000000000, -0.000000000000000000 ) ) ;
#2172 = CARTESIAN_POINT ( 'NONE',  ( -1.300000000000000488, 2.000000000000000000, 2.299999999999999378 ) ) ;
#2173 = EDGE_CURVE ( 'NONE', #59, #908, #236, .T. ) ;
#2174 = VERTEX_POINT ( 'NONE', #402 ) ;
#2175 = VECTOR ( 'NONE', #3798, 1000.000000000000000 ) ;
#2176 = DIRECTION ( 'NONE',  ( -1.000000000000000000, 0.000000000000000000, 0.000000000000000000 ) ) ;
#2177 = DIRECTION ( 'NONE',  ( -1.000000000000000000, -0.000000000000000000, -3.614007241618345813E-16 ) ) ;
#2178 = VERTEX_POINT ( 'NONE', #2219 ) ;
#2179 = VECTOR ( 'NONE', #437, 1000.000000000000000 ) ;
#2180 = CARTESIAN_POINT ( 'NONE',  ( -2.449999999999999289, 0.6500000000000000222, 2.249999999999999556 ) ) ;
#2181 = VERTEX_POINT ( 'NONE', #928 ) ;
#2182 = DIRECTION ( 'NONE',  ( 0.7071067811865474617, 0.000000000000000000, 0.7071067811865474617 ) ) ;
#2183 = LINE ( 'NONE', #671, #116 ) ;
#2184 = EDGE_CURVE ( 'NONE', #3509, #115, #3422, .T. ) ;
#2185 = ADVANCED_FACE ( 'NONE', ( #1036 ), #1624, .F. ) ;
#2186 = LINE ( 'NONE', #3091, #408 ) ;
#2187 = ORIENTED_EDGE ( 'NONE', *, *, #64, .F. ) ;
#2188 = ORIENTED_EDGE ( 'NONE', *, *, #2901, .T. ) ;
#2189 = CYLINDRICAL_SURFACE ( 'NONE', #2528, 0.05000000000000007216 ) ;
#2190 = DIRECTION ( 'NONE',  ( 1.000000000000000000, -0.000000000000000000, 0.000000000000000000 ) ) ;
#2191 = AXIS2_PLACEMENT_3D ( 'NONE', #2266, #990, #2505 ) ;
#2192 = ORIENTED_EDGE ( 'NONE', *, *, #1167, .F. ) ;
#2193 = DIRECTION ( 'NONE',  ( 1.204669080539448358E-16, 0.000000000000000000, -1.000000000000000000 ) ) ;
#2194 = DIRECTION ( 'NONE',  ( -0.000000000000000000, 1.000000000000000000, -0.000000000000000000 ) ) ;
#2195 = EDGE_CURVE ( 'NONE', #3865, #1614, #2284, .T. ) ;
#2196 = ORIENTED_EDGE ( 'NONE', *, *, #2543, .T. ) ;
#2197 = VECTOR ( 'NONE', #1223, 1000.000000000000000 ) ;
#2198 = CARTESIAN_POINT ( 'NONE',  ( -1.100000000000000755, 0.04999999999999991257, -2.500000000000000888 ) ) ;
#2199 = VERTEX_POINT ( 'NONE', #1402 ) ;
#2200 = EDGE_LOOP ( 'NONE', ( #1331, #3271, #216, #1117 ) ) ;
#2201 = DIRECTION ( 'NONE',  ( 0.7071067811865474617, 0.000000000000000000, -0.7071067811865474617 ) ) ;
#2202 = ADVANCED_FACE ( 'NONE', ( #1362 ), #738, .F. ) ;
#2203 = PLANE ( 'NONE',  #1182 ) ;
#2204 = LINE ( 'NONE', #3406, #1982 ) ;
#2205 = EDGE_LOOP ( 'NONE', ( #3685, #2564, #689, #1600 ) ) ;
#2206 = CARTESIAN_POINT ( 'NONE',  ( -1.264644660940672960, 0.7000000000000000666, -2.264644660940673848 ) ) ;
#2207 = AXIS2_PLACEMENT_3D ( 'NONE', #722, #1028, #1926 ) ;
#2208 = DIRECTION ( 'NONE',  ( -1.000000000000000000, 0.000000000000000000, 6.195440985631461234E-16 ) ) ;
#2209 = VERTEX_POINT ( 'NONE', #2555 ) ;
#2210 = UNCERTAINTY_MEASURE_WITH_UNIT (LENGTH_MEASURE( 1.000000000000000082E-05 ), #1450, 'distance_accuracy_value', 'NONE');
#2211 = PLANE ( 'NONE',  #3133 ) ;
#2212 = CIRCLE ( 'NONE', #505, 0.04999999999999969746 ) ;
#2213 = VERTEX_POINT ( 'NONE', #3469 ) ;
#2214 = DIRECTION ( 'NONE',  ( 0.000000000000000000, -0.000000000000000000, 1.000000000000000000 ) ) ;
#2215 = ORIENTED_EDGE ( 'NONE', *, *, #1071, .T. ) ;
#2216 = AXIS2_PLACEMENT_3D ( 'NONE', #658, #641, #3037 ) ;
#2217 = EDGE_LOOP ( 'NONE', ( #330, #1147, #2831, #1586 ) ) ;
#2218 = LINE ( 'NONE', #1685, #1137 ) ;
#2219 = CARTESIAN_POINT ( 'NONE',  ( -1.279289321881345920, 0.000000000000000000, 2.249999999999999556 ) ) ;
#2220 = CARTESIAN_POINT ( 'NONE',  ( 2.099999999999997868, 0.1913175911166535570, -2.299240387650614892 ) ) ;
#2221 = ORIENTED_EDGE ( 'NONE', *, *, #2317, .F. ) ;
#2222 = CARTESIAN_POINT ( 'NONE',  ( -1.279289321881345920, 0.6500000000000000222, 2.249999999999999556 ) ) ;
#2223 = ORIENTED_EDGE ( 'NONE', *, *, #893, .T. ) ;
#2224 = DIRECTION ( 'NONE',  ( 0.7071067811865486830, 0.000000000000000000, 0.7071067811865463515 ) ) ;
#2225 = DIRECTION ( 'NONE',  ( 1.000000000000000000, -0.000000000000000000, -6.195440985631461234E-16 ) ) ;
#2226 = CARTESIAN_POINT ( 'NONE',  ( -1.399999999999997691, 0.1499999999999999944, -2.250000000000003997 ) ) ;
#2227 = EDGE_CURVE ( 'NONE', #1915, #705, #3214, .T. ) ;
#2228 = EDGE_CURVE ( 'NONE', #3128, #1053, #1074, .T. ) ;
#2229 = ORIENTED_EDGE ( 'NONE', *, *, #2184, .F. ) ;
#2230 = ORIENTED_EDGE ( 'NONE', *, *, #734, .F. ) ;
#2231 = DIRECTION ( 'NONE',  ( 1.000000000000000000, 0.000000000000000000, 6.195440985631461234E-16 ) ) ;
#2232 = ORIENTED_EDGE ( 'NONE', *, *, #743, .F. ) ;
#2233 = EDGE_LOOP ( 'NONE', ( #3718, #1488, #1264, #1469 ) ) ;
#2234 = VECTOR ( 'NONE', #3763, 1000.000000000000000 ) ;
#2235 = FILL_AREA_STYLE_COLOUR ( '', #1955 ) ;
#2236 = DIRECTION ( 'NONE',  ( 0.000000000000000000, -0.1736481776669284716, -0.9848077530122084644 ) ) ;
#2237 = LINE ( 'NONE', #2912, #1102 ) ;
#2238 = EDGE_CURVE ( 'NONE', #2316, #1592, #2554, .T. ) ;
#2239 = ORIENTED_EDGE ( 'NONE', *, *, #713, .T. ) ;
#2240 = DIRECTION ( 'NONE',  ( 0.000000000000000000, 0.000000000000000000, -1.000000000000000000 ) ) ;
#2241 = FACE_OUTER_BOUND ( 'NONE', #1091, .T. ) ;
#2242 = LINE ( 'NONE', #2024, #2643 ) ;
#2243 = VECTOR ( 'NONE', #1859, 1000.000000000000114 ) ;
#2244 = CARTESIAN_POINT ( 'NONE',  ( 2.499999999999999556, 1.950000000000000178, 1.300000000000002043 ) ) ;
#2245 = DIRECTION ( 'NONE',  ( 0.000000000000000000, 0.000000000000000000, 1.000000000000000000 ) ) ;
#2246 = ORIENTED_EDGE ( 'NONE', *, *, #2276, .T. ) ;
#2247 = EDGE_CURVE ( 'NONE', #3789, #3007, #3810, .T. ) ;
#2248 = ORIENTED_EDGE ( 'NONE', *, *, #1148, .F. ) ;
#2249 = AXIS2_PLACEMENT_3D ( 'NONE', #1580, #3378, #913 ) ;
#2250 = CARTESIAN_POINT ( 'NONE',  ( -2.499999999999999556, 0.04999999999999991257, 2.299999999999999378 ) ) ;
#2251 = LINE ( 'NONE', #1553, #1924 ) ;
#2252 = ORIENTED_EDGE ( 'NONE', *, *, #476, .F. ) ;
#2253 = EDGE_CURVE ( 'NONE', #3007, #1245, #1099, .T. ) ;
#2254 = AXIS2_PLACEMENT_3D ( 'NONE', #3221, #1420, #1382 ) ;
#2255 = CARTESIAN_POINT ( 'NONE',  ( -1.300000000000000266, 2.000000000000000000, -2.300000000000001155 ) ) ;
#2256 = VERTEX_POINT ( 'NONE', #1921 ) ;
#2257 = CARTESIAN_POINT ( 'NONE',  ( -1.399999999999997691, 0.000000000000000000, -2.250000000000003997 ) ) ;
#2258 = LINE ( 'NONE', #3174, #2044 ) ;
#2259 =( BOUNDED_CURVE ( )  B_SPLINE_CURVE ( 3, ( #384, #55, #35, #1234 ),
 .UNSPECIFIED., .F., .T. ) 
 B_SPLINE_CURVE_WITH_KNOTS ( ( 4, 4 ),
 ( 3.141592653589793116, 4.712388980384689674 ),
 .UNSPECIFIED. ) 
 CURVE ( )  GEOMETRIC_REPRESENTATION_ITEM ( )  RATIONAL_B_SPLINE_CURVE ( ( 1.000000000000000000, 0.8047378541243649375, 0.8047378541243649375, 1.000000000000000000 ) ) 
 REPRESENTATION_ITEM ( '' )  );
#2260 = EDGE_CURVE ( 'NONE', #3702, #102, #1750, .T. ) ;
#2261 = ORIENTED_EDGE ( 'NONE', *, *, #2665, .T. ) ;
#2262 = DIRECTION ( 'NONE',  ( -1.000000000000000000, -0.000000000000000000, -6.195440985631461234E-16 ) ) ;
#2263 = FACE_OUTER_BOUND ( 'NONE', #2698, .T. ) ;
#2264 = PLANE ( 'NONE',  #1394 ) ;
#2265 = AXIS2_PLACEMENT_3D ( 'NONE', #2326, #3540, #820 ) ;
#2266 = CARTESIAN_POINT ( 'NONE',  ( -1.399999999999997691, 0.1999999999999999833, -2.250000000000003997 ) ) ;
#2267 = DIRECTION ( 'NONE',  ( 0.000000000000000000, -1.000000000000000000, 0.000000000000000000 ) ) ;
#2268 = EDGE_CURVE ( 'NONE', #2582, #3587, #56, .T. ) ;
#2269 = CIRCLE ( 'NONE', #561, 0.4500000000000001221 ) ;
#2270 = VERTEX_POINT ( 'NONE', #171 ) ;
#2271 = EDGE_LOOP ( 'NONE', ( #434, #2664, #599, #2347 ) ) ;
#2272 = CIRCLE ( 'NONE', #2086, 0.3999999999999999667 ) ;
#2273 = LINE ( 'NONE', #1089, #3372 ) ;
#2274 = CARTESIAN_POINT ( 'NONE',  ( 1.300000000000000044, 1.950000000000000178, -2.300000000000001155 ) ) ;
#2275 = VERTEX_POINT ( 'NONE', #2299 ) ;
#2276 = EDGE_CURVE ( 'NONE', #3180, #3625, #2535, .T. ) ;
#2277 = ORIENTED_EDGE ( 'NONE', *, *, #3311, .T. ) ;
#2278 = DIRECTION ( 'NONE',  ( 1.000000000000000000, 0.000000000000000000, 0.000000000000000000 ) ) ;
#2279 = CARTESIAN_POINT ( 'NONE',  ( -1.291421356237309803, 0.6499999999999998002, 2.279289321881345032 ) ) ;
#2280 = ADVANCED_FACE ( 'NONE', ( #2263 ), #2857, .F. ) ;
#2281 = ORIENTED_EDGE ( 'NONE', *, *, #3429, .T. ) ;
#2282 = AXIS2_PLACEMENT_3D ( 'NONE', #3137, #424, #440 ) ;
#2283 = DIRECTION ( 'NONE',  ( 0.000000000000000000, 0.000000000000000000, 1.000000000000000000 ) ) ;
#2284 =( BOUNDED_CURVE ( )  B_SPLINE_CURVE ( 3, ( #1917, #420, #1339, #3512 ),
 .UNSPECIFIED., .F., .T. ) 
 B_SPLINE_CURVE_WITH_KNOTS ( ( 4, 4 ),
 ( 3.141592653589790896, 4.712388980384687898 ),
 .UNSPECIFIED. ) 
 CURVE ( )  GEOMETRIC_REPRESENTATION_ITEM ( )  RATIONAL_B_SPLINE_CURVE ( ( 1.000000000000000000, 0.8047378541243649375, 0.8047378541243649375, 1.000000000000000000 ) ) 
 REPRESENTATION_ITEM ( '' )  );
#2285 = CARTESIAN_POINT ( 'NONE',  ( 2.499999999999999556, 0.5999999999999999778, 1.300000000000002043 ) ) ;
#2286 = EDGE_CURVE ( 'NONE', #2043, #2563, #3199, .T. ) ;
#2287 = ORIENTED_EDGE ( 'NONE', *, *, #1694, .F. ) ;
#2288 = ORIENTED_EDGE ( 'NONE', *, *, #1416, .F. ) ;
#2289 = CARTESIAN_POINT ( 'NONE',  ( 2.500000000000000000, 0.04999999999999991257, -2.250000000000001332 ) ) ;
#2290 = DIRECTION ( 'NONE',  ( -0.7071067811865477948, 0.000000000000000000, 0.7071067811865474617 ) ) ;
#2291 = EDGE_LOOP ( 'NONE', ( #793, #2848, #2354, #2904 ) ) ;
#2292 = EDGE_LOOP ( 'NONE', ( #2943, #2122, #989, #2334 ) ) ;
#2293 = VECTOR ( 'NONE', #3023, 1000.000000000000000 ) ;
#2294 = DIRECTION ( 'NONE',  ( 0.000000000000000000, -1.000000000000000000, -0.000000000000000000 ) ) ;
#2295 = ORIENTED_EDGE ( 'NONE', *, *, #3050, .F. ) ;
#2296 = VECTOR ( 'NONE', #403, 1000.000000000000000 ) ;
#2297 = ADVANCED_FACE ( 'NONE', ( #717 ), #1649, .T. ) ;
#2298 = DIRECTION ( 'NONE',  ( -1.000000000000000000, 0.000000000000000000, -0.000000000000000000 ) ) ;
#2299 = CARTESIAN_POINT ( 'NONE',  ( 1.300000000000000044, 0.5999999999999998668, -2.300000000000001155 ) ) ;
#2300 = EDGE_LOOP ( 'NONE', ( #2545, #2625, #2923, #2981 ) ) ;
#2301 = DIRECTION ( 'NONE',  ( 0.000000000000000000, 0.000000000000000000, 1.000000000000000000 ) ) ;
#2302 =( GEOMETRIC_REPRESENTATION_CONTEXT ( 3 ) GLOBAL_UNCERTAINTY_ASSIGNED_CONTEXT ( ( #3120 ) ) GLOBAL_UNIT_ASSIGNED_CONTEXT ( ( #852, #593, #2062 ) ) REPRESENTATION_CONTEXT ( 'NONE', 'WORKASPACE' ) );
#2303 = FACE_OUTER_BOUND ( 'NONE', #1868, .T. ) ;
#2304 = DIRECTION ( 'NONE',  ( -0.7071067811865474617, 0.000000000000000000, -0.7071067811865474617 ) ) ;
#2305 = AXIS2_PLACEMENT_3D ( 'NONE', #2032, #3248, #527 ) ;
#2306 = ORIENTED_EDGE ( 'NONE', *, *, #1557, .T. ) ;
#2307 = VERTEX_POINT ( 'NONE', #3747 ) ;
#2308 = CARTESIAN_POINT ( 'NONE',  ( -1.399999999999998135, 0.1499999999999999944, -1.500000000000003331 ) ) ;
#2309 = DIRECTION ( 'NONE',  ( -1.000000000000000000, 0.000000000000000000, -3.614007241618345813E-16 ) ) ;
#2310 = DIRECTION ( 'NONE',  ( 0.000000000000000000, 0.000000000000000000, 1.000000000000000000 ) ) ;
#2311 = ADVANCED_FACE ( 'NONE', ( #2241 ), #1668, .F. ) ;
#2312 = ORIENTED_EDGE ( 'NONE', *, *, #2793, .T. ) ;
#2313 = VECTOR ( 'NONE', #949, 1000.000000000000000 ) ;
#2314 = EDGE_LOOP ( 'NONE', ( #1573, #3251, #2527, #618, #694, #1432 ) ) ;
#2315 = CARTESIAN_POINT ( 'NONE',  ( -1.300000000000000488, 0.5999999999999998668, 2.299999999999999378 ) ) ;
#2316 = VERTEX_POINT ( 'NONE', #3445 ) ;
#2317 = EDGE_CURVE ( 'NONE', #1392, #2213, #3772, .T. ) ;
#2318 = VECTOR ( 'NONE', #346, 1000.000000000000000 ) ;
#2319 = DIRECTION ( 'NONE',  ( -0.000000000000000000, -1.000000000000000000, -0.000000000000000000 ) ) ;
#2320 = CARTESIAN_POINT ( 'NONE',  ( 1.399999999999997691, 1.300000000000000044, -2.494731009373599040 ) ) ;
#2321 = VERTEX_POINT ( 'NONE', #3157 ) ;
#2322 = CARTESIAN_POINT ( 'NONE',  ( 2.500000000000000000, 0.5999999999999998668, -2.300000000000001155 ) ) ;
#2323 = DIRECTION ( 'NONE',  ( 1.000000000000000000, -0.000000000000000000, -0.000000000000000000 ) ) ;
#2324 = EDGE_CURVE ( 'NONE', #3525, #2718, #265, .T. ) ;
#2325 = DIRECTION ( 'NONE',  ( -1.000000000000000000, 0.000000000000000000, -1.204669080539448358E-16 ) ) ;
#2326 = CARTESIAN_POINT ( 'NONE',  ( -1.399999999999997691, 1.273952773349960710, -2.642452172325429949 ) ) ;
#2327 = AXIS2_PLACEMENT_3D ( 'NONE', #101, #3123, #1311 ) ;
#2328 = ORIENTED_EDGE ( 'NONE', *, *, #776, .F. ) ;
#2329 = CARTESIAN_POINT ( 'NONE',  ( -1.079289321881345964, 0.6500000000000000222, 2.449999999999999289 ) ) ;
#2330 = PLANE ( 'NONE',  #2305 ) ;
#2331 = AXIS2_PLACEMENT_3D ( 'NONE', #3078, #2208, #1905 ) ;
#2332 = VERTEX_POINT ( 'NONE', #1496 ) ;
#2333 = ORIENTED_EDGE ( 'NONE', *, *, #2349, .T. ) ;
#2334 = ORIENTED_EDGE ( 'NONE', *, *, #2447, .F. ) ;
#2335 = VECTOR ( 'NONE', #1978, 1000.000000000000000 ) ;
#2336 = VECTOR ( 'NONE', #1354, 1000.000000000000000 ) ;
#2337 = CARTESIAN_POINT ( 'NONE',  ( -0.5499999999999992673, -3.388131789017201356E-18, 2.050000000000000266 ) ) ;
#2338 = LINE ( 'NONE', #538, #672 ) ;
#2339 = ORIENTED_EDGE ( 'NONE', *, *, #3900, .F. ) ;
#2340 = DIRECTION ( 'NONE',  ( -1.000000000000000000, 0.000000000000000000, 0.000000000000000000 ) ) ;
#2341 = AXIS2_PLACEMENT_3D ( 'NONE', #3856, #3872, #312 ) ;
#2342 = ORIENTED_EDGE ( 'NONE', *, *, #1538, .F. ) ;
#2343 = DIRECTION ( 'NONE',  ( 6.101318315979463128E-16, 0.1736481776669269728, 0.9848077530122086864 ) ) ;
#2344 = LINE ( 'NONE', #2953, #1142 ) ;
#2345 = DIRECTION ( 'NONE',  ( -0.000000000000000000, -1.000000000000000000, -0.000000000000000000 ) ) ;
#2346 = DIRECTION ( 'NONE',  ( 1.000000000000000000, 0.000000000000000000, 0.000000000000000000 ) ) ;
#2347 = ORIENTED_EDGE ( 'NONE', *, *, #906, .T. ) ;
#2348 = EDGE_CURVE ( 'NONE', #2307, #1006, #287, .T. ) ;
#2349 = EDGE_CURVE ( 'NONE', #1903, #1245, #2652, .T. ) ;
#2350 = CARTESIAN_POINT ( 'NONE',  ( -2.449999999999999734, 0.6500000000000000222, -2.250000000000001332 ) ) ;
#2351 = CARTESIAN_POINT ( 'NONE',  ( 2.499999999999999556, 0.5999999999999998668, 1.300000000000002043 ) ) ;
#2352 = EDGE_CURVE ( 'NONE', #311, #2557, #241, .T. ) ;
#2353 = EDGE_LOOP ( 'NONE', ( #3914, #3548, #3420, #808 ) ) ;
#2354 = ORIENTED_EDGE ( 'NONE', *, *, #2576, .T. ) ;
#2355 = VERTEX_POINT ( 'NONE', #17 ) ;
#2356 = LINE ( 'NONE', #3627, #2490 ) ;
#2357 = AXIS2_PLACEMENT_3D ( 'NONE', #1486, #2075, #254 ) ;
#2358 = CARTESIAN_POINT ( 'NONE',  ( -2.099999999999999645, 0.1999999999999999833, -2.250000000000001332 ) ) ;
#2359 = DIRECTION ( 'NONE',  ( 0.7071067811865471286, 0.000000000000000000, 0.7071067811865479058 ) ) ;
#2360 = ORIENTED_EDGE ( 'NONE', *, *, #665, .T. ) ;
#2361 = CARTESIAN_POINT ( 'NONE',  ( -1.764644660940673182, 2.000000000000000000, -1.764644660940673182 ) ) ;
#2362 = EDGE_CURVE ( 'NONE', #362, #1876, #3890, .T. ) ;
#2363 = COLOUR_RGB ( '',0.7921568627450980005, 0.8196078431372548767, 0.9333333333333333481 ) ;
#2364 = CYLINDRICAL_SURFACE ( 'NONE', #2341, 0.2000000000000000944 ) ;
#2365 = FACE_OUTER_BOUND ( 'NONE', #203, .T. ) ;
#2366 = DIRECTION ( 'NONE',  ( 1.204669080539448358E-16, 0.000000000000000000, -1.000000000000000000 ) ) ;
#2367 = ORIENTED_EDGE ( 'NONE', *, *, #2317, .T. ) ;
#2368 = CARTESIAN_POINT ( 'NONE',  ( 1.250000000000000000, 1.600000000000000089, 0.4500000000000001776 ) ) ;
#2369 = CARTESIAN_POINT ( 'NONE',  ( 1.291421356237309581, 2.000000000000000000, -2.279289321881346364 ) ) ;
#2370 = ORIENTED_EDGE ( 'NONE', *, *, #2526, .T. ) ;
#2371 = ADVANCED_FACE ( 'NONE', ( #579 ), #2694, .F. ) ;
#2372 = AXIS2_PLACEMENT_3D ( 'NONE', #2682, #298, #3658 ) ;
#2373 = ORIENTED_EDGE ( 'NONE', *, *, #3828, .T. ) ;
#2374 = CARTESIAN_POINT ( 'NONE',  ( -1.079289321881345964, 0.6500000000000000222, -2.450000000000000622 ) ) ;
#2375 = EDGE_CURVE ( 'NONE', #2256, #84, #1455, .T. ) ;
#2376 = SURFACE_STYLE_FILL_AREA ( #3886 ) ;
#2377 = LINE ( 'NONE', #3296, #3299 ) ;
#2378 = PLANE ( 'NONE',  #3274 ) ;
#2379 = EDGE_CURVE ( 'NONE', #3110, #1501, #3240, .T. ) ;
#2380 = CARTESIAN_POINT ( 'NONE',  ( 1.064644660940672116, 0.7000000000000000666, -2.464644660940673582 ) ) ;
#2381 = ORIENTED_EDGE ( 'NONE', *, *, #2980, .T. ) ;
#2382 = TOROIDAL_SURFACE ( 'NONE', #3526, 0.4500000000000000666, 0.05000000000000000278 ) ;
#2383 = PLANE ( 'NONE',  #1834 ) ;
#2384 = CARTESIAN_POINT ( 'NONE',  ( -1.399999999999997691, 0.1913175911166535570, -2.299240387650614448 ) ) ;
#2385 = CARTESIAN_POINT ( 'NONE',  ( 0.5500000000000007105, 0.1499999999999999944, -1.599999999999999645 ) ) ;
#2386 =( BOUNDED_CURVE ( )  B_SPLINE_CURVE ( 3, ( #1299, #3704, #1357, #419 ),
 .UNSPECIFIED., .F., .F. ) 
 B_SPLINE_CURVE_WITH_KNOTS ( ( 4, 4 ),
 ( 4.712388980384691450, 6.283185307179586232 ),
 .UNSPECIFIED. ) 
 CURVE ( )  GEOMETRIC_REPRESENTATION_ITEM ( )  RATIONAL_B_SPLINE_CURVE ( ( 1.000000000000000000, 0.8047378541243654926, 0.8047378541243654926, 1.000000000000000000 ) ) 
 REPRESENTATION_ITEM ( '' )  );
#2387 = CARTESIAN_POINT ( 'NONE',  ( -1.300000000000000488, 1.950000000000000178, 2.299999999999999378 ) ) ;
#2388 = CARTESIAN_POINT ( 'NONE',  ( -1.400000000000000577, 0.000000000000000000, 2.250000000000001776 ) ) ;
#2389 = FACE_OUTER_BOUND ( 'NONE', #1316, .T. ) ;
#2390 = ORIENTED_EDGE ( 'NONE', *, *, #789, .F. ) ;
#2391 = EDGE_LOOP ( 'NONE', ( #1877, #2373, #666, #1225 ) ) ;
#2392 = DIRECTION ( 'NONE',  ( 0.000000000000000000, -0.9848077530122085754, -0.1736481776669276944 ) ) ;
#2393 = ORIENTED_EDGE ( 'NONE', *, *, #456, .F. ) ;
#2394 = CYLINDRICAL_SURFACE ( 'NONE', #3411, 0.05000000000000012768 ) ;
#2395 = FILL_AREA_STYLE_COLOUR ( '', #1489 ) ;
#2396 = PRESENTATION_STYLE_ASSIGNMENT (( #874 ) ) ;
#2397 = ADVANCED_FACE ( 'NONE', ( #2041 ), #2378, .T. ) ;
#2398 = CARTESIAN_POINT ( 'NONE',  ( -1.100000000000000755, 0.7000000000000000666, 2.499999999999999556 ) ) ;
#2399 = CARTESIAN_POINT ( 'NONE',  ( -1.764644660940673182, 1.950000000000000178, 1.764644660940671184 ) ) ;
#2400 = ADVANCED_FACE ( 'NONE', ( #1173 ), #1436, .T. ) ;
#2401 = CARTESIAN_POINT ( 'NONE',  ( 1.099999999999999867, 0.000000000000000000, -2.450000000000000622 ) ) ;
#2402 = EDGE_CURVE ( 'NONE', #1070, #3791, #1872, .T. ) ;
#2403 = ORIENTED_EDGE ( 'NONE', *, *, #3287, .T. ) ;
#2404 = VECTOR ( 'NONE', #864, 1000.000000000000000 ) ;
#2405 = ORIENTED_EDGE ( 'NONE', *, *, #1388, .F. ) ;
#2406 = LINE ( 'NONE', #3260, #696 ) ;
#2407 = LINE ( 'NONE', #3322, #1567 ) ;
#2408 = PLANE ( 'NONE',  #1823 ) ;
#2409 = ORIENTED_EDGE ( 'NONE', *, *, #828, .F. ) ;
#2410 = PLANE ( 'NONE',  #2249 ) ;
#2411 = DIRECTION ( 'NONE',  ( 0.000000000000000000, 0.000000000000000000, 1.000000000000000000 ) ) ;
#2412 = ADVANCED_FACE ( 'NONE', ( #1786 ), #2382, .T. ) ;
#2413 = ORIENTED_EDGE ( 'NONE', *, *, #2228, .F. ) ;
#2414 = ORIENTED_EDGE ( 'NONE', *, *, #775, .F. ) ;
#2415 = DIRECTION ( 'NONE',  ( 5.782411586589351722E-16, -0.000000000000000000, -1.000000000000000000 ) ) ;
#2416 = FACE_OUTER_BOUND ( 'NONE', #1539, .T. ) ;
#2417 = CARTESIAN_POINT ( 'NONE',  ( 2.500000000000000000, 1.950000000000000178, -2.300000000000001155 ) ) ;
#2418 = CARTESIAN_POINT ( 'NONE',  ( -1.400000000000000577, 1.300000000000000044, 2.494731009373596820 ) ) ;
#2419 = ORIENTED_EDGE ( 'NONE', *, *, #3356, .F. ) ;
#2420 = EDGE_CURVE ( 'NONE', #2718, #3215, #2338, .T. ) ;
#2421 = EDGE_LOOP ( 'NONE', ( #3818, #2838, #551, #574 ) ) ;
#2422 = FACE_OUTER_BOUND ( 'NONE', #1769, .T. ) ;
#2423 = DIRECTION ( 'NONE',  ( -0.000000000000000000, -1.000000000000000000, -0.000000000000000000 ) ) ;
#2424 = AXIS2_PLACEMENT_3D ( 'NONE', #3283, #847, #1108 ) ;
#2425 = VERTEX_POINT ( 'NONE', #2067 ) ;
#2426 = AXIS2_PLACEMENT_3D ( 'NONE', #459, #1664, #2891 ) ;
#2427 = DIRECTION ( 'NONE',  ( 0.000000000000000000, 0.000000000000000000, -1.000000000000000000 ) ) ;
#2428 = DIRECTION ( 'NONE',  ( 0.7071067811865475727, 0.000000000000000000, -0.7071067811865475727 ) ) ;
#2429 = ADVANCED_FACE ( 'NONE', ( #2671 ), #1152, .T. ) ;
#2430 = DIRECTION ( 'NONE',  ( -1.000000000000000000, 0.000000000000000000, 0.000000000000000000 ) ) ;
#2431 = ORIENTED_EDGE ( 'NONE', *, *, #2608, .T. ) ;
#2432 = LINE ( 'NONE', #10, #385 ) ;
#2433 = ORIENTED_EDGE ( 'NONE', *, *, #534, .T. ) ;
#2434 = CARTESIAN_POINT ( 'NONE',  ( -2.099999999999997868, 0.000000000000000000, -2.250000000000004441 ) ) ;
#2435 = CARTESIAN_POINT ( 'NONE',  ( 1.300000000000000044, 0.04999999999999991257, -2.300000000000001155 ) ) ;
#2436 = AXIS2_PLACEMENT_3D ( 'NONE', #2727, #47, #1528 ) ;
#2437 = CYLINDRICAL_SURFACE ( 'NONE', #1708, 0.05000000000000007216 ) ;
#2438 = CARTESIAN_POINT ( 'NONE',  ( 2.500000000000000000, 1.950000000000000178, -2.300000000000001155 ) ) ;
#2439 = DIRECTION ( 'NONE',  ( -1.000000000000000000, -0.000000000000000000, -0.000000000000000000 ) ) ;
#2440 = ADVANCED_FACE ( 'NONE', ( #3615, #1766 ), #2973, .F. ) ;
#2441 = ORIENTED_EDGE ( 'NONE', *, *, #974, .F. ) ;
#2442 = VERTEX_POINT ( 'NONE', #3368 ) ;
#2443 = VECTOR ( 'NONE', #1201, 1000.000000000000000 ) ;
#2444 = LINE ( 'NONE', #1610, #1776 ) ;
#2445 = FACE_OUTER_BOUND ( 'NONE', #3494, .T. ) ;
#2446 = VECTOR ( 'NONE', #597, 1000.000000000000000 ) ;
#2447 = EDGE_CURVE ( 'NONE', #1250, #3525, #2183, .T. ) ;
#2448 = EDGE_LOOP ( 'NONE', ( #144, #3588, #638, #400 ) ) ;
#2449 = LINE ( 'NONE', #1205, #2313 ) ;
#2450 = CARTESIAN_POINT ( 'NONE',  ( -1.300000000000000488, 0.04999999999999991257, 2.299999999999999378 ) ) ;
#2451 = VERTEX_POINT ( 'NONE', #3385 ) ;
#2452 = LINE ( 'NONE', #2165, #855 ) ;
#2453 = VECTOR ( 'NONE', #1564, 1000.000000000000114 ) ;
#2454 =( BOUNDED_CURVE ( )  B_SPLINE_CURVE ( 3, ( #986, #3691, #1004, #1323 ),
 .UNSPECIFIED., .F., .T. ) 
 B_SPLINE_CURVE_WITH_KNOTS ( ( 4, 4 ),
 ( 4.712388980384689674, 6.283185307179586232 ),
 .UNSPECIFIED. ) 
 CURVE ( )  GEOMETRIC_REPRESENTATION_ITEM ( )  RATIONAL_B_SPLINE_CURVE ( ( 1.000000000000000000, 0.8047378541243649375, 0.8047378541243649375, 1.000000000000000000 ) ) 
 REPRESENTATION_ITEM ( '' )  );
#2455 = CARTESIAN_POINT ( 'NONE',  ( 1.079289321881344632, 0.6500000000000000222, -2.450000000000000622 ) ) ;
#2456 = CARTESIAN_POINT ( 'NONE',  ( 2.499999999999999556, 0.7000000000000000666, 1.300000000000002043 ) ) ;
#2457 = CARTESIAN_POINT ( 'NONE',  ( -1.399999999999998135, 0.1499999999999999944, -1.500000000000003331 ) ) ;
#2458 = AXIS2_PLACEMENT_3D ( 'NONE', #2380, #539, #1768 ) ;
#2459 = EDGE_CURVE ( 'NONE', #2209, #60, #2129, .T. ) ;
#2460 = EDGE_LOOP ( 'NONE', ( #2661, #3532, #1333, #230 ) ) ;
#2461 = ORIENTED_EDGE ( 'NONE', *, *, #2714, .T. ) ;
#2462 = PLANE ( 'NONE',  #1644 ) ;
#2463 = DIRECTION ( 'NONE',  ( 0.000000000000000000, -0.000000000000000000, 1.000000000000000000 ) ) ;
#2464 = PLANE ( 'NONE',  #2592 ) ;
#2465 = CARTESIAN_POINT ( 'NONE',  ( -0.5499999999999994893, 0.04999999999999999584, -1.600000000000000089 ) ) ;
#2466 = ORIENTED_EDGE ( 'NONE', *, *, #3022, .T. ) ;
#2467 = VECTOR ( 'NONE', #1189, 1000.000000000000000 ) ;
#2468 = LINE ( 'NONE', #1598, #544 ) ;
#2469 = CYLINDRICAL_SURFACE ( 'NONE', #3720, 0.4500000000000001776 ) ;
#2470 = ORIENTED_EDGE ( 'NONE', *, *, #348, .F. ) ;
#2471 = EDGE_CURVE ( 'NONE', #1250, #2986, #660, .T. ) ;
#2472 = EDGE_CURVE ( 'NONE', #1395, #2530, #3203, .T. ) ;
#2473 = DIRECTION ( 'NONE',  ( 1.000000000000000000, -0.000000000000000000, -0.000000000000000000 ) ) ;
#2474 = ORIENTED_EDGE ( 'NONE', *, *, #1243, .T. ) ;
#2475 = DIRECTION ( 'NONE',  ( -2.710505431213761578E-16, -0.000000000000000000, -1.000000000000000000 ) ) ;
#2476 = LINE ( 'NONE', #979, #726 ) ;
#2477 = LINE ( 'NONE', #1840, #3505 ) ;
#2478 = VERTEX_POINT ( 'NONE', #2456 ) ;
#2479 = LINE ( 'NONE', #500, #510 ) ;
#2480 = EDGE_CURVE ( 'NONE', #2270, #115, #2476, .T. ) ;
#2481 = ORIENTED_EDGE ( 'NONE', *, *, #703, .F. ) ;
#2482 = DIRECTION ( 'NONE',  ( 1.000000000000000000, -0.000000000000000000, -1.224646799147353207E-16 ) ) ;
#2483 = ORIENTED_EDGE ( 'NONE', *, *, #417, .T. ) ;
#2484 = VECTOR ( 'NONE', #3841, 1000.000000000000000 ) ;
#2485 = CARTESIAN_POINT ( 'NONE',  ( -1.399999999999999911, 0.000000000000000000, -2.250000000000001332 ) ) ;
#2486 = DIRECTION ( 'NONE',  ( 9.427844978134821433E-17, -0.000000000000000000, 1.000000000000000000 ) ) ;
#2487 = VERTEX_POINT ( 'NONE', #922 ) ;
#2488 = VECTOR ( 'NONE', #1415, 1000.000000000000000 ) ;
#2489 = DIRECTION ( 'NONE',  ( 0.000000000000000000, 0.000000000000000000, 1.000000000000000000 ) ) ;
#2490 = VECTOR ( 'NONE', #2770, 1000.000000000000000 ) ;
#2491 = ORIENTED_EDGE ( 'NONE', *, *, #665, .F. ) ;
#2492 = EDGE_LOOP ( 'NONE', ( #560, #3340, #299, #567 ) ) ;
#2493 = LINE ( 'NONE', #997, #439 ) ;
#2494 = LINE ( 'NONE', #3405, #2133 ) ;
#2495 = DIRECTION ( 'NONE',  ( -0.000000000000000000, -1.000000000000000000, -0.000000000000000000 ) ) ;
#2496 = VECTOR ( 'NONE', #3624, 1000.000000000000000 ) ;
#2497 = FACE_OUTER_BOUND ( 'NONE', #1077, .T. ) ;
#2498 = ORIENTED_EDGE ( 'NONE', *, *, #1472, .F. ) ;
#2499 = ADVANCED_FACE ( 'NONE', ( #3333 ), #1821, .T. ) ;
#2500 = CARTESIAN_POINT ( 'NONE',  ( 0.5500000000000007105, 0.1499999999999999944, -1.599999999999999645 ) ) ;
#2501 = ORIENTED_EDGE ( 'NONE', *, *, #703, .T. ) ;
#2502 = CARTESIAN_POINT ( 'NONE',  ( 0.000000000000000000, 0.1999999999999999833, -2.250000000000001332 ) ) ;
#2503 = VECTOR ( 'NONE', #2899, 1000.000000000000000 ) ;
#2504 = ORIENTED_EDGE ( 'NONE', *, *, #29, .T. ) ;
#2505 = DIRECTION ( 'NONE',  ( -1.084202172485503842E-15, 0.000000000000000000, 1.000000000000000000 ) ) ;
#2506 = FACE_OUTER_BOUND ( 'NONE', #735, .T. ) ;
#2507 = ORIENTED_EDGE ( 'NONE', *, *, #3106, .T. ) ;
#2508 = VECTOR ( 'NONE', #858, 1000.000000000000000 ) ;
#2509 = DIRECTION ( 'NONE',  ( 1.000000000000000000, 0.000000000000000000, 0.000000000000000000 ) ) ;
#2510 = ORIENTED_EDGE ( 'NONE', *, *, #2173, .T. ) ;
#2511 = FILL_AREA_STYLE ('',( #710 ) ) ;
#2512 = CARTESIAN_POINT ( 'NONE',  ( -1.400000000000000577, 0.1652703644666147775, 2.446961550602442248 ) ) ;
#2513 = FACE_OUTER_BOUND ( 'NONE', #198, .T. ) ;
#2514 = VERTEX_POINT ( 'NONE', #1656 ) ;
#2515 = EDGE_CURVE ( 'NONE', #1876, #2487, #2251, .T. ) ;
#2516 = AXIS2_PLACEMENT_3D ( 'NONE', #2804, #120, #2245 ) ;
#2517 = ADVANCED_FACE ( 'NONE', ( #72 ), #3649, .F. ) ;
#2518 = CARTESIAN_POINT ( 'NONE',  ( -1.300000000000000266, 1.950000000000000178, -2.300000000000001155 ) ) ;
#2519 = CARTESIAN_POINT ( 'NONE',  ( -2.099999999999999645, 0.04999999999999991257, -2.250000000000001332 ) ) ;
#2520 = LINE ( 'NONE', #970, #2453 ) ;
#2521 = AXIS2_PLACEMENT_3D ( 'NONE', #1216, #3367, #53 ) ;
#2522 = ORIENTED_EDGE ( 'NONE', *, *, #3706, .F. ) ;
#2523 = VECTOR ( 'NONE', #2415, 1000.000000000000000 ) ;
#2524 = ORIENTED_EDGE ( 'NONE', *, *, #2253, .F. ) ;
#2525 = LINE ( 'NONE', #1619, #2669 ) ;
#2526 = EDGE_CURVE ( 'NONE', #1996, #1443, #2259, .T. ) ;
#2527 = ORIENTED_EDGE ( 'NONE', *, *, #1451, .T. ) ;
#2528 = AXIS2_PLACEMENT_3D ( 'NONE', #2206, #2760, #62 ) ;
#2529 = LINE ( 'NONE', #1659, #14 ) ;
#2530 = VERTEX_POINT ( 'NONE', #2417 ) ;
#2531 = CARTESIAN_POINT ( 'NONE',  ( -1.399999999999997691, 1.300000000000000044, -2.494731009373599040 ) ) ;
#2532 = CARTESIAN_POINT ( 'NONE',  ( 1.079289321881345076, 0.6500000000000000222, -2.450000000000000622 ) ) ;
#2533 = ORIENTED_EDGE ( 'NONE', *, *, #2882, .T. ) ;
#2534 = CARTESIAN_POINT ( 'NONE',  ( -2.099999999999999645, 0.000000000000000000, -2.300000000000001155 ) ) ;
#2535 = LINE ( 'NONE', #425, #866 ) ;
#2536 = DIRECTION ( 'NONE',  ( 3.614007241618345813E-16, 0.000000000000000000, -1.000000000000000000 ) ) ;
#2537 = EDGE_CURVE ( 'NONE', #1899, #2316, #940, .T. ) ;
#2538 = DIRECTION ( 'NONE',  ( 0.000000000000000000, 0.000000000000000000, 1.000000000000000000 ) ) ;
#2539 = CARTESIAN_POINT ( 'NONE',  ( 2.479289321881344321, 0.6499999999999998002, 1.291421356237312912 ) ) ;
#2540 = ORIENTED_EDGE ( 'NONE', *, *, #2117, .F. ) ;
#2541 = VECTOR ( 'NONE', #3229, 1000.000000000000114 ) ;
#2542 = ORIENTED_EDGE ( 'NONE', *, *, #2007, .T. ) ;
#2543 = EDGE_CURVE ( 'NONE', #3436, #943, #2147, .T. ) ;
#2544 = DIRECTION ( 'NONE',  ( 1.000000000000000000, 0.000000000000000000, 0.000000000000000000 ) ) ;
#2545 = ORIENTED_EDGE ( 'NONE', *, *, #3105, .F. ) ;
#2546 = VECTOR ( 'NONE', #1707, 1000.000000000000000 ) ;
#2547 = ORIENTED_EDGE ( 'NONE', *, *, #930, .F. ) ;
#2548 = STYLED_ITEM ( 'NONE', ( #2396 ), #2169 ) ;
#2549 = PLANE ( 'NONE',  #2843 ) ;
#2550 = DIRECTION ( 'NONE',  ( -1.000000000000000000, 0.000000000000000000, 0.000000000000000000 ) ) ;
#2551 = ORIENTED_EDGE ( 'NONE', *, *, #2633, .F. ) ;
#2552 = ADVANCED_FACE ( 'NONE', ( #3350 ), #3456, .F. ) ;
#2553 = CYLINDRICAL_SURFACE ( 'NONE', #2282, 0.05000000000000007216 ) ;
#2554 =( BOUNDED_CURVE ( )  B_SPLINE_CURVE ( 3, ( #191, #501, #2616, #2574 ),
 .UNSPECIFIED., .F., .T. ) 
 B_SPLINE_CURVE_WITH_KNOTS ( ( 4, 4 ),
 ( 4.712388980384691450, 6.283185307179586232 ),
 .UNSPECIFIED. ) 
 CURVE ( )  GEOMETRIC_REPRESENTATION_ITEM ( )  RATIONAL_B_SPLINE_CURVE ( ( 1.000000000000000000, 0.8047378541243654926, 0.8047378541243654926, 1.000000000000000000 ) ) 
 REPRESENTATION_ITEM ( '' )  );
#2555 = CARTESIAN_POINT ( 'NONE',  ( -2.100000000000000089, 0.1499999999999999944, 1.500000000000001110 ) ) ;
#2556 = ADVANCED_FACE ( 'NONE', ( #142 ), #636, .T. ) ;
#2557 = VERTEX_POINT ( 'NONE', #1953 ) ;
#2558 = LINE ( 'NONE', #1364, #3156 ) ;
#2559 = AXIS2_PLACEMENT_3D ( 'NONE', #364, #1571, #2796 ) ;
#2560 = CARTESIAN_POINT ( 'NONE',  ( -2.100000000000000089, 0.1499999999999999944, 2.249999999999999556 ) ) ;
#2561 = CARTESIAN_POINT ( 'NONE',  ( 0.5500000000000007105, 0.1499999999999999944, -1.599999999999999645 ) ) ;
#2562 = EDGE_CURVE ( 'NONE', #3128, #2023, #3168, .T. ) ;
#2563 = VERTEX_POINT ( 'NONE', #807 ) ;
#2564 = ORIENTED_EDGE ( 'NONE', *, *, #1578, .F. ) ;
#2565 = CARTESIAN_POINT ( 'NONE',  ( -1.100000000000000755, 0.7000000000000000666, 2.499999999999999556 ) ) ;
#2566 = CARTESIAN_POINT ( 'NONE',  ( 1.399999999999997691, 0.000000000000000000, -2.250000000000003997 ) ) ;
#2567 = ORIENTED_EDGE ( 'NONE', *, *, #555, .T. ) ;
#2568 = VECTOR ( 'NONE', #1060, 1000.000000000000000 ) ;
#2569 = ORIENTED_EDGE ( 'NONE', *, *, #3461, .F. ) ;
#2570 = DIRECTION ( 'NONE',  ( -1.000000000000000000, -0.000000000000000000, -0.000000000000000000 ) ) ;
#2571 = LINE ( 'NONE', #3826, #38 ) ;
#2572 = ORIENTED_EDGE ( 'NONE', *, *, #3100, .F. ) ;
#2573 = DIRECTION ( 'NONE',  ( 0.000000000000000000, 0.9848077530122085754, -0.1736481776669276389 ) ) ;
#2574 = CARTESIAN_POINT ( 'NONE',  ( 2.499999999999999556, 0.04999999999999991257, 1.300000000000002043 ) ) ;
#2575 = FACE_BOUND ( 'NONE', #2819, .T. ) ;
#2576 = EDGE_CURVE ( 'NONE', #1927, #3344, #3503, .T. ) ;
#2577 = CIRCLE ( 'NONE', #2639, 0.4500000000000001776 ) ;
#2578 = CARTESIAN_POINT ( 'NONE',  ( 1.099999999999999645, 1.950000000000000178, -2.500000000000000888 ) ) ;
#2579 = AXIS2_PLACEMENT_3D ( 'NONE', #3428, #368, #1576 ) ;
#2580 = DIRECTION ( 'NONE',  ( 1.000000000000000000, 0.000000000000000000, 0.000000000000000000 ) ) ;
#2581 = ORIENTED_EDGE ( 'NONE', *, *, #2480, .F. ) ;
#2582 = VERTEX_POINT ( 'NONE', #2566 ) ;
#2583 = COLOUR_RGB ( '',0.7921568627450980005, 0.8196078431372548767, 0.9333333333333333481 ) ;
#2584 = DIRECTION ( 'NONE',  ( -1.000000000000000000, -0.000000000000000000, -6.195440985631461234E-16 ) ) ;
#2585 = CARTESIAN_POINT ( 'NONE',  ( 2.099999999999997868, 1.273952773349960710, -2.642452172325430393 ) ) ;
#2586 = ORIENTED_EDGE ( 'NONE', *, *, #545, .F. ) ;
#2587 = AXIS2_PLACEMENT_3D ( 'NONE', #3644, #1470, #282 ) ;
#2588 = ADVANCED_FACE ( 'NONE', ( #827 ), #3777, .F. ) ;
#2589 = EDGE_CURVE ( 'NONE', #2332, #3377, #1374, .T. ) ;
#2590 = ORIENTED_EDGE ( 'NONE', *, *, #3815, .T. ) ;
#2591 = DIRECTION ( 'NONE',  ( 0.000000000000000000, 0.000000000000000000, 1.000000000000000000 ) ) ;
#2592 = AXIS2_PLACEMENT_3D ( 'NONE', #3117, #1023, #3674 ) ;
#2593 = LINE ( 'NONE', #3805, #2234 ) ;
#2594 = VERTEX_POINT ( 'NONE', #3482 ) ;
#2595 = CARTESIAN_POINT ( 'NONE',  ( -2.499999999999999556, 0.04999999999999991257, 2.299999999999999378 ) ) ;
#2596 = DIRECTION ( 'NONE',  ( 0.000000000000000000, 0.000000000000000000, -1.000000000000000000 ) ) ;
#2597 = CARTESIAN_POINT ( 'NONE',  ( 1.291421356237309803, 2.000000000000000000, 2.479289321881346098 ) ) ;
#2598 = ORIENTED_EDGE ( 'NONE', *, *, #3345, .F. ) ;
#2599 = DIRECTION ( 'NONE',  ( 1.000000000000000000, -0.000000000000000000, -6.195440985631461234E-16 ) ) ;
#2600 = ADVANCED_FACE ( 'NONE', ( #1429 ), #3212, .T. ) ;
#2601 = FACE_OUTER_BOUND ( 'NONE', #2217, .T. ) ;
#2602 = DIRECTION ( 'NONE',  ( -1.000000000000000000, 0.000000000000000000, 0.000000000000000000 ) ) ;
#2603 = VERTEX_POINT ( 'NONE', #2351 ) ;
#2604 = ORIENTED_EDGE ( 'NONE', *, *, #675, .F. ) ;
#2605 = LINE ( 'NONE', #569, #2541 ) ;
#2606 = CARTESIAN_POINT ( 'NONE',  ( -1.300000000000000266, 0.5999999999999999778, -2.300000000000001155 ) ) ;
#2607 = VERTEX_POINT ( 'NONE', #2274 ) ;
#2608 = EDGE_CURVE ( 'NONE', #705, #1915, #1372, .T. ) ;
#2609 = ORIENTED_EDGE ( 'NONE', *, *, #924, .T. ) ;
#2610 = DIRECTION ( 'NONE',  ( 9.427844978134821433E-17, 0.000000000000000000, 1.000000000000000000 ) ) ;
#2611 = CIRCLE ( 'NONE', #2990, 0.05000000000000012768 ) ;
#2612 = LINE ( 'NONE', #187, #2179 ) ;
#2613 = ORIENTED_EDGE ( 'NONE', *, *, #3275, .T. ) ;
#2614 = VECTOR ( 'NONE', #1804, 1000.000000000000000 ) ;
#2615 = LINE ( 'NONE', #1361, #634 ) ;
#2616 = CARTESIAN_POINT ( 'NONE',  ( 2.499999999999998668, 0.02071067811865470384, 1.300000000000002265 ) ) ;
#2617 = CYLINDRICAL_SURFACE ( 'NONE', #3607, 0.05000000000000012768 ) ;
#2618 = CARTESIAN_POINT ( 'NONE',  ( -0.5499999999999994893, 0.1499999999999999944, 2.000000000000000000 ) ) ;
#2619 = DIRECTION ( 'NONE',  ( 0.000000000000000000, 0.000000000000000000, -1.000000000000000000 ) ) ;
#2620 = AXIS2_PLACEMENT_3D ( 'NONE', #2054, #2013, #2310 ) ;
#2621 = LINE ( 'NONE', #211, #2336 ) ;
#2622 = FACE_OUTER_BOUND ( 'NONE', #490, .T. ) ;
#2623 = LINE ( 'NONE', #548, #3055 ) ;
#2624 = DIRECTION ( 'NONE',  ( -1.000000000000000000, 0.000000000000000000, -0.000000000000000000 ) ) ;
#2625 = ORIENTED_EDGE ( 'NONE', *, *, #907, .F. ) ;
#2626 = ORIENTED_EDGE ( 'NONE', *, *, #1120, .T. ) ;
#2627 = VECTOR ( 'NONE', #2225, 1000.000000000000000 ) ;
#2628 = ORIENTED_EDGE ( 'NONE', *, *, #2247, .T. ) ;
#2629 = CARTESIAN_POINT ( 'NONE',  ( -2.099999999999999645, 0.1499999999999999944, -2.300000000000001155 ) ) ;
#2630 = DIRECTION ( 'NONE',  ( 1.000000000000000000, 0.000000000000000000, -0.000000000000000000 ) ) ;
#2631 = CARTESIAN_POINT ( 'NONE',  ( 1.399999999999997691, 0.000000000000000000, -2.250000000000003997 ) ) ;
#2632 = LINE ( 'NONE', #3259, #3613 ) ;
#2633 = EDGE_CURVE ( 'NONE', #1236, #1188, #1699, .T. ) ;
#2634 = EDGE_CURVE ( 'NONE', #912, #1127, #1680, .T. ) ;
#2635 = EDGE_CURVE ( 'NONE', #2607, #2530, #549, .T. ) ;
#2636 = DIRECTION ( 'NONE',  ( -1.000000000000000000, 0.000000000000000000, 0.000000000000000000 ) ) ;
#2637 = DIRECTION ( 'NONE',  ( -6.101318315979463128E-16, -0.1736481776669276389, 0.9848077530122085754 ) ) ;
#2638 = DIRECTION ( 'NONE',  ( 0.000000000000000000, 0.000000000000000000, 1.000000000000000000 ) ) ;
#2639 = AXIS2_PLACEMENT_3D ( 'NONE', #3836, #3498, #783 ) ;
#2640 = DIRECTION ( 'NONE',  ( 0.7071067811865475727, -0.000000000000000000, 0.7071067811865475727 ) ) ;
#2641 = FACE_OUTER_BOUND ( 'NONE', #669, .T. ) ;
#2642 = DIRECTION ( 'NONE',  ( -1.926125456201315678E-16, 0.9848077530122085754, 0.1736481776669276389 ) ) ;
#2643 = VECTOR ( 'NONE', #800, 1000.000000000000000 ) ;
#2644 = ORIENTED_EDGE ( 'NONE', *, *, #2576, .F. ) ;
#2645 = VERTEX_POINT ( 'NONE', #2907 ) ;
#2646 = ORIENTED_EDGE ( 'NONE', *, *, #3365, .F. ) ;
#2647 = EDGE_CURVE ( 'NONE', #1971, #1702, #2752, .T. ) ;
#2648 = CARTESIAN_POINT ( 'NONE',  ( -2.100000000000000089, 0.1499999999999999944, 1.500000000000001332 ) ) ;
#2649 = VECTOR ( 'NONE', #1018, 1000.000000000000000 ) ;
#2650 = AXIS2_PLACEMENT_3D ( 'NONE', #1131, #2278, #2945 ) ;
#2651 = DIRECTION ( 'NONE',  ( 0.000000000000000000, 0.000000000000000000, 1.000000000000000000 ) ) ;
#2652 = LINE ( 'NONE', #2022, #2764 ) ;
#2653 = CARTESIAN_POINT ( 'NONE',  ( 0.5500000000000008216, 0.04999999999999999584, -1.149999999999999467 ) ) ;
#2654 = CARTESIAN_POINT ( 'NONE',  ( -2.500000000000000000, 0.7000000000000000666, -2.300000000000001155 ) ) ;
#2655 = PLANE ( 'NONE',  #263 ) ;
#2656 = CYLINDRICAL_SURFACE ( 'NONE', #667, 0.3999999999999999667 ) ;
#2657 = DIRECTION ( 'NONE',  ( 0.000000000000000000, 0.000000000000000000, -1.000000000000000000 ) ) ;
#2658 = ADVANCED_FACE ( 'NONE', ( #1145 ), #3568, .F. ) ;
#2659 =( BOUNDED_CURVE ( )  B_SPLINE_CURVE ( 3, ( #834, #1495, #3315, #2693 ),
 .UNSPECIFIED., .F., .F. ) 
 B_SPLINE_CURVE_WITH_KNOTS ( ( 4, 4 ),
 ( 0.000000000000000000, 1.570796326794896558 ),
 .UNSPECIFIED. ) 
 CURVE ( )  GEOMETRIC_REPRESENTATION_ITEM ( )  RATIONAL_B_SPLINE_CURVE ( ( 1.000000000000000000, 0.8047378541243649375, 0.8047378541243649375, 1.000000000000000000 ) ) 
 REPRESENTATION_ITEM ( '' )  );
#2660 = EDGE_CURVE ( 'NONE', #3521, #3721, #200, .T. ) ;
#2661 = ORIENTED_EDGE ( 'NONE', *, *, #1678, .T. ) ;
#2662 = CARTESIAN_POINT ( 'NONE',  ( -1.300000000000000488, 0.5999999999999999778, 2.299999999999999378 ) ) ;
#2663 = CARTESIAN_POINT ( 'NONE',  ( -2.479289321881344765, 0.6500000000000001332, 2.279289321881345032 ) ) ;
#2664 = ORIENTED_EDGE ( 'NONE', *, *, #3612, .T. ) ;
#2665 = EDGE_CURVE ( 'NONE', #685, #1349, #3799, .T. ) ;
#2666 = ORIENTED_EDGE ( 'NONE', *, *, #534, .F. ) ;
#2667 = SURFACE_STYLE_USAGE ( .BOTH. , #262 ) ;
#2668 =( NAMED_UNIT ( * ) SI_UNIT ( $, .STERADIAN. ) SOLID_ANGLE_UNIT ( ) );
#2669 = VECTOR ( 'NONE', #2847, 1000.000000000000000 ) ;
#2670 = CARTESIAN_POINT ( 'NONE',  ( 1.099999999999999645, 2.000000000000000000, -2.500000000000000888 ) ) ;
#2671 = FACE_OUTER_BOUND ( 'NONE', #1499, .T. ) ;
#2672 = LINE ( 'NONE', #2418, #751 ) ;
#2673 = VECTOR ( 'NONE', #1517, 1000.000000000000000 ) ;
#2674 = ADVANCED_FACE ( 'NONE', ( #3230 ), #1125, .F. ) ;
#2675 = ORIENTED_EDGE ( 'NONE', *, *, #752, .T. ) ;
#2676 =( BOUNDED_CURVE ( )  B_SPLINE_CURVE ( 3, ( #3309, #1511, #3085, #724 ),
 .UNSPECIFIED., .F., .T. ) 
 B_SPLINE_CURVE_WITH_KNOTS ( ( 4, 4 ),
 ( 3.141592653589790896, 4.712388980384686121 ),
 .UNSPECIFIED. ) 
 CURVE ( )  GEOMETRIC_REPRESENTATION_ITEM ( )  RATIONAL_B_SPLINE_CURVE ( ( 1.000000000000000000, 0.8047378541243652705, 0.8047378541243652705, 1.000000000000000000 ) ) 
 REPRESENTATION_ITEM ( '' )  );
#2677 = CARTESIAN_POINT ( 'NONE',  ( -2.500000000000000000, 0.6500000000000000222, -2.250000000000001332 ) ) ;
#2678 = CARTESIAN_POINT ( 'NONE',  ( -1.399999999999997691, 0.1999999999999999833, -2.250000000000003997 ) ) ;
#2679 = DIRECTION ( 'NONE',  ( 0.7071067811865486830, -0.000000000000000000, 0.7071067811865463515 ) ) ;
#2680 = CARTESIAN_POINT ( 'NONE',  ( -1.300000000000000266, 2.000000000000000000, -2.300000000000001155 ) ) ;
#2681 = DIRECTION ( 'NONE',  ( -1.084202172485499306E-15, 0.000000000000000000, 1.000000000000000000 ) ) ;
#2682 = CARTESIAN_POINT ( 'NONE',  ( 2.499999999999999556, 2.000000000000000000, 1.300000000000002043 ) ) ;
#2683 =( BOUNDED_CURVE ( )  B_SPLINE_CURVE ( 3, ( #1346, #3495, #3181, #2322 ),
 .UNSPECIFIED., .F., .T. ) 
 B_SPLINE_CURVE_WITH_KNOTS ( ( 4, 4 ),
 ( 1.570796326794896558, 3.141592653589795336 ),
 .UNSPECIFIED. ) 
 CURVE ( )  GEOMETRIC_REPRESENTATION_ITEM ( )  RATIONAL_B_SPLINE_CURVE ( ( 1.000000000000000000, 0.8047378541243644934, 0.8047378541243644934, 1.000000000000000000 ) ) 
 REPRESENTATION_ITEM ( '' )  );
#2684 = ORIENTED_EDGE ( 'NONE', *, *, #2227, .T. ) ;
#2685 = ADVANCED_FACE ( 'NONE', ( #215 ), #2330, .T. ) ;
#2686 = ORIENTED_EDGE ( 'NONE', *, *, #64, .T. ) ;
#2687 = EDGE_CURVE ( 'NONE', #3213, #3286, #2941, .T. ) ;
#2688 = CARTESIAN_POINT ( 'NONE',  ( -1.400000000000000577, 1.273952773349960710, 2.642452172325428172 ) ) ;
#2689 = EDGE_LOOP ( 'NONE', ( #2431, #2684 ) ) ;
#2690 = EDGE_CURVE ( 'NONE', #2036, #3789, #848, .T. ) ;
#2691 = FILL_AREA_STYLE ('',( #1494 ) ) ;
#2692 = VECTOR ( 'NONE', #1692, 1000.000000000000000 ) ;
#2693 = CARTESIAN_POINT ( 'NONE',  ( -1.079289321881345964, 2.000000000000000000, 2.449999999999999289 ) ) ;
#2694 = PLANE ( 'NONE',  #999 ) ;
#2695 = LINE ( 'NONE', #2401, #2673 ) ;
#2696 = ORIENTED_EDGE ( 'NONE', *, *, #274, .F. ) ;
#2697 = AXIS2_PLACEMENT_3D ( 'NONE', #441, #482, #1690 ) ;
#2698 = EDGE_LOOP ( 'NONE', ( #2474, #494, #3353, #851 ) ) ;
#2699 = CARTESIAN_POINT ( 'NONE',  ( 0.5500000000000007105, 0.1499999999999999944, -1.599999999999999645 ) ) ;
#2700 = ADVANCED_FACE ( 'NONE', ( #3898 ), #1487, .T. ) ;
#2701 = DIRECTION ( 'NONE',  ( 1.000000000000000000, 0.000000000000000000, -6.195440985631461234E-16 ) ) ;
#2702 = CARTESIAN_POINT ( 'NONE',  ( -2.449999999999999289, 0.04999999999999991257, 2.299999999999999378 ) ) ;
#2703 = UNCERTAINTY_MEASURE_WITH_UNIT (LENGTH_MEASURE( 1.000000000000000082E-05 ), #1958, 'distance_accuracy_value', 'NONE');
#2704 = FACE_OUTER_BOUND ( 'NONE', #1931, .T. ) ;
#2705 = CARTESIAN_POINT ( 'NONE',  ( 0.000000000000000000, 0.5999999999999999778, 2.249999999999999556 ) ) ;
#2706 = CARTESIAN_POINT ( 'NONE',  ( -2.499999999999999556, 0.6707106781186548128, 2.299999999999999378 ) ) ;
#2707 = ORIENTED_EDGE ( 'NONE', *, *, #1959, .T. ) ;
#2708 = ORIENTED_EDGE ( 'NONE', *, *, #1784, .F. ) ;
#2709 = ORIENTED_EDGE ( 'NONE', *, *, #3243, .T. ) ;
#2710 = VECTOR ( 'NONE', #2979, 1000.000000000000000 ) ;
#2711 = DIRECTION ( 'NONE',  ( 0.7071067811865486830, 0.000000000000000000, 0.7071067811865463515 ) ) ;
#2712 = LINE ( 'NONE', #51, #2056 ) ;
#2713 = DIRECTION ( 'NONE',  ( 0.000000000000000000, 0.000000000000000000, 1.000000000000000000 ) ) ;
#2714 = EDGE_CURVE ( 'NONE', #2594, #431, #28, .T. ) ;
#2715 = LINE ( 'NONE', #3868, #1084 ) ;
#2716 = CARTESIAN_POINT ( 'NONE',  ( 1.300000000000000711, 0.5999999999999998668, 2.500000000000000444 ) ) ;
#2717 = CARTESIAN_POINT ( 'NONE',  ( 0.5500000000000007105, 0.1499999999999999944, -1.999999999999999556 ) ) ;
#2718 = VERTEX_POINT ( 'NONE', #1165 ) ;
#2719 = AXIS2_PLACEMENT_3D ( 'NONE', #2933, #2343, #3871 ) ;
#2720 = ORIENTED_EDGE ( 'NONE', *, *, #3647, .F. ) ;
#2721 = CARTESIAN_POINT ( 'NONE',  ( 1.399999999999997691, 1.300000000000000044, -2.494731009373599040 ) ) ;
#2722 = CYLINDRICAL_SURFACE ( 'NONE', #422, 0.04999999999999969746 ) ;
#2723 = DIRECTION ( 'NONE',  ( 0.000000000000000000, 0.000000000000000000, 1.000000000000000000 ) ) ;
#2724 = CIRCLE ( 'NONE', #1529, 0.3999999999999999667 ) ;
#2725 = VERTEX_POINT ( 'NONE', #1227 ) ;
#2726 = DIRECTION ( 'NONE',  ( 0.000000000000000000, 0.000000000000000000, 1.000000000000000000 ) ) ;
#2727 = CARTESIAN_POINT ( 'NONE',  ( 0.000000000000000000, 1.950000000000000178, -2.450000000000000622 ) ) ;
#2728 = FACE_OUTER_BOUND ( 'NONE', #22, .T. ) ;
#2729 = VERTEX_POINT ( 'NONE', #627 ) ;
#2730 = DIRECTION ( 'NONE',  ( -1.000000000000000000, 0.000000000000000000, -1.204669080539441948E-16 ) ) ;
#2731 = EDGE_LOOP ( 'NONE', ( #185, #931, #3703, #2409 ) ) ;
#2732 = PLANE ( 'NONE',  #3294 ) ;
#2733 = DIRECTION ( 'NONE',  ( -0.000000000000000000, -1.000000000000000000, -0.000000000000000000 ) ) ;
#2734 = EDGE_CURVE ( 'NONE', #2645, #3547, #868, .T. ) ;
#2735 = CYLINDRICAL_SURFACE ( 'NONE', #2156, 0.05000000000000007216 ) ;
#2736 = CARTESIAN_POINT ( 'NONE',  ( 2.479289321881345209, 2.000000000000000000, -2.279289321881346364 ) ) ;
#2737 = CARTESIAN_POINT ( 'NONE',  ( 2.099999999999997868, 1.273952773349960710, -2.642452172325430393 ) ) ;
#2738 = ADVANCED_FACE ( 'NONE', ( #318 ), #891, .T. ) ;
#2739 = ORIENTED_EDGE ( 'NONE', *, *, #533, .T. ) ;
#2740 = ORIENTED_EDGE ( 'NONE', *, *, #3783, .F. ) ;
#2741 = FACE_OUTER_BOUND ( 'NONE', #3307, .T. ) ;
#2742 = DIRECTION ( 'NONE',  ( 0.000000000000000000, 0.000000000000000000, 1.000000000000000000 ) ) ;
#2743 = LINE ( 'NONE', #293, #733 ) ;
#2744 = CARTESIAN_POINT ( 'NONE',  ( 0.5500000000000007105, 0.04999999999999999584, -1.599999999999999645 ) ) ;
#2745 = EDGE_LOOP ( 'NONE', ( #1290, #2230, #1509, #1305 ) ) ;
#2746 = VECTOR ( 'NONE', #13, 1000.000000000000000 ) ;
#2747 = CARTESIAN_POINT ( 'NONE',  ( 2.479289321881344765, 0.6500000000000001332, 1.291421356237311580 ) ) ;
#2748 = FACE_OUTER_BOUND ( 'NONE', #475, .T. ) ;
#2749 = VERTEX_POINT ( 'NONE', #1548 ) ;
#2750 = CARTESIAN_POINT ( 'NONE',  ( 2.449999999999999734, 2.000000000000000000, -2.250000000000001332 ) ) ;
#2751 = EDGE_CURVE ( 'NONE', #1658, #2607, #3472, .T. ) ;
#2752 = CIRCLE ( 'NONE', #1047, 0.3999999999999999667 ) ;
#2753 = CYLINDRICAL_SURFACE ( 'NONE', #2521, 0.05000000000000012768 ) ;
#2754 = DIRECTION ( 'NONE',  ( -1.000000000000000000, -0.000000000000000000, -6.195440985631461234E-16 ) ) ;
#2755 = DIRECTION ( 'NONE',  ( 0.000000000000000000, -0.000000000000000000, -1.000000000000000000 ) ) ;
#2756 = ORIENTED_EDGE ( 'NONE', *, *, #1072, .T. ) ;
#2757 = ORIENTED_EDGE ( 'NONE', *, *, #3647, .T. ) ;
#2758 = AXIS2_PLACEMENT_3D ( 'NONE', #82, #1832, #1226 ) ;
#2759 = PLANE ( 'NONE',  #2719 ) ;
#2760 = DIRECTION ( 'NONE',  ( -0.7071067811865475727, 0.000000000000000000, 0.7071067811865475727 ) ) ;
#2761 = CARTESIAN_POINT ( 'NONE',  ( -1.400000000000000577, 0.1913175911166536125, 2.299240387650611783 ) ) ;
#2762 = ADVANCED_FACE ( 'NONE', ( #3640 ), #2961, .F. ) ;
#2763 = ADVANCED_FACE ( 'NONE', ( #2140 ), #1813, .F. ) ;
#2764 = VECTOR ( 'NONE', #903, 1000.000000000000000 ) ;
#2765 = EDGE_CURVE ( 'NONE', #804, #2030, #1833, .T. ) ;
#2766 = ORIENTED_EDGE ( 'NONE', *, *, #2543, .F. ) ;
#2767 = DIRECTION ( 'NONE',  ( -9.427844978134821433E-17, 0.000000000000000000, -1.000000000000000000 ) ) ;
#2768 = CARTESIAN_POINT ( 'NONE',  ( 2.099999999999999645, 0.000000000000000000, -1.500000000000000888 ) ) ;
#2769 = ORIENTED_EDGE ( 'NONE', *, *, #202, .T. ) ;
#2770 = DIRECTION ( 'NONE',  ( 5.782411586589351722E-16, 0.000000000000000000, 1.000000000000000000 ) ) ;
#2771 = CIRCLE ( 'NONE', #620, 0.4500000000000001776 ) ;
#2772 = ADVANCED_FACE ( 'NONE', ( #2389 ), #2983, .F. ) ;
#2773 = CARTESIAN_POINT ( 'NONE',  ( 1.399999999999997691, 1.273952773349960710, -2.642452172325429949 ) ) ;
#2774 = CARTESIAN_POINT ( 'NONE',  ( 1.091421356237309181, 2.000000000000000000, -2.479289321881345654 ) ) ;
#2775 = CARTESIAN_POINT ( 'NONE',  ( -1.399999999999999911, 0.1999999999999999833, 2.300000000000001155 ) ) ;
#2776 = VECTOR ( 'NONE', #3118, 1000.000000000000114 ) ;
#2777 = ORIENTED_EDGE ( 'NONE', *, *, #177, .T. ) ;
#2778 = VECTOR ( 'NONE', #1035, 1000.000000000000000 ) ;
#2779 = CARTESIAN_POINT ( 'NONE',  ( -0.5499999999999994893, 0.1499999999999999944, -2.000000000000000000 ) ) ;
#2780 = CARTESIAN_POINT ( 'NONE',  ( 0.5500000000000007105, 0.04999999999999999584, -1.599999999999999645 ) ) ;
#2781 = VECTOR ( 'NONE', #3065, 1000.000000000000000 ) ;
#2782 = ORIENTED_EDGE ( 'NONE', *, *, #545, .T. ) ;
#2783 = ADVANCED_FACE ( 'NONE', ( #2748 ), #1206, .T. ) ;
#2784 = VECTOR ( 'NONE', #1222, 1000.000000000000000 ) ;
#2785 = LINE ( 'NONE', #608, #1746 ) ;
#2786 = DIRECTION ( 'NONE',  ( 0.000000000000000000, 0.000000000000000000, -1.000000000000000000 ) ) ;
#2787 = ADVANCED_FACE ( 'NONE', ( #3024 ), #609, .T. ) ;
#2788 = VECTOR ( 'NONE', #1785, 1000.000000000000000 ) ;
#2789 = EDGE_LOOP ( 'NONE', ( #473, #2590, #2888, #1293 ) ) ;
#2790 = DIRECTION ( 'NONE',  ( -9.427844978134821433E-17, -0.000000000000000000, -1.000000000000000000 ) ) ;
#2791 = ORIENTED_EDGE ( 'NONE', *, *, #3612, .F. ) ;
#2792 =( BOUNDED_CURVE ( )  B_SPLINE_CURVE ( 3, ( #646, #2663, #2706, #914 ),
 .UNSPECIFIED., .F., .T. ) 
 B_SPLINE_CURVE_WITH_KNOTS ( ( 4, 4 ),
 ( 1.570796326794896558, 3.141592653589793116 ),
 .UNSPECIFIED. ) 
 CURVE ( )  GEOMETRIC_REPRESENTATION_ITEM ( )  RATIONAL_B_SPLINE_CURVE ( ( 1.000000000000000000, 0.8047378541243649375, 0.8047378541243649375, 1.000000000000000000 ) ) 
 REPRESENTATION_ITEM ( '' )  );
#2793 = EDGE_CURVE ( 'NONE', #404, #2036, #3306, .T. ) ;
#2794 = ORIENTED_EDGE ( 'NONE', *, *, #2459, .T. ) ;
#2795 = LINE ( 'NONE', #690, #3162 ) ;
#2796 = DIRECTION ( 'NONE',  ( -1.000000000000000000, 0.000000000000000000, -3.614007241618345813E-16 ) ) ;
#2797 = PLANE ( 'NONE',  #977 ) ;
#2798 = ORIENTED_EDGE ( 'NONE', *, *, #2765, .T. ) ;
#2799 = DIRECTION ( 'NONE',  ( 0.000000000000000000, 1.000000000000000000, -0.000000000000000000 ) ) ;
#2800 = LINE ( 'NONE', #96, #2082 ) ;
#2801 = ORIENTED_EDGE ( 'NONE', *, *, #2138, .T. ) ;
#2802 = CIRCLE ( 'NONE', #1101, 0.05000000000000012768 ) ;
#2803 = PLANE ( 'NONE',  #229 ) ;
#2804 = CARTESIAN_POINT ( 'NONE',  ( 2.500000000000000000, 0.7000000000000000666, -2.250000000000001332 ) ) ;
#2805 = ORIENTED_EDGE ( 'NONE', *, *, #775, .T. ) ;
#2806 = VECTOR ( 'NONE', #1235, 1000.000000000000114 ) ;
#2807 = LINE ( 'NONE', #1854, #2781 ) ;
#2808 = DIRECTION ( 'NONE',  ( 1.000000000000000000, 0.000000000000000000, -2.710505431213761578E-16 ) ) ;
#2809 = EDGE_CURVE ( 'NONE', #1349, #3388, #2792, .T. ) ;
#2810 = DIRECTION ( 'NONE',  ( -0.000000000000000000, -1.000000000000000000, -0.000000000000000000 ) ) ;
#2811 = ADVANCED_FACE ( 'NONE', ( #3361 ), #2121, .F. ) ;
#2812 = ORIENTED_EDGE ( 'NONE', *, *, #3105, .T. ) ;
#2813 = CARTESIAN_POINT ( 'NONE',  ( -2.100000000000000089, 0.04999999999999991257, 2.299999999999999378 ) ) ;
#2814 = DIRECTION ( 'NONE',  ( 0.000000000000000000, 0.000000000000000000, -1.000000000000000000 ) ) ;
#2815 = FACE_OUTER_BOUND ( 'NONE', #2141, .T. ) ;
#2816 = VECTOR ( 'NONE', #2887, 1000.000000000000000 ) ;
#2817 =( BOUNDED_CURVE ( )  B_SPLINE_CURVE ( 3, ( #1144, #787, #2920, #2350 ),
 .UNSPECIFIED., .F., .T. ) 
 B_SPLINE_CURVE_WITH_KNOTS ( ( 4, 4 ),
 ( 3.141592653589790896, 4.712388980384685233 ),
 .UNSPECIFIED. ) 
 CURVE ( )  GEOMETRIC_REPRESENTATION_ITEM ( )  RATIONAL_B_SPLINE_CURVE ( ( 1.000000000000000000, 0.8047378541243654926, 0.8047378541243654926, 1.000000000000000000 ) ) 
 REPRESENTATION_ITEM ( '' )  );
#2818 = ORIENTED_EDGE ( 'NONE', *, *, #1648, .F. ) ;
#2819 = EDGE_LOOP ( 'NONE', ( #1717, #830 ) ) ;
#2820 = LINE ( 'NONE', #1240, #3552 ) ;
#2821 = ORIENTED_EDGE ( 'NONE', *, *, #1326, .F. ) ;
#2822 = DIRECTION ( 'NONE',  ( 0.000000000000000000, 0.000000000000000000, -1.000000000000000000 ) ) ;
#2823 = ADVANCED_FACE ( 'NONE', ( #2506 ), #67, .T. ) ;
#2824 = ORIENTED_EDGE ( 'NONE', *, *, #2515, .F. ) ;
#2825 = LINE ( 'NONE', #3749, #2627 ) ;
#2826 = LINE ( 'NONE', #1909, #1449 ) ;
#2827 = ORIENTED_EDGE ( 'NONE', *, *, #2515, .T. ) ;
#2828 = DIRECTION ( 'NONE',  ( -0.000000000000000000, -1.000000000000000000, -0.000000000000000000 ) ) ;
#2829 = ORIENTED_EDGE ( 'NONE', *, *, #2195, .T. ) ;
#2830 = CARTESIAN_POINT ( 'NONE',  ( 1.250000000000000000, 1.600000000000000089, 0.000000000000000000 ) ) ;
#2831 = ORIENTED_EDGE ( 'NONE', *, *, #1557, .F. ) ;
#2832 = DIRECTION ( 'NONE',  ( -1.000000000000000000, 0.000000000000000000, 0.000000000000000000 ) ) ;
#2833 = CARTESIAN_POINT ( 'NONE',  ( -1.264644660940672516, 0.6500000000000000222, -2.264644660940673848 ) ) ;
#2834 = AXIS2_PLACEMENT_3D ( 'NONE', #2702, #929, #2050 ) ;
#2835 = VERTEX_POINT ( 'NONE', #1581 ) ;
#2836 = CARTESIAN_POINT ( 'NONE',  ( -2.449999999999999289, 2.000000000000000000, 2.309822019643031035E-16 ) ) ;
#2837 = CARTESIAN_POINT ( 'NONE',  ( -0.5499999999999994893, 0.04999999999999999584, 1.600000000000000089 ) ) ;
#2838 = ORIENTED_EDGE ( 'NONE', *, *, #301, .F. ) ;
#2839 = CARTESIAN_POINT ( 'NONE',  ( -2.100000000000000089, 0.1499999999999999944, 1.500000000000001332 ) ) ;
#2840 = ADVANCED_FACE ( 'NONE', ( #3681 ), #2211, .F. ) ;
#2841 = DIRECTION ( 'NONE',  ( 1.000000000000000000, 0.000000000000000000, 6.195440985631461234E-16 ) ) ;
#2842 = CARTESIAN_POINT ( 'NONE',  ( 1.250000000000000000, 1.600000000000000089, 0.000000000000000000 ) ) ;
#2843 = AXIS2_PLACEMENT_3D ( 'NONE', #731, #2591, #1317 ) ;
#2844 = EDGE_LOOP ( 'NONE', ( #256, #2720, #2874, #2339 ) ) ;
#2845 = CLOSED_SHELL ( 'NONE', ( #535, #392, #488, #875, #1645, #3806, #2144, #3905, #2685, #631 ) ) ;
#2846 = ORIENTED_EDGE ( 'NONE', *, *, #1157, .T. ) ;
#2847 = DIRECTION ( 'NONE',  ( -1.084202172485504631E-15, 0.000000000000000000, 1.000000000000000000 ) ) ;
#2848 = ORIENTED_EDGE ( 'NONE', *, *, #825, .T. ) ;
#2849 = CIRCLE ( 'NONE', #3102, 0.05000000000000012768 ) ;
#2850 = EDGE_CURVE ( 'NONE', #674, #3209, #1329, .T. ) ;
#2851 = EDGE_CURVE ( 'NONE', #2514, #3180, #2826, .T. ) ;
#2852 = ORIENTED_EDGE ( 'NONE', *, *, #956, .T. ) ;
#2853 = LINE ( 'NONE', #108, #3859 ) ;
#2854 = LINE ( 'NONE', #3132, #2488 ) ;
#2855 = ORIENTED_EDGE ( 'NONE', *, *, #3677, .T. ) ;
#2856 = DIRECTION ( 'NONE',  ( -0.000000000000000000, -0.000000000000000000, -1.000000000000000000 ) ) ;
#2857 = PLANE ( 'NONE',  #2697 ) ;
#2858 = ADVANCED_FACE ( 'NONE', ( #1289 ), #1599, .T. ) ;
#2859 = FACE_OUTER_BOUND ( 'NONE', #707, .T. ) ;
#2860 = CARTESIAN_POINT ( 'NONE',  ( 2.449999999999999734, 0.6500000000000000222, -2.250000000000001332 ) ) ;
#2861 = CARTESIAN_POINT ( 'NONE',  ( -1.100000000000000533, 0.6292893218813452316, -2.500000000000001332 ) ) ;
#2862 = EDGE_LOOP ( 'NONE', ( #2829, #2540, #2090, #3758 ) ) ;
#2863 = CIRCLE ( 'NONE', #844, 0.3999999999999999667 ) ;
#2864 = ORIENTED_EDGE ( 'NONE', *, *, #1379, .F. ) ;
#2865 = LINE ( 'NONE', #2565, #2175 ) ;
#2866 = DIRECTION ( 'NONE',  ( -1.000000000000000000, -0.000000000000000000, -3.614007241618345813E-16 ) ) ;
#2867 = ORIENTED_EDGE ( 'NONE', *, *, #154, .T. ) ;
#2868 = VECTOR ( 'NONE', #3013, 1000.000000000000114 ) ;
#2869 = FACE_OUTER_BOUND ( 'NONE', #3308, .T. ) ;
#2870 = EDGE_LOOP ( 'NONE', ( #2221, #3844, #531, #1519 ) ) ;
#2871 = EDGE_CURVE ( 'NONE', #201, #3509, #946, .T. ) ;
#2872 = SURFACE_SIDE_STYLE ('',( #1054 ) ) ;
#2873 = DIRECTION ( 'NONE',  ( 0.000000000000000000, 0.000000000000000000, 1.000000000000000000 ) ) ;
#2874 = ORIENTED_EDGE ( 'NONE', *, *, #29, .F. ) ;
#2875 = PLANE ( 'NONE',  #1588 ) ;
#2876 = CARTESIAN_POINT ( 'NONE',  ( 1.279289321881346586, 0.6500000000000000222, 2.450000000000000178 ) ) ;
#2877 = ORIENTED_EDGE ( 'NONE', *, *, #143, .T. ) ;
#2878 = LINE ( 'NONE', #1061, #1948 ) ;
#2879 = VECTOR ( 'NONE', #2866, 1000.000000000000000 ) ;
#2880 = CARTESIAN_POINT ( 'NONE',  ( -0.5499999999999994893, 0.04999999999999999584, -2.000000000000000000 ) ) ;
#2881 = CARTESIAN_POINT ( 'NONE',  ( -1.079289321881345520, 0.6500000000000000222, -2.450000000000000622 ) ) ;
#2882 = EDGE_CURVE ( 'NONE', #1884, #3310, #3699, .T. ) ;
#2883 = EDGE_CURVE ( 'NONE', #2487, #3697, #3379, .T. ) ;
#2884 = ORIENTED_EDGE ( 'NONE', *, *, #3829, .T. ) ;
#2885 = ORIENTED_EDGE ( 'NONE', *, *, #3126, .T. ) ;
#2886 = PLANE ( 'NONE',  #916 ) ;
#2887 = DIRECTION ( 'NONE',  ( 1.000000000000000000, -0.000000000000000000, -0.000000000000000000 ) ) ;
#2888 = ORIENTED_EDGE ( 'NONE', *, *, #2851, .F. ) ;
#2889 = ORIENTED_EDGE ( 'NONE', *, *, #2447, .T. ) ;
#2890 = CARTESIAN_POINT ( 'NONE',  ( -1.100000000000000755, 0.5999999999999999778, 2.499999999999999556 ) ) ;
#2891 = DIRECTION ( 'NONE',  ( -9.427844978134821433E-17, 0.000000000000000000, -1.000000000000000000 ) ) ;
#2892 = ADVANCED_FACE ( 'NONE', ( #1616 ), #3416, .T. ) ;
#2893 = EDGE_LOOP ( 'NONE', ( #435, #464, #3362, #450 ) ) ;
#2894 = FACE_OUTER_BOUND ( 'NONE', #3661, .T. ) ;
#2895 = DIRECTION ( 'NONE',  ( -0.000000000000000000, 1.000000000000000000, 0.000000000000000000 ) ) ;
#2896 = ORIENTED_EDGE ( 'NONE', *, *, #2989, .F. ) ;
#2897 = FACE_OUTER_BOUND ( 'NONE', #2862, .T. ) ;
#2898 = CIRCLE ( 'NONE', #2207, 0.05000000000000012768 ) ;
#2899 = DIRECTION ( 'NONE',  ( -1.445602896647343650E-15, 0.1736481776669284993, 0.9848077530122084644 ) ) ;
#2900 = CARTESIAN_POINT ( 'NONE',  ( 2.500000000000000000, 0.04999999999999991257, -2.300000000000001155 ) ) ;
#2901 = EDGE_CURVE ( 'NONE', #3215, #2594, #2520, .T. ) ;
#2902 = CARTESIAN_POINT ( 'NONE',  ( 0.000000000000000000, 0.000000000000000000, 0.000000000000000000 ) ) ;
#2903 = VERTEX_POINT ( 'NONE', #3735 ) ;
#2904 = ORIENTED_EDGE ( 'NONE', *, *, #3911, .T. ) ;
#2905 = VECTOR ( 'NONE', #2832, 1000.000000000000000 ) ;
#2906 = CARTESIAN_POINT ( 'NONE',  ( 1.279289321881345032, 2.000000000000000000, -2.250000000000001332 ) ) ;
#2907 = CARTESIAN_POINT ( 'NONE',  ( -1.399999999999999911, 0.04999999999999991257, 2.300000000000001155 ) ) ;
#2908 = ORIENTED_EDGE ( 'NONE', *, *, #2155, .T. ) ;
#2909 = VECTOR ( 'NONE', #32, 1000.000000000000114 ) ;
#2910 = ORIENTED_EDGE ( 'NONE', *, *, #3561, .F. ) ;
#2911 = CARTESIAN_POINT ( 'NONE',  ( -2.099999999999997868, 0.1999999999999999833, -2.250000000000004441 ) ) ;
#2912 = CARTESIAN_POINT ( 'NONE',  ( 1.300000000000000044, 2.000000000000000000, -2.300000000000001155 ) ) ;
#2913 = EDGE_LOOP ( 'NONE', ( #1730, #7, #955, #1113 ) ) ;
#2914 = LINE ( 'NONE', #3809, #3237 ) ;
#2915 = DIRECTION ( 'NONE',  ( -1.084202172485503842E-15, 0.000000000000000000, -1.000000000000000000 ) ) ;
#2916 = CARTESIAN_POINT ( 'NONE',  ( -1.764644660940673182, 0.5999999999999999778, 1.764644660940671184 ) ) ;
#2917 = CARTESIAN_POINT ( 'NONE',  ( -1.399999999999999911, 0.1499999999999999944, -2.300000000000001155 ) ) ;
#2918 = CARTESIAN_POINT ( 'NONE',  ( -1.100000000000000755, 0.5999999999999998668, -2.500000000000000888 ) ) ;
#2919 = VERTEX_POINT ( 'NONE', #2768 ) ;
#2920 = CARTESIAN_POINT ( 'NONE',  ( -2.479289321881345209, 0.6499999999999999112, -2.279289321881345920 ) ) ;
#2921 = DIRECTION ( 'NONE',  ( 1.000000000000000000, 0.000000000000000000, 6.195440985631461234E-16 ) ) ;
#2922 = ORIENTED_EDGE ( 'NONE', *, *, #3134, .F. ) ;
#2923 = ORIENTED_EDGE ( 'NONE', *, *, #1582, .F. ) ;
#2924 = ORIENTED_EDGE ( 'NONE', *, *, #1393, .T. ) ;
#2925 =( LENGTH_UNIT ( ) NAMED_UNIT ( * ) SI_UNIT ( .MILLI., .METRE. ) );
#2926 = ADVANCED_FACE ( 'NONE', ( #1266 ), #2469, .F. ) ;
#2927 = ADVANCED_FACE ( 'NONE', ( #3143 ), #3784, .T. ) ;
#2928 = VECTOR ( 'NONE', #3386, 1000.000000000000000 ) ;
#2929 = CARTESIAN_POINT ( 'NONE',  ( 0.5500000000000007105, -3.388131789017201356E-18, -2.049999999999999822 ) ) ;
#2930 = CARTESIAN_POINT ( 'NONE',  ( 2.100000000000000089, 0.1499999999999999944, -2.300000000000000711 ) ) ;
#2931 = ORIENTED_EDGE ( 'NONE', *, *, #3275, .F. ) ;
#2932 = DIRECTION ( 'NONE',  ( 0.000000000000000000, -1.000000000000000000, 0.000000000000000000 ) ) ;
#2933 = CARTESIAN_POINT ( 'NONE',  ( 1.399999999999997691, 1.273952773349960710, -2.642452172325429949 ) ) ;
#2934 = CYLINDRICAL_SURFACE ( 'NONE', #3797, 0.2000000000000009548 ) ;
#2935 = LINE ( 'NONE', #227, #111 ) ;
#2936 = CYLINDRICAL_SURFACE ( 'NONE', #1575, 0.05000000000000012768 ) ;
#2937 = EDGE_CURVE ( 'NONE', #1166, #2256, #2898, .T. ) ;
#2938 = APPLICATION_PROTOCOL_DEFINITION ( 'draft international standard', 'automotive_design', 1998, #1704 ) ;
#2939 = EDGE_LOOP ( 'NONE', ( #11, #3478, #2087, #503 ) ) ;
#2940 = CARTESIAN_POINT ( 'NONE',  ( 0.5500000000000007105, 0.04999999999999999584, -1.599999999999999645 ) ) ;
#2941 = LINE ( 'NONE', #1445, #537 ) ;
#2942 = ORIENTED_EDGE ( 'NONE', *, *, #3847, .T. ) ;
#2943 = ORIENTED_EDGE ( 'NONE', *, *, #2471, .T. ) ;
#2944 = ORIENTED_EDGE ( 'NONE', *, *, #280, .F. ) ;
#2945 = DIRECTION ( 'NONE',  ( 0.000000000000000000, 0.000000000000000000, -1.000000000000000000 ) ) ;
#2946 = CARTESIAN_POINT ( 'NONE',  ( -1.100000000000000755, 0.7000000000000000666, 2.499999999999999556 ) ) ;
#2947 = AXIS2_PLACEMENT_3D ( 'NONE', #2093, #271, #2814 ) ;
#2948 = CARTESIAN_POINT ( 'NONE',  ( -1.100000000000000755, 0.04999999999999991257, 2.499999999999999556 ) ) ;
#2949 = DIRECTION ( 'NONE',  ( 0.000000000000000000, 0.000000000000000000, -1.000000000000000000 ) ) ;
#2950 = ORIENTED_EDGE ( 'NONE', *, *, #3459, .T. ) ;
#2951 = LINE ( 'NONE', #2631, #2962 ) ;
#2952 = DIRECTION ( 'NONE',  ( -1.000000000000000000, -0.000000000000000000, -6.195440985631461234E-16 ) ) ;
#2953 = CARTESIAN_POINT ( 'NONE',  ( -1.300000000000000266, 0.2000000000000000944, -2.300000000000001155 ) ) ;
#2954 = CARTESIAN_POINT ( 'NONE',  ( -1.400000000000000577, 0.1913175911166536125, 2.299240387650611783 ) ) ;
#2955 = CARTESIAN_POINT ( 'NONE',  ( -1.300000000000000266, 0.02071067811865466221, -2.300000000000001155 ) ) ;
#2956 = EDGE_CURVE ( 'NONE', #2132, #2603, #3226, .T. ) ;
#2957 = CARTESIAN_POINT ( 'NONE',  ( -1.300000000000000488, 0.7000000000000000666, 2.249999999999999556 ) ) ;
#2958 = AXIS2_PLACEMENT_3D ( 'NONE', #3874, #622, #887 ) ;
#2959 = LINE ( 'NONE', #3584, #2404 ) ;
#2960 = DIRECTION ( 'NONE',  ( 0.7071067811865475727, -0.000000000000000000, 0.7071067811865475727 ) ) ;
#2961 = CYLINDRICAL_SURFACE ( 'NONE', #3068, 0.3999999999999999667 ) ;
#2962 = VECTOR ( 'NONE', #2993, 1000.000000000000000 ) ;
#2963 =( BOUNDED_CURVE ( )  B_SPLINE_CURVE ( 3, ( #3611, #3551, #3845, #2374 ),
 .UNSPECIFIED., .F., .T. ) 
 B_SPLINE_CURVE_WITH_KNOTS ( ( 4, 4 ),
 ( 3.141592653589793116, 4.712388980384689674 ),
 .UNSPECIFIED. ) 
 CURVE ( )  GEOMETRIC_REPRESENTATION_ITEM ( )  RATIONAL_B_SPLINE_CURVE ( ( 1.000000000000000000, 0.8047378541243649375, 0.8047378541243649375, 1.000000000000000000 ) ) 
 REPRESENTATION_ITEM ( '' )  );
#2964 = EDGE_LOOP ( 'NONE', ( #971, #750, #2491, #3827 ) ) ;
#2965 = ORIENTED_EDGE ( 'NONE', *, *, #2402, .T. ) ;
#2966 = CARTESIAN_POINT ( 'NONE',  ( -2.449999999999999289, 0.6500000000000000222, 2.309822019643031035E-16 ) ) ;
#2967 = CARTESIAN_POINT ( 'NONE',  ( 1.099999999999999645, 0.7000000000000000666, -2.500000000000000888 ) ) ;
#2968 = ADVANCED_FACE ( 'NONE', ( #682 ), #1849, .T. ) ;
#2969 = VECTOR ( 'NONE', #575, 1000.000000000000000 ) ;
#2970 = ADVANCED_FACE ( 'NONE', ( #3183 ), #448, .T. ) ;
#2971 = VECTOR ( 'NONE', #2171, 1000.000000000000000 ) ;
#2972 = FACE_OUTER_BOUND ( 'NONE', #1448, .T. ) ;
#2973 = PLANE ( 'NONE',  #3907 ) ;
#2974 = LINE ( 'NONE', #3870, #1263 ) ;
#2975 = ORIENTED_EDGE ( 'NONE', *, *, #1191, .F. ) ;
#2976 = EDGE_CURVE ( 'NONE', #2563, #3521, #1819, .T. ) ;
#2977 = CARTESIAN_POINT ( 'NONE',  ( -1.400000000000000577, 1.273952773349960710, 2.642452172325428172 ) ) ;
#2978 = FACE_OUTER_BOUND ( 'NONE', #3329, .T. ) ;
#2979 = DIRECTION ( 'NONE',  ( 1.000000000000000000, 0.000000000000000000, 0.000000000000000000 ) ) ;
#2980 = EDGE_CURVE ( 'NONE', #3903, #30, #2006, .T. ) ;
#2981 = ORIENTED_EDGE ( 'NONE', *, *, #2980, .F. ) ;
#2982 = CARTESIAN_POINT ( 'NONE',  ( 2.499999999999999556, 0.04999999999999991257, 1.300000000000002043 ) ) ;
#2983 = PLANE ( 'NONE',  #2372 ) ;
#2984 = EDGE_LOOP ( 'NONE', ( #1283, #1530, #1992, #1892 ) ) ;
#2985 = FACE_OUTER_BOUND ( 'NONE', #915, .T. ) ;
#2986 = VERTEX_POINT ( 'NONE', #2578 ) ;
#2987 = CARTESIAN_POINT ( 'NONE',  ( 1.099999999999999645, 2.000000000000000000, -2.500000000000000888 ) ) ;
#2988 = CARTESIAN_POINT ( 'NONE',  ( 1.400000000000000355, 0.1499999999999999944, -2.250000000000001332 ) ) ;
#2989 = EDGE_CURVE ( 'NONE', #2514, #3172, #3093, .T. ) ;
#2990 = AXIS2_PLACEMENT_3D ( 'NONE', #232, #1444, #3860 ) ;
#2991 = DIRECTION ( 'NONE',  ( -0.000000000000000000, -1.000000000000000000, -0.000000000000000000 ) ) ;
#2992 = CARTESIAN_POINT ( 'NONE',  ( -2.100000000000000089, 0.04999999999999991257, 2.249999999999999556 ) ) ;
#2993 = DIRECTION ( 'NONE',  ( 1.000000000000000000, -0.000000000000000000, -6.195440985631461234E-16 ) ) ;
#2994 = AXIS2_PLACEMENT_3D ( 'NONE', #1321, #1572, #3033 ) ;
#2995 = ORIENTED_EDGE ( 'NONE', *, *, #1672, .T. ) ;
#2996 = ORIENTED_EDGE ( 'NONE', *, *, #3202, .F. ) ;
#2997 = LINE ( 'NONE', #2677, #197 ) ;
#2998 = CARTESIAN_POINT ( 'NONE',  ( 2.449999999999999289, 0.6500000000000000222, 1.279289321881348140 ) ) ;
#2999 = CYLINDRICAL_SURFACE ( 'NONE', #2834, 0.05000000000000012768 ) ;
#3000 = CARTESIAN_POINT ( 'NONE',  ( -2.499999999999999556, 0.7000000000000000666, 2.299999999999999378 ) ) ;
#3001 = EDGE_CURVE ( 'NONE', #68, #2442, #2577, .T. ) ;
#3002 = ADVANCED_FACE ( 'NONE', ( #1990 ), #2936, .T. ) ;
#3003 = CARTESIAN_POINT ( 'NONE',  ( -1.399999999999999911, 0.1499999999999999944, 2.300000000000001155 ) ) ;
#3004 = DIRECTION ( 'NONE',  ( -0.000000000000000000, -0.000000000000000000, -1.000000000000000000 ) ) ;
#3005 = AXIS2_PLACEMENT_3D ( 'NONE', #1050, #3687, #3667 ) ;
#3006 = ORIENTED_EDGE ( 'NONE', *, *, #1484, .F. ) ;
#3007 = VERTEX_POINT ( 'NONE', #1675 ) ;
#3008 = VERTEX_POINT ( 'NONE', #3206 ) ;
#3009 = LINE ( 'NONE', #2143, #1555 ) ;
#3010 = FILL_AREA_STYLE ('',( #147 ) ) ;
#3011 = DIRECTION ( 'NONE',  ( -0.000000000000000000, -1.000000000000000000, -0.000000000000000000 ) ) ;
#3012 = DIRECTION ( 'NONE',  ( 1.445602896647343650E-15, 0.1736481776669284993, 0.9848077530122084644 ) ) ;
#3013 = DIRECTION ( 'NONE',  ( -0.7071067811865476838, -0.000000000000000000, 0.7071067811865473507 ) ) ;
#3014 = EDGE_CURVE ( 'NONE', #2986, #2607, #3476, .T. ) ;
#3015 = ORIENTED_EDGE ( 'NONE', *, *, #2164, .T. ) ;
#3016 = AXIS2_PLACEMENT_3D ( 'NONE', #1194, #2630, #2949 ) ;
#3017 = VERTEX_POINT ( 'NONE', #1735 ) ;
#3018 = CARTESIAN_POINT ( 'NONE',  ( -0.5499999999999994893, 0.1499999999999999944, -1.200000000000000178 ) ) ;
#3019 = FACE_OUTER_BOUND ( 'NONE', #1057, .T. ) ;
#3020 = DIRECTION ( 'NONE',  ( 0.7071067811865471286, 0.000000000000000000, 0.7071067811865479058 ) ) ;
#3021 = DIRECTION ( 'NONE',  ( 0.000000000000000000, 0.000000000000000000, -1.000000000000000000 ) ) ;
#3022 = EDGE_CURVE ( 'NONE', #179, #1888, #812, .T. ) ;
#3023 = DIRECTION ( 'NONE',  ( 0.000000000000000000, -1.000000000000000000, -0.000000000000000000 ) ) ;
#3024 = FACE_OUTER_BOUND ( 'NONE', #1355, .T. ) ;
#3025 = ORIENTED_EDGE ( 'NONE', *, *, #1452, .T. ) ;
#3026 = ORIENTED_EDGE ( 'NONE', *, *, #3765, .F. ) ;
#3027 = VECTOR ( 'NONE', #2366, 1000.000000000000000 ) ;
#3028 = LINE ( 'NONE', #1493, #2909 ) ;
#3029 = EDGE_CURVE ( 'NONE', #2270, #3124, #1693, .T. ) ;
#3030 = CARTESIAN_POINT ( 'NONE',  ( 1.400000000000000355, 0.000000000000000000, -2.300000000000000711 ) ) ;
#3031 = CARTESIAN_POINT ( 'NONE',  ( -2.099999999999999645, 0.1499999999999999944, -1.500000000000001332 ) ) ;
#3032 = VECTOR ( 'NONE', #3686, 1000.000000000000000 ) ;
#3033 = DIRECTION ( 'NONE',  ( 0.000000000000000000, 0.000000000000000000, 1.000000000000000000 ) ) ;
#3034 = ORIENTED_EDGE ( 'NONE', *, *, #3528, .T. ) ;
#3035 = VECTOR ( 'NONE', #2392, 1000.000000000000000 ) ;
#3036 = CARTESIAN_POINT ( 'NONE',  ( 1.399999999999997691, 1.273952773349960710, -2.642452172325429949 ) ) ;
#3037 = DIRECTION ( 'NONE',  ( -0.7071067811865474617, 0.000000000000000000, -0.7071067811865474617 ) ) ;
#3038 = DIRECTION ( 'NONE',  ( 0.000000000000000000, 0.000000000000000000, 1.000000000000000000 ) ) ;
#3039 = VECTOR ( 'NONE', #1098, 1000.000000000000000 ) ;
#3040 = ORIENTED_EDGE ( 'NONE', *, *, #2851, .T. ) ;
#3041 = LINE ( 'NONE', #3623, #1056 ) ;
#3042 = CARTESIAN_POINT ( 'NONE',  ( -1.264644660940672960, 0.04999999999999991257, -2.264644660940673848 ) ) ;
#3043 = CYLINDRICAL_SURFACE ( 'NONE', #77, 0.05000000000000012768 ) ;
#3044 = ORIENTED_EDGE ( 'NONE', *, *, #514, .T. ) ;
#3045 = DIRECTION ( 'NONE',  ( 1.000000000000000000, 0.000000000000000000, -0.000000000000000000 ) ) ;
#3046 = LINE ( 'NONE', #2104, #2467 ) ;
#3047 = DIRECTION ( 'NONE',  ( 0.000000000000000000, 1.000000000000000000, 0.000000000000000000 ) ) ;
#3048 = LINE ( 'NONE', #3349, #3609 ) ;
#3049 = DIRECTION ( 'NONE',  ( -1.000000000000000000, 0.000000000000000000, 0.000000000000000000 ) ) ;
#3050 = EDGE_CURVE ( 'NONE', #3714, #3558, #3465, .T. ) ;
#3051 = ADVANCED_FACE ( 'NONE', ( #175 ), #1386, .T. ) ;
#3052 = DIRECTION ( 'NONE',  ( 1.000000000000000000, 0.000000000000000000, 6.195440985631461234E-16 ) ) ;
#3053 = EDGE_CURVE ( 'NONE', #1995, #1038, #1424, .T. ) ;
#3054 = ORIENTED_EDGE ( 'NONE', *, *, #341, .F. ) ;
#3055 = VECTOR ( 'NONE', #1124, 1000.000000000000000 ) ;
#3056 = CARTESIAN_POINT ( 'NONE',  ( -2.449999999999999734, 0.6500000000000000222, -2.250000000000001332 ) ) ;
#3057 = CARTESIAN_POINT ( 'NONE',  ( 1.399999999999998135, 0.1499999999999999944, -1.500000000000003331 ) ) ;
#3058 = LINE ( 'NONE', #2172, #3538 ) ;
#3059 =( GEOMETRIC_REPRESENTATION_CONTEXT ( 3 ) GLOBAL_UNCERTAINTY_ASSIGNED_CONTEXT ( ( #2210 ) ) GLOBAL_UNIT_ASSIGNED_CONTEXT ( ( #1450, #554, #2668 ) ) REPRESENTATION_CONTEXT ( 'NONE', 'WORKASPACE' ) );
#3060 = EDGE_LOOP ( 'NONE', ( #376, #2769, #3881, #2010 ) ) ;
#3061 = DIRECTION ( 'NONE',  ( 1.000000000000000000, 0.000000000000000000, -9.427844978134821433E-17 ) ) ;
#3062 = DIRECTION ( 'NONE',  ( 0.000000000000000000, 0.000000000000000000, -1.000000000000000000 ) ) ;
#3063 = EDGE_CURVE ( 'NONE', #1899, #611, #1727, .T. ) ;
#3064 = ORIENTED_EDGE ( 'NONE', *, *, #2260, .F. ) ;
#3065 = DIRECTION ( 'NONE',  ( -5.782411586589372430E-16, 0.000000000000000000, 1.000000000000000000 ) ) ;
#3066 = FACE_OUTER_BOUND ( 'NONE', #1353, .T. ) ;
#3067 = VECTOR ( 'NONE', #3331, 1000.000000000000000 ) ;
#3068 = AXIS2_PLACEMENT_3D ( 'NONE', #2160, #277, #934 ) ;
#3069 =( BOUNDED_CURVE ( )  B_SPLINE_CURVE ( 3, ( #2315, #3531, #2279, #3489 ),
 .UNSPECIFIED., .F., .T. ) 
 B_SPLINE_CURVE_WITH_KNOTS ( ( 4, 4 ),
 ( 3.141592653589790896, 4.712388980384687898 ),
 .UNSPECIFIED. ) 
 CURVE ( )  GEOMETRIC_REPRESENTATION_ITEM ( )  RATIONAL_B_SPLINE_CURVE ( ( 1.000000000000000000, 0.8047378541243649375, 0.8047378541243649375, 1.000000000000000000 ) ) 
 REPRESENTATION_ITEM ( '' )  );
#3070 = LINE ( 'NONE', #3666, #3032 ) ;
#3071 = DIRECTION ( 'NONE',  ( 1.000000000000000000, -0.000000000000000000, -6.195440985631461234E-16 ) ) ;
#3072 = CARTESIAN_POINT ( 'NONE',  ( 1.299999999999999822, 0.5999999999999999778, -2.300000000000001155 ) ) ;
#3073 = ORIENTED_EDGE ( 'NONE', *, *, #1083, .F. ) ;
#3074 = VERTEX_POINT ( 'NONE', #507 ) ;
#3075 = EDGE_CURVE ( 'NONE', #1592, #611, #1716, .T. ) ;
#3076 = CARTESIAN_POINT ( 'NONE',  ( 0.000000000000000000, 0.6500000000000000222, 0.000000000000000000 ) ) ;
#3077 = CARTESIAN_POINT ( 'NONE',  ( 1.079289321881345076, 0.000000000000000000, -2.450000000000000622 ) ) ;
#3078 = CARTESIAN_POINT ( 'NONE',  ( 1.399999999999997691, 0.1999999999999999833, -2.250000000000003997 ) ) ;
#3079 = ADVANCED_FACE ( 'NONE', ( #1104 ), #210, .F. ) ;
#3080 = EDGE_LOOP ( 'NONE', ( #1608, #359, #99, #1761 ) ) ;
#3081 = CYLINDRICAL_SURFACE ( 'NONE', #343, 0.05000000000000012768 ) ;
#3082 = CARTESIAN_POINT ( 'NONE',  ( -1.300000000000000266, 0.7000000000000000666, -2.250000000000001332 ) ) ;
#3083 = EDGE_CURVE ( 'NONE', #908, #2077, #3582, .T. ) ;
#3084 = ORIENTED_EDGE ( 'NONE', *, *, #675, .T. ) ;
#3085 = CARTESIAN_POINT ( 'NONE',  ( -1.291421356237309137, 0.6499999999999998002, -2.279289321881346364 ) ) ;
#3086 = CARTESIAN_POINT ( 'NONE',  ( 2.449999999999999289, 0.04999999999999991257, 1.300000000000002043 ) ) ;
#3087 = AXIS2_PLACEMENT_3D ( 'NONE', #2385, #2094, #3621 ) ;
#3088 = ORIENTED_EDGE ( 'NONE', *, *, #2660, .T. ) ;
#3089 = CARTESIAN_POINT ( 'NONE',  ( 1.064644660940672116, 0.04999999999999991257, -2.464644660940673582 ) ) ;
#3090 = DIRECTION ( 'NONE',  ( 1.000000000000000000, 0.000000000000000000, -0.000000000000000000 ) ) ;
#3091 = CARTESIAN_POINT ( 'NONE',  ( 2.099999999999999645, 0.1499999999999999944, -1.500000000000000888 ) ) ;
#3092 = VECTOR ( 'NONE', #1261, 1000.000000000000000 ) ;
#3093 =( BOUNDED_CURVE ( )  B_SPLINE_CURVE ( 3, ( #2918, #2861, #157, #2881 ),
 .UNSPECIFIED., .F., .F. ) 
 B_SPLINE_CURVE_WITH_KNOTS ( ( 4, 4 ),
 ( -1.776356839400250465E-15, 1.570796326794896558 ),
 .UNSPECIFIED. ) 
 CURVE ( )  GEOMETRIC_REPRESENTATION_ITEM ( )  RATIONAL_B_SPLINE_CURVE ( ( 1.000000000000000000, 0.8047378541243646044, 0.8047378541243646044, 1.000000000000000000 ) ) 
 REPRESENTATION_ITEM ( '' )  );
#3094 = ORIENTED_EDGE ( 'NONE', *, *, #1875, .T. ) ;
#3095 = CARTESIAN_POINT ( 'NONE',  ( 2.500000000000000000, 0.7000000000000000666, -2.300000000000001155 ) ) ;
#3096 = VECTOR ( 'NONE', #2991, 1000.000000000000000 ) ;
#3097 = CARTESIAN_POINT ( 'NONE',  ( -1.399999999999997691, 0.1499999999999999944, -2.250000000000003997 ) ) ;
#3098 = CARTESIAN_POINT ( 'NONE',  ( -1.079289321881345964, 0.6500000000000000222, 2.449999999999999289 ) ) ;
#3099 = AXIS2_PLACEMENT_3D ( 'NONE', #2830, #382, #3740 ) ;
#3100 = EDGE_CURVE ( 'NONE', #3913, #1896, #2771, .T. ) ;
#3101 = ORIENTED_EDGE ( 'NONE', *, *, #3783, .T. ) ;
#3102 = AXIS2_PLACEMENT_3D ( 'NONE', #113, #2430, #3660 ) ;
#3103 = CARTESIAN_POINT ( 'NONE',  ( 1.264644660940672738, 0.000000000000000000, -2.264644660940673848 ) ) ;
#3104 = DIRECTION ( 'NONE',  ( -0.000000000000000000, -1.000000000000000000, -0.000000000000000000 ) ) ;
#3105 = EDGE_CURVE ( 'NONE', #3109, #3903, #749, .T. ) ;
#3106 = EDGE_CURVE ( 'NONE', #102, #3702, #1069, .T. ) ;
#3107 = ORIENTED_EDGE ( 'NONE', *, *, #3264, .T. ) ;
#3108 = DIRECTION ( 'NONE',  ( 0.000000000000000000, 0.000000000000000000, -1.000000000000000000 ) ) ;
#3109 = VERTEX_POINT ( 'NONE', #2072 ) ;
#3110 = VERTEX_POINT ( 'NONE', #25 ) ;
#3111 = DIRECTION ( 'NONE',  ( -1.000000000000000000, -0.000000000000000000, -6.195440985631461234E-16 ) ) ;
#3112 = CARTESIAN_POINT ( 'NONE',  ( -1.300000000000000266, 1.979289321881345209, 2.299999999999999378 ) ) ;
#3113 = DIRECTION ( 'NONE',  ( 1.000000000000000000, 0.000000000000000000, 6.195440985631461234E-16 ) ) ;
#3114 = ORIENTED_EDGE ( 'NONE', *, *, #2537, .F. ) ;
#3115 = EDGE_CURVE ( 'NONE', #1006, #725, #902, .T. ) ;
#3116 = ORIENTED_EDGE ( 'NONE', *, *, #1694, .T. ) ;
#3117 = CARTESIAN_POINT ( 'NONE',  ( 2.099999999999999645, 0.1499999999999999944, -1.500000000000000888 ) ) ;
#3118 = DIRECTION ( 'NONE',  ( 0.7071067811865474617, -0.000000000000000000, -0.7071067811865474617 ) ) ;
#3119 = ORIENTED_EDGE ( 'NONE', *, *, #1215, .T. ) ;
#3120 = UNCERTAINTY_MEASURE_WITH_UNIT (LENGTH_MEASURE( 1.000000000000000082E-05 ), #852, 'distance_accuracy_value', 'NONE');
#3121 = VECTOR ( 'NONE', #2828, 1000.000000000000000 ) ;
#3122 = CARTESIAN_POINT ( 'NONE',  ( -2.479289321881344765, 2.000000000000000000, -2.279289321881346364 ) ) ;
#3123 = DIRECTION ( 'NONE',  ( 1.000000000000000000, 0.000000000000000000, 6.195440985631461234E-16 ) ) ;
#3124 = VERTEX_POINT ( 'NONE', #1480 ) ;
#3125 = VECTOR ( 'NONE', #1880, 1000.000000000000000 ) ;
#3126 = EDGE_CURVE ( 'NONE', #3625, #2729, #1850, .T. ) ;
#3127 = DIRECTION ( 'NONE',  ( -1.000000000000000000, 0.000000000000000000, 0.000000000000000000 ) ) ;
#3128 = VERTEX_POINT ( 'NONE', #1775 ) ;
#3129 = CARTESIAN_POINT ( 'NONE',  ( -1.764644660940673182, 0.6500000000000000222, 1.764644660940671184 ) ) ;
#3130 = EDGE_LOOP ( 'NONE', ( #281, #2739, #1956, #1841, #2740, #1787, #1550, #2162 ) ) ;
#3131 = CARTESIAN_POINT ( 'NONE',  ( -2.100000000000000533, 0.000000000000000000, 2.250000000000001332 ) ) ;
#3132 = CARTESIAN_POINT ( 'NONE',  ( -2.100000000000000089, 0.000000000000000000, 2.300000000000001155 ) ) ;
#3133 = AXIS2_PLACEMENT_3D ( 'NONE', #411, #991, #396 ) ;
#3134 = EDGE_CURVE ( 'NONE', #3824, #917, #1180, .T. ) ;
#3135 = ORIENTED_EDGE ( 'NONE', *, *, #3683, .F. ) ;
#3136 = CARTESIAN_POINT ( 'NONE',  ( 2.449999999999999734, 0.6500000000000000222, -2.250000000000001332 ) ) ;
#3137 = CARTESIAN_POINT ( 'NONE',  ( -1.064644660940673226, 0.04999999999999991257, 2.464644660940672249 ) ) ;
#3138 = CARTESIAN_POINT ( 'NONE',  ( -1.400000000000000577, 0.000000000000000000, 2.250000000000001776 ) ) ;
#3139 = ORIENTED_EDGE ( 'NONE', *, *, #3429, .F. ) ;
#3140 = CARTESIAN_POINT ( 'NONE',  ( -1.400000000000000577, 1.300000000000000044, 2.494731009373596820 ) ) ;
#3141 = VECTOR ( 'NONE', #3857, 1000.000000000000000 ) ;
#3142 = FACE_OUTER_BOUND ( 'NONE', #1781, .T. ) ;
#3143 = FACE_OUTER_BOUND ( 'NONE', #1835, .T. ) ;
#3144 = EDGE_CURVE ( 'NONE', #39, #2557, #543, .T. ) ;
#3145 = ORIENTED_EDGE ( 'NONE', *, *, #1192, .F. ) ;
#3146 = EDGE_LOOP ( 'NONE', ( #2756, #2686, #3026, #3424 ) ) ;
#3147 = DIRECTION ( 'NONE',  ( -0.000000000000000000, -1.000000000000000000, -0.000000000000000000 ) ) ;
#3148 = VERTEX_POINT ( 'NONE', #1828 ) ;
#3149 = LINE ( 'NONE', #1426, #568 ) ;
#3150 = EDGE_CURVE ( 'NONE', #905, #3638, #1129, .T. ) ;
#3151 = ORIENTED_EDGE ( 'NONE', *, *, #160, .T. ) ;
#3152 = CARTESIAN_POINT ( 'NONE',  ( -2.100000000000000533, 0.1913175911166536125, 2.299240387650611339 ) ) ;
#3153 = VECTOR ( 'NONE', #1122, 1000.000000000000000 ) ;
#3154 = EDGE_LOOP ( 'NONE', ( #522, #2581, #2666, #1830 ) ) ;
#3155 = CARTESIAN_POINT ( 'NONE',  ( -1.400000000000000577, 0.1499999999999989952, 2.249999999999999556 ) ) ;
#3156 = VECTOR ( 'NONE', #904, 1000.000000000000114 ) ;
#3157 = CARTESIAN_POINT ( 'NONE',  ( -1.300000000000000488, 0.5999999999999998668, 2.299999999999999378 ) ) ;
#3158 = ORIENTED_EDGE ( 'NONE', *, *, #1014, .T. ) ;
#3159 = LINE ( 'NONE', #484, #3346 ) ;
#3160 = CYLINDRICAL_SURFACE ( 'NONE', #2191, 0.2000000000000000944 ) ;
#3161 = DIRECTION ( 'NONE',  ( 0.000000000000000000, 0.000000000000000000, -1.000000000000000000 ) ) ;
#3162 = VECTOR ( 'NONE', #1838, 1000.000000000000114 ) ;
#3163 = ADVANCED_FACE ( 'NONE', ( #1523 ), #1762, .T. ) ;
#3164 = ORIENTED_EDGE ( 'NONE', *, *, #1472, .T. ) ;
#3165 = VECTOR ( 'NONE', #993, 1000.000000000000000 ) ;
#3166 = EDGE_LOOP ( 'NONE', ( #3632, #3506, #528, #1024, #399, #3466, #3803, #442 ) ) ;
#3167 = CARTESIAN_POINT ( 'NONE',  ( -1.399999999999997691, 0.1999999999999999833, -2.250000000000003997 ) ) ;
#3168 = LINE ( 'NONE', #452, #2879 ) ;
#3169 = ORIENTED_EDGE ( 'NONE', *, *, #1296, .F. ) ;
#3170 = AXIS2_PLACEMENT_3D ( 'NONE', #132, #1059, #2283 ) ;
#3171 = DIRECTION ( 'NONE',  ( -0.7071067811865471286, 0.000000000000000000, -0.7071067811865479058 ) ) ;
#3172 = VERTEX_POINT ( 'NONE', #44 ) ;
#3173 = LINE ( 'NONE', #3195, #2649 ) ;
#3174 = CARTESIAN_POINT ( 'NONE',  ( -1.300000000000000488, 2.000000000000000000, 2.299999999999999378 ) ) ;
#3175 = ORIENTED_EDGE ( 'NONE', *, *, #930, .T. ) ;
#3176 = ADVANCED_FACE ( 'NONE', ( #1224 ), #3564, .F. ) ;
#3177 = EDGE_CURVE ( 'NONE', #1702, #102, #1793, .T. ) ;
#3178 = LINE ( 'NONE', #2534, #1276 ) ;
#3179 = DIRECTION ( 'NONE',  ( -2.710505431213761578E-16, 0.000000000000000000, 1.000000000000000000 ) ) ;
#3180 = VERTEX_POINT ( 'NONE', #1160 ) ;
#3181 = CARTESIAN_POINT ( 'NONE',  ( 2.500000000000000000, 0.6292893218813448986, -2.300000000000001155 ) ) ;
#3182 = CARTESIAN_POINT ( 'NONE',  ( -0.5499999999999994893, 0.1499999999999999944, -1.200000000000000178 ) ) ;
#3183 = FACE_OUTER_BOUND ( 'NONE', #2844, .T. ) ;
#3184 = ORIENTED_EDGE ( 'NONE', *, *, #2253, .T. ) ;
#3185 = VECTOR ( 'NONE', #1164, 1000.000000000000000 ) ;
#3186 = LINE ( 'NONE', #470, #975 ) ;
#3187 = CARTESIAN_POINT ( 'NONE',  ( 2.500000000000000000, 1.950000000000000178, -2.300000000000001155 ) ) ;
#3188 = ADVANCED_FACE ( 'NONE', ( #3635 ), #2999, .T. ) ;
#3189 = ORIENTED_EDGE ( 'NONE', *, *, #1318, .F. ) ;
#3190 = VECTOR ( 'NONE', #655, 1000.000000000000000 ) ;
#3191 = VERTEX_POINT ( 'NONE', #3 ) ;
#3192 = DIRECTION ( 'NONE',  ( 0.7071067811865479058, 0.000000000000000000, -0.7071067811865471286 ) ) ;
#3193 = ORIENTED_EDGE ( 'NONE', *, *, #1416, .T. ) ;
#3194 = MECHANICAL_DESIGN_GEOMETRIC_PRESENTATION_REPRESENTATION (  '', ( #2548 ), #1671 ) ;
#3195 = CARTESIAN_POINT ( 'NONE',  ( -2.499999999999999556, 0.5999999999999999778, 2.299999999999999378 ) ) ;
#3196 = LINE ( 'NONE', #478, #781 ) ;
#3197 = ORIENTED_EDGE ( 'NONE', *, *, #2809, .T. ) ;
#3198 = LINE ( 'NONE', #3425, #1342 ) ;
#3199 = LINE ( 'NONE', #1039, #3713 ) ;
#3200 = ORIENTED_EDGE ( 'NONE', *, *, #1451, .F. ) ;
#3201 = CARTESIAN_POINT ( 'NONE',  ( 0.5500000000000007105, 0.000000000000000000, -1.599999999999999645 ) ) ;
#3202 = EDGE_CURVE ( 'NONE', #2132, #1939, #251, .T. ) ;
#3203 =( BOUNDED_CURVE ( )  B_SPLINE_CURVE ( 3, ( #1879, #2736, #961, #2438 ),
 .UNSPECIFIED., .F., .T. ) 
 B_SPLINE_CURVE_WITH_KNOTS ( ( 4, 4 ),
 ( 4.712388980384689674, 6.283185307179586232 ),
 .UNSPECIFIED. ) 
 CURVE ( )  GEOMETRIC_REPRESENTATION_ITEM ( )  RATIONAL_B_SPLINE_CURVE ( ( 1.000000000000000000, 0.8047378541243649375, 0.8047378541243649375, 1.000000000000000000 ) ) 
 REPRESENTATION_ITEM ( '' )  );
#3204 = ADVANCED_FACE ( 'NONE', ( #3262 ), #2408, .F. ) ;
#3205 = CARTESIAN_POINT ( 'NONE',  ( 2.099999999999997868, 0.1499999999999999944, -2.250000000000004441 ) ) ;
#3206 = CARTESIAN_POINT ( 'NONE',  ( -1.399999999999998135, 0.1499999999999999944, -1.500000000000003331 ) ) ;
#3207 = CIRCLE ( 'NONE', #1806, 0.05000000000000100198 ) ;
#3208 = ORIENTED_EDGE ( 'NONE', *, *, #3580, .F. ) ;
#3209 = VERTEX_POINT ( 'NONE', #1923 ) ;
#3210 = ADVANCED_FACE ( 'NONE', ( #967 ), #2154, .T. ) ;
#3211 = CARTESIAN_POINT ( 'NONE',  ( -1.300000000000000266, 2.000000000000000000, -2.300000000000001155 ) ) ;
#3212 = CYLINDRICAL_SURFACE ( 'NONE', #291, 0.05000000000000007216 ) ;
#3213 = VERTEX_POINT ( 'NONE', #2761 ) ;
#3214 = CIRCLE ( 'NONE', #2254, 0.3999999999999999667 ) ;
#3215 = VERTEX_POINT ( 'NONE', #1025 ) ;
#3216 = CYLINDRICAL_SURFACE ( 'NONE', #2650, 0.05000000000000012768 ) ;
#3217 = DIRECTION ( 'NONE',  ( -0.000000000000000000, -1.000000000000000000, -0.000000000000000000 ) ) ;
#3218 = DIRECTION ( 'NONE',  ( -0.000000000000000000, -1.000000000000000000, -0.000000000000000000 ) ) ;
#3219 = EDGE_LOOP ( 'NONE', ( #3438, #2551, #1324, #414 ) ) ;
#3220 = CARTESIAN_POINT ( 'NONE',  ( -2.100000000000000533, 0.1999999999999999833, 2.249999999999999112 ) ) ;
#3221 = CARTESIAN_POINT ( 'NONE',  ( -0.5499999999999994893, 0.1499999999999999944, -1.600000000000000089 ) ) ;
#3222 = PLANE ( 'NONE',  #947 ) ;
#3223 = AXIS2_PLACEMENT_3D ( 'NONE', #3858, #467, #2619 ) ;
#3224 = PLANE ( 'NONE',  #3270 ) ;
#3225 = DIRECTION ( 'NONE',  ( 0.000000000000000000, 1.000000000000000000, 0.000000000000000000 ) ) ;
#3226 =( BOUNDED_CURVE ( )  B_SPLINE_CURVE ( 3, ( #1348, #2539, #1043, #3451 ),
 .UNSPECIFIED., .F., .T. ) 
 B_SPLINE_CURVE_WITH_KNOTS ( ( 4, 4 ),
 ( 1.570796326794905662, 3.141592653589795336 ),
 .UNSPECIFIED. ) 
 CURVE ( )  GEOMETRIC_REPRESENTATION_ITEM ( )  RATIONAL_B_SPLINE_CURVE ( ( 1.000000000000000000, 0.8047378541243667138, 0.8047378541243667138, 1.000000000000000000 ) ) 
 REPRESENTATION_ITEM ( '' )  );
#3227 = STYLED_ITEM ( 'NONE', ( #1132 ), #1270 ) ;
#3228 = EDGE_CURVE ( 'NONE', #2321, #3547, #3058, .T. ) ;
#3229 = DIRECTION ( 'NONE',  ( 0.7071067811865476838, 0.000000000000000000, -0.7071067811865473507 ) ) ;
#3230 = FACE_OUTER_BOUND ( 'NONE', #278, .T. ) ;
#3231 = EDGE_CURVE ( 'NONE', #2275, #2835, #3712, .T. ) ;
#3232 = ORIENTED_EDGE ( 'NONE', *, *, #1014, .F. ) ;
#3233 = AXIS2_PLACEMENT_3D ( 'NONE', #822, #2029, #965 ) ;
#3234 = ORIENTED_EDGE ( 'NONE', *, *, #2420, .T. ) ;
#3235 = FACE_OUTER_BOUND ( 'NONE', #3524, .T. ) ;
#3236 = ORIENTED_EDGE ( 'NONE', *, *, #1673, .T. ) ;
#3237 = VECTOR ( 'NONE', #3786, 1000.000000000000000 ) ;
#3238 = CARTESIAN_POINT ( 'NONE',  ( 1.079289321881345076, 0.6500000000000000222, -2.450000000000000622 ) ) ;
#3239 = DIRECTION ( 'NONE',  ( 1.000000000000000000, 0.000000000000000000, 0.000000000000000000 ) ) ;
#3240 = LINE ( 'NONE', #2930, #1058 ) ;
#3241 = VERTEX_POINT ( 'NONE', #642 ) ;
#3242 = FACE_BOUND ( 'NONE', #3843, .T. ) ;
#3243 = EDGE_CURVE ( 'NONE', #8, #2451, #433, .T. ) ;
#3244 = FACE_OUTER_BOUND ( 'NONE', #3371, .T. ) ;
#3245 = DIRECTION ( 'NONE',  ( 0.000000000000000000, 0.000000000000000000, 1.000000000000000000 ) ) ;
#3246 = DIRECTION ( 'NONE',  ( 0.7071067811865474617, 0.000000000000000000, -0.7071067811865474617 ) ) ;
#3247 = DIRECTION ( 'NONE',  ( 0.000000000000000000, 0.000000000000000000, 1.000000000000000000 ) ) ;
#3248 = DIRECTION ( 'NONE',  ( -1.000000000000000000, 0.000000000000000000, 6.195440985631461234E-16 ) ) ;
#3249 = ORIENTED_EDGE ( 'NONE', *, *, #3014, .F. ) ;
#3250 = EDGE_LOOP ( 'NONE', ( #1743, #3249, #1871, #3775 ) ) ;
#3251 = ORIENTED_EDGE ( 'NONE', *, *, #2155, .F. ) ;
#3252 = FACE_OUTER_BOUND ( 'NONE', #3850, .T. ) ;
#3253 =( GEOMETRIC_REPRESENTATION_CONTEXT ( 3 ) GLOBAL_UNCERTAINTY_ASSIGNED_CONTEXT ( ( #118 ) ) GLOBAL_UNIT_ASSIGNED_CONTEXT ( ( #900, #3906, #1214 ) ) REPRESENTATION_CONTEXT ( 'NONE', 'WORKASPACE' ) );
#3254 = CARTESIAN_POINT ( 'NONE',  ( 0.5500000000000007105, 0.1499999999999999944, -1.599999999999999645 ) ) ;
#3255 = DIRECTION ( 'NONE',  ( 0.000000000000000000, -0.000000000000000000, 1.000000000000000000 ) ) ;
#3256 = EDGE_CURVE ( 'NONE', #1995, #917, #2163, .T. ) ;
#3257 = ORIENTED_EDGE ( 'NONE', *, *, #2751, .F. ) ;
#3258 = LINE ( 'NONE', #268, #2868 ) ;
#3259 = CARTESIAN_POINT ( 'NONE',  ( -1.399999999999997691, 1.300000000000000044, -2.494731009373599040 ) ) ;
#3260 = CARTESIAN_POINT ( 'NONE',  ( 1.099999999999999645, 0.04999999999999991257, -2.500000000000000888 ) ) ;
#3261 = DIRECTION ( 'NONE',  ( -0.000000000000000000, -1.000000000000000000, 0.000000000000000000 ) ) ;
#3262 = FACE_OUTER_BOUND ( 'NONE', #2913, .T. ) ;
#3263 = VERTEX_POINT ( 'NONE', #3098 ) ;
#3264 = EDGE_CURVE ( 'NONE', #3407, #2903, #3655, .T. ) ;
#3265 = DIRECTION ( 'NONE',  ( 0.000000000000000000, 0.000000000000000000, -1.000000000000000000 ) ) ;
#3266 = CARTESIAN_POINT ( 'NONE',  ( 0.000000000000000000, 0.1499999999999999944, -2.250000000000001332 ) ) ;
#3267 = ORIENTED_EDGE ( 'NONE', *, *, #2164, .F. ) ;
#3268 = ADVANCED_FACE ( 'NONE', ( #2445 ), #353, .F. ) ;
#3269 = ORIENTED_EDGE ( 'NONE', *, *, #1130, .T. ) ;
#3270 = AXIS2_PLACEMENT_3D ( 'NONE', #250, #1139, #485 ) ;
#3271 = ORIENTED_EDGE ( 'NONE', *, *, #3459, .F. ) ;
#3272 = FACE_OUTER_BOUND ( 'NONE', #172, .T. ) ;
#3273 = CARTESIAN_POINT ( 'NONE',  ( 1.399999999999997691, 0.000000000000000000, -2.250000000000003997 ) ) ;
#3274 = AXIS2_PLACEMENT_3D ( 'NONE', #556, #3534, #3255 ) ;
#3275 = EDGE_CURVE ( 'NONE', #1996, #2718, #719, .T. ) ;
#3276 = DIRECTION ( 'NONE',  ( -1.000000000000000000, -0.000000000000000000, 2.710505431213761578E-16 ) ) ;
#3277 = DIRECTION ( 'NONE',  ( 0.7071067811865474617, 0.000000000000000000, -0.7071067811865474617 ) ) ;
#3278 = EDGE_LOOP ( 'NONE', ( #677, #2922, #687, #1816 ) ) ;
#3279 = DIRECTION ( 'NONE',  ( -0.000000000000000000, -1.000000000000000000, -0.000000000000000000 ) ) ;
#3280 = CARTESIAN_POINT ( 'NONE',  ( 1.300000000000000711, 0.7000000000000000666, 2.450000000000000178 ) ) ;
#3281 = CARTESIAN_POINT ( 'NONE',  ( 1.764644660940671406, 0.6500000000000000222, -1.764644660940677401 ) ) ;
#3282 = CARTESIAN_POINT ( 'NONE',  ( 0.000000000000000000, 0.6500000000000000222, -2.250000000000001332 ) ) ;
#3283 = CARTESIAN_POINT ( 'NONE',  ( 1.399999999999997691, 0.1999999999999999833, -2.250000000000003997 ) ) ;
#3284 = DIRECTION ( 'NONE',  ( -0.7071067811865474617, 0.000000000000000000, -0.7071067811865474617 ) ) ;
#3285 = VECTOR ( 'NONE', #1943, 1000.000000000000000 ) ;
#3286 = VERTEX_POINT ( 'NONE', #3140 ) ;
#3287 = EDGE_CURVE ( 'NONE', #2181, #3241, #1764, .T. ) ;
#3288 = AXIS2_PLACEMENT_3D ( 'NONE', #1193, #1151, #814 ) ;
#3289 = CARTESIAN_POINT ( 'NONE',  ( -1.400000000000000577, 0.1652703644666147775, 2.446961550602442248 ) ) ;
#3290 = ORIENTED_EDGE ( 'NONE', *, *, #1253, .T. ) ;
#3291 = CARTESIAN_POINT ( 'NONE',  ( -8.854317741964946304E-16, 2.000000000000000000, 2.449999999999999734 ) ) ;
#3292 = SURFACE_STYLE_USAGE ( .BOTH. , #204 ) ;
#3293 = SURFACE_STYLE_USAGE ( .BOTH. , #3574 ) ;
#3294 = AXIS2_PLACEMENT_3D ( 'NONE', #2987, #1763, #2711 ) ;
#3295 = VECTOR ( 'NONE', #2323, 1000.000000000000000 ) ;
#3296 = CARTESIAN_POINT ( 'NONE',  ( 1.399999999999997691, 1.273952773349960710, -2.642452172325429949 ) ) ;
#3297 = DIRECTION ( 'NONE',  ( -0.000000000000000000, -1.000000000000000000, -0.000000000000000000 ) ) ;
#3298 = DIRECTION ( 'NONE',  ( -0.000000000000000000, 1.000000000000000000, 0.000000000000000000 ) ) ;
#3299 = VECTOR ( 'NONE', #3554, 1000.000000000000114 ) ;
#3300 = ORIENTED_EDGE ( 'NONE', *, *, #1565, .T. ) ;
#3301 = EDGE_CURVE ( 'NONE', #3501, #179, #3468, .T. ) ;
#3302 = ADVANCED_FACE ( 'NONE', ( #698 ), #377, .T. ) ;
#3303 = DIRECTION ( 'NONE',  ( 6.195440985631461234E-16, 0.000000000000000000, -1.000000000000000000 ) ) ;
#3304 = CARTESIAN_POINT ( 'NONE',  ( 0.000000000000000000, 0.5999999999999999778, -2.250000000000001332 ) ) ;
#3305 = CARTESIAN_POINT ( 'NONE',  ( 2.100000000000000089, 0.1499999999999999944, -2.250000000000001332 ) ) ;
#3306 = LINE ( 'NONE', #1798, #792 ) ;
#3307 = EDGE_LOOP ( 'NONE', ( #1370, #1046, #2942, #3044, #2798, #2277, #1375, #3300, #1297, #3875, #628 ) ) ;
#3308 = EDGE_LOOP ( 'NONE', ( #3169, #3480, #723, #2818 ) ) ;
#3309 = CARTESIAN_POINT ( 'NONE',  ( -1.300000000000000266, 0.5999999999999998668, -2.300000000000001155 ) ) ;
#3310 = VERTEX_POINT ( 'NONE', #407 ) ;
#3311 = EDGE_CURVE ( 'NONE', #2030, #2199, #3693, .T. ) ;
#3312 = CARTESIAN_POINT ( 'NONE',  ( -2.449999999999999289, 1.950000000000000178, 2.309822019643031035E-16 ) ) ;
#3313 =( NAMED_UNIT ( * ) PLANE_ANGLE_UNIT ( ) SI_UNIT ( $, .RADIAN. ) );
#3314 = CIRCLE ( 'NONE', #1422, 0.05000000000000012768 ) ;
#3315 = CARTESIAN_POINT ( 'NONE',  ( -1.091421356237310070, 2.000000000000000000, 2.479289321881344765 ) ) ;
#3316 = DIRECTION ( 'NONE',  ( 1.000000000000000000, -0.000000000000000000, -1.224646799147353207E-16 ) ) ;
#3317 = STYLED_ITEM ( 'NONE', ( #811 ), #3876 ) ;
#3318 = EDGE_CURVE ( 'NONE', #3442, #2275, #1048, .T. ) ;
#3319 = ORIENTED_EDGE ( 'NONE', *, *, #1120, .F. ) ;
#3320 = ORIENTED_EDGE ( 'NONE', *, *, #1673, .F. ) ;
#3321 = DIRECTION ( 'NONE',  ( 5.782411586589355667E-16, 0.000000000000000000, -1.000000000000000000 ) ) ;
#3322 = CARTESIAN_POINT ( 'NONE',  ( -1.399999999999999911, 0.1499999999999999944, 2.300000000000001155 ) ) ;
#3323 = CARTESIAN_POINT ( 'NONE',  ( 1.400000000000000355, 0.1999999999999999833, -2.250000000000001332 ) ) ;
#3324 = CARTESIAN_POINT ( 'NONE',  ( 1.300000000000000044, 0.04999999999999991257, -2.300000000000001155 ) ) ;
#3325 = DIRECTION ( 'NONE',  ( -1.000000000000000000, 0.000000000000000000, 0.000000000000000000 ) ) ;
#3326 = CARTESIAN_POINT ( 'NONE',  ( -1.300000000000000266, 2.000000000000000000, -2.300000000000001155 ) ) ;
#3327 = VECTOR ( 'NONE', #471, 1000.000000000000000 ) ;
#3328 = ORIENTED_EDGE ( 'NONE', *, *, #341, .T. ) ;
#3329 = EDGE_LOOP ( 'NONE', ( #449, #2604, #987, #760 ) ) ;
#3330 = CARTESIAN_POINT ( 'NONE',  ( -0.5499999999999994893, 0.04999999999999999584, -1.200000000000000178 ) ) ;
#3331 = DIRECTION ( 'NONE',  ( 5.782411586589351722E-16, 0.000000000000000000, 1.000000000000000000 ) ) ;
#3332 = CARTESIAN_POINT ( 'NONE',  ( 2.449999999999999289, 0.5999999999999999778, 2.951439247321647453E-16 ) ) ;
#3333 = FACE_OUTER_BOUND ( 'NONE', #3080, .T. ) ;
#3334 = CARTESIAN_POINT ( 'NONE',  ( -1.100000000000000755, 1.950000000000000178, -2.500000000000000888 ) ) ;
#3335 = EDGE_LOOP ( 'NONE', ( #3101, #148, #2288, #3901 ) ) ;
#3336 = ORIENTED_EDGE ( 'NONE', *, *, #1570, .T. ) ;
#3337 = DIRECTION ( 'NONE',  ( 2.710505431213761578E-16, 0.000000000000000000, -1.000000000000000000 ) ) ;
#3338 = DIRECTION ( 'NONE',  ( -1.000000000000000000, 0.000000000000000000, 0.000000000000000000 ) ) ;
#3339 = CARTESIAN_POINT ( 'NONE',  ( -2.479289321881345209, -7.593480179273492880E-17, -2.279289321881346364 ) ) ;
#3340 = ORIENTED_EDGE ( 'NONE', *, *, #956, .F. ) ;
#3341 = CARTESIAN_POINT ( 'NONE',  ( 2.100000000000000089, 0.04999999999999991257, -2.250000000000001332 ) ) ;
#3342 = CARTESIAN_POINT ( 'NONE',  ( -1.399999999999999911, 0.1499999999999999944, 2.300000000000001155 ) ) ;
#3343 = AXIS2_PLACEMENT_3D ( 'NONE', #2502, #3675, #3357 ) ;
#3344 = VERTEX_POINT ( 'NONE', #2839 ) ;
#3345 = EDGE_CURVE ( 'NONE', #3638, #905, #2269, .T. ) ;
#3346 = VECTOR ( 'NONE', #1691, 1000.000000000000114 ) ;
#3347 = EDGE_CURVE ( 'NONE', #2023, #3899, #2800, .T. ) ;
#3348 = CARTESIAN_POINT ( 'NONE',  ( -1.291421356237310247, 0.6500000000000001332, 2.279289321881345032 ) ) ;
#3349 = CARTESIAN_POINT ( 'NONE',  ( -2.099999999999999645, 0.1499999999999999944, -1.500000000000001332 ) ) ;
#3350 = FACE_OUTER_BOUND ( 'NONE', #2984, .T. ) ;
#3351 = VECTOR ( 'NONE', #3217, 1000.000000000000000 ) ;
#3352 = DIRECTION ( 'NONE',  ( 1.000000000000000000, -0.000000000000000000, -0.000000000000000000 ) ) ;
#3353 = ORIENTED_EDGE ( 'NONE', *, *, #865, .F. ) ;
#3354 = VECTOR ( 'NONE', #2810, 1000.000000000000000 ) ;
#3355 = CYLINDRICAL_SURFACE ( 'NONE', #388, 0.05000000000000012768 ) ;
#3356 = EDGE_CURVE ( 'NONE', #2178, #1456, #3834, .T. ) ;
#3357 = DIRECTION ( 'NONE',  ( 0.000000000000000000, 0.000000000000000000, -1.000000000000000000 ) ) ;
#3358 = CIRCLE ( 'NONE', #15, 0.3999999999999999667 ) ;
#3359 = ORIENTED_EDGE ( 'NONE', *, *, #1968, .F. ) ;
#3360 = DIRECTION ( 'NONE',  ( 0.7071067811865471286, 0.000000000000000000, 0.7071067811865479058 ) ) ;
#3361 = FACE_OUTER_BOUND ( 'NONE', #3130, .T. ) ;
#3362 = ORIENTED_EDGE ( 'NONE', *, *, #3256, .F. ) ;
#3363 =( BOUNDED_CURVE ( )  B_SPLINE_CURVE ( 3, ( #525, #1736, #2052, #2118 ),
 .UNSPECIFIED., .F., .F. ) 
 B_SPLINE_CURVE_WITH_KNOTS ( ( 4, 4 ),
 ( 1.570796326794896558, 3.141592653589795336 ),
 .UNSPECIFIED. ) 
 CURVE ( )  GEOMETRIC_REPRESENTATION_ITEM ( )  RATIONAL_B_SPLINE_CURVE ( ( 1.000000000000000000, 0.8047378541243644934, 0.8047378541243644934, 1.000000000000000000 ) ) 
 REPRESENTATION_ITEM ( '' )  );
#3364 = DIRECTION ( 'NONE',  ( 0.000000000000000000, -1.000000000000000000, 0.000000000000000000 ) ) ;
#3365 = EDGE_CURVE ( 'NONE', #1939, #2835, #2683, .T. ) ;
#3366 = EDGE_CURVE ( 'NONE', #1392, #2132, #2878, .T. ) ;
#3367 = DIRECTION ( 'NONE',  ( 1.000000000000000000, 0.000000000000000000, 3.614007241618345813E-16 ) ) ;
#3368 = CARTESIAN_POINT ( 'NONE',  ( 1.250000000000000000, 2.000000000000000000, -0.4500000000000001776 ) ) ;
#3369 = CYLINDRICAL_SURFACE ( 'NONE', #3694, 0.3999999999999999667 ) ;
#3370 =( BOUNDED_CURVE ( )  B_SPLINE_CURVE ( 3, ( #3497, #1989, #1479, #2 ),
 .UNSPECIFIED., .F., .F. ) 
 B_SPLINE_CURVE_WITH_KNOTS ( ( 4, 4 ),
 ( 4.712388980384694115, 6.283185307179586232 ),
 .UNSPECIFIED. ) 
 CURVE ( )  GEOMETRIC_REPRESENTATION_ITEM ( )  RATIONAL_B_SPLINE_CURVE ( ( 1.000000000000000000, 0.8047378541243661587, 0.8047378541243661587, 1.000000000000000000 ) ) 
 REPRESENTATION_ITEM ( '' )  );
#3371 = EDGE_LOOP ( 'NONE', ( #491, #739, #3626, #350 ) ) ;
#3372 = VECTOR ( 'NONE', #3481, 1000.000000000000000 ) ;
#3373 = EDGE_CURVE ( 'NONE', #2514, #3017, #1403, .T. ) ;
#3374 = CYLINDRICAL_SURFACE ( 'NONE', #2216, 0.05000000000000007216 ) ;
#3375 = CARTESIAN_POINT ( 'NONE',  ( 1.300000000000000488, 0.6707106781186548128, -2.300000000000001155 ) ) ;
#3376 = AXIS2_PLACEMENT_3D ( 'NONE', #632, #70, #305 ) ;
#3377 = VERTEX_POINT ( 'NONE', #740 ) ;
#3378 = DIRECTION ( 'NONE',  ( -1.000000000000000000, 0.000000000000000000, -1.204669080539448358E-16 ) ) ;
#3379 = LINE ( 'NONE', #1632, #1330 ) ;
#3380 = ORIENTED_EDGE ( 'NONE', *, *, #2634, .F. ) ;
#3381 = ADVANCED_FACE ( 'NONE', ( #2897 ), #3748, .T. ) ;
#3382 = EDGE_LOOP ( 'NONE', ( #1911, #1088, #2908, #409, #76, #3119, #3193, #3158 ) ) ;
#3383 = DIRECTION ( 'NONE',  ( -1.926125456201315678E-16, 0.9848077530122085754, 0.1736481776669276389 ) ) ;
#3384 = LINE ( 'NONE', #2773, #1335 ) ;
#3385 = CARTESIAN_POINT ( 'NONE',  ( 1.399999999999997691, 0.1499999999999999944, -2.250000000000003997 ) ) ;
#3386 = DIRECTION ( 'NONE',  ( -1.000000000000000000, -0.000000000000000000, -6.195440985631461234E-16 ) ) ;
#3387 = ADVANCED_FACE ( 'NONE', ( #3812 ), #208, .T. ) ;
#3388 = VERTEX_POINT ( 'NONE', #1651 ) ;
#3389 = EDGE_CURVE ( 'NONE', #1546, #3903, #3536, .T. ) ;
#3390 = DIRECTION ( 'NONE',  ( -1.000000000000000000, -0.000000000000000000, -6.195440985631461234E-16 ) ) ;
#3391 = ADVANCED_FACE ( 'NONE', ( #2859 ), #2617, .T. ) ;
#3392 = ORIENTED_EDGE ( 'NONE', *, *, #565, .F. ) ;
#3393 = DIRECTION ( 'NONE',  ( 0.000000000000000000, 0.000000000000000000, -1.000000000000000000 ) ) ;
#3394 = AXIS2_PLACEMENT_3D ( 'NONE', #2531, #3743, #2236 ) ;
#3395 = ORIENTED_EDGE ( 'NONE', *, *, #2608, .F. ) ;
#3396 = DIRECTION ( 'NONE',  ( -1.000000000000000000, 0.000000000000000000, 0.000000000000000000 ) ) ;
#3397 = DIRECTION ( 'NONE',  ( 0.000000000000000000, 0.000000000000000000, 1.000000000000000000 ) ) ;
#3398 = ORIENTED_EDGE ( 'NONE', *, *, #1244, .F. ) ;
#3399 = CARTESIAN_POINT ( 'NONE',  ( -2.100000000000000089, 0.1499999999999999944, 1.500000000000001332 ) ) ;
#3400 = ADVANCED_FACE ( 'NONE', ( #3471, #3242, #1384, #2575 ), #2264, .T. ) ;
#3401 = ORIENTED_EDGE ( 'NONE', *, *, #1040, .F. ) ;
#3402 = AXIS2_PLACEMENT_3D ( 'NONE', #3794, #1086, #2304 ) ;
#3403 = ORIENTED_EDGE ( 'NONE', *, *, #2809, .F. ) ;
#3404 = LINE ( 'NONE', #921, #3792 ) ;
#3405 = CARTESIAN_POINT ( 'NONE',  ( 2.100000000000000089, 0.000000000000000000, -2.300000000000000711 ) ) ;
#3406 = CARTESIAN_POINT ( 'NONE',  ( -2.099999999999997868, 0.1913175911166535847, -2.299240387650614448 ) ) ;
#3407 = VERTEX_POINT ( 'NONE', #1041 ) ;
#3408 = DIRECTION ( 'NONE',  ( -9.427844978134821433E-17, 0.000000000000000000, -1.000000000000000000 ) ) ;
#3409 = ORIENTED_EDGE ( 'NONE', *, *, #1417, .F. ) ;
#3410 = DIRECTION ( 'NONE',  ( -0.000000000000000000, -1.000000000000000000, 0.000000000000000000 ) ) ;
#3411 = AXIS2_PLACEMENT_3D ( 'NONE', #3312, #2610, #3529 ) ;
#3412 = EDGE_CURVE ( 'NONE', #1022, #581, #1133, .T. ) ;
#3413 = EDGE_CURVE ( 'NONE', #753, #430, #3159, .T. ) ;
#3414 = ORIENTED_EDGE ( 'NONE', *, *, #1275, .T. ) ;
#3415 = CARTESIAN_POINT ( 'NONE',  ( -2.449999999999999734, 2.000000000000000000, -2.250000000000001332 ) ) ;
#3416 = CYLINDRICAL_SURFACE ( 'NONE', #3852, 0.05000000000000012768 ) ;
#3417 = ORIENTED_EDGE ( 'NONE', *, *, #3106, .F. ) ;
#3418 = FACE_OUTER_BOUND ( 'NONE', #26, .T. ) ;
#3419 = ORIENTED_EDGE ( 'NONE', *, *, #301, .T. ) ;
#3420 = ORIENTED_EDGE ( 'NONE', *, *, #1393, .F. ) ;
#3421 = CARTESIAN_POINT ( 'NONE',  ( 1.079289321881344632, 2.000000000000000000, -2.450000000000000622 ) ) ;
#3422 = LINE ( 'NONE', #3131, #803 ) ;
#3423 = CARTESIAN_POINT ( 'NONE',  ( -2.099999999999998312, 0.000000000000000000, -1.500000000000003775 ) ) ;
#3424 = ORIENTED_EDGE ( 'NONE', *, *, #1379, .T. ) ;
#3425 = CARTESIAN_POINT ( 'NONE',  ( -2.500000000000000000, 0.04999999999999991257, -2.300000000000001155 ) ) ;
#3426 = DIRECTION ( 'NONE',  ( 0.000000000000000000, 0.000000000000000000, -1.000000000000000000 ) ) ;
#3427 = ORIENTED_EDGE ( 'NONE', *, *, #370, .F. ) ;
#3428 = CARTESIAN_POINT ( 'NONE',  ( 0.000000000000000000, 0.1499999999999999944, 0.000000000000000000 ) ) ;
#3429 = EDGE_CURVE ( 'NONE', #8, #3697, #193, .T. ) ;
#3430 = UNCERTAINTY_MEASURE_WITH_UNIT (LENGTH_MEASURE( 1.000000000000000082E-05 ), #324, 'distance_accuracy_value', 'NONE');
#3431 = LINE ( 'NONE', #3103, #1929 ) ;
#3432 = CARTESIAN_POINT ( 'NONE',  ( -0.5499999999999994893, 0.04999999999999999584, 1.600000000000000089 ) ) ;
#3433 = EDGE_CURVE ( 'NONE', #290, #1899, #2242, .T. ) ;
#3434 = ORIENTED_EDGE ( 'NONE', *, *, #3570, .T. ) ;
#3435 = CIRCLE ( 'NONE', #2994, 0.4500000000000001776 ) ;
#3436 = VERTEX_POINT ( 'NONE', #443 ) ;
#3437 = CARTESIAN_POINT ( 'NONE',  ( -1.400000000000000133, 0.1499999999999999944, 1.500000000000001554 ) ) ;
#3438 = ORIENTED_EDGE ( 'NONE', *, *, #369, .T. ) ;
#3439 = ORIENTED_EDGE ( 'NONE', *, *, #3365, .T. ) ;
#3440 = FILL_AREA_STYLE ('',( #2235 ) ) ;
#3441 = CARTESIAN_POINT ( 'NONE',  ( -1.399999999999998135, 0.000000000000000000, -1.500000000000003331 ) ) ;
#3442 = VERTEX_POINT ( 'NONE', #2004 ) ;
#3443 = CARTESIAN_POINT ( 'NONE',  ( 2.500000000000000000, 0.6707106781186548128, -2.300000000000001155 ) ) ;
#3444 = FACE_OUTER_BOUND ( 'NONE', #2939, .T. ) ;
#3445 = CARTESIAN_POINT ( 'NONE',  ( 2.449999999999999289, 0.000000000000000000, 1.279289321881347696 ) ) ;
#3446 = ORIENTED_EDGE ( 'NONE', *, *, #2083, .F. ) ;
#3447 = DIRECTION ( 'NONE',  ( -0.7071067811865471286, 0.000000000000000000, -0.7071067811865479058 ) ) ;
#3448 = ADVANCED_FACE ( 'NONE', ( #1118 ), #3222, .F. ) ;
#3449 = AXIS2_PLACEMENT_3D ( 'NONE', #1347, #2193, #3396 ) ;
#3450 = CARTESIAN_POINT ( 'NONE',  ( 2.449999999999999734, 0.000000000000000000, -2.250000000000001332 ) ) ;
#3451 = CARTESIAN_POINT ( 'NONE',  ( 2.499999999999999556, 0.5999999999999998668, 1.300000000000002043 ) ) ;
#3452 = AXIS2_PLACEMENT_3D ( 'NONE', #3304, #584, #1319 ) ;
#3453 = ORIENTED_EDGE ( 'NONE', *, *, #2173, .F. ) ;
#3454 = EDGE_LOOP ( 'NONE', ( #2131, #316, #3401, #3184 ) ) ;
#3455 = CARTESIAN_POINT ( 'NONE',  ( -2.449999999999999289, 0.000000000000000000, 2.249999999999999556 ) ) ;
#3456 = PLANE ( 'NONE',  #2559 ) ;
#3457 = ORIENTED_EDGE ( 'NONE', *, *, #1286, .T. ) ;
#3458 = EDGE_CURVE ( 'NONE', #1188, #1327, #2558, .T. ) ;
#3459 = EDGE_CURVE ( 'NONE', #3286, #3436, #2672, .T. ) ;
#3460 = DIRECTION ( 'NONE',  ( -9.427844978134821433E-17, -0.000000000000000000, -1.000000000000000000 ) ) ;
#3461 = EDGE_CURVE ( 'NONE', #2582, #2563, #2951, .T. ) ;
#3462 = VERTEX_POINT ( 'NONE', #288 ) ;
#3463 = PRESENTATION_STYLE_ASSIGNMENT (( #3781 ) ) ;
#3464 = CARTESIAN_POINT ( 'NONE',  ( -2.100000000000000089, 0.000000000000000000, 2.249999999999999556 ) ) ;
#3465 = CIRCLE ( 'NONE', #4, 0.3999999999999999667 ) ;
#3466 = ORIENTED_EDGE ( 'NONE', *, *, #49, .F. ) ;
#3467 = CARTESIAN_POINT ( 'NONE',  ( -2.449999999999999734, 0.6500000000000000222, -2.250000000000001332 ) ) ;
#3468 = CIRCLE ( 'NONE', #2149, 0.04999999999999991257 ) ;
#3469 = CARTESIAN_POINT ( 'NONE',  ( 1.300000000000000711, 0.5999999999999998668, 2.500000000000000444 ) ) ;
#3470 = EDGE_LOOP ( 'NONE', ( #2542, #3689, #1950, #1389 ) ) ;
#3471 = FACE_OUTER_BOUND ( 'NONE', #1954, .T. ) ;
#3472 =( BOUNDED_CURVE ( )  B_SPLINE_CURVE ( 3, ( #1184, #2369, #570, #255 ),
 .UNSPECIFIED., .F., .T. ) 
 B_SPLINE_CURVE_WITH_KNOTS ( ( 4, 4 ),
 ( 4.712388980384687898, 6.283185307179586232 ),
 .UNSPECIFIED. ) 
 CURVE ( )  GEOMETRIC_REPRESENTATION_ITEM ( )  RATIONAL_B_SPLINE_CURVE ( ( 1.000000000000000000, 0.8047378541243646044, 0.8047378541243646044, 1.000000000000000000 ) ) 
 REPRESENTATION_ITEM ( '' )  );
#3473 = PRESENTATION_LAYER_ASSIGNMENT (  '', '', ( #1459 ) ) ;
#3474 = ADVANCED_FACE ( 'NONE', ( #3851 ), #837, .T. ) ;
#3475 = CYLINDRICAL_SURFACE ( 'NONE', #1313, 0.05000000000000007216 ) ;
#3476 = LINE ( 'NONE', #1366, #684 ) ;
#3477 = CLOSED_SHELL ( 'NONE', ( #2674, #1345, #2311, #2034, #2371, #131, #605, #2202, #3678, #1932 ) ) ;
#3478 = ORIENTED_EDGE ( 'NONE', *, *, #2352, .F. ) ;
#3479 = AXIS2_PLACEMENT_3D ( 'NONE', #3537, #840, #2045 ) ;
#3480 = ORIENTED_EDGE ( 'NONE', *, *, #180, .T. ) ;
#3481 = DIRECTION ( 'NONE',  ( -1.000000000000000000, 0.000000000000000000, 0.000000000000000000 ) ) ;
#3482 = CARTESIAN_POINT ( 'NONE',  ( -1.300000000000000266, 0.7000000000000000666, -2.300000000000001155 ) ) ;
#3483 = EDGE_LOOP ( 'NONE', ( #3414, #1928, #1609, #2060 ) ) ;
#3484 = VECTOR ( 'NONE', #3848, 1000.000000000000000 ) ;
#3485 = ORIENTED_EDGE ( 'NONE', *, *, #2007, .F. ) ;
#3486 = CARTESIAN_POINT ( 'NONE',  ( 2.099999999999999645, 0.1499999999999999944, -1.500000000000000888 ) ) ;
#3487 = CARTESIAN_POINT ( 'NONE',  ( 2.099999999999999645, 0.000000000000000000, -1.500000000000000888 ) ) ;
#3488 = ADVANCED_FACE ( 'NONE', ( #1497 ), #3557, .F. ) ;
#3489 = CARTESIAN_POINT ( 'NONE',  ( -1.279289321881345920, 0.6500000000000000222, 2.249999999999999556 ) ) ;
#3490 = ORIENTED_EDGE ( 'NONE', *, *, #1286, .F. ) ;
#3491 = EDGE_CURVE ( 'NONE', #1127, #1592, #2974, .T. ) ;
#3492 = DIRECTION ( 'NONE',  ( 0.000000000000000000, 0.000000000000000000, -1.000000000000000000 ) ) ;
#3493 = DIRECTION ( 'NONE',  ( 1.000000000000000000, -0.000000000000000000, -6.195440985631461234E-16 ) ) ;
#3494 = EDGE_LOOP ( 'NONE', ( #2312, #1017, #2628, #3730 ) ) ;
#3495 = CARTESIAN_POINT ( 'NONE',  ( 2.479289321881344765, 0.6500000000000001332, -2.279289321881346364 ) ) ;
#3496 = EDGE_CURVE ( 'NONE', #2725, #695, #2695, .T. ) ;
#3497 = CARTESIAN_POINT ( 'NONE',  ( -1.079289321881345964, 0.000000000000000000, 2.449999999999999289 ) ) ;
#3498 = DIRECTION ( 'NONE',  ( 0.000000000000000000, 1.000000000000000000, 0.000000000000000000 ) ) ;
#3499 =( BOUNDED_CURVE ( )  B_SPLINE_CURVE ( 3, ( #224, #1822, #1457, #2109 ),
 .UNSPECIFIED., .F., .F. ) 
 B_SPLINE_CURVE_WITH_KNOTS ( ( 4, 4 ),
 ( 0.000000000000000000, 1.570796326794896558 ),
 .UNSPECIFIED. ) 
 CURVE ( )  GEOMETRIC_REPRESENTATION_ITEM ( )  RATIONAL_B_SPLINE_CURVE ( ( 1.000000000000000000, 0.8047378541243649375, 0.8047378541243649375, 1.000000000000000000 ) ) 
 REPRESENTATION_ITEM ( '' )  );
#3500 = ORIENTED_EDGE ( 'NONE', *, *, #2238, .T. ) ;
#3501 = VERTEX_POINT ( 'NONE', #1749 ) ;
#3502 = DIRECTION ( 'NONE',  ( 1.000000000000000000, 0.000000000000000000, 6.195440985631461234E-16 ) ) ;
#3503 = LINE ( 'NONE', #1738, #3511 ) ;
#3504 = ORIENTED_EDGE ( 'NONE', *, *, #2937, .F. ) ;
#3505 = VECTOR ( 'NONE', #3352, 1000.000000000000000 ) ;
#3506 = ORIENTED_EDGE ( 'NONE', *, *, #1130, .F. ) ;
#3507 = CARTESIAN_POINT ( 'NONE',  ( -1.400000000000000133, 0.000000000000000000, -1.500000000000001332 ) ) ;
#3508 = DIRECTION ( 'NONE',  ( -0.000000000000000000, -1.000000000000000000, -0.000000000000000000 ) ) ;
#3509 = VERTEX_POINT ( 'NONE', #3577 ) ;
#3510 = CARTESIAN_POINT ( 'NONE',  ( -2.099999999999997868, 0.1913175911166535570, -2.299240387650614892 ) ) ;
#3511 = VECTOR ( 'NONE', #162, 1000.000000000000000 ) ;
#3512 = CARTESIAN_POINT ( 'NONE',  ( -1.079289321881345964, 0.6500000000000000222, 2.449999999999999289 ) ) ;
#3513 = ORIENTED_EDGE ( 'NONE', *, *, #595, .F. ) ;
#3514 = CARTESIAN_POINT ( 'NONE',  ( 0.000000000000000000, 0.000000000000000000, 0.000000000000000000 ) ) ;
#3515 = EDGE_CURVE ( 'NONE', #3525, #1443, #309, .T. ) ;
#3516 = EDGE_CURVE ( 'NONE', #2718, #2986, #3912, .T. ) ;
#3517 = CARTESIAN_POINT ( 'NONE',  ( 1.400000000000000355, 0.1499999999999999944, -2.300000000000000711 ) ) ;
#3518 = CARTESIAN_POINT ( 'NONE',  ( 2.500000000000000000, 0.04999999999999991257, -2.300000000000001155 ) ) ;
#3519 = AXIS2_PLACEMENT_3D ( 'NONE', #862, #2325, #3539 ) ;
#3520 = ORIENTED_EDGE ( 'NONE', *, *, #1887, .T. ) ;
#3521 = VERTEX_POINT ( 'NONE', #880 ) ;
#3522 = CARTESIAN_POINT ( 'NONE',  ( 1.279289321881346142, 0.6500000000000000222, 2.450000000000000178 ) ) ;
#3523 = CARTESIAN_POINT ( 'NONE',  ( 0.000000000000000000, 0.6500000000000000222, 2.249999999999999556 ) ) ;
#3524 = EDGE_LOOP ( 'NONE', ( #3520, #644, #592, #1620 ) ) ;
#3525 = VERTEX_POINT ( 'NONE', #860 ) ;
#3526 = AXIS2_PLACEMENT_3D ( 'NONE', #877, #3869, #3555 ) ;
#3527 = ORIENTED_EDGE ( 'NONE', *, *, #2402, .F. ) ;
#3528 = EDGE_CURVE ( 'NONE', #2749, #849, #3499, .T. ) ;
#3529 = DIRECTION ( 'NONE',  ( 1.000000000000000000, 0.000000000000000000, -9.427844978134838690E-17 ) ) ;
#3530 = SURFACE_STYLE_FILL_AREA ( #3440 ) ;
#3531 = CARTESIAN_POINT ( 'NONE',  ( -1.300000000000000266, 0.6292893218813451206, 2.299999999999999378 ) ) ;
#3532 = ORIENTED_EDGE ( 'NONE', *, *, #514, .F. ) ;
#3533 = CARTESIAN_POINT ( 'NONE',  ( -1.399999999999999911, 0.04999999999999991257, 2.249999999999999556 ) ) ;
#3534 = DIRECTION ( 'NONE',  ( 0.000000000000000000, 1.000000000000000000, 0.000000000000000000 ) ) ;
#3535 = ORIENTED_EDGE ( 'NONE', *, *, #3515, .T. ) ;
#3536 = LINE ( 'NONE', #1082, #1577 ) ;
#3537 = CARTESIAN_POINT ( 'NONE',  ( -1.399999999999999911, 0.04999999999999991257, -2.250000000000001332 ) ) ;
#3538 = VECTOR ( 'NONE', #63, 1000.000000000000000 ) ;
#3539 = DIRECTION ( 'NONE',  ( -1.204669080539448358E-16, 0.000000000000000000, 1.000000000000000000 ) ) ;
#3540 = DIRECTION ( 'NONE',  ( -6.101318315979463128E-16, 0.1736481776669269728, 0.9848077530122086864 ) ) ;
#3541 = SHAPE_DEFINITION_REPRESENTATION ( #1150, #2169 ) ;
#3542 = DIRECTION ( 'NONE',  ( 0.000000000000000000, 0.9848077530122085754, -0.1736481776669276389 ) ) ;
#3543 = EDGE_LOOP ( 'NONE', ( #468, #3380, #390, #2103 ) ) ;
#3544 = AXIS2_PLACEMENT_3D ( 'NONE', #363, #1878, #2201 ) ;
#3545 = DIRECTION ( 'NONE',  ( 1.000000000000000000, -0.000000000000000000, 3.614007241618345813E-16 ) ) ;
#3546 = DIRECTION ( 'NONE',  ( 0.000000000000000000, 0.000000000000000000, -1.000000000000000000 ) ) ;
#3547 = VERTEX_POINT ( 'NONE', #1475 ) ;
#3548 = ORIENTED_EDGE ( 'NONE', *, *, #1442, .F. ) ;
#3549 = EDGE_CURVE ( 'NONE', #581, #2181, #3754, .T. ) ;
#3550 = ORIENTED_EDGE ( 'NONE', *, *, #2480, .T. ) ;
#3551 = CARTESIAN_POINT ( 'NONE',  ( -1.100000000000000755, 0.6707106781186548128, -2.500000000000001776 ) ) ;
#3552 = VECTOR ( 'NONE', #2153, 1000.000000000000000 ) ;
#3553 = APPLICATION_CONTEXT ( 'automotive_design' ) ;
#3554 = DIRECTION ( 'NONE',  ( -1.926125456201316417E-16, 0.9848077530122086864, -0.1736481776669269450 ) ) ;
#3555 = DIRECTION ( 'NONE',  ( 0.000000000000000000, 0.000000000000000000, -1.000000000000000000 ) ) ;
#3556 = ORIENTED_EDGE ( 'NONE', *, *, #3001, .F. ) ;
#3557 = PLANE ( 'NONE',  #3663 ) ;
#3558 = VERTEX_POINT ( 'NONE', #2717 ) ;
#3559 = ADVANCED_FACE ( 'NONE', ( #3616 ), #598, .T. ) ;
#3560 = LINE ( 'NONE', #1458, #3295 ) ;
#3561 = EDGE_CURVE ( 'NONE', #813, #3631, #19, .T. ) ;
#3562 = DIRECTION ( 'NONE',  ( -0.000000000000000000, -0.1736481776669284716, -0.9848077530122084644 ) ) ;
#3563 = DIRECTION ( 'NONE',  ( -1.204669080539448358E-16, -0.000000000000000000, 1.000000000000000000 ) ) ;
#3564 = CYLINDRICAL_SURFACE ( 'NONE', #3087, 0.3999999999999999667 ) ;
#3565 = PRODUCT_CONTEXT ( 'NONE', #3553, 'mechanical' ) ;
#3566 = FACE_OUTER_BOUND ( 'NONE', #3755, .T. ) ;
#3567 = DIRECTION ( 'NONE',  ( 0.000000000000000000, -0.9848077530122085754, -0.1736481776669276944 ) ) ;
#3568 = PLANE ( 'NONE',  #2620 ) ;
#3569 = ORIENTED_EDGE ( 'NONE', *, *, #3491, .F. ) ;
#3570 = EDGE_CURVE ( 'NONE', #3638, #102, #2119, .T. ) ;
#3571 = ORIENTED_EDGE ( 'NONE', *, *, #313, .T. ) ;
#3572 = LINE ( 'NONE', #3291, #257 ) ;
#3573 = AXIS2_PLACEMENT_3D ( 'NONE', #2457, #1554, #2755 ) ;
#3574 = SURFACE_SIDE_STYLE ('',( #1171 ) ) ;
#3575 = FACE_OUTER_BOUND ( 'NONE', #1701, .T. ) ;
#3576 = CARTESIAN_POINT ( 'NONE',  ( -1.100000000000000755, 1.950000000000000178, -2.500000000000000888 ) ) ;
#3577 = CARTESIAN_POINT ( 'NONE',  ( -2.100000000000000533, 0.000000000000000000, 2.250000000000001332 ) ) ;
#3578 = AXIS2_PLACEMENT_3D ( 'NONE', #973, #3364, #1292 ) ;
#3579 = DIRECTION ( 'NONE',  ( -1.000000000000000000, 0.000000000000000000, -6.195440985631461234E-16 ) ) ;
#3580 = EDGE_CURVE ( 'NONE', #2316, #1884, #3258, .T. ) ;
#3581 = CARTESIAN_POINT ( 'NONE',  ( -1.399999999999997691, 0.000000000000000000, -2.250000000000003997 ) ) ;
#3582 = LINE ( 'NONE', #863, #881 ) ;
#3583 = VECTOR ( 'NONE', #788, 1000.000000000000000 ) ;
#3584 = CARTESIAN_POINT ( 'NONE',  ( 1.399999999999997691, 0.1913175911166535847, -2.299240387650614004 ) ) ;
#3585 = LINE ( 'NONE', #3897, #780 ) ;
#3586 = DIRECTION ( 'NONE',  ( -2.710505431213761578E-16, 0.000000000000000000, -1.000000000000000000 ) ) ;
#3587 = VERTEX_POINT ( 'NONE', #2088 ) ;
#3588 = ORIENTED_EDGE ( 'NONE', *, *, #1910, .F. ) ;
#3589 = CARTESIAN_POINT ( 'NONE',  ( -2.449999999999999289, 0.6500000000000000222, 2.249999999999999556 ) ) ;
#3590 = EDGE_LOOP ( 'NONE', ( #3682, #3670, #3269, #2151 ) ) ;
#3591 = SURFACE_SIDE_STYLE ('',( #2376 ) ) ;
#3592 = EDGE_CURVE ( 'NONE', #581, #1022, #1666, .T. ) ;
#3593 = EDGE_CURVE ( 'NONE', #1395, #1658, #1788, .T. ) ;
#3594 = AXIS2_PLACEMENT_3D ( 'NONE', #3138, #2895, #1965 ) ;
#3595 = LINE ( 'NONE', #2021, #3096 ) ;
#3596 = DIRECTION ( 'NONE',  ( -0.000000000000000000, -1.000000000000000000, -0.000000000000000000 ) ) ;
#3597 = ORIENTED_EDGE ( 'NONE', *, *, #304, .F. ) ;
#3598 = DIRECTION ( 'NONE',  ( 0.000000000000000000, 0.000000000000000000, 1.000000000000000000 ) ) ;
#3599 = ORIENTED_EDGE ( 'NONE', *, *, #508, .F. ) ;
#3600 = CARTESIAN_POINT ( 'NONE',  ( 1.279289321881346142, 0.6500000000000000222, 2.450000000000000178 ) ) ;
#3601 = CYLINDRICAL_SURFACE ( 'NONE', #3650, 0.05000000000000012768 ) ;
#3602 = DIRECTION ( 'NONE',  ( 0.000000000000000000, 1.000000000000000000, 0.000000000000000000 ) ) ;
#3603 = ADVANCED_FACE ( 'NONE', ( #3708 ), #2797, .F. ) ;
#3604 = CARTESIAN_POINT ( 'NONE',  ( -2.100000000000000533, 0.1499999999999989952, 2.249999999999999112 ) ) ;
#3605 = CARTESIAN_POINT ( 'NONE',  ( -2.449999999999999289, 0.000000000000000000, 2.249999999999999556 ) ) ;
#3606 = DIRECTION ( 'NONE',  ( -1.000000000000000000, 0.000000000000000000, 0.000000000000000000 ) ) ;
#3607 = AXIS2_PLACEMENT_3D ( 'NONE', #173, #1670, #2301 ) ;
#3608 = ORIENTED_EDGE ( 'NONE', *, *, #3100, .T. ) ;
#3609 = VECTOR ( 'NONE', #2166, 1000.000000000000000 ) ;
#3610 = ORIENTED_EDGE ( 'NONE', *, *, #1549, .T. ) ;
#3611 = CARTESIAN_POINT ( 'NONE',  ( -1.100000000000000755, 0.7000000000000000666, -2.500000000000000888 ) ) ;
#3612 = EDGE_CURVE ( 'NONE', #2478, #1684, #941, .T. ) ;
#3613 = VECTOR ( 'NONE', #2952, 1000.000000000000000 ) ;
#3614 = DIRECTION ( 'NONE',  ( -1.000000000000000000, 0.000000000000000000, 0.000000000000000000 ) ) ;
#3615 = FACE_BOUND ( 'NONE', #829, .T. ) ;
#3616 = FACE_OUTER_BOUND ( 'NONE', #1032, .T. ) ;
#3617 = EDGE_LOOP ( 'NONE', ( #3409, #1681, #1942, #2414, #178, #1211, #3485, #50 ) ) ;
#3618 = ORIENTED_EDGE ( 'NONE', *, *, #274, .T. ) ;
#3619 = LINE ( 'NONE', #270, #1897 ) ;
#3620 = CARTESIAN_POINT ( 'NONE',  ( 0.000000000000000000, 0.5999999999999999778, -2.450000000000000622 ) ) ;
#3621 = DIRECTION ( 'NONE',  ( 0.000000000000000000, 0.000000000000000000, -1.000000000000000000 ) ) ;
#3622 = LINE ( 'NONE', #3000, #1019 ) ;
#3623 = CARTESIAN_POINT ( 'NONE',  ( -2.099999999999999645, 0.1499999999999999944, -1.500000000000001332 ) ) ;
#3624 = DIRECTION ( 'NONE',  ( -1.000000000000000000, 0.000000000000000000, 0.000000000000000000 ) ) ;
#3625 = VERTEX_POINT ( 'NONE', #1860 ) ;
#3626 = ORIENTED_EDGE ( 'NONE', *, *, #653, .F. ) ;
#3627 = CARTESIAN_POINT ( 'NONE',  ( 1.399999999999998135, 0.1499999999999999944, -1.500000000000003331 ) ) ;
#3628 = VECTOR ( 'NONE', #181, 1000.000000000000000 ) ;
#3629 = CYLINDRICAL_SURFACE ( 'NONE', #3544, 0.05000000000000007216 ) ;
#3630 = CARTESIAN_POINT ( 'NONE',  ( -0.5499999999999994893, 0.04999999999999999584, 1.149999999999999911 ) ) ;
#3631 = VERTEX_POINT ( 'NONE', #2775 ) ;
#3632 = ORIENTED_EDGE ( 'NONE', *, *, #2268, .F. ) ;
#3633 = FACE_OUTER_BOUND ( 'NONE', #1936, .T. ) ;
#3634 = CARTESIAN_POINT ( 'NONE',  ( 0.000000000000000000, 2.000000000000000000, -2.250000000000001332 ) ) ;
#3635 = FACE_OUTER_BOUND ( 'NONE', #1312, .T. ) ;
#3636 = EDGE_CURVE ( 'NONE', #1245, #3700, #980, .T. ) ;
#3637 = EDGE_CURVE ( 'NONE', #1939, #3442, #2148, .T. ) ;
#3638 = VERTEX_POINT ( 'NONE', #386 ) ;
#3639 = CYLINDRICAL_SURFACE ( 'NONE', #93, 0.05000000000000012768 ) ;
#3640 = FACE_OUTER_BOUND ( 'NONE', #237, .T. ) ;
#3641 = AXIS2_PLACEMENT_3D ( 'NONE', #1090, #1994, #233 ) ;
#3642 = ORIENTED_EDGE ( 'NONE', *, *, #2459, .F. ) ;
#3643 = DIRECTION ( 'NONE',  ( 1.000000000000000000, -0.000000000000000000, 0.000000000000000000 ) ) ;
#3644 = CARTESIAN_POINT ( 'NONE',  ( -1.399999999999997691, 0.1999999999999999833, -2.250000000000003997 ) ) ;
#3645 = LINE ( 'NONE', #3399, #1369 ) ;
#3646 = VECTOR ( 'NONE', #1508, 1000.000000000000000 ) ;
#3647 = EDGE_CURVE ( 'NONE', #3017, #2275, #74, .T. ) ;
#3648 = DIRECTION ( 'NONE',  ( -0.000000000000000000, -1.000000000000000000, -0.000000000000000000 ) ) ;
#3649 = PLANE ( 'NONE',  #358 ) ;
#3650 = AXIS2_PLACEMENT_3D ( 'NONE', #3620, #1544, #3707 ) ;
#3651 = CARTESIAN_POINT ( 'NONE',  ( -1.400000000000000577, 0.1999999999999999833, 2.249999999999999556 ) ) ;
#3652 = EDGE_LOOP ( 'NONE', ( #3500, #3569, #2192, #3208 ) ) ;
#3653 = ORIENTED_EDGE ( 'NONE', *, *, #1356, .F. ) ;
#3654 = FACE_OUTER_BOUND ( 'NONE', #3778, .T. ) ;
#3655 = LINE ( 'NONE', #1845, #3092 ) ;
#3656 = ORIENTED_EDGE ( 'NONE', *, *, #2286, .T. ) ;
#3657 = LINE ( 'NONE', #3003, #297 ) ;
#3658 = DIRECTION ( 'NONE',  ( -0.7071067811865476838, 0.000000000000000000, 0.7071067811865473507 ) ) ;
#3659 = VECTOR ( 'NONE', #2177, 1000.000000000000000 ) ;
#3660 = DIRECTION ( 'NONE',  ( 0.000000000000000000, 0.000000000000000000, 1.000000000000000000 ) ) ;
#3661 = EDGE_LOOP ( 'NONE', ( #3739, #2824, #968, #2281 ) ) ;
#3662 = ORIENTED_EDGE ( 'NONE', *, *, #953, .F. ) ;
#3663 = AXIS2_PLACEMENT_3D ( 'NONE', #616, #3298, #1154 ) ;
#3664 = FACE_OUTER_BOUND ( 'NONE', #942, .T. ) ;
#3665 = EDGE_CURVE ( 'NONE', #2442, #68, #3435, .T. ) ;
#3666 = CARTESIAN_POINT ( 'NONE',  ( 1.399999999999997691, 0.000000000000000000, -2.250000000000003997 ) ) ;
#3667 = DIRECTION ( 'NONE',  ( 0.000000000000000000, 0.000000000000000000, -1.000000000000000000 ) ) ;
#3668 = MECHANICAL_DESIGN_GEOMETRIC_PRESENTATION_REPRESENTATION (  '', ( #1459 ), #380 ) ;
#3669 = LINE ( 'NONE', #693, #1232 ) ;
#3670 = ORIENTED_EDGE ( 'NONE', *, *, #1962, .F. ) ;
#3671 = ORIENTED_EDGE ( 'NONE', *, *, #2956, .F. ) ;
#3672 = AXIS2_PLACEMENT_3D ( 'NONE', #3759, #3192, #474 ) ;
#3673 = FACE_OUTER_BOUND ( 'NONE', #3710, .T. ) ;
#3674 = DIRECTION ( 'NONE',  ( 1.000000000000000000, 0.000000000000000000, -0.000000000000000000 ) ) ;
#3675 = DIRECTION ( 'NONE',  ( 1.000000000000000000, 0.000000000000000000, 0.000000000000000000 ) ) ;
#3676 = VECTOR ( 'NONE', #1343, 1000.000000000000000 ) ;
#3677 = EDGE_CURVE ( 'NONE', #2174, #1996, #2477, .T. ) ;
#3678 = ADVANCED_FACE ( 'NONE', ( #1537 ), #2167, .T. ) ;
#3679 = ORIENTED_EDGE ( 'NONE', *, *, #2268, .T. ) ;
#3680 = CARTESIAN_POINT ( 'NONE',  ( -2.500000000000000000, 1.950000000000000178, -2.300000000000001155 ) ) ;
#3681 = FACE_OUTER_BOUND ( 'NONE', #992, .T. ) ;
#3682 = ORIENTED_EDGE ( 'NONE', *, *, #2286, .F. ) ;
#3683 = EDGE_CURVE ( 'NONE', #1907, #2919, #2186, .T. ) ;
#3684 = CARTESIAN_POINT ( 'NONE',  ( 2.099999999999998312, 0.1499999999999999944, -1.500000000000003775 ) ) ;
#3685 = ORIENTED_EDGE ( 'NONE', *, *, #1817, .T. ) ;
#3686 = DIRECTION ( 'NONE',  ( -5.782411586589351722E-16, 0.000000000000000000, -1.000000000000000000 ) ) ;
#3687 = DIRECTION ( 'NONE',  ( 1.000000000000000000, 0.000000000000000000, 0.000000000000000000 ) ) ;
#3688 = CARTESIAN_POINT ( 'NONE',  ( -1.400000000000000577, 0.000000000000000000, 2.250000000000001776 ) ) ;
#3689 = ORIENTED_EDGE ( 'NONE', *, *, #445, .F. ) ;
#3690 = VECTOR ( 'NONE', #1390, 1000.000000000000000 ) ;
#3691 = CARTESIAN_POINT ( 'NONE',  ( -1.291421356237310247, -9.347178765812512669E-17, 2.279289321881345032 ) ) ;
#3692 = ORIENTED_EDGE ( 'NONE', *, *, #2083, .T. ) ;
#3693 = LINE ( 'NONE', #988, #623 ) ;
#3694 = AXIS2_PLACEMENT_3D ( 'NONE', #3725, #2495, #1000 ) ;
#3695 =( GEOMETRIC_REPRESENTATION_CONTEXT ( 3 ) GLOBAL_UNCERTAINTY_ASSIGNED_CONTEXT ( ( #1026 ) ) GLOBAL_UNIT_ASSIGNED_CONTEXT ( ( #283, #873, #532 ) ) REPRESENTATION_CONTEXT ( 'NONE', 'WORKASPACE' ) );
#3696 = EDGE_CURVE ( 'NONE', #1748, #3509, #962, .T. ) ;
#3697 = VERTEX_POINT ( 'NONE', #2220 ) ;
#3698 = CARTESIAN_POINT ( 'NONE',  ( 2.099999999999999645, 0.1499999999999999944, -1.500000000000000888 ) ) ;
#3699 = LINE ( 'NONE', #3716, #3659 ) ;
#3700 = VERTEX_POINT ( 'NONE', #1279 ) ;
#3701 = LINE ( 'NONE', #1874, #354 ) ;
#3702 = VERTEX_POINT ( 'NONE', #347 ) ;
#3703 = ORIENTED_EDGE ( 'NONE', *, *, #1646, .F. ) ;
#3704 = CARTESIAN_POINT ( 'NONE',  ( 1.291421356237309581, -4.144350041280215396E-17, 2.479289321881345654 ) ) ;
#3705 = ADVANCED_FACE ( 'NONE', ( #2513 ), #328, .F. ) ;
#3706 = EDGE_CURVE ( 'NONE', #3714, #2181, #1301, .T. ) ;
#3707 = DIRECTION ( 'NONE',  ( 0.000000000000000000, 0.000000000000000000, -1.000000000000000000 ) ) ;
#3708 = FACE_OUTER_BOUND ( 'NONE', #3617, .T. ) ;
#3709 = AXIS2_PLACEMENT_3D ( 'NONE', #447, #1652, #1365 ) ;
#3710 = EDGE_LOOP ( 'NONE', ( #453, #139, #112, #2846 ) ) ;
#3711 = PLANE ( 'NONE',  #1208 ) ;
#3712 = LINE ( 'NONE', #135, #1630 ) ;
#3713 = VECTOR ( 'NONE', #462, 1000.000000000000000 ) ;
#3714 = VERTEX_POINT ( 'NONE', #36 ) ;
#3715 = CARTESIAN_POINT ( 'NONE',  ( 2.449999999999999289, 2.000000000000000000, 1.279289321881348140 ) ) ;
#3716 = CARTESIAN_POINT ( 'NONE',  ( -1.100000000000000755, 0.000000000000000000, 2.449999999999999289 ) ) ;
#3717 = ADVANCED_FACE ( 'NONE', ( #2815 ), #3369, .F. ) ;
#3718 = ORIENTED_EDGE ( 'NONE', *, *, #1853, .T. ) ;
#3719 = DIRECTION ( 'NONE',  ( 0.000000000000000000, 0.000000000000000000, -1.000000000000000000 ) ) ;
#3720 = AXIS2_PLACEMENT_3D ( 'NONE', #2842, #2194, #3397 ) ;
#3721 = VERTEX_POINT ( 'NONE', #2737 ) ;
#3722 = PLANE ( 'NONE',  #130 ) ;
#3723 = EDGE_CURVE ( 'NONE', #791, #766, #2204, .T. ) ;
#3724 = DIRECTION ( 'NONE',  ( 0.7071067811865476838, 0.000000000000000000, -0.7071067811865473507 ) ) ;
#3725 = CARTESIAN_POINT ( 'NONE',  ( -0.5499999999999994893, 0.1499999999999999944, -1.600000000000000089 ) ) ;
#3726 = ORIENTED_EDGE ( 'NONE', *, *, #3751, .T. ) ;
#3727 = MECHANICAL_DESIGN_GEOMETRIC_PRESENTATION_REPRESENTATION (  '', ( #3227 ), #3695 ) ;
#3728 = DIRECTION ( 'NONE',  ( 1.000000000000000000, -0.000000000000000000, -6.195440985631461234E-16 ) ) ;
#3729 = EDGE_CURVE ( 'NONE', #1658, #1250, #3669, .T. ) ;
#3730 = ORIENTED_EDGE ( 'NONE', *, *, #1040, .T. ) ;
#3731 = DIRECTION ( 'NONE',  ( 0.000000000000000000, 1.000000000000000000, -0.000000000000000000 ) ) ;
#3732 = VECTOR ( 'NONE', #3853, 1000.000000000000114 ) ;
#3733 = CIRCLE ( 'NONE', #1464, 0.05000000000000100198 ) ;
#3734 = FACE_OUTER_BOUND ( 'NONE', #1081, .T. ) ;
#3735 = CARTESIAN_POINT ( 'NONE',  ( -1.399999999999997691, 1.300000000000000044, -2.494731009373599040 ) ) ;
#3736 = EDGE_LOOP ( 'NONE', ( #3608, #349 ) ) ;
#3737 = VERTEX_POINT ( 'NONE', #3423 ) ;
#3738 = CARTESIAN_POINT ( 'NONE',  ( -1.399999999999999911, 0.1999999999999999833, 2.249999999999999556 ) ) ;
#3739 = ORIENTED_EDGE ( 'NONE', *, *, #2883, .F. ) ;
#3740 = DIRECTION ( 'NONE',  ( 0.000000000000000000, 0.000000000000000000, 1.000000000000000000 ) ) ;
#3741 = VERTEX_POINT ( 'NONE', #712 ) ;
#3742 = LINE ( 'NONE', #2890, #9 ) ;
#3743 = DIRECTION ( 'NONE',  ( -1.075827036997902322E-16, -0.9848077530122084644, 0.1736481776669284716 ) ) ;
#3744 = CYLINDRICAL_SURFACE ( 'NONE', #1163, 0.05000000000000012768 ) ;
#3745 = ORIENTED_EDGE ( 'NONE', *, *, #246, .T. ) ;
#3746 = CARTESIAN_POINT ( 'NONE',  ( -0.5499999999999994893, 0.04999999999999999584, -1.600000000000000089 ) ) ;
#3747 = CARTESIAN_POINT ( 'NONE',  ( -2.099999999999999645, 0.04999999999999991257, -2.300000000000001155 ) ) ;
#3748 = CYLINDRICAL_SURFACE ( 'NONE', #247, 0.05000000000000007216 ) ;
#3749 = CARTESIAN_POINT ( 'NONE',  ( 1.399999999999997691, 0.1652703644666145000, -2.446961550602445801 ) ) ;
#3750 = ADVANCED_FACE ( 'NONE', ( #754 ), #1055, .F. ) ;
#3751 = EDGE_CURVE ( 'NONE', #2903, #2101, #2612, .T. ) ;
#3752 = EDGE_CURVE ( 'NONE', #1927, #813, #3885, .T. ) ;
#3753 = VERTEX_POINT ( 'NONE', #1999 ) ;
#3754 = CIRCLE ( 'NONE', #1852, 0.04999999999999991257 ) ;
#3755 = EDGE_LOOP ( 'NONE', ( #3457, #235, #1001, #2483, #550, #2035, #2867, #2055, #2995, #3571, #2261 ) ) ;
#3756 = DIRECTION ( 'NONE',  ( 1.000000000000000000, 0.000000000000000000, 0.000000000000000000 ) ) ;
#3757 = CARTESIAN_POINT ( 'NONE',  ( -2.100000000000000089, 0.1499999999999999944, 1.500000000000001110 ) ) ;
#3758 = ORIENTED_EDGE ( 'NONE', *, *, #1618, .F. ) ;
#3759 = CARTESIAN_POINT ( 'NONE',  ( -1.100000000000000755, 2.000000000000000000, 2.499999999999999556 ) ) ;
#3760 = ORIENTED_EDGE ( 'NONE', *, *, #3115, .T. ) ;
#3761 = AXIS2_PLACEMENT_3D ( 'NONE', #3086, #342, #1818 ) ;
#3762 = CARTESIAN_POINT ( 'NONE',  ( -2.449999999999999734, 0.6500000000000000222, -2.250000000000001332 ) ) ;
#3763 = DIRECTION ( 'NONE',  ( -0.000000000000000000, -1.000000000000000000, -0.000000000000000000 ) ) ;
#3764 = AXIS2_PLACEMENT_3D ( 'NONE', #1467, #6, #2099 ) ;
#3765 = EDGE_CURVE ( 'NONE', #2749, #3388, #2593, .T. ) ;
#3766 = ORIENTED_EDGE ( 'NONE', *, *, #2238, .F. ) ;
#3767 =( BOUNDED_CURVE ( )  B_SPLINE_CURVE ( 3, ( #1229, #2059, #552, #3589 ),
 .UNSPECIFIED., .F., .T. ) 
 B_SPLINE_CURVE_WITH_KNOTS ( ( 4, 4 ),
 ( 3.141592653589790896, 4.712388980384689674 ),
 .UNSPECIFIED. ) 
 CURVE ( )  GEOMETRIC_REPRESENTATION_ITEM ( )  RATIONAL_B_SPLINE_CURVE ( ( 1.000000000000000000, 0.8047378541243644934, 0.8047378541243644934, 1.000000000000000000 ) ) 
 REPRESENTATION_ITEM ( '' )  );
#3768 = DIRECTION ( 'NONE',  ( -0.000000000000000000, -1.000000000000000000, -0.000000000000000000 ) ) ;
#3769 = CARTESIAN_POINT ( 'NONE',  ( 1.399999999999997691, 0.1913175911166535570, -2.299240387650614448 ) ) ;
#3770 = DIRECTION ( 'NONE',  ( 6.195440985631461234E-16, 0.000000000000000000, -1.000000000000000000 ) ) ;
#3771 = CARTESIAN_POINT ( 'NONE',  ( -8.854317741964946304E-16, 0.5999999999999999778, 2.449999999999999734 ) ) ;
#3772 =( BOUNDED_CURVE ( )  B_SPLINE_CURVE ( 3, ( #2876, #1080, #1728, #2716 ),
 .UNSPECIFIED., .F., .F. ) 
 B_SPLINE_CURVE_WITH_KNOTS ( ( 4, 4 ),
 ( 1.570796326794896558, 3.141592653589795336 ),
 .UNSPECIFIED. ) 
 CURVE ( )  GEOMETRIC_REPRESENTATION_ITEM ( )  RATIONAL_B_SPLINE_CURVE ( ( 1.000000000000000000, 0.8047378541243644934, 0.8047378541243644934, 1.000000000000000000 ) ) 
 REPRESENTATION_ITEM ( '' )  );
#3773 = ORIENTED_EDGE ( 'NONE', *, *, #1826, .F. ) ;
#3774 = ADVANCED_FACE ( 'NONE', ( #773 ), #3744, .T. ) ;
#3775 = ORIENTED_EDGE ( 'NONE', *, *, #3729, .F. ) ;
#3776 = FACE_OUTER_BOUND ( 'NONE', #1105, .T. ) ;
#3777 = PLANE ( 'NONE',  #3641 ) ;
#3778 = EDGE_LOOP ( 'NONE', ( #2777, #2975, #1207, #1273 ) ) ;
#3779 = EDGE_CURVE ( 'NONE', #1635, #3737, #3782, .T. ) ;
#3780 = ORIENTED_EDGE ( 'NONE', *, *, #1887, .F. ) ;
#3781 = SURFACE_STYLE_USAGE ( .BOTH. , #2872 ) ;
#3782 = LINE ( 'NONE', #3441, #1796 ) ;
#3783 = EDGE_CURVE ( 'NONE', #2332, #1006, #1037, .T. ) ;
#3784 = TOROIDAL_SURFACE ( 'NONE', #1883, 0.4500000000000000666, 0.05000000000000000278 ) ;
#3785 = ORIENTED_EDGE ( 'NONE', *, *, #643, .F. ) ;
#3786 = DIRECTION ( 'NONE',  ( 5.782411586589351722E-16, -0.000000000000000000, -1.000000000000000000 ) ) ;
#3787 = AXIS2_PLACEMENT_3D ( 'NONE', #1731, #2932, #761 ) ;
#3788 = CARTESIAN_POINT ( 'NONE',  ( -1.400000000000000133, 0.1499999999999999944, -1.500000000000001332 ) ) ;
#3789 = VERTEX_POINT ( 'NONE', #128 ) ;
#3790 = DIRECTION ( 'NONE',  ( 0.000000000000000000, 0.000000000000000000, -1.000000000000000000 ) ) ;
#3791 = VERTEX_POINT ( 'NONE', #3464 ) ;
#3792 = VECTOR ( 'NONE', #3648, 1000.000000000000000 ) ;
#3793 = LINE ( 'NONE', #3517, #1434 ) ;
#3794 = CARTESIAN_POINT ( 'NONE',  ( -1.764644660940673182, 0.5999999999999999778, -1.764644660940673182 ) ) ;
#3795 = APPLICATION_PROTOCOL_DEFINITION ( 'draft international standard', 'automotive_design', 1998, #3553 ) ;
#3796 = EDGE_LOOP ( 'NONE', ( #31, #1709, #379, #1583 ) ) ;
#3797 = AXIS2_PLACEMENT_3D ( 'NONE', #1158, #562, #1478 ) ;
#3798 = DIRECTION ( 'NONE',  ( 0.7071067811865471286, -0.000000000000000000, 0.7071067811865479058 ) ) ;
#3799 = LINE ( 'NONE', #3523, #1742 ) ;
#3800 = ORIENTED_EDGE ( 'NONE', *, *, #744, .T. ) ;
#3801 = AXIS2_PLACEMENT_3D ( 'NONE', #2358, #1172, #1453 ) ;
#3802 = EDGE_CURVE ( 'NONE', #59, #1230, #2258, .T. ) ;
#3803 = ORIENTED_EDGE ( 'NONE', *, *, #2362, .F. ) ;
#3804 = LINE ( 'NONE', #1095, #2778 ) ;
#3805 = CARTESIAN_POINT ( 'NONE',  ( -2.499999999999999556, 2.000000000000000000, 2.299999999999999378 ) ) ;
#3806 = ADVANCED_FACE ( 'NONE', ( #1918 ), #732, .F. ) ;
#3807 = EDGE_CURVE ( 'NONE', #2607, #1995, #2237, .T. ) ;
#3808 = ORIENTED_EDGE ( 'NONE', *, *, #2324, .T. ) ;
#3809 = CARTESIAN_POINT ( 'NONE',  ( -1.399999999999997691, 0.000000000000000000, -2.250000000000003997 ) ) ;
#3810 = LINE ( 'NONE', #1711, #231 ) ;
#3811 = ORIENTED_EDGE ( 'NONE', *, *, #508, .T. ) ;
#3812 = FACE_OUTER_BOUND ( 'NONE', #2689, .T. ) ;
#3813 = CARTESIAN_POINT ( 'NONE',  ( -0.5499999999999994893, 0.04999999999999999584, -1.600000000000000089 ) ) ;
#3814 = CARTESIAN_POINT ( 'NONE',  ( 2.500000000000000000, 0.02071067811865466221, -2.300000000000001155 ) ) ;
#3815 = EDGE_CURVE ( 'NONE', #2355, #3180, #1378, .T. ) ;
#3816 = ORIENTED_EDGE ( 'NONE', *, *, #1713, .F. ) ;
#3817 = VECTOR ( 'NONE', #3756, 1000.000000000000000 ) ;
#3818 = ORIENTED_EDGE ( 'NONE', *, *, #1336, .T. ) ;
#3819 = DIRECTION ( 'NONE',  ( 2.710505431213761578E-16, -0.000000000000000000, 1.000000000000000000 ) ) ;
#3820 = FACE_OUTER_BOUND ( 'NONE', #1532, .T. ) ;
#3821 = DIRECTION ( 'NONE',  ( 1.000000000000000000, 0.000000000000000000, 3.614007241618345813E-16 ) ) ;
#3822 = EDGE_LOOP ( 'NONE', ( #3189, #117, #925, #3084 ) ) ;
#3823 = AXIS2_PLACEMENT_3D ( 'NONE', #3273, #2038, #2713 ) ;
#3824 = VERTEX_POINT ( 'NONE', #2532 ) ;
#3825 = VERTEX_POINT ( 'NONE', #205 ) ;
#3826 = CARTESIAN_POINT ( 'NONE',  ( 2.500000000000000000, 0.7000000000000000666, -2.300000000000001155 ) ) ;
#3827 = ORIENTED_EDGE ( 'NONE', *, *, #260, .F. ) ;
#3828 = EDGE_CURVE ( 'NONE', #1684, #1995, #2571, .T. ) ;
#3829 = EDGE_CURVE ( 'NONE', #3791, #39, #2854, .T. ) ;
#3830 = DIRECTION ( 'NONE',  ( -1.000000000000000000, 0.000000000000000000, 0.000000000000000000 ) ) ;
#3831 = VECTOR ( 'NONE', #1780, 1000.000000000000000 ) ;
#3832 = DIRECTION ( 'NONE',  ( -0.7071067811865474617, 0.000000000000000000, 0.7071067811865474617 ) ) ;
#3833 = EDGE_LOOP ( 'NONE', ( #1961, #2791, #1991, #1065 ) ) ;
#3834 = LINE ( 'NONE', #1421, #1073 ) ;
#3835 = CARTESIAN_POINT ( 'NONE',  ( -2.099999999999997868, 1.300000000000000044, -2.494731009373599484 ) ) ;
#3836 = CARTESIAN_POINT ( 'NONE',  ( 1.250000000000000000, 2.000000000000000000, 0.000000000000000000 ) ) ;
#3837 = AXIS2_PLACEMENT_3D ( 'NONE', #3280, #563, #1385 ) ;
#3838 = EDGE_CURVE ( 'NONE', #2321, #2199, #3069, .T. ) ;
#3839 = DIRECTION ( 'NONE',  ( -0.7071067811865476838, -0.000000000000000000, 0.7071067811865473507 ) ) ;
#3840 = ORIENTED_EDGE ( 'NONE', *, *, #3373, .F. ) ;
#3841 = DIRECTION ( 'NONE',  ( -0.000000000000000000, 1.000000000000000000, -0.000000000000000000 ) ) ;
#3842 = DIRECTION ( 'NONE',  ( -1.926125456201316417E-16, 0.9848077530122086864, -0.1736481776669269450 ) ) ;
#3843 = EDGE_LOOP ( 'NONE', ( #1669, #1782 ) ) ;
#3844 = ORIENTED_EDGE ( 'NONE', *, *, #1565, .F. ) ;
#3845 = CARTESIAN_POINT ( 'NONE',  ( -1.091421356237310292, 0.6500000000000001332, -2.479289321881346098 ) ) ;
#3846 = CARTESIAN_POINT ( 'NONE',  ( 1.091421356237308737, 0.6500000000000001332, -2.479289321881346542 ) ) ;
#3847 = EDGE_CURVE ( 'NONE', #3172, #2009, #1980, .T. ) ;
#3848 = DIRECTION ( 'NONE',  ( -1.204669080539448358E-16, -0.000000000000000000, 1.000000000000000000 ) ) ;
#3849 = DIRECTION ( 'NONE',  ( 0.000000000000000000, 0.000000000000000000, 1.000000000000000000 ) ) ;
#3850 = EDGE_LOOP ( 'NONE', ( #3175, #2461, #515, #2855 ) ) ;
#3851 = FACE_OUTER_BOUND ( 'NONE', #3278, .T. ) ;
#3852 = AXIS2_PLACEMENT_3D ( 'NONE', #357, #2486, #1870 ) ;
#3853 = DIRECTION ( 'NONE',  ( 0.7071067811865474617, -0.000000000000000000, -0.7071067811865474617 ) ) ;
#3854 = AXIS2_PLACEMENT_3D ( 'NONE', #3201, #502, #3790 ) ;
#3855 = EDGE_CURVE ( 'NONE', #725, #805, #3196, .T. ) ;
#3856 = CARTESIAN_POINT ( 'NONE',  ( 1.399999999999997691, 0.1999999999999999833, -2.250000000000003997 ) ) ;
#3857 = DIRECTION ( 'NONE',  ( 1.000000000000000000, -0.000000000000000000, -6.195440985631461234E-16 ) ) ;
#3858 = CARTESIAN_POINT ( 'NONE',  ( 2.099999999999997868, 0.1999999999999999833, -2.250000000000004441 ) ) ;
#3859 = VECTOR ( 'NONE', #146, 1000.000000000000000 ) ;
#3860 = DIRECTION ( 'NONE',  ( 0.000000000000000000, 0.000000000000000000, -1.000000000000000000 ) ) ;
#3861 = CARTESIAN_POINT ( 'NONE',  ( 1.300000000000000711, 0.04999999999999991257, 2.500000000000000444 ) ) ;
#3862 = ORIENTED_EDGE ( 'NONE', *, *, #3549, .F. ) ;
#3863 = AXIS2_PLACEMENT_3D ( 'NONE', #125, #1033, #3542 ) ;
#3864 = ORIENTED_EDGE ( 'NONE', *, *, #2375, .T. ) ;
#3865 = VERTEX_POINT ( 'NONE', #794 ) ;
#3866 = DIRECTION ( 'NONE',  ( -1.000000000000000000, -0.000000000000000000, -6.195440985631461234E-16 ) ) ;
#3867 = VECTOR ( 'NONE', #3390, 1000.000000000000000 ) ;
#3868 = CARTESIAN_POINT ( 'NONE',  ( -1.399999999999998135, 0.1499999999999999944, -1.500000000000003331 ) ) ;
#3869 = DIRECTION ( 'NONE',  ( -0.000000000000000000, -1.000000000000000000, 0.000000000000000000 ) ) ;
#3870 = CARTESIAN_POINT ( 'NONE',  ( 2.499999999999999556, 0.04999999999999991257, 1.300000000000002043 ) ) ;
#3871 = DIRECTION ( 'NONE',  ( 0.000000000000000000, -0.9848077530122086864, 0.1736481776669269728 ) ) ;
#3872 = DIRECTION ( 'NONE',  ( 1.000000000000000000, -0.000000000000000000, -6.195440985631461234E-16 ) ) ;
#3873 = LINE ( 'NONE', #2285, #607 ) ;
#3874 = CARTESIAN_POINT ( 'NONE',  ( -0.5499999999999994893, 0.04999999999999999584, 1.600000000000000089 ) ) ;
#3875 = ORIENTED_EDGE ( 'NONE', *, *, #3202, .T. ) ;
#3876 = MANIFOLD_SOLID_BREP ( 'Mirror1', #2845 ) ;
#3877 = EDGE_CURVE ( 'NONE', #1038, #3824, #393, .T. ) ;
#3878 = ADVANCED_FACE ( 'NONE', ( #3252 ), #2063, .F. ) ;
#3879 = DIRECTION ( 'NONE',  ( -0.000000000000000000, -1.000000000000000000, 0.000000000000000000 ) ) ;
#3880 = DIRECTION ( 'NONE',  ( 1.000000000000000000, 0.000000000000000000, -2.710505431213761578E-16 ) ) ;
#3881 = ORIENTED_EDGE ( 'NONE', *, *, #2260, .T. ) ;
#3882 = AXIS2_PLACEMENT_3D ( 'NONE', #2289, #2509, #3108 ) ;
#3883 = ORIENTED_EDGE ( 'NONE', *, *, #2375, .F. ) ;
#3884 = SURFACE_STYLE_FILL_AREA ( #2691 ) ;
#3885 = CIRCLE ( 'NONE', #1298, 0.05000000000000012768 ) ;
#3886 = FILL_AREA_STYLE ('',( #854 ) ) ;
#3887 = AXIS2_PLACEMENT_3D ( 'NONE', #1272, #3047, #2489 ) ;
#3888 = PRESENTATION_LAYER_ASSIGNMENT (  '', '', ( #2548 ) ) ;
#3889 = DIRECTION ( 'NONE',  ( 0.000000000000000000, 0.000000000000000000, -1.000000000000000000 ) ) ;
#3890 = LINE ( 'NONE', #2320, #2001 ) ;
#3891 = DIRECTION ( 'NONE',  ( 1.000000000000000000, -0.000000000000000000, -0.000000000000000000 ) ) ;
#3892 = ORIENTED_EDGE ( 'NONE', *, *, #1672, .F. ) ;
#3893 = DIRECTION ( 'NONE',  ( -1.000000000000000000, -0.000000000000000000, -6.195440985631461234E-16 ) ) ;
#3894 = DIRECTION ( 'NONE',  ( 0.000000000000000000, 0.000000000000000000, 1.000000000000000000 ) ) ;
#3895 = ORIENTED_EDGE ( 'NONE', *, *, #1855, .T. ) ;
#3897 = CARTESIAN_POINT ( 'NONE',  ( -8.854317741964946304E-16, 0.6500000000000000222, 2.449999999999999734 ) ) ;
#3896 = AXIS2_PLACEMENT_3D ( 'NONE', #3813, #3261, #542 ) ;
#3898 = FACE_OUTER_BOUND ( 'NONE', #2292, .T. ) ;
#3899 = VERTEX_POINT ( 'NONE', #2946 ) ;
#3900 = EDGE_CURVE ( 'NONE', #3442, #1075, #239, .T. ) ;
#3901 = ORIENTED_EDGE ( 'NONE', *, *, #1985, .T. ) ;
#3902 = DIRECTION ( 'NONE',  ( 6.101318315979463128E-16, 0.1736481776669276944, -0.9848077530122085754 ) ) ;
#3903 = VERTEX_POINT ( 'NONE', #2988 ) ;
#3904 = FACE_OUTER_BOUND ( 'NONE', #718, .T. ) ;
#3905 = ADVANCED_FACE ( 'NONE', ( #1725 ), #285, .F. ) ;
#3906 =( NAMED_UNIT ( * ) PLANE_ANGLE_UNIT ( ) SI_UNIT ( $, .RADIAN. ) );
#3907 = AXIS2_PLACEMENT_3D ( 'NONE', #267, #1474, #1535 ) ;
#3908 =( BOUNDED_CURVE ( )  B_SPLINE_CURVE ( 3, ( #3680, #969, #3122, #3415 ),
 .UNSPECIFIED., .F., .F. ) 
 B_SPLINE_CURVE_WITH_KNOTS ( ( 4, 4 ),
 ( 0.000000000000000000, 1.570796326794896558 ),
 .UNSPECIFIED. ) 
 CURVE ( )  GEOMETRIC_REPRESENTATION_ITEM ( )  RATIONAL_B_SPLINE_CURVE ( ( 1.000000000000000000, 0.8047378541243649375, 0.8047378541243649375, 1.000000000000000000 ) ) 
 REPRESENTATION_ITEM ( '' )  );
#3909 = DIRECTION ( 'NONE',  ( 0.000000000000000000, -1.000000000000000000, 0.000000000000000000 ) ) ;
#3910 = DIRECTION ( 'NONE',  ( 0.000000000000000000, 0.1736481776669279997, -0.9848077530122084644 ) ) ;
#3911 = EDGE_CURVE ( 'NONE', #3344, #311, #1471, .T. ) ;
#3912 = LINE ( 'NONE', #3334, #1360 ) ;
#3913 = VERTEX_POINT ( 'NONE', #264 ) ;
#3914 = ORIENTED_EDGE ( 'NONE', *, *, #974, .T. ) ;
ENDSEC;
END-ISO-10303-21;
