ISO-10303-21;
HEADER;
FILE_DESCRIPTION (( 'STEP AP214' ),
    '1' );
FILE_NAME ('ATGM336H-5N.STEP',
    '2026-04-06T16:40:51',
    ( 'LENOVO' ),
    ( '' ),
    'SwSTEP 2.0',
    'SolidWorks 2021',
    '' );
FILE_SCHEMA (( 'AUTOMOTIVE_DESIGN' ));
ENDSEC;

DATA;
#1 = ADVANCED_FACE ( 'NONE', ( #8802 ), #9445, .F. ) ;
#2 = VECTOR ( 'NONE', #10249, 1000.000000000000000 ) ;
#3 = EDGE_CURVE ( 'NONE', #4789, #7373, #1358, .T. ) ;
#4 = AXIS2_PLACEMENT_3D ( 'NONE', #8850, #8769, #483 ) ;
#5 = CARTESIAN_POINT ( 'NONE',  ( 4.350000000000000533, 0.7999999999999999334, 0.4000000000000071276 ) ) ;
#6 = CARTESIAN_POINT ( 'NONE',  ( -3.900000000000000799, 0.4000000000000000222, -1.500000000000001332 ) ) ;
#7 = APPLICATION_CONTEXT ( 'automotive_design' ) ;
#8 = ORIENTED_EDGE ( 'NONE', *, *, #582, .T. ) ;
#9 = ORIENTED_EDGE ( 'NONE', *, *, #8983, .F. ) ;
#10 = DIRECTION ( 'NONE',  ( 1.000000000000000000, -2.409338161078899674E-16, 0.000000000000000000 ) ) ;
#11 = CARTESIAN_POINT ( 'NONE',  ( -4.800000000000000711, 0.4000000000000000222, -0.4000000000000010214 ) ) ;
#12 = CARTESIAN_POINT ( 'NONE',  ( 3.899999999999999023, 0.4000000000000000222, -2.600000000000000977 ) ) ;
#13 = VECTOR ( 'NONE', #8702, 1000.000000000000000 ) ;
#14 = LINE ( 'NONE', #10484, #3643 ) ;
#15 = CARTESIAN_POINT ( 'NONE',  ( -3.900000000000000799, 0.000000000000000000, -1.500000000000001332 ) ) ;
#16 = ORIENTED_EDGE ( 'NONE', *, *, #8299, .T. ) ;
#17 = ORIENTED_EDGE ( 'NONE', *, *, #8747, .F. ) ;
#18 = ORIENTED_EDGE ( 'NONE', *, *, #9518, .F. ) ;
#19 = FACE_OUTER_BOUND ( 'NONE', #10786, .T. ) ;
#20 = DIRECTION ( 'NONE',  ( -0.000000000000000000, -3.252606517456512119E-15, -1.000000000000000000 ) ) ;
#21 = VECTOR ( 'NONE', #3251, 1000.000000000000000 ) ;
#22 = LINE ( 'NONE', #3691, #3688 ) ;
#23 = DIRECTION ( 'NONE',  ( -1.000000000000000000, 0.000000000000000000, 0.000000000000000000 ) ) ;
#24 = EDGE_CURVE ( 'NONE', #1958, #989, #8759, .T. ) ;
#25 = AXIS2_PLACEMENT_3D ( 'NONE', #9838, #4117, #3368 ) ;
#26 = ADVANCED_FACE ( 'NONE', ( #1308 ), #7801, .F. ) ;
#27 = ORIENTED_EDGE ( 'NONE', *, *, #8263, .T. ) ;
#28 = ORIENTED_EDGE ( 'NONE', *, *, #4137, .F. ) ;
#29 = DIRECTION ( 'NONE',  ( -1.000000000000000000, 0.000000000000000000, -9.637352644315598694E-16 ) ) ;
#30 = EDGE_CURVE ( 'NONE', #5879, #1772, #8686, .T. ) ;
#31 = VECTOR ( 'NONE', #3628, 1000.000000000000000 ) ;
#32 = CARTESIAN_POINT ( 'NONE',  ( -3.900000000000000799, 0.4000000000000000222, -2.795840542120763939 ) ) ;
#33 = EDGE_CURVE ( 'NONE', #5511, #2316, #1606, .T. ) ;
#34 = CARTESIAN_POINT ( 'NONE',  ( -4.800000000000000711, -5.421010862427522170E-17, -2.795840542120763939 ) ) ;
#35 = FACE_OUTER_BOUND ( 'NONE', #3713, .T. ) ;
#36 = CARTESIAN_POINT ( 'NONE',  ( -3.900000000000000799, 0.4000000000000000222, -1.800000000000000711 ) ) ;
#37 = ORIENTED_EDGE ( 'NONE', *, *, #7383, .F. ) ;
#38 = AXIS2_PLACEMENT_3D ( 'NONE', #1108, #7814, #6857 ) ;
#39 = EDGE_LOOP ( 'NONE', ( #8544, #5226, #4999, #1243, #4936, #5076 ) ) ;
#40 = ORIENTED_EDGE ( 'NONE', *, *, #9523, .F. ) ;
#41 = DIRECTION ( 'NONE',  ( -1.000000000000000000, 0.000000000000000000, 0.000000000000000000 ) ) ;
#42 = PLANE ( 'NONE',  #5007 ) ;
#43 = VECTOR ( 'NONE', #5798, 1000.000000000000000 ) ;
#44 = VECTOR ( 'NONE', #7959, 1000.000000000000000 ) ;
#45 = ADVANCED_FACE ( 'NONE', ( #8615 ), #5245, .T. ) ;
#46 = ORIENTED_EDGE ( 'NONE', *, *, #5284, .F. ) ;
#47 = EDGE_LOOP ( 'NONE', ( #3742, #8155, #4602, #2693 ) ) ;
#48 = DIRECTION ( 'NONE',  ( 1.000000000000000000, 0.000000000000000000, 0.000000000000000000 ) ) ;
#49 = LINE ( 'NONE', #5097, #7255 ) ;
#50 = PLANE ( 'NONE',  #452 ) ;
#51 = LINE ( 'NONE', #6341, #10681 ) ;
#52 = EDGE_CURVE ( 'NONE', #9653, #10519, #8822, .T. ) ;
#53 = PLANE ( 'NONE',  #4012 ) ;
#54 = VERTEX_POINT ( 'NONE', #10183 ) ;
#55 = CARTESIAN_POINT ( 'NONE',  ( 4.799999999999998934, 0.000000000000000000, 2.704159457879236506 ) ) ;
#56 = ORIENTED_EDGE ( 'NONE', *, *, #244, .T. ) ;
#57 = ORIENTED_EDGE ( 'NONE', *, *, #4368, .T. ) ;
#58 = VECTOR ( 'NONE', #9853, 1000.000000000000000 ) ;
#59 = AXIS2_PLACEMENT_3D ( 'NONE', #1368, #9713, #8924 ) ;
#60 = FACE_OUTER_BOUND ( 'NONE', #1300, .T. ) ;
#61 = VECTOR ( 'NONE', #4623, 1000.000000000000000 ) ;
#62 = CARTESIAN_POINT ( 'NONE',  ( 3.399999999999995914, 1.528725063204563461E-14, -4.500000000000007994 ) ) ;
#63 = DIRECTION ( 'NONE',  ( -1.000000000000000000, -2.409338161078908548E-16, 0.000000000000000000 ) ) ;
#64 = CARTESIAN_POINT ( 'NONE',  ( -3.899999999999999467, 0.4000000000000000222, 4.799999999999999822 ) ) ;
#65 = PLANE ( 'NONE',  #8075 ) ;
#66 = EDGE_LOOP ( 'NONE', ( #7771, #437, #880, #7838 ) ) ;
#67 = ORIENTED_EDGE ( 'NONE', *, *, #7155, .F. ) ;
#68 = ADVANCED_FACE ( 'NONE', ( #1835 ), #7655, .F. ) ;
#69 = CARTESIAN_POINT ( 'NONE',  ( -4.350000000000000533, 0.8000000000000000444, 1.499999999999999556 ) ) ;
#70 = LINE ( 'NONE', #7744, #3696 ) ;
#71 = VECTOR ( 'NONE', #2650, 1000.000000000000000 ) ;
#72 = DIRECTION ( 'NONE',  ( -2.409338161078899674E-16, -1.000000000000000000, 0.000000000000000000 ) ) ;
#73 = ADVANCED_FACE ( 'NONE', ( #1927 ), #6707, .F. ) ;
#74 = VERTEX_POINT ( 'NONE', #3365 ) ;
#75 = DIRECTION ( 'NONE',  ( 0.000000000000000000, 1.000000000000000000, -0.000000000000000000 ) ) ;
#76 = EDGE_LOOP ( 'NONE', ( #10797, #7177, #4125, #3536, #3100, #1038 ) ) ;
#77 = ORIENTED_EDGE ( 'NONE', *, *, #1811, .F. ) ;
#78 = AXIS2_PLACEMENT_3D ( 'NONE', #7602, #8510, #5111 ) ;
#79 = LINE ( 'NONE', #9161, #3702 ) ;
#80 = VECTOR ( 'NONE', #8426, 1000.000000000000000 ) ;
#81 = AXIS2_PLACEMENT_3D ( 'NONE', #1698, #5734, #7627 ) ;
#82 = EDGE_CURVE ( 'NONE', #513, #9278, #1771, .T. ) ;
#83 = CARTESIAN_POINT ( 'NONE',  ( -4.800000000000000711, 0.8000000000000000444, 1.499999999999999556 ) ) ;
#84 = DIRECTION ( 'NONE',  ( 0.000000000000000000, -1.000000000000000000, 0.000000000000000000 ) ) ;
#85 = ORIENTED_EDGE ( 'NONE', *, *, #241, .T. ) ;
#86 = ORIENTED_EDGE ( 'NONE', *, *, #4280, .T. ) ;
#87 = DIRECTION ( 'NONE',  ( 0.000000000000000000, 0.000000000000000000, -1.000000000000000000 ) ) ;
#88 = DIRECTION ( 'NONE',  ( -0.000000000000000000, -0.000000000000000000, -1.000000000000000000 ) ) ;
#89 = DIRECTION ( 'NONE',  ( -0.000000000000000000, -0.000000000000000000, -1.000000000000000000 ) ) ;
#90 = LINE ( 'NONE', #791, #3717 ) ;
#91 = LINE ( 'NONE', #10569, #3495 ) ;
#92 = DIRECTION ( 'NONE',  ( -1.000000000000000000, -2.409338161078908548E-16, 0.000000000000000000 ) ) ;
#93 = ORIENTED_EDGE ( 'NONE', *, *, #8470, .F. ) ;
#94 = VERTEX_POINT ( 'NONE', #3451 ) ;
#95 = ORIENTED_EDGE ( 'NONE', *, *, #7563, .F. ) ;
#96 = CARTESIAN_POINT ( 'NONE',  ( 3.899999999999999023, 0.000000000000000000, 4.799999999999999822 ) ) ;
#97 = FACE_OUTER_BOUND ( 'NONE', #66, .T. ) ;
#98 = AXIS2_PLACEMENT_3D ( 'NONE', #3889, #9764, #374 ) ;
#99 = DIRECTION ( 'NONE',  ( 0.000000000000000000, 3.252606517456512119E-15, 1.000000000000000000 ) ) ;
#100 = VERTEX_POINT ( 'NONE', #4336 ) ;
#101 = ORIENTED_EDGE ( 'NONE', *, *, #2223, .T. ) ;
#102 = DIRECTION ( 'NONE',  ( 0.000000000000000000, 0.000000000000000000, -1.000000000000000000 ) ) ;
#103 = EDGE_CURVE ( 'NONE', #4274, #5293, #5445, .T. ) ;
#104 = FACE_OUTER_BOUND ( 'NONE', #5865, .T. ) ;
#105 = DIRECTION ( 'NONE',  ( -1.000000000000000000, 0.000000000000000000, 0.000000000000000000 ) ) ;
#106 = LINE ( 'NONE', #1810, #322 ) ;
#107 = CARTESIAN_POINT ( 'NONE',  ( -3.900000000000000799, 0.4000000000000000222, -2.900000000000000799 ) ) ;
#108 = DIRECTION ( 'NONE',  ( -0.000000000000000000, 1.000000000000000000, -0.000000000000000000 ) ) ;
#109 = ORIENTED_EDGE ( 'NONE', *, *, #7522, .T. ) ;
#110 = ORIENTED_EDGE ( 'NONE', *, *, #7472, .F. ) ;
#112 = ORIENTED_EDGE ( 'NONE', *, *, #8384, .F. ) ;
#111 = DIRECTION ( 'NONE',  ( 0.000000000000000000, -0.000000000000000000, 1.000000000000000000 ) ) ;
#113 = DIRECTION ( 'NONE',  ( 1.000000000000000000, -0.000000000000000000, 0.000000000000000000 ) ) ;
#114 = VECTOR ( 'NONE', #9263, 1000.000000000000000 ) ;
#115 = DIRECTION ( 'NONE',  ( -1.000000000000000000, 2.409338161078899674E-16, -9.637352644315598694E-16 ) ) ;
#116 = VECTOR ( 'NONE', #8094, 1000.000000000000000 ) ;
#117 = VERTEX_POINT ( 'NONE', #1867 ) ;
#118 = VERTEX_POINT ( 'NONE', #2680 ) ;
#119 = CARTESIAN_POINT ( 'NONE',  ( 3.899999999999999023, 0.000000000000000000, -3.700000000000001066 ) ) ;
#120 = DIRECTION ( 'NONE',  ( -2.409338161078899674E-16, -1.000000000000000000, 0.000000000000000000 ) ) ;
#121 = VECTOR ( 'NONE', #8938, 1000.000000000000000 ) ;
#122 = MANIFOLD_SOLID_BREP ( 'LPattern2[15]', #6943 ) ;
#123 = LINE ( 'NONE', #7108, #7350 ) ;
#124 = AXIS2_PLACEMENT_3D ( 'NONE', #8325, #6819, #870 ) ;
#125 = ORIENTED_EDGE ( 'NONE', *, *, #5418, .T. ) ;
#126 = EDGE_CURVE ( 'NONE', #7110, #8679, #1785, .T. ) ;
#127 = CARTESIAN_POINT ( 'NONE',  ( 4.350000000000000533, 0.7999999999999999334, 6.004159457879236328 ) ) ;
#128 = ORIENTED_EDGE ( 'NONE', *, *, #8229, .F. ) ;
#129 = ORIENTED_EDGE ( 'NONE', *, *, #3272, .F. ) ;
#130 = LINE ( 'NONE', #7980, #3763 ) ;
#131 = CARTESIAN_POINT ( 'NONE',  ( -3.900000000000001688, 0.4000000000000000222, 1.499999999999999556 ) ) ;
#132 = CARTESIAN_POINT ( 'NONE',  ( 4.350000000000000533, 0.4000000000000000222, 2.599999999999999201 ) ) ;
#133 = ADVANCED_FACE ( 'NONE', ( #5465 ), #6391, .T. ) ;
#134 = DIRECTION ( 'NONE',  ( 0.000000000000000000, 1.000000000000000000, 0.000000000000000000 ) ) ;
#135 = ORIENTED_EDGE ( 'NONE', *, *, #1018, .T. ) ;
#136 = ORIENTED_EDGE ( 'NONE', *, *, #4159, .T. ) ;
#137 = PLANE ( 'NONE',  #4391 ) ;
#138 = CIRCLE ( 'NONE', #1631, 0.2500000000000002220 ) ;
#139 = EDGE_CURVE ( 'NONE', #7919, #10701, #9046, .T. ) ;
#140 = FACE_OUTER_BOUND ( 'NONE', #8180, .T. ) ;
#141 = EDGE_CURVE ( 'NONE', #9997, #3244, #5625, .T. ) ;
#142 = CARTESIAN_POINT ( 'NONE',  ( 4.800000000000000711, 0.000000000000000000, 3.299999999999998046 ) ) ;
#143 = AXIS2_PLACEMENT_3D ( 'NONE', #9448, #1099, #5253 ) ;
#144 = ORIENTED_EDGE ( 'NONE', *, *, #4238, .T. ) ;
#145 = CARTESIAN_POINT ( 'NONE',  ( 4.800000000000000711, 0.8000000000000000444, -1.800000000000000711 ) ) ;
#146 = EDGE_LOOP ( 'NONE', ( #1082, #3700, #9392, #4519, #5547, #3399 ) ) ;
#147 = VERTEX_POINT ( 'NONE', #5594 ) ;
#148 = PRESENTATION_STYLE_ASSIGNMENT (( #9996 ) ) ;
#149 = CARTESIAN_POINT ( 'NONE',  ( 4.350000000000000533, 0.7999999999999999334, 1.500000000000007327 ) ) ;
#150 = LINE ( 'NONE', #9981, #80 ) ;
#151 = DIRECTION ( 'NONE',  ( -0.000000000000000000, -1.000000000000000000, 3.252606517456512119E-15 ) ) ;
#152 = VERTEX_POINT ( 'NONE', #2066 ) ;
#153 = VERTEX_POINT ( 'NONE', #9721 ) ;
#154 = CARTESIAN_POINT ( 'NONE',  ( -3.900000000000000799, 0.4000000000000000222, 1.799999999999998712 ) ) ;
#155 = CIRCLE ( 'NONE', #1986, 0.3999999999999993006 ) ;
#156 = FACE_OUTER_BOUND ( 'NONE', #7495, .T. ) ;
#157 = PLANE ( 'NONE',  #4984 ) ;
#158 = ADVANCED_FACE ( 'NONE', ( #5392 ), #10467, .F. ) ;
#159 = ORIENTED_EDGE ( 'NONE', *, *, #5890, .T. ) ;
#160 = VERTEX_POINT ( 'NONE', #4760 ) ;
#161 = ORIENTED_EDGE ( 'NONE', *, *, #4017, .T. ) ;
#162 = EDGE_CURVE ( 'NONE', #8713, #3994, #5327, .T. ) ;
#163 = VECTOR ( 'NONE', #2978, 1000.000000000000000 ) ;
#164 = AXIS2_PLACEMENT_3D ( 'NONE', #8298, #1671, #4201 ) ;
#165 = DIRECTION ( 'NONE',  ( -6.310887241768094443E-30, -7.888609052210118054E-31, -1.000000000000000000 ) ) ;
#166 = LINE ( 'NONE', #4551, #61 ) ;
#167 = EDGE_CURVE ( 'NONE', #3204, #3538, #5343, .T. ) ;
#168 = CARTESIAN_POINT ( 'NONE',  ( -3.900000000000000799, 0.4000000000000000222, -2.600000000000000977 ) ) ;
#169 = EDGE_CURVE ( 'NONE', #8035, #7644, #5372, .T. ) ;
#170 = CARTESIAN_POINT ( 'NONE',  ( 3.899999999999999023, 0.4000000000000000222, 4.799999999999999822 ) ) ;
#171 = EDGE_LOOP ( 'NONE', ( #10282, #10308, #6030, #2428 ) ) ;
#172 = AXIS2_PLACEMENT_3D ( 'NONE', #4630, #2966, #5472 ) ;
#173 = ORIENTED_EDGE ( 'NONE', *, *, #4459, .T. ) ;
#174 = DIRECTION ( 'NONE',  ( 0.000000000000000000, 0.000000000000000000, 1.000000000000000000 ) ) ;
#175 = VECTOR ( 'NONE', #6191, 1000.000000000000000 ) ;
#176 = DIRECTION ( 'NONE',  ( -0.000000000000000000, -1.000000000000000000, -0.000000000000000000 ) ) ;
#177 = LINE ( 'NONE', #2770, #7621 ) ;
#178 = PLANE ( 'NONE',  #4836 ) ;
#179 = CARTESIAN_POINT ( 'NONE',  ( 3.899999999999999023, 0.4000000000000000222, 3.700000000000007283 ) ) ;
#180 = ORIENTED_EDGE ( 'NONE', *, *, #6135, .F. ) ;
#181 = ORIENTED_EDGE ( 'NONE', *, *, #1999, .F. ) ;
#183 = ORIENTED_EDGE ( 'NONE', *, *, #7866, .T. ) ;
#182 = DIRECTION ( 'NONE',  ( -0.000000000000000000, -0.000000000000000000, 1.000000000000000000 ) ) ;
#184 = DIRECTION ( 'NONE',  ( 0.000000000000000000, -1.000000000000000000, 3.491481338843133355E-15 ) ) ;
#185 = LINE ( 'NONE', #2090, #3821 ) ;
#186 = CARTESIAN_POINT ( 'NONE',  ( -4.099999999999997868, 0.7999999999999997113, 4.700000000000005507 ) ) ;
#187 = EDGE_CURVE ( 'NONE', #4128, #3480, #5480, .T. ) ;
#188 = CIRCLE ( 'NONE', #5858, 0.2500000000000002220 ) ;
#189 = CARTESIAN_POINT ( 'NONE',  ( 4.350000000000000533, 0.7999999999999999334, -2.600000000000000977 ) ) ;
#190 = EDGE_CURVE ( 'NONE', #3521, #1580, #1701, .T. ) ;
#191 = ORIENTED_EDGE ( 'NONE', *, *, #2587, .T. ) ;
#192 = EDGE_LOOP ( 'NONE', ( #1548, #6685, #928, #1969 ) ) ;
#193 = CARTESIAN_POINT ( 'NONE',  ( -4.800000000000000711, 0.8000000000000000444, 1.604159457879236195 ) ) ;
#194 = DIRECTION ( 'NONE',  ( -0.000000000000000000, -0.000000000000000000, -1.000000000000000000 ) ) ;
#195 = AXIS2_PLACEMENT_3D ( 'NONE', #5231, #6832, #7716 ) ;
#196 = LINE ( 'NONE', #6462, #121 ) ;
#197 = LINE ( 'NONE', #8347, #7462 ) ;
#198 = CARTESIAN_POINT ( 'NONE',  ( 4.799999999999998934, 0.000000000000000000, 6.004159457879236328 ) ) ;
#199 = EDGE_LOOP ( 'NONE', ( #2839, #2301, #5911, #1751 ) ) ;
#200 = CARTESIAN_POINT ( 'NONE',  ( 4.350000000000000533, 0.8010000000000000453, -1.500000000000001332 ) ) ;
#201 = ORIENTED_EDGE ( 'NONE', *, *, #6670, .T. ) ;
#202 = CLOSED_SHELL ( 'NONE', ( #9948, #9517, #1700, #2288 ) ) ;
#203 = LINE ( 'NONE', #9396, #7171 ) ;
#204 = DIRECTION ( 'NONE',  ( 0.000000000000000000, 1.000000000000000000, 0.000000000000000000 ) ) ;
#205 = CARTESIAN_POINT ( 'NONE',  ( 4.350000000000000533, 0.4000000000000000222, 0.5041594578792359949 ) ) ;
#206 = COLOUR_RGB ( '',1.000000000000000000, 0.8117647058823529438, 0.5019607843137254832 ) ;
#207 = CARTESIAN_POINT ( 'NONE',  ( -3.299999999999997602, 2.549999999999999822, -3.500000000000000000 ) ) ;
#208 = PLANE ( 'NONE',  #633 ) ;
#209 = DIRECTION ( 'NONE',  ( 1.000000000000000000, -0.000000000000000000, 0.000000000000000000 ) ) ;
#210 = PLANE ( 'NONE',  #8880 ) ;
#211 = ADVANCED_FACE ( 'NONE', ( #9103 ), #1238, .F. ) ;
#212 = VERTEX_POINT ( 'NONE', #4833 ) ;
#213 = ORIENTED_EDGE ( 'NONE', *, *, #7323, .T. ) ;
#214 = PLANE ( 'NONE',  #4768 ) ;
#215 = VECTOR ( 'NONE', #561, 1000.000000000000000 ) ;
#216 = VECTOR ( 'NONE', #4888, 1000.000000000000000 ) ;
#217 = AXIS2_PLACEMENT_3D ( 'NONE', #4574, #7028, #1188 ) ;
#218 = DIRECTION ( 'NONE',  ( -0.000000000000000000, -3.252606517456512119E-15, -1.000000000000000000 ) ) ;
#219 = ORIENTED_EDGE ( 'NONE', *, *, #717, .T. ) ;
#220 = PLANE ( 'NONE',  #7859 ) ;
#221 = ORIENTED_EDGE ( 'NONE', *, *, #805, .F. ) ;
#222 = VERTEX_POINT ( 'NONE', #5390 ) ;
#223 = EDGE_CURVE ( 'NONE', #3278, #9840, #8921, .T. ) ;
#224 = VECTOR ( 'NONE', #4644, 1000.000000000000000 ) ;
#225 = PLANE ( 'NONE',  #302 ) ;
#226 = LINE ( 'NONE', #5904, #242 ) ;
#227 = ADVANCED_FACE ( 'NONE', ( #8960 ), #10632, .F. ) ;
#228 = DIRECTION ( 'NONE',  ( -1.000000000000000000, 0.000000000000000000, 0.000000000000000000 ) ) ;
#229 = ORIENTED_EDGE ( 'NONE', *, *, #336, .T. ) ;
#230 = ORIENTED_EDGE ( 'NONE', *, *, #10340, .F. ) ;
#231 = CARTESIAN_POINT ( 'NONE',  ( 0.000000000000000000, 0.4000000000000000222, 3.299999999999999822 ) ) ;
#232 = DIRECTION ( 'NONE',  ( -1.000000000000000000, 0.000000000000000000, -9.637352644315600666E-16 ) ) ;
#233 = LINE ( 'NONE', #5399, #3675 ) ;
#234 = LINE ( 'NONE', #3475, #7312 ) ;
#235 = DIRECTION ( 'NONE',  ( 0.000000000000000000, 0.000000000000000000, 1.000000000000000000 ) ) ;
#236 = ORIENTED_EDGE ( 'NONE', *, *, #5433, .F. ) ;
#237 = AXIS2_PLACEMENT_3D ( 'NONE', #10178, #4616, #1862 ) ;
#238 = ORIENTED_EDGE ( 'NONE', *, *, #9322, .F. ) ;
#239 = EDGE_LOOP ( 'NONE', ( #1478, #1625, #8632, #1506 ) ) ;
#240 = DIRECTION ( 'NONE',  ( 0.000000000000000000, 0.000000000000000000, -1.000000000000000000 ) ) ;
#241 = EDGE_CURVE ( 'NONE', #7504, #5020, #9119, .T. ) ;
#242 = VECTOR ( 'NONE', #3289, 1000.000000000000000 ) ;
#243 = CARTESIAN_POINT ( 'NONE',  ( -4.350000000000000533, 0.4000000000000000222, 2.899999999999999023 ) ) ;
#244 = EDGE_CURVE ( 'NONE', #493, #4316, #1956, .T. ) ;
#245 = ORIENTED_EDGE ( 'NONE', *, *, #8917, .F. ) ;
#246 = ORIENTED_EDGE ( 'NONE', *, *, #162, .T. ) ;
#247 = CARTESIAN_POINT ( 'NONE',  ( -4.099999999999997868, 2.199999999999998845, -4.300000000000001599 ) ) ;
#248 = CARTESIAN_POINT ( 'NONE',  ( 4.799999999999998934, 0.8000000000000000444, 1.349999999999998757 ) ) ;
#249 = FACE_OUTER_BOUND ( 'NONE', #2439, .T. ) ;
#250 = CARTESIAN_POINT ( 'NONE',  ( -4.099999999999997868, 2.200000000000000622, 4.500000000000001776 ) ) ;
#251 = CARTESIAN_POINT ( 'NONE',  ( -3.900000000000000799, 0.4000000000000000222, 0.6999999999999992895 ) ) ;
#252 = LINE ( 'NONE', #7677, #7426 ) ;
#253 = DIRECTION ( 'NONE',  ( 1.000000000000000000, 0.000000000000000000, -0.000000000000000000 ) ) ;
#254 = CARTESIAN_POINT ( 'NONE',  ( -3.299999999999997602, 2.549999999999999822, -3.799999999999999822 ) ) ;
#255 = ADVANCED_FACE ( 'NONE', ( #1755 ), #10069, .F. ) ;
#256 = ORIENTED_EDGE ( 'NONE', *, *, #2005, .F. ) ;
#257 = ORIENTED_EDGE ( 'NONE', *, *, #8707, .T. ) ;
#259 = ORIENTED_EDGE ( 'NONE', *, *, #617, .F. ) ;
#258 =( LENGTH_UNIT ( ) NAMED_UNIT ( * ) SI_UNIT ( .MILLI., .METRE. ) );
#260 = FILL_AREA_STYLE_COLOUR ( '', #1719 ) ;
#261 = FACE_OUTER_BOUND ( 'NONE', #7992, .T. ) ;
#262 = CARTESIAN_POINT ( 'NONE',  ( 4.799999999999998934, 0.000000000000000000, 0.4000000000000080158 ) ) ;
#263 = VECTOR ( 'NONE', #182, 1000.000000000000000 ) ;
#264 = EDGE_CURVE ( 'NONE', #5730, #8092, #8976, .T. ) ;
#265 = CARTESIAN_POINT ( 'NONE',  ( -3.900000000000000799, 0.4000000000000000222, 2.599999999999999201 ) ) ;
#266 = AXIS2_PLACEMENT_3D ( 'NONE', #3953, #9763, #8142 ) ;
#267 = ORIENTED_EDGE ( 'NONE', *, *, #7464, .F. ) ;
#268 = EDGE_CURVE ( 'NONE', #4082, #6045, #9080, .T. ) ;
#269 = EDGE_LOOP ( 'NONE', ( #101, #3083, #6875, #2735, #1663, #10194 ) ) ;
#270 = CARTESIAN_POINT ( 'NONE',  ( -4.800000000000000711, 0.8000000000000000444, 1.949999999999997735 ) ) ;
#271 = CARTESIAN_POINT ( 'NONE',  ( 4.799999999999998934, 0.8000000000000000444, 5.000000000000000000 ) ) ;
#272 = LINE ( 'NONE', #7099, #7498 ) ;
#273 = VECTOR ( 'NONE', #5192, 1000.000000000000000 ) ;
#274 = CARTESIAN_POINT ( 'NONE',  ( 4.350000000000000533, 0.4000000000000000222, -0.5958405421207638719 ) ) ;
#275 = ORIENTED_EDGE ( 'NONE', *, *, #7968, .T. ) ;
#276 = CARTESIAN_POINT ( 'NONE',  ( 4.799999999999998934, 0.000000000000000000, -0.8500000000000017542 ) ) ;
#277 = ORIENTED_EDGE ( 'NONE', *, *, #743, .F. ) ;
#278 = EDGE_LOOP ( 'NONE', ( #2803, #7617, #1498, #9665 ) ) ;
#279 = FACE_OUTER_BOUND ( 'NONE', #3789, .T. ) ;
#280 = LINE ( 'NONE', #7733, #3767 ) ;
#281 = EDGE_CURVE ( 'NONE', #9230, #9652, #5409, .T. ) ;
#282 = DIRECTION ( 'NONE',  ( 0.000000000000000000, -1.000000000000000000, 0.000000000000000000 ) ) ;
#283 = CARTESIAN_POINT ( 'NONE',  ( 4.799999999999998934, 0.000000000000000000, 4.799999999999998934 ) ) ;
#284 = CARTESIAN_POINT ( 'NONE',  ( -3.399999999999997691, 1.528725063204563461E-14, -4.500000000000007994 ) ) ;
#285 = ORIENTED_EDGE ( 'NONE', *, *, #2602, .F. ) ;
#286 = ORIENTED_EDGE ( 'NONE', *, *, #1611, .T. ) ;
#287 = CYLINDRICAL_SURFACE ( 'NONE', #38, 0.2500000000000002220 ) ;
#288 = VECTOR ( 'NONE', #6384, 1000.000000000000000 ) ;
#289 = ORIENTED_EDGE ( 'NONE', *, *, #4159, .F. ) ;
#290 = PLANE ( 'NONE',  #1977 ) ;
#291 = ORIENTED_EDGE ( 'NONE', *, *, #3523, .T. ) ;
#292 = ORIENTED_EDGE ( 'NONE', *, *, #2625, .T. ) ;
#293 = FACE_OUTER_BOUND ( 'NONE', #6436, .T. ) ;
#294 = CARTESIAN_POINT ( 'NONE',  ( 4.350000000000000533, 0.7999999999999999334, -4.800000000000001599 ) ) ;
#295 = EDGE_CURVE ( 'NONE', #2893, #4842, #1874, .T. ) ;
#296 = DIRECTION ( 'NONE',  ( -0.000000000000000000, -0.000000000000000000, 1.000000000000000000 ) ) ;
#297 = ORIENTED_EDGE ( 'NONE', *, *, #2765, .T. ) ;
#298 = ORIENTED_EDGE ( 'NONE', *, *, #10404, .T. ) ;
#299 = DIRECTION ( 'NONE',  ( -1.000000000000000000, 0.000000000000000000, -0.000000000000000000 ) ) ;
#300 = DIRECTION ( 'NONE',  ( 1.000000000000000000, 3.252606517456518824E-15, 0.000000000000000000 ) ) ;
#301 = EDGE_CURVE ( 'NONE', #10747, #2938, #5515, .T. ) ;
#302 = AXIS2_PLACEMENT_3D ( 'NONE', #5054, #4302, #5125 ) ;
#303 = CARTESIAN_POINT ( 'NONE',  ( 3.899999999999999023, 0.000000000000000000, 0.3999999999999993006 ) ) ;
#304 = FACE_OUTER_BOUND ( 'NONE', #1872, .T. ) ;
#305 = UNCERTAINTY_MEASURE_WITH_UNIT (LENGTH_MEASURE( 1.000000000000000082E-05 ), #5692, 'distance_accuracy_value', 'NONE');
#306 = EDGE_CURVE ( 'NONE', #4841, #1557, #1895, .T. ) ;
#307 = DIRECTION ( 'NONE',  ( 0.000000000000000000, 1.000000000000000000, 0.000000000000000000 ) ) ;
#308 = ORIENTED_EDGE ( 'NONE', *, *, #5768, .T. ) ;
#309 = VERTEX_POINT ( 'NONE', #132 ) ;
#310 = ORIENTED_EDGE ( 'NONE', *, *, #2964, .T. ) ;
#311 = AXIS2_PLACEMENT_3D ( 'NONE', #3797, #653, #5616 ) ;
#312 = CARTESIAN_POINT ( 'NONE',  ( -4.350000000000000533, 0.4000000000000000222, 3.699999999999998401 ) ) ;
#313 = VECTOR ( 'NONE', #1889, 1000.000000000000000 ) ;
#314 = DIRECTION ( 'NONE',  ( -1.000000000000000000, 0.000000000000000000, 0.000000000000000000 ) ) ;
#315 = ORIENTED_EDGE ( 'NONE', *, *, #8291, .T. ) ;
#316 = ORIENTED_EDGE ( 'NONE', *, *, #6526, .T. ) ;
#317 = CARTESIAN_POINT ( 'NONE',  ( -4.099999999999997868, 2.200000000000000178, 4.700000000000001066 ) ) ;
#318 = FILL_AREA_STYLE_COLOUR ( '', #794 ) ;
#319 = VECTOR ( 'NONE', #218, 1000.000000000000000 ) ;
#320 = CARTESIAN_POINT ( 'NONE',  ( -4.800000000000000711, 0.000000000000000000, 6.004159457879236328 ) ) ;
#321 = EDGE_CURVE ( 'NONE', #9825, #9794, #5533, .T. ) ;
#322 = VECTOR ( 'NONE', #698, 1000.000000000000000 ) ;
#323 = CARTESIAN_POINT ( 'NONE',  ( 3.899999999999999023, 0.4000000000000000222, 3.999999999999999112 ) ) ;
#324 = CIRCLE ( 'NONE', #5919, 0.1999999999999996503 ) ;
#325 = CARTESIAN_POINT ( 'NONE',  ( 0.000000000000000000, 1.528725063204563461E-14, 4.500000000000007994 ) ) ;
#326 = ORIENTED_EDGE ( 'NONE', *, *, #3523, .F. ) ;
#327 = EDGE_CURVE ( 'NONE', #4032, #7757, #9168, .T. ) ;
#328 = ORIENTED_EDGE ( 'NONE', *, *, #4835, .F. ) ;
#330 = ORIENTED_EDGE ( 'NONE', *, *, #445, .F. ) ;
#329 = DIRECTION ( 'NONE',  ( -1.000000000000000000, 0.000000000000000000, 0.000000000000000000 ) ) ;
#331 = CARTESIAN_POINT ( 'NONE',  ( 4.799999999999999822, 0.8000000000000000444, -0.6999999999999922951 ) ) ;
#332 = DIRECTION ( 'NONE',  ( 1.000000000000000000, 2.409338161078908548E-16, 0.000000000000000000 ) ) ;
#333 = LINE ( 'NONE', #10274, #3960 ) ;
#334 = AXIS2_PLACEMENT_3D ( 'NONE', #6719, #5339, #7896 ) ;
#335 = CARTESIAN_POINT ( 'NONE',  ( -3.900000000000000799, 0.4000000000000000222, -2.600000000000000977 ) ) ;
#336 = EDGE_CURVE ( 'NONE', #10554, #3874, #5640, .T. ) ;
#337 = ORIENTED_EDGE ( 'NONE', *, *, #7858, .T. ) ;
#338 = ORIENTED_EDGE ( 'NONE', *, *, #5353, .T. ) ;
#339 = DIRECTION ( 'NONE',  ( -1.000000000000000000, -0.000000000000000000, 9.637352644315598694E-16 ) ) ;
#340 = EDGE_CURVE ( 'NONE', #1629, #7397, #2113, .T. ) ;
#341 = PLANE ( 'NONE',  #9520 ) ;
#342 = FACE_OUTER_BOUND ( 'NONE', #6153, .T. ) ;
#343 = LINE ( 'NONE', #5587, #288 ) ;
#344 = DIRECTION ( 'NONE',  ( 1.000000000000000000, 0.000000000000000000, 0.000000000000000000 ) ) ;
#345 = LINE ( 'NONE', #947, #7535 ) ;
#346 = ORIENTED_EDGE ( 'NONE', *, *, #3662, .T. ) ;
#347 = CARTESIAN_POINT ( 'NONE',  ( 4.350000000000000533, 0.4000000000000000222, 2.899999999999999023 ) ) ;
#348 = ORIENTED_EDGE ( 'NONE', *, *, #9273, .F. ) ;
#349 = ORIENTED_EDGE ( 'NONE', *, *, #2220, .F. ) ;
#350 = PLANE ( 'NONE',  #217 ) ;
#351 = PRESENTATION_LAYER_ASSIGNMENT (  '', '', ( #4806 ) ) ;
#352 = DIRECTION ( 'NONE',  ( -1.000000000000000000, 0.000000000000000000, -0.000000000000000000 ) ) ;
#353 = VECTOR ( 'NONE', #6658, 1000.000000000000000 ) ;
#354 = CARTESIAN_POINT ( 'NONE',  ( 4.350000000000000533, 0.4000000000000000222, 3.804159457879236150 ) ) ;
#355 = CARTESIAN_POINT ( 'NONE',  ( 3.899999999999999023, 0.4000000000000000222, -2.900000000000000799 ) ) ;
#356 = PLANE ( 'NONE',  #401 ) ;
#357 = FILL_AREA_STYLE_COLOUR ( '', #9351 ) ;
#358 = AXIS2_PLACEMENT_3D ( 'NONE', #9178, #1932, #6626 ) ;
#359 = ORIENTED_EDGE ( 'NONE', *, *, #2373, .F. ) ;
#360 = ORIENTED_EDGE ( 'NONE', *, *, #2481, .T. ) ;
#361 = EDGE_CURVE ( 'NONE', #2198, #8171, #5846, .T. ) ;
#362 = VECTOR ( 'NONE', #3360, 1000.000000000000000 ) ;
#363 = LINE ( 'NONE', #2284, #7925 ) ;
#364 = CARTESIAN_POINT ( 'NONE',  ( 4.799999999999998934, 0.8000000000000000444, 2.899999999999999023 ) ) ;
#365 = VERTEX_POINT ( 'NONE', #4206 ) ;
#366 = VERTEX_POINT ( 'NONE', #1750 ) ;
#367 = ORIENTED_EDGE ( 'NONE', *, *, #6574, .T. ) ;
#368 = ADVANCED_FACE ( 'NONE', ( #2075 ), #6731, .F. ) ;
#369 = PLANE ( 'NONE',  #8056 ) ;
#370 = CARTESIAN_POINT ( 'NONE',  ( 4.799999999999998934, 0.000000000000000000, 0.8499999999999983125 ) ) ;
#371 = ORIENTED_EDGE ( 'NONE', *, *, #6465, .F. ) ;
#372 = EDGE_LOOP ( 'NONE', ( #3279, #3064, #2114, #9619, #6612, #8977 ) ) ;
#373 = DIRECTION ( 'NONE',  ( -0.000000000000000000, -0.000000000000000000, -1.000000000000000000 ) ) ;
#374 = DIRECTION ( 'NONE',  ( 1.000000000000000000, 4.336808689942013792E-16, 0.000000000000000000 ) ) ;
#375 = CARTESIAN_POINT ( 'NONE',  ( -4.800000000000000711, 0.4000000000000000222, 3.999999999999999112 ) ) ;
#376 = VECTOR ( 'NONE', #7761, 1000.000000000000000 ) ;
#377 = EDGE_CURVE ( 'NONE', #819, #1202, #5729, .T. ) ;
#378 = CIRCLE ( 'NONE', #8429, 0.2999999999999999334 ) ;
#379 = LINE ( 'NONE', #10104, #456 ) ;
#380 = CARTESIAN_POINT ( 'NONE',  ( -4.800000000000000711, 0.000000000000000000, -1.734723475976807094E-15 ) ) ;
#381 = ORIENTED_EDGE ( 'NONE', *, *, #5759, .T. ) ;
#382 = EDGE_LOOP ( 'NONE', ( #3872, #6582, #7831, #10512 ) ) ;
#383 = ORIENTED_EDGE ( 'NONE', *, *, #126, .T. ) ;
#384 = PRESENTATION_STYLE_ASSIGNMENT (( #1699 ) ) ;
#385 = CARTESIAN_POINT ( 'NONE',  ( -4.100000000000000533, 2.199999999999999289, -4.299999999999999822 ) ) ;
#386 = VECTOR ( 'NONE', #427, 1000.000000000000000 ) ;
#387 = DIRECTION ( 'NONE',  ( -0.000000000000000000, -1.000000000000000000, -0.000000000000000000 ) ) ;
#388 = CARTESIAN_POINT ( 'NONE',  ( 4.799999999999998934, 0.000000000000000000, 5.000000000000000000 ) ) ;
#389 = ADVANCED_FACE ( 'NONE', ( #9526 ), #6659, .F. ) ;
#390 = ORIENTED_EDGE ( 'NONE', *, *, #4414, .T. ) ;
#391 = ORIENTED_EDGE ( 'NONE', *, *, #3428, .T. ) ;
#392 = CARTESIAN_POINT ( 'NONE',  ( 3.899999999999999023, 0.000000000000000000, 3.699999999999999289 ) ) ;
#393 = DIRECTION ( 'NONE',  ( 0.000000000000000000, 1.000000000000000000, 0.000000000000000000 ) ) ;
#394 = PRESENTATION_STYLE_ASSIGNMENT (( #10801 ) ) ;
#395 = DIRECTION ( 'NONE',  ( 1.000000000000000000, 0.000000000000000000, -0.000000000000000000 ) ) ;
#396 = CARTESIAN_POINT ( 'NONE',  ( -4.349999999999999645, 0.7999999999999999334, -2.900000000000001688 ) ) ;
#397 = FACE_OUTER_BOUND ( 'NONE', #8903, .T. ) ;
#398 = DIRECTION ( 'NONE',  ( -1.000000000000000000, 0.000000000000000000, 0.000000000000000000 ) ) ;
#399 = EDGE_CURVE ( 'NONE', #5468, #923, #2024, .T. ) ;
#400 = LINE ( 'NONE', #7178, #568 ) ;
#401 = AXIS2_PLACEMENT_3D ( 'NONE', #3130, #428, #10584 ) ;
#402 = DIRECTION ( 'NONE',  ( 9.637352644315598694E-16, -0.000000000000000000, 1.000000000000000000 ) ) ;
#403 = ORIENTED_EDGE ( 'NONE', *, *, #3824, .F. ) ;
#404 = ORIENTED_EDGE ( 'NONE', *, *, #9705, .T. ) ;
#406 = VERTEX_POINT ( 'NONE', #9266 ) ;
#405 =( NAMED_UNIT ( * ) PLANE_ANGLE_UNIT ( ) SI_UNIT ( $, .RADIAN. ) );
#407 = DIRECTION ( 'NONE',  ( -1.009459107404352046E-29, -2.891205793294677044E-15, -1.000000000000000000 ) ) ;
#408 = EDGE_CURVE ( 'NONE', #8734, #1484, #5656, .T. ) ;
#409 =( NAMED_UNIT ( * ) PLANE_ANGLE_UNIT ( ) SI_UNIT ( $, .RADIAN. ) );
#410 = FACE_OUTER_BOUND ( 'NONE', #3264, .T. ) ;
#411 = DIRECTION ( 'NONE',  ( 1.000000000000000000, 0.000000000000000000, 0.000000000000000000 ) ) ;
#412 = ORIENTED_EDGE ( 'NONE', *, *, #5626, .T. ) ;
#413 = VERTEX_POINT ( 'NONE', #5989 ) ;
#414 = DIRECTION ( 'NONE',  ( 0.000000000000000000, 0.000000000000000000, -1.000000000000000000 ) ) ;
#415 = DIRECTION ( 'NONE',  ( 1.000000000000000000, 0.000000000000000000, -0.000000000000000000 ) ) ;
#416 = FACE_OUTER_BOUND ( 'NONE', #4216, .T. ) ;
#417 = LINE ( 'NONE', #9390, #4048 ) ;
#418 = LINE ( 'NONE', #9236, #4272 ) ;
#419 = EDGE_LOOP ( 'NONE', ( #2730, #2460, #1626, #5273 ) ) ;
#420 = ORIENTED_EDGE ( 'NONE', *, *, #8515, .F. ) ;
#421 = ORIENTED_EDGE ( 'NONE', *, *, #8007, .T. ) ;
#422 = SHAPE_DEFINITION_REPRESENTATION ( #10200, #1026 ) ;
#423 = CARTESIAN_POINT ( 'NONE',  ( -4.800000000000000711, 0.8000000000000000444, -2.600000000000000977 ) ) ;
#424 = PLANE ( 'NONE',  #763 ) ;
#425 = VECTOR ( 'NONE', #6729, 1000.000000000000000 ) ;
#426 = EDGE_CURVE ( 'NONE', #10236, #1505, #2233, .T. ) ;
#427 = DIRECTION ( 'NONE',  ( -1.000000000000000000, -0.000000000000000000, 9.637352644315598694E-16 ) ) ;
#428 = DIRECTION ( 'NONE',  ( 1.000000000000000000, -0.000000000000000000, 0.000000000000000000 ) ) ;
#429 = FILL_AREA_STYLE ('',( #357 ) ) ;
#430 = ORIENTED_EDGE ( 'NONE', *, *, #2449, .F. ) ;
#431 = ORIENTED_EDGE ( 'NONE', *, *, #3873, .F. ) ;
#432 = ADVANCED_FACE ( 'NONE', ( #2131 ), #9333, .F. ) ;
#433 = LINE ( 'NONE', #7182, #3754 ) ;
#434 = LINE ( 'NONE', #8886, #510 ) ;
#435 = CARTESIAN_POINT ( 'NONE',  ( -4.350000000000000533, 0.4000000000000000222, 0.5041594578792359949 ) ) ;
#436 = ADVANCED_FACE ( 'NONE', ( #9556 ), #10716, .F. ) ;
#437 = ORIENTED_EDGE ( 'NONE', *, *, #6529, .T. ) ;
#438 = VERTEX_POINT ( 'NONE', #5365 ) ;
#439 = EDGE_CURVE ( 'NONE', #1191, #7431, #5862, .T. ) ;
#440 = ORIENTED_EDGE ( 'NONE', *, *, #8431, .T. ) ;
#441 = CARTESIAN_POINT ( 'NONE',  ( -4.800000000000000711, 0.000000000000000000, 0.5041594578792359949 ) ) ;
#442 = AXIS2_PLACEMENT_3D ( 'NONE', #10406, #5600, #3705 ) ;
#443 = LINE ( 'NONE', #1599, #4077 ) ;
#444 = UNCERTAINTY_MEASURE_WITH_UNIT (LENGTH_MEASURE( 1.000000000000000082E-05 ), #5970, 'distance_accuracy_value', 'NONE');
#445 = EDGE_CURVE ( 'NONE', #3548, #4559, #2365, .T. ) ;
#446 = CARTESIAN_POINT ( 'NONE',  ( 4.500000000000003553, 1.199999999999999734, 4.299999999999995381 ) ) ;
#447 = CARTESIAN_POINT ( 'NONE',  ( -4.350000000000000533, 0.7999999999999999334, -4.800000000000001599 ) ) ;
#448 = ORIENTED_EDGE ( 'NONE', *, *, #3785, .F. ) ;
#449 = ORIENTED_EDGE ( 'NONE', *, *, #10264, .F. ) ;
#450 = CARTESIAN_POINT ( 'NONE',  ( 4.799999999999999822, 0.8000000000000000444, 1.500000000000008216 ) ) ;
#451 = DIRECTION ( 'NONE',  ( 1.000000000000000000, 0.000000000000000000, -0.000000000000000000 ) ) ;
#452 = AXIS2_PLACEMENT_3D ( 'NONE', #6508, #835, #8355 ) ;
#453 = SURFACE_STYLE_FILL_AREA ( #7615 ) ;
#454 = LINE ( 'NONE', #8419, #3798 ) ;
#455 = EDGE_CURVE ( 'NONE', #8259, #7504, #9540, .T. ) ;
#456 = VECTOR ( 'NONE', #6485, 1000.000000000000000 ) ;
#457 = CARTESIAN_POINT ( 'NONE',  ( -4.350000000000000533, 0.8010000000000000453, 2.899999999999999023 ) ) ;
#458 = VERTEX_POINT ( 'NONE', #8735 ) ;
#459 = ORIENTED_EDGE ( 'NONE', *, *, #10748, .F. ) ;
#460 = ORIENTED_EDGE ( 'NONE', *, *, #5503, .T. ) ;
#461 = EDGE_CURVE ( 'NONE', #4412, #9527, #5685, .T. ) ;
#462 = CARTESIAN_POINT ( 'NONE',  ( -3.900000000000000799, 0.4000000000000000222, 1.499999999999999556 ) ) ;
#463 = ADVANCED_FACE ( 'NONE', ( #9257 ), #5435, .F. ) ;
#464 = VECTOR ( 'NONE', #3795, 1000.000000000000000 ) ;
#465 = CARTESIAN_POINT ( 'NONE',  ( -4.499999999999999112, 2.400000000000000799, -4.299999999999999822 ) ) ;
#466 = CARTESIAN_POINT ( 'NONE',  ( -3.900000000000001688, 0.4000000000000000222, -2.900000000000000799 ) ) ;
#467 = ORIENTED_EDGE ( 'NONE', *, *, #10583, .T. ) ;
#468 = ORIENTED_EDGE ( 'NONE', *, *, #4795, .T. ) ;
#469 = CARTESIAN_POINT ( 'NONE',  ( -3.399999999999997691, 1.200000000000001288, 4.700000000000004619 ) ) ;
#470 = CARTESIAN_POINT ( 'NONE',  ( 4.350000000000000533, 0.4000000000000000222, -4.800000000000001599 ) ) ;
#471 = VECTOR ( 'NONE', #8527, 1000.000000000000000 ) ;
#472 = PLANE ( 'NONE',  #6793 ) ;
#473 = LINE ( 'NONE', #4639, #3719 ) ;
#474 = AXIS2_PLACEMENT_3D ( 'NONE', #4494, #5265, #7747 ) ;
#475 = VECTOR ( 'NONE', #4770, 1000.000000000000000 ) ;
#476 = PLANE ( 'NONE',  #9695 ) ;
#477 = ORIENTED_EDGE ( 'NONE', *, *, #2187, .F. ) ;
#478 = ORIENTED_EDGE ( 'NONE', *, *, #9765, .F. ) ;
#480 = EDGE_LOOP ( 'NONE', ( #2236, #9378, #888, #4343 ) ) ;
#479 = DIRECTION ( 'NONE',  ( 0.000000000000000000, 0.000000000000000000, 1.000000000000000000 ) ) ;
#481 = CARTESIAN_POINT ( 'NONE',  ( -4.349999999999999645, 0.7999999999999999334, -0.7000000000000018430 ) ) ;
#482 = EDGE_CURVE ( 'NONE', #6451, #4997, #2147, .T. ) ;
#483 = DIRECTION ( 'NONE',  ( 0.000000000000000000, 0.000000000000000000, 1.000000000000000000 ) ) ;
#484 = DIRECTION ( 'NONE',  ( -0.000000000000000000, -1.000000000000000000, -0.000000000000000000 ) ) ;
#485 = EDGE_LOOP ( 'NONE', ( #9424, #7213, #1929, #10775 ) ) ;
#486 = ORIENTED_EDGE ( 'NONE', *, *, #7323, .F. ) ;
#487 = DIRECTION ( 'NONE',  ( -9.637352644315598694E-16, 0.000000000000000000, 1.000000000000000000 ) ) ;
#488 = LINE ( 'NONE', #9611, #7657 ) ;
#489 = VECTOR ( 'NONE', #10416, 1000.000000000000000 ) ;
#490 = DIRECTION ( 'NONE',  ( -0.000000000000000000, -0.000000000000000000, -1.000000000000000000 ) ) ;
#491 = CARTESIAN_POINT ( 'NONE',  ( 4.350000000000000533, 0.7999999999999999334, 0.4000000000000071276 ) ) ;
#492 = LINE ( 'NONE', #3517, #7908 ) ;
#493 = VERTEX_POINT ( 'NONE', #1346 ) ;
#494 = AXIS2_PLACEMENT_3D ( 'NONE', #7030, #4643, #10341 ) ;
#495 = PLANE ( 'NONE',  #1745 ) ;
#496 = EDGE_LOOP ( 'NONE', ( #8311, #997, #4601, #8197 ) ) ;
#497 = ORIENTED_EDGE ( 'NONE', *, *, #2962, .F. ) ;
#498 = EDGE_CURVE ( 'NONE', #1290, #9840, #5878, .T. ) ;
#499 = CARTESIAN_POINT ( 'NONE',  ( -4.800000000000000711, 0.8000000000000000444, 5.000000000000000000 ) ) ;
#500 = VECTOR ( 'NONE', #5788, 1000.000000000000000 ) ;
#501 = SURFACE_SIDE_STYLE ('',( #4444 ) ) ;
#502 = DIRECTION ( 'NONE',  ( 0.000000000000000000, 0.000000000000000000, -1.000000000000000000 ) ) ;
#503 = DIRECTION ( 'NONE',  ( 0.000000000000000000, 6.982962677686266711E-15, -1.000000000000000000 ) ) ;
#504 = EDGE_CURVE ( 'NONE', #54, #10427, #9457, .T. ) ;
#505 = ORIENTED_EDGE ( 'NONE', *, *, #3416, .T. ) ;
#506 = ORIENTED_EDGE ( 'NONE', *, *, #8007, .F. ) ;
#507 = ADVANCED_FACE ( 'NONE', ( #9276 ), #2931, .F. ) ;
#508 = VECTOR ( 'NONE', #1270, 1000.000000000000000 ) ;
#509 = VECTOR ( 'NONE', #3121, 1000.000000000000000 ) ;
#510 = VECTOR ( 'NONE', #5496, 1000.000000000000000 ) ;
#511 = PLANE ( 'NONE',  #8910 ) ;
#512 = VERTEX_POINT ( 'NONE', #5571 ) ;
#513 = VERTEX_POINT ( 'NONE', #8895 ) ;
#514 = ORIENTED_EDGE ( 'NONE', *, *, #2964, .F. ) ;
#515 = CARTESIAN_POINT ( 'NONE',  ( 3.899999999999999023, 0.4000000000000000222, 3.700000000000006395 ) ) ;
#516 = VECTOR ( 'NONE', #10715, 1000.000000000000000 ) ;
#517 = EDGE_CURVE ( 'NONE', #10626, #5363, #2344, .T. ) ;
#518 = AXIS2_PLACEMENT_3D ( 'NONE', #8445, #9265, #5194 ) ;
#519 = CARTESIAN_POINT ( 'NONE',  ( 4.799999999999998934, 0.8000000000000000444, -0.5958405421207638719 ) ) ;
#520 = DIRECTION ( 'NONE',  ( -1.000000000000000000, 0.000000000000000000, 0.000000000000000000 ) ) ;
#521 = ORIENTED_EDGE ( 'NONE', *, *, #4943, .T. ) ;
#522 = EDGE_CURVE ( 'NONE', #10119, #1801, #2299, .T. ) ;
#523 = ORIENTED_EDGE ( 'NONE', *, *, #948, .F. ) ;
#524 = CARTESIAN_POINT ( 'NONE',  ( -4.099999999999997868, 2.600000000000000089, 4.300000000000001599 ) ) ;
#525 = CARTESIAN_POINT ( 'NONE',  ( -3.900000000000000799, 0.4000000000000000222, -0.7000000000000009548 ) ) ;
#526 = ADVANCED_FACE ( 'NONE', ( #2212 ), #5506, .F. ) ;
#527 = PLANE ( 'NONE',  #1268 ) ;
#528 = PRESENTATION_STYLE_ASSIGNMENT (( #3065 ) ) ;
#529 = DIRECTION ( 'NONE',  ( -1.000000000000000000, 0.000000000000000000, 0.000000000000000000 ) ) ;
#530 = VECTOR ( 'NONE', #4005, 1000.000000000000000 ) ;
#531 = LINE ( 'NONE', #2105, #7640 ) ;
#532 = PLANE ( 'NONE',  #1832 ) ;
#533 = ADVANCED_FACE ( 'NONE', ( #5955 ), #10510, .T. ) ;
#534 = VERTEX_POINT ( 'NONE', #5297 ) ;
#535 = ORIENTED_EDGE ( 'NONE', *, *, #24, .F. ) ;
#536 = ORIENTED_EDGE ( 'NONE', *, *, #2273, .T. ) ;
#537 = DIRECTION ( 'NONE',  ( -0.000000000000000000, -1.000000000000000000, -0.000000000000000000 ) ) ;
#538 = LINE ( 'NONE', #1952, #7614 ) ;
#539 = CARTESIAN_POINT ( 'NONE',  ( -4.800000000000000711, 0.8000000000000000444, -0.7000000000000018430 ) ) ;
#540 = PLANE ( 'NONE',  #586 ) ;
#541 = EDGE_CURVE ( 'NONE', #923, #1801, #2278, .T. ) ;
#542 = EDGE_LOOP ( 'NONE', ( #4440, #5229, #5092, #5069 ) ) ;
#543 = ORIENTED_EDGE ( 'NONE', *, *, #1232, .T. ) ;
#544 = DIRECTION ( 'NONE',  ( 1.000000000000000000, -4.336808689942013792E-16, 0.000000000000000000 ) ) ;
#545 = DIRECTION ( 'NONE',  ( 0.000000000000000000, 0.000000000000000000, -1.000000000000000000 ) ) ;
#546 = CARTESIAN_POINT ( 'NONE',  ( 4.799999999999998934, 0.8000000000000000444, -0.4000000000000010214 ) ) ;
#547 = FACE_OUTER_BOUND ( 'NONE', #8348, .T. ) ;
#548 = FACE_OUTER_BOUND ( 'NONE', #4295, .T. ) ;
#549 = DIRECTION ( 'NONE',  ( -0.000000000000000000, -1.000000000000000000, -0.000000000000000000 ) ) ;
#550 = ORIENTED_EDGE ( 'NONE', *, *, #7352, .F. ) ;
#551 = VERTEX_POINT ( 'NONE', #2796 ) ;
#553 = ORIENTED_EDGE ( 'NONE', *, *, #10051, .F. ) ;
#552 = FILL_AREA_STYLE ('',( #1372 ) ) ;
#554 = VECTOR ( 'NONE', #4900, 1000.000000000000000 ) ;
#555 = CARTESIAN_POINT ( 'NONE',  ( -4.800000000000000711, 0.8000000000000001554, -4.650000000000002132 ) ) ;
#556 = EDGE_CURVE ( 'NONE', #10666, #8823, #9242, .T. ) ;
#557 = DIRECTION ( 'NONE',  ( -1.000000000000000000, 0.000000000000000000, 0.000000000000000000 ) ) ;
#558 = ORIENTED_EDGE ( 'NONE', *, *, #7492, .F. ) ;
#559 = ORIENTED_EDGE ( 'NONE', *, *, #7889, .T. ) ;
#560 = EDGE_CURVE ( 'NONE', #9364, #8884, #5892, .T. ) ;
#561 = DIRECTION ( 'NONE',  ( 1.000000000000000000, -0.000000000000000000, -0.000000000000000000 ) ) ;
#562 = AXIS2_PLACEMENT_3D ( 'NONE', #10773, #2391, #3219 ) ;
#563 = CIRCLE ( 'NONE', #2495, 0.2500000000000002220 ) ;
#564 = VECTOR ( 'NONE', #4425, 1000.000000000000000 ) ;
#565 = PLANE ( 'NONE',  #573 ) ;
#566 = EDGE_CURVE ( 'NONE', #8171, #6104, #5803, .T. ) ;
#567 = EDGE_CURVE ( 'NONE', #10280, #6958, #5973, .T. ) ;
#568 = VECTOR ( 'NONE', #5665, 1000.000000000000000 ) ;
#569 = ORIENTED_EDGE ( 'NONE', *, *, #8959, .F. ) ;
#570 = DIRECTION ( 'NONE',  ( -9.637352644315598694E-16, 0.000000000000000000, 1.000000000000000000 ) ) ;
#571 = ORIENTED_EDGE ( 'NONE', *, *, #4607, .T. ) ;
#572 = ORIENTED_EDGE ( 'NONE', *, *, #10458, .F. ) ;
#573 = AXIS2_PLACEMENT_3D ( 'NONE', #3999, #1314, #2968 ) ;
#574 = DIRECTION ( 'NONE',  ( -0.000000000000000000, -0.000000000000000000, -1.000000000000000000 ) ) ;
#575 = DIRECTION ( 'NONE',  ( 0.000000000000000000, 1.000000000000000000, 0.000000000000000000 ) ) ;
#576 = DIRECTION ( 'NONE',  ( 0.000000000000000000, -0.000000000000000000, -1.000000000000000000 ) ) ;
#577 = LINE ( 'NONE', #10545, #3940 ) ;
#578 = CARTESIAN_POINT ( 'NONE',  ( 4.800000000000000711, 0.000000000000000000, -2.200000000000001954 ) ) ;
#579 = CARTESIAN_POINT ( 'NONE',  ( 0.000000000000000000, 2.600000000000000089, 0.000000000000000000 ) ) ;
#580 = ORIENTED_EDGE ( 'NONE', *, *, #10754, .F. ) ;
#581 = EDGE_LOOP ( 'NONE', ( #9105, #5130, #1217, #4978, #1334, #8553 ) ) ;
#582 = EDGE_CURVE ( 'NONE', #2878, #5308, #9403, .T. ) ;
#583 = LINE ( 'NONE', #5288, #7547 ) ;
#584 = VERTEX_POINT ( 'NONE', #4800 ) ;
#585 = LINE ( 'NONE', #5553, #832 ) ;
#586 = AXIS2_PLACEMENT_3D ( 'NONE', #10779, #7455, #1740 ) ;
#587 = LINE ( 'NONE', #6762, #7738 ) ;
#588 = DIRECTION ( 'NONE',  ( 1.000000000000000000, 0.000000000000000000, 9.637352644315598694E-16 ) ) ;
#589 = ORIENTED_EDGE ( 'NONE', *, *, #9819, .F. ) ;
#590 = EDGE_CURVE ( 'NONE', #551, #1315, #5697, .T. ) ;
#591 = VERTEX_POINT ( 'NONE', #4868 ) ;
#592 = ORIENTED_EDGE ( 'NONE', *, *, #2208, .T. ) ;
#593 = DIRECTION ( 'NONE',  ( 0.000000000000000000, -1.000000000000000000, 3.252606517456512119E-15 ) ) ;
#594 = FACE_OUTER_BOUND ( 'NONE', #4372, .T. ) ;
#595 = ADVANCED_FACE ( 'NONE', ( #9440 ), #8421, .F. ) ;
#596 = EDGE_CURVE ( 'NONE', #7625, #7496, #9422, .T. ) ;
#597 = CARTESIAN_POINT ( 'NONE',  ( 4.799999999999999822, 0.8000000000000000444, -2.899999999999991918 ) ) ;
#598 = EDGE_LOOP ( 'NONE', ( #3820, #1487, #8862, #1758 ) ) ;
#599 = VERTEX_POINT ( 'NONE', #824 ) ;
#600 = CARTESIAN_POINT ( 'NONE',  ( -3.900000000000000799, 0.4000000000000000222, 1.799999999999998712 ) ) ;
#601 = ADVANCED_FACE ( 'NONE', ( #2038 ), #3073, .F. ) ;
#602 = EDGE_CURVE ( 'NONE', #5609, #2733, #2099, .T. ) ;
#603 = DIRECTION ( 'NONE',  ( 1.000000000000000000, 0.000000000000000000, 0.000000000000000000 ) ) ;
#604 = ORIENTED_EDGE ( 'NONE', *, *, #4502, .F. ) ;
#605 = LINE ( 'NONE', #2976, #489 ) ;
#606 = VECTOR ( 'NONE', #4697, 1000.000000000000000 ) ;
#607 = ORIENTED_EDGE ( 'NONE', *, *, #1960, .F. ) ;
#608 = VERTEX_POINT ( 'NONE', #6430 ) ;
#609 = VERTEX_POINT ( 'NONE', #7285 ) ;
#610 = MECHANICAL_DESIGN_GEOMETRIC_PRESENTATION_REPRESENTATION (  '', ( #1384 ), #6953 ) ;
#611 = LINE ( 'NONE', #8233, #7915 ) ;
#612 = CARTESIAN_POINT ( 'NONE',  ( -4.800000000000000711, 0.4000000000000000222, -2.900000000000001688 ) ) ;
#613 = CARTESIAN_POINT ( 'NONE',  ( -4.800000000000000711, 0.000000000000000000, 2.449999999999998401 ) ) ;
#614 = AXIS2_PLACEMENT_3D ( 'NONE', #4779, #1622, #7413 ) ;
#615 = VERTEX_POINT ( 'NONE', #251 ) ;
#616 = ORIENTED_EDGE ( 'NONE', *, *, #4876, .F. ) ;
#617 = EDGE_CURVE ( 'NONE', #2845, #3521, #5790, .T. ) ;
#618 = CARTESIAN_POINT ( 'NONE',  ( -3.900000000000000799, 0.000000000000000000, 4.799999999999999822 ) ) ;
#619 = ADVANCED_FACE ( 'NONE', ( #2261 ), #6247, .T. ) ;
#620 = DIRECTION ( 'NONE',  ( 0.000000000000000000, 1.000000000000000000, 0.000000000000000000 ) ) ;
#621 = EDGE_LOOP ( 'NONE', ( #3663, #3952, #3335, #6291, #6865, #10582 ) ) ;
#622 = EDGE_CURVE ( 'NONE', #5201, #10252, #9375, .T. ) ;
#623 = VECTOR ( 'NONE', #8411, 1000.000000000000000 ) ;
#624 = DIRECTION ( 'NONE',  ( 1.000000000000000000, 0.000000000000000000, -9.637352644315598694E-16 ) ) ;
#625 = ADVANCED_FACE ( 'NONE', ( #5910 ), #6145, .F. ) ;
#626 = EDGE_LOOP ( 'NONE', ( #9076, #2383, #2766, #6546, #10803, #6115 ) ) ;
#627 = ORIENTED_EDGE ( 'NONE', *, *, #9041, .T. ) ;
#629 = EDGE_LOOP ( 'NONE', ( #5791, #6692, #10377, #6088 ) ) ;
#628 = CARTESIAN_POINT ( 'NONE',  ( 4.799999999999998934, 0.8000000000000000444, 5.000000000000000000 ) ) ;
#630 = DIRECTION ( 'NONE',  ( 0.000000000000000000, 0.000000000000000000, 1.000000000000000000 ) ) ;
#631 = FACE_OUTER_BOUND ( 'NONE', #10664, .T. ) ;
#632 = ORIENTED_EDGE ( 'NONE', *, *, #2724, .T. ) ;
#633 = AXIS2_PLACEMENT_3D ( 'NONE', #3796, #1051, #10347 ) ;
#634 = ORIENTED_EDGE ( 'NONE', *, *, #9541, .F. ) ;
#635 = DIRECTION ( 'NONE',  ( -1.000000000000000000, 0.000000000000000000, 0.000000000000000000 ) ) ;
#636 = CARTESIAN_POINT ( 'NONE',  ( 4.350000000000001421, 0.4000000000000000222, -0.6999999999999931832 ) ) ;
#637 = LINE ( 'NONE', #1763, #471 ) ;
#638 = ORIENTED_EDGE ( 'NONE', *, *, #4104, .F. ) ;
#639 = EDGE_CURVE ( 'NONE', #4961, #5686, #2764, .T. ) ;
#640 = LINE ( 'NONE', #10271, #7863 ) ;
#641 = DIRECTION ( 'NONE',  ( 0.000000000000000000, 0.000000000000000000, 1.000000000000000000 ) ) ;
#642 = CARTESIAN_POINT ( 'NONE',  ( 3.899999999999999023, 0.4000000000000000222, 0.6999999999999992895 ) ) ;
#643 = CIRCLE ( 'NONE', #9401, 0.3999999999999993006 ) ;
#644 = ORIENTED_EDGE ( 'NONE', *, *, #7697, .F. ) ;
#645 = CARTESIAN_POINT ( 'NONE',  ( -3.900000000000000799, 0.4000000000000000222, 0.3999999999999993006 ) ) ;
#646 = ORIENTED_EDGE ( 'NONE', *, *, #7100, .F. ) ;
#647 = ORIENTED_EDGE ( 'NONE', *, *, #2071, .T. ) ;
#648 = DIRECTION ( 'NONE',  ( 0.000000000000000000, -0.000000000000000000, 1.000000000000000000 ) ) ;
#649 = CARTESIAN_POINT ( 'NONE',  ( -4.800000000000000711, 0.000000000000000000, 2.199999999999997957 ) ) ;
#650 = VECTOR ( 'NONE', #5277, 1000.000000000000000 ) ;
#651 = DIRECTION ( 'NONE',  ( -3.614007241618346010E-15, 1.000000000000000000, 3.614007241618346010E-15 ) ) ;
#652 = CARTESIAN_POINT ( 'NONE',  ( -3.900000000000000799, 0.4000000000000000222, -4.000000000000000888 ) ) ;
#653 = DIRECTION ( 'NONE',  ( 1.000000000000000000, 0.000000000000000000, 0.000000000000000000 ) ) ;
#654 = CARTESIAN_POINT ( 'NONE',  ( -4.800000000000000711, 0.000000000000000000, 4.149999999999998579 ) ) ;
#655 = ORIENTED_EDGE ( 'NONE', *, *, #4364, .T. ) ;
#656 = ORIENTED_EDGE ( 'NONE', *, *, #8218, .T. ) ;
#657 = DIRECTION ( 'NONE',  ( -0.000000000000000000, -1.000000000000000000, -0.000000000000000000 ) ) ;
#658 = EDGE_LOOP ( 'NONE', ( #7374, #5228, #8222, #2491 ) ) ;
#659 = FACE_OUTER_BOUND ( 'NONE', #9806, .T. ) ;
#660 = EDGE_CURVE ( 'NONE', #8582, #5187, #6238, .T. ) ;
#661 = VECTOR ( 'NONE', #5959, 1000.000000000000000 ) ;
#662 = DIRECTION ( 'NONE',  ( -0.000000000000000000, -1.000000000000000000, -0.000000000000000000 ) ) ;
#663 = STYLED_ITEM ( 'NONE', ( #885 ), #8844 ) ;
#664 = CLOSED_SHELL ( 'NONE', ( #4740, #7453, #9550, #4219, #2450, #6981, #2759, #7306, #1605, #699 ) ) ;
#665 = VERTEX_POINT ( 'NONE', #2820 ) ;
#666 = VERTEX_POINT ( 'NONE', #2604 ) ;
#667 = ADVANCED_FACE ( 'NONE', ( #2620 ), #4543, .F. ) ;
#668 = CARTESIAN_POINT ( 'NONE',  ( -4.800000000000000711, 0.8000000000000000444, 2.704159457879236506 ) ) ;
#669 = EDGE_CURVE ( 'NONE', #4003, #4014, #9593, .T. ) ;
#670 = CARTESIAN_POINT ( 'NONE',  ( -4.800000000000000711, 0.8000000000000000444, -1.734723475976807094E-15 ) ) ;
#671 = LINE ( 'NONE', #9397, #386 ) ;
#672 = DIRECTION ( 'NONE',  ( 1.000000000000000000, 0.000000000000000000, 0.000000000000000000 ) ) ;
#673 = ORIENTED_EDGE ( 'NONE', *, *, #8831, .F. ) ;
#674 = ORIENTED_EDGE ( 'NONE', *, *, #948, .T. ) ;
#675 = DIRECTION ( 'NONE',  ( 0.000000000000000000, 1.000000000000000000, 0.000000000000000000 ) ) ;
#676 =( NAMED_UNIT ( * ) PLANE_ANGLE_UNIT ( ) SI_UNIT ( $, .RADIAN. ) );
#677 = VECTOR ( 'NONE', #7917, 1000.000000000000000 ) ;
#678 = CARTESIAN_POINT ( 'NONE',  ( -3.900000000000000799, 0.4000000000000000222, 1.499999999999999556 ) ) ;
#679 = ORIENTED_EDGE ( 'NONE', *, *, #3249, .T. ) ;
#680 = FACE_OUTER_BOUND ( 'NONE', #4826, .T. ) ;
#681 = EDGE_CURVE ( 'NONE', #10375, #5699, #6008, .T. ) ;
#682 = LINE ( 'NONE', #2219, #606 ) ;
#683 = DIRECTION ( 'NONE',  ( 1.000000000000000000, 0.000000000000000000, 0.000000000000000000 ) ) ;
#684 = CARTESIAN_POINT ( 'NONE',  ( -1.399999999999998135, 0.7999999999999997113, 4.700000000000005507 ) ) ;
#685 = ORIENTED_EDGE ( 'NONE', *, *, #669, .T. ) ;
#686 = EDGE_LOOP ( 'NONE', ( #7623, #10555, #257, #291 ) ) ;
#687 = VERTEX_POINT ( 'NONE', #3445 ) ;
#688 = EDGE_CURVE ( 'NONE', #8266, #6279, #2728, .T. ) ;
#689 = STYLED_ITEM ( 'NONE', ( #6159 ), #7525 ) ;
#690 = CARTESIAN_POINT ( 'NONE',  ( -4.350000000000000533, 0.8010000000000000453, -3.700000000000001066 ) ) ;
#691 = LINE ( 'NONE', #2777, #464 ) ;
#692 = EDGE_CURVE ( 'NONE', #3078, #6704, #2511, .T. ) ;
#693 = CARTESIAN_POINT ( 'NONE',  ( 4.099999999999996092, 1.200000000000002176, 5.000000000000005329 ) ) ;
#694 = CARTESIAN_POINT ( 'NONE',  ( -4.800000000000000711, 0.4000000000000000222, 4.799999999999998934 ) ) ;
#695 = ORIENTED_EDGE ( 'NONE', *, *, #3231, .F. ) ;
#696 = EDGE_LOOP ( 'NONE', ( #3151, #7740, #3623, #890 ) ) ;
#697 = CARTESIAN_POINT ( 'NONE',  ( 4.799999999999998934, 0.8000000000000000444, -2.600000000000000977 ) ) ;
#698 = DIRECTION ( 'NONE',  ( 0.000000000000000000, 6.982962677686266711E-15, -1.000000000000000000 ) ) ;
#699 = ADVANCED_FACE ( 'NONE', ( #2530 ), #9612, .F. ) ;
#700 = VECTOR ( 'NONE', #2171, 1000.000000000000000 ) ;
#701 = DIRECTION ( 'NONE',  ( -0.000000000000000000, -0.000000000000000000, -1.000000000000000000 ) ) ;
#702 = ORIENTED_EDGE ( 'NONE', *, *, #3249, .F. ) ;
#703 = CARTESIAN_POINT ( 'NONE',  ( 4.350000000000000533, 0.8000000000000000444, -2.900000000000000799 ) ) ;
#704 = LINE ( 'NONE', #10037, #4140 ) ;
#705 = CARTESIAN_POINT ( 'NONE',  ( 4.350000000000000533, 0.8010000000000000453, 2.899999999999999023 ) ) ;
#706 = ORIENTED_EDGE ( 'NONE', *, *, #10322, .F. ) ;
#707 = EDGE_LOOP ( 'NONE', ( #4529, #6101, #1647, #9701 ) ) ;
#708 = EDGE_CURVE ( 'NONE', #9671, #10428, #2710, .T. ) ;
#710 = ORIENTED_EDGE ( 'NONE', *, *, #5008, .T. ) ;
#709 = DIRECTION ( 'NONE',  ( -3.614007241618346010E-15, -1.000000000000000000, 0.000000000000000000 ) ) ;
#711 = CARTESIAN_POINT ( 'NONE',  ( 4.799999999999998934, 0.8000000000000001554, -2.795840542120763939 ) ) ;
#712 = CARTESIAN_POINT ( 'NONE',  ( 4.350000000000000533, 0.8000000000000000444, -0.7000000000000009548 ) ) ;
#713 = EDGE_CURVE ( 'NONE', #3301, #591, #9736, .T. ) ;
#714 = PRESENTATION_LAYER_ASSIGNMENT (  '', '', ( #5144 ) ) ;
#715 = LINE ( 'NONE', #6203, #7796 ) ;
#716 = EDGE_CURVE ( 'NONE', #1361, #6363, #9944, .T. ) ;
#717 = EDGE_CURVE ( 'NONE', #8113, #9170, #2382, .T. ) ;
#718 = ORIENTED_EDGE ( 'NONE', *, *, #10051, .T. ) ;
#719 = VERTEX_POINT ( 'NONE', #7388 ) ;
#720 = ADVANCED_FACE ( 'NONE', ( #9752 ), #3392, .F. ) ;
#721 = CARTESIAN_POINT ( 'NONE',  ( -4.800000000000000711, 0.8000000000000000444, -0.4000000000000010214 ) ) ;
#722 = EDGE_CURVE ( 'NONE', #3069, #10493, #9717, .T. ) ;
#723 = CARTESIAN_POINT ( 'NONE',  ( 4.800000000000000711, 0.8000000000000000444, -1.734723475976807094E-15 ) ) ;
#724 = AXIS2_PLACEMENT_3D ( 'NONE', #5205, #10215, #4374 ) ;
#725 = VECTOR ( 'NONE', #6354, 1000.000000000000000 ) ;
#726 = VERTEX_POINT ( 'NONE', #8843 ) ;
#727 = LINE ( 'NONE', #9395, #4327 ) ;
#728 = DIRECTION ( 'NONE',  ( 0.000000000000000000, 0.000000000000000000, -1.000000000000000000 ) ) ;
#729 = DIRECTION ( 'NONE',  ( 0.000000000000000000, 0.000000000000000000, -1.000000000000000000 ) ) ;
#730 = ADVANCED_FACE ( 'NONE', ( #6114 ), #1437, .F. ) ;
#731 = VERTEX_POINT ( 'NONE', #703 ) ;
#732 = VERTEX_POINT ( 'NONE', #6730 ) ;
#733 = ORIENTED_EDGE ( 'NONE', *, *, #7820, .F. ) ;
#734 = CARTESIAN_POINT ( 'NONE',  ( -4.099999999999997868, 2.399999999999999911, 4.300000000000001599 ) ) ;
#735 = CARTESIAN_POINT ( 'NONE',  ( -4.800000000000000711, 0.000000000000000000, -3.700000000000001066 ) ) ;
#736 =( NAMED_UNIT ( * ) SI_UNIT ( $, .STERADIAN. ) SOLID_ANGLE_UNIT ( ) );
#737 = COLOUR_RGB ( '',1.000000000000000000, 0.8117647058823529438, 0.5019607843137254832 ) ;
#738 = FILL_AREA_STYLE_COLOUR ( '', #737 ) ;
#739 = EDGE_CURVE ( 'NONE', #3432, #1423, #6278, .T. ) ;
#740 = DIRECTION ( 'NONE',  ( 0.000000000000000000, -1.000000000000000000, 0.000000000000000000 ) ) ;
#741 = DIRECTION ( 'NONE',  ( 0.000000000000000000, 1.000000000000000000, 0.000000000000000000 ) ) ;
#742 = ORIENTED_EDGE ( 'NONE', *, *, #2484, .F. ) ;
#743 = EDGE_CURVE ( 'NONE', #2556, #10635, #9854, .T. ) ;
#744 = ORIENTED_EDGE ( 'NONE', *, *, #3093, .T. ) ;
#745 =( NAMED_UNIT ( * ) SI_UNIT ( $, .STERADIAN. ) SOLID_ANGLE_UNIT ( ) );
#746 = LINE ( 'NONE', #1964, #4584 ) ;
#747 = CARTESIAN_POINT ( 'NONE',  ( -4.099999999999997868, 1.200000000000002176, 5.000000000000005329 ) ) ;
#748 = ORIENTED_EDGE ( 'NONE', *, *, #3008, .F. ) ;
#749 = ORIENTED_EDGE ( 'NONE', *, *, #1640, .F. ) ;
#750 = ORIENTED_EDGE ( 'NONE', *, *, #6800, .F. ) ;
#751 = EDGE_CURVE ( 'NONE', #963, #2083, #6324, .T. ) ;
#752 = CARTESIAN_POINT ( 'NONE',  ( 1.399999999999998135, 1.200000000000002176, 5.000000000000005329 ) ) ;
#753 = DIRECTION ( 'NONE',  ( -0.000000000000000000, -0.000000000000000000, -1.000000000000000000 ) ) ;
#754 = LINE ( 'NONE', #4851, #4337 ) ;
#755 = CARTESIAN_POINT ( 'NONE',  ( -4.099999999999997868, 2.400000000000000799, 4.700000000000000178 ) ) ;
#756 = DIRECTION ( 'NONE',  ( 0.000000000000000000, 1.000000000000000000, 0.000000000000000000 ) ) ;
#757 = ORIENTED_EDGE ( 'NONE', *, *, #1365, .F. ) ;
#758 = VERTEX_POINT ( 'NONE', #7681 ) ;
#759 = CARTESIAN_POINT ( 'NONE',  ( 4.799999999999998934, 0.000000000000000000, 1.500000000000008216 ) ) ;
#760 = CARTESIAN_POINT ( 'NONE',  ( 4.799999999999998934, 0.8000000000000000444, 2.600000000000007638 ) ) ;
#761 = DIRECTION ( 'NONE',  ( 1.000000000000000000, 0.000000000000000000, -0.000000000000000000 ) ) ;
#762 = LINE ( 'NONE', #10589, #725 ) ;
#763 = AXIS2_PLACEMENT_3D ( 'NONE', #10343, #1255, #1117 ) ;
#764 = VECTOR ( 'NONE', #5380, 1000.000000000000000 ) ;
#765 = PLANE ( 'NONE',  #6901 ) ;
#766 = ORIENTED_EDGE ( 'NONE', *, *, #7159, .T. ) ;
#767 =( GEOMETRIC_REPRESENTATION_CONTEXT ( 3 ) GLOBAL_UNCERTAINTY_ASSIGNED_CONTEXT ( ( #2832 ) ) GLOBAL_UNIT_ASSIGNED_CONTEXT ( ( #4055, #3864, #7822 ) ) REPRESENTATION_CONTEXT ( 'NONE', 'WORKASPACE' ) );
#768 = VERTEX_POINT ( 'NONE', #2020 ) ;
#769 = ORIENTED_EDGE ( 'NONE', *, *, #931, .F. ) ;
#770 = EDGE_CURVE ( 'NONE', #10534, #7554, #2399, .T. ) ;
#771 = CARTESIAN_POINT ( 'NONE',  ( -4.800000000000000711, 0.4000000000000000222, -0.7000000000000018430 ) ) ;
#772 = CARTESIAN_POINT ( 'NONE',  ( 3.899999999999999023, 0.4000000000000000222, -0.6999999999999940714 ) ) ;
#773 = ORIENTED_EDGE ( 'NONE', *, *, #7817, .T. ) ;
#774 = ORIENTED_EDGE ( 'NONE', *, *, #1588, .T. ) ;
#775 = DIRECTION ( 'NONE',  ( -0.000000000000000000, -0.000000000000000000, -1.000000000000000000 ) ) ;
#776 = CARTESIAN_POINT ( 'NONE',  ( -4.800000000000000711, 0.000000000000000000, 5.000000000000000000 ) ) ;
#777 = LINE ( 'NONE', #1744, #8219 ) ;
#778 = CARTESIAN_POINT ( 'NONE',  ( -4.350000000000000533, 0.7999999999999999334, 1.799999999999998712 ) ) ;
#779 = ORIENTED_EDGE ( 'NONE', *, *, #4358, .F. ) ;
#780 = ORIENTED_EDGE ( 'NONE', *, *, #3676, .F. ) ;
#782 = VERTEX_POINT ( 'NONE', #4579 ) ;
#781 = DIRECTION ( 'NONE',  ( -1.000000000000000000, -0.000000000000000000, -0.000000000000000000 ) ) ;
#783 = DIRECTION ( 'NONE',  ( 0.000000000000000000, 1.000000000000000000, 0.000000000000000000 ) ) ;
#784 = CARTESIAN_POINT ( 'NONE',  ( 4.799999999999998934, 0.8000000000000000444, 5.000000000000000000 ) ) ;
#785 = LINE ( 'NONE', #4310, #1016 ) ;
#786 = EDGE_CURVE ( 'NONE', #1412, #6279, #2569, .T. ) ;
#787 = AXIS2_PLACEMENT_3D ( 'NONE', #10633, #398, #3101 ) ;
#788 = EDGE_LOOP ( 'NONE', ( #7023, #136, #4108, #3171 ) ) ;
#789 = EDGE_CURVE ( 'NONE', #4829, #819, #2671, .T. ) ;
#790 = ORIENTED_EDGE ( 'NONE', *, *, #9881, .F. ) ;
#791 = CARTESIAN_POINT ( 'NONE',  ( 3.899999999999999023, 0.4000000000000000222, 4.904159457879235795 ) ) ;
#792 = ADVANCED_FACE ( 'NONE', ( #6206 ), #208, .F. ) ;
#793 = SURFACE_SIDE_STYLE ('',( #8327 ) ) ;
#794 = COLOUR_RGB ( '',1.000000000000000000, 0.8117647058823529438, 0.5019607843137254832 ) ;
#795 = CARTESIAN_POINT ( 'NONE',  ( 3.899999999999999023, 0.000000000000000000, 1.799999999999998712 ) ) ;
#796 = CARTESIAN_POINT ( 'NONE',  ( 4.799999999999998934, 0.8000000000000000444, 0.4000000000000080158 ) ) ;
#797 = CIRCLE ( 'NONE', #8003, 0.2500000000000002220 ) ;
#798 = ORIENTED_EDGE ( 'NONE', *, *, #5188, .T. ) ;
#799 = DIRECTION ( 'NONE',  ( 1.000000000000000000, -0.000000000000000000, 9.637352644315598694E-16 ) ) ;
#800 = ORIENTED_EDGE ( 'NONE', *, *, #30, .F. ) ;
#801 = ORIENTED_EDGE ( 'NONE', *, *, #10686, .F. ) ;
#802 = DIRECTION ( 'NONE',  ( 0.000000000000000000, 0.000000000000000000, -1.000000000000000000 ) ) ;
#803 = DIRECTION ( 'NONE',  ( 1.000000000000000000, 0.000000000000000000, 0.000000000000000000 ) ) ;
#804 = CARTESIAN_POINT ( 'NONE',  ( -4.100000000000000533, 2.599999999999999201, 4.299999999999999822 ) ) ;
#805 = EDGE_CURVE ( 'NONE', #1020, #8695, #6023, .T. ) ;
#806 = DIRECTION ( 'NONE',  ( 0.000000000000000000, 1.000000000000000000, -0.000000000000000000 ) ) ;
#807 = DIRECTION ( 'NONE',  ( -0.000000000000000000, -1.000000000000000000, -0.000000000000000000 ) ) ;
#808 = DIRECTION ( 'NONE',  ( -0.000000000000000000, 0.000000000000000000, -1.000000000000000000 ) ) ;
#809 = EDGE_CURVE ( 'NONE', #8777, #8688, #9890, .T. ) ;
#810 = MECHANICAL_DESIGN_GEOMETRIC_PRESENTATION_REPRESENTATION (  '', ( #663 ), #7012 ) ;
#811 = EDGE_LOOP ( 'NONE', ( #2829, #6365, #3300, #2406 ) ) ;
#812 = ORIENTED_EDGE ( 'NONE', *, *, #8900, .T. ) ;
#813 = EDGE_CURVE ( 'NONE', #458, #534, #9870, .T. ) ;
#814 = LINE ( 'NONE', #7259, #7962 ) ;
#815 = CARTESIAN_POINT ( 'NONE',  ( 4.799999999999998934, 0.8000000000000000444, 3.804159457879236150 ) ) ;
#816 = LINE ( 'NONE', #6810, #1025 ) ;
#817 = ADVANCED_FACE ( 'NONE', ( #9788 ), #4359, .F. ) ;
#818 = VERTEX_POINT ( 'NONE', #7486 ) ;
#819 = VERTEX_POINT ( 'NONE', #5615 ) ;
#820 = VERTEX_POINT ( 'NONE', #6543 ) ;
#821 = COLOUR_RGB ( '',1.000000000000000000, 0.8117647058823529438, 0.5019607843137254832 ) ;
#822 = CARTESIAN_POINT ( 'NONE',  ( -4.099999999999997868, 2.200000000000000178, 4.300000000000001599 ) ) ;
#823 = CARTESIAN_POINT ( 'NONE',  ( -4.350000000000000533, 0.8010000000000000453, -2.600000000000000977 ) ) ;
#824 = CARTESIAN_POINT ( 'NONE',  ( -3.900000000000000799, 0.4000000000000000222, -0.4000000000000010214 ) ) ;
#825 = ORIENTED_EDGE ( 'NONE', *, *, #1064, .F. ) ;
#826 = ORIENTED_EDGE ( 'NONE', *, *, #5464, .T. ) ;
#827 = DIRECTION ( 'NONE',  ( -1.000000000000000000, 0.000000000000000000, -0.000000000000000000 ) ) ;
#828 = DIRECTION ( 'NONE',  ( -0.000000000000000000, -1.000000000000000000, -0.000000000000000000 ) ) ;
#829 = EDGE_CURVE ( 'NONE', #3580, #4215, #6043, .T. ) ;
#830 = CARTESIAN_POINT ( 'NONE',  ( -4.350000000000000533, 0.8000000000000000444, 4.799999999999999822 ) ) ;
#831 = CARTESIAN_POINT ( 'NONE',  ( 3.399999999999995914, 0.7999999999999990452, -4.500000000000005329 ) ) ;
#832 = VECTOR ( 'NONE', #574, 1000.000000000000000 ) ;
#833 = VECTOR ( 'NONE', #861, 1000.000000000000000 ) ;
#834 = DIRECTION ( 'NONE',  ( 1.000000000000000000, 0.000000000000000000, 0.000000000000000000 ) ) ;
#835 = DIRECTION ( 'NONE',  ( 9.637352644315598694E-16, -0.000000000000000000, 1.000000000000000000 ) ) ;
#836 = EDGE_LOOP ( 'NONE', ( #4808, #7742, #5345, #4827 ) ) ;
#837 = ORIENTED_EDGE ( 'NONE', *, *, #10120, .F. ) ;
#838 = EDGE_LOOP ( 'NONE', ( #3422, #348, #6922, #8239, #4669, #6984, #916, #10461, #7450, #4072, #3297, #3562, #5057, #1360, #420, #10540, #3739, #4289, #5108, #3111, #3582, #3353, #10560, #10272, #7088, #6979, #8310, #238, #3781, #3091, #4654, #349, #4828, #7029, #1703, #8018, #7986, #7539, #7432, #8206, #10587, #1378, #10729, #4895, #8618, #7570, #3803, #6813, #4773, #7319, #3875, #7998, #3701, #8705, #1397, #800, #8652, #112, #1627, #5128, #8600, #10074, #7949, #8923, #5566, #3043, #9683, #4094, #6326, #553, #77, #6188, #10006, #8502, #8803, #5074 ) ) ;
#839 = DIRECTION ( 'NONE',  ( -3.614007241618346010E-15, -1.000000000000000000, 0.000000000000000000 ) ) ;
#840 = VERTEX_POINT ( 'NONE', #4989 ) ;
#841 = ORIENTED_EDGE ( 'NONE', *, *, #6488, .F. ) ;
#842 = CARTESIAN_POINT ( 'NONE',  ( -3.899999999999999467, 0.4000000000000000222, -1.800000000000000711 ) ) ;
#843 = DIRECTION ( 'NONE',  ( 0.000000000000000000, 1.000000000000000000, 0.000000000000000000 ) ) ;
#844 = FACE_OUTER_BOUND ( 'NONE', #9311, .T. ) ;
#845 = CIRCLE ( 'NONE', #4892, 0.2500000000000002220 ) ;
#846 = PLANE ( 'NONE',  #7515 ) ;
#847 = ORIENTED_EDGE ( 'NONE', *, *, #2980, .F. ) ;
#848 = VERTEX_POINT ( 'NONE', #10658 ) ;
#850 = ORIENTED_EDGE ( 'NONE', *, *, #4152, .F. ) ;
#849 = DIRECTION ( 'NONE',  ( -0.000000000000000000, 0.000000000000000000, 1.000000000000000000 ) ) ;
#851 = CARTESIAN_POINT ( 'NONE',  ( -4.100000000000000533, 2.199999999999999289, 4.299999999999999822 ) ) ;
#852 = ADVANCED_FACE ( 'NONE', ( #2438 ), #7417, .F. ) ;
#853 = PLANE ( 'NONE',  #5602 ) ;
#854 = AXIS2_PLACEMENT_3D ( 'NONE', #186, #9189, #1869 ) ;
#855 = DIRECTION ( 'NONE',  ( 0.000000000000000000, 0.000000000000000000, 1.000000000000000000 ) ) ;
#856 = ORIENTED_EDGE ( 'NONE', *, *, #9993, .T. ) ;
#857 = EDGE_LOOP ( 'NONE', ( #277, #6775, #5094, #6829 ) ) ;
#858 = CARTESIAN_POINT ( 'NONE',  ( 4.799999999999998934, 0.000000000000000000, 1.799999999999998712 ) ) ;
#859 = CARTESIAN_POINT ( 'NONE',  ( 4.800000000000000711, 0.000000000000000000, 2.199999999999997957 ) ) ;
#860 = FACE_OUTER_BOUND ( 'NONE', #9154, .T. ) ;
#861 = DIRECTION ( 'NONE',  ( 1.000000000000000000, -0.000000000000000000, 9.637352644315598694E-16 ) ) ;
#862 = LINE ( 'NONE', #7459, #8203 ) ;
#863 = EDGE_LOOP ( 'NONE', ( #8078, #4593, #7126, #10761 ) ) ;
#864 = ORIENTED_EDGE ( 'NONE', *, *, #970, .F. ) ;
#865 = EDGE_LOOP ( 'NONE', ( #3909, #3862, #9542, #2656, #3880, #9682 ) ) ;
#866 = EDGE_CURVE ( 'NONE', #8884, #5093, #9804, .T. ) ;
#867 = DIRECTION ( 'NONE',  ( -0.000000000000000000, -1.000000000000000000, -0.000000000000000000 ) ) ;
#868 = PLANE ( 'NONE',  #81 ) ;
#869 = LINE ( 'NONE', #1704, #4498 ) ;
#870 = DIRECTION ( 'NONE',  ( -1.000000000000000000, 0.000000000000000000, -0.000000000000000000 ) ) ;
#871 = DIRECTION ( 'NONE',  ( 9.637352644315598694E-16, -0.000000000000000000, 1.000000000000000000 ) ) ;
#872 = PLANE ( 'NONE',  #1796 ) ;
#873 = AXIS2_PLACEMENT_3D ( 'NONE', #247, #1090, #5315 ) ;
#874 = ORIENTED_EDGE ( 'NONE', *, *, #7678, .F. ) ;
#875 = ORIENTED_EDGE ( 'NONE', *, *, #6044, .F. ) ;
#876 = CARTESIAN_POINT ( 'NONE',  ( -4.800000000000000711, 0.8000000000000000444, 0.3999999999999993006 ) ) ;
#877 = FACE_OUTER_BOUND ( 'NONE', #10473, .T. ) ;
#878 = EDGE_CURVE ( 'NONE', #2367, #4169, #6065, .T. ) ;
#879 = DIRECTION ( 'NONE',  ( -0.000000000000000000, -0.000000000000000000, 1.000000000000000000 ) ) ;
#880 = ORIENTED_EDGE ( 'NONE', *, *, #5563, .F. ) ;
#881 = ORIENTED_EDGE ( 'NONE', *, *, #4556, .T. ) ;
#882 = EDGE_LOOP ( 'NONE', ( #7482, #4930, #4980, #10709, #780, #6927 ) ) ;
#883 = ORIENTED_EDGE ( 'NONE', *, *, #6804, .T. ) ;
#884 = CARTESIAN_POINT ( 'NONE',  ( 4.350000000000000533, 0.7999999999999999334, -3.999999999999993339 ) ) ;
#885 = PRESENTATION_STYLE_ASSIGNMENT (( #1329 ) ) ;
#886 = CARTESIAN_POINT ( 'NONE',  ( -3.900000000000000799, 0.000000000000000000, -0.4000000000000010214 ) ) ;
#887 = AXIS2_PLACEMENT_3D ( 'NONE', #10018, #3261, #6607 ) ;
#888 = ORIENTED_EDGE ( 'NONE', *, *, #7780, .T. ) ;
#889 = AXIS2_PLACEMENT_3D ( 'NONE', #823, #1572, #7361 ) ;
#890 = ORIENTED_EDGE ( 'NONE', *, *, #6804, .F. ) ;
#891 = CARTESIAN_POINT ( 'NONE',  ( 3.899999999999999023, 0.4000000000000000222, -1.500000000000001332 ) ) ;
#892 = CARTESIAN_POINT ( 'NONE',  ( 4.799999999999998934, 0.000000000000000000, 2.600000000000007638 ) ) ;
#893 = CARTESIAN_POINT ( 'NONE',  ( 4.099999999999996092, 1.200000000000002176, 5.000000000000005329 ) ) ;
#894 = CARTESIAN_POINT ( 'NONE',  ( -4.800000000000000711, 0.000000000000000000, 5.000000000000000000 ) ) ;
#895 = EDGE_CURVE ( 'NONE', #9425, #4109, #6346, .T. ) ;
#896 = VECTOR ( 'NONE', #867, 1000.000000000000000 ) ;
#897 = AXIS2_PLACEMENT_3D ( 'NONE', #7060, #7934, #1002 ) ;
#898 = LINE ( 'NONE', #55, #8185 ) ;
#899 = ORIENTED_EDGE ( 'NONE', *, *, #3638, .T. ) ;
#900 = ORIENTED_EDGE ( 'NONE', *, *, #2273, .F. ) ;
#901 = EDGE_LOOP ( 'NONE', ( #7521, #4998, #6851, #4717 ) ) ;
#902 = ORIENTED_EDGE ( 'NONE', *, *, #7620, .T. ) ;
#903 = CIRCLE ( 'NONE', #8999, 0.2500000000000002220 ) ;
#904 = DIRECTION ( 'NONE',  ( -0.000000000000000000, -1.000000000000000000, -0.000000000000000000 ) ) ;
#905 = VERTEX_POINT ( 'NONE', #8255 ) ;
#906 = ORIENTED_EDGE ( 'NONE', *, *, #7540, .T. ) ;
#907 = DIRECTION ( 'NONE',  ( -0.000000000000000000, -0.000000000000000000, -1.000000000000000000 ) ) ;
#908 = CARTESIAN_POINT ( 'NONE',  ( -3.900000000000000799, 0.000000000000000000, 3.999999999999999112 ) ) ;
#909 = LINE ( 'NONE', #6888, #4856 ) ;
#910 = CARTESIAN_POINT ( 'NONE',  ( -3.900000000000001688, 0.4000000000000000222, -1.800000000000000711 ) ) ;
#911 = EDGE_CURVE ( 'NONE', #6742, #8962, #2745, .T. ) ;
#912 = FACE_OUTER_BOUND ( 'NONE', #2514, .T. ) ;
#913 = MECHANICAL_DESIGN_GEOMETRIC_PRESENTATION_REPRESENTATION (  '', ( #1560 ), #3506 ) ;
#914 = ORIENTED_EDGE ( 'NONE', *, *, #9147, .F. ) ;
#915 = VERTEX_POINT ( 'NONE', #4088 ) ;
#916 = ORIENTED_EDGE ( 'NONE', *, *, #7365, .F. ) ;
#918 = ORIENTED_EDGE ( 'NONE', *, *, #8892, .T. ) ;
#917 = DIRECTION ( 'NONE',  ( 1.000000000000000000, 0.000000000000000000, 0.000000000000000000 ) ) ;
#919 = DIRECTION ( 'NONE',  ( 0.000000000000000000, 0.000000000000000000, -1.000000000000000000 ) ) ;
#920 = LINE ( 'NONE', #2361, #1032 ) ;
#921 = DIRECTION ( 'NONE',  ( 1.000000000000000000, 4.336808689942013792E-16, 0.000000000000000000 ) ) ;
#922 = CARTESIAN_POINT ( 'NONE',  ( -4.800000000000000711, 0.8000000000000000444, 0.3999999999999984679 ) ) ;
#923 = VERTEX_POINT ( 'NONE', #5739 ) ;
#924 = ORIENTED_EDGE ( 'NONE', *, *, #522, .F. ) ;
#925 = CARTESIAN_POINT ( 'NONE',  ( -4.350000000000000533, 0.4000000000000000222, 1.799999999999998712 ) ) ;
#926 = VECTOR ( 'NONE', #993, 1000.000000000000000 ) ;
#927 = VERTEX_POINT ( 'NONE', #8326 ) ;
#928 = ORIENTED_EDGE ( 'NONE', *, *, #4628, .F. ) ;
#929 = ORIENTED_EDGE ( 'NONE', *, *, #8917, .T. ) ;
#930 = EDGE_LOOP ( 'NONE', ( #6892, #8957, #982, #10535 ) ) ;
#931 = EDGE_CURVE ( 'NONE', #3474, #5731, #2472, .T. ) ;
#932 = AXIS2_PLACEMENT_3D ( 'NONE', #3429, #2368, #8192 ) ;
#933 = CARTESIAN_POINT ( 'NONE',  ( -4.300000000000003375, 1.199999999999999067, 4.300000000000001599 ) ) ;
#934 = CARTESIAN_POINT ( 'NONE',  ( 4.100000000000000533, 2.599999999999999201, -4.299999999999999822 ) ) ;
#935 = FACE_OUTER_BOUND ( 'NONE', #7538, .T. ) ;
#936 = CARTESIAN_POINT ( 'NONE',  ( -4.800000000000000711, 0.8000000000000000444, 5.000000000000000000 ) ) ;
#937 = ORIENTED_EDGE ( 'NONE', *, *, #10575, .T. ) ;
#938 = VERTEX_POINT ( 'NONE', #9604 ) ;
#939 = FACE_OUTER_BOUND ( 'NONE', #3816, .T. ) ;
#940 = CARTESIAN_POINT ( 'NONE',  ( 0.000000000000000000, 0.7999999999999990452, 4.500000000000005329 ) ) ;
#941 = PRESENTATION_STYLE_ASSIGNMENT (( #8389 ) ) ;
#942 = ORIENTED_EDGE ( 'NONE', *, *, #866, .T. ) ;
#943 = ORIENTED_EDGE ( 'NONE', *, *, #4503, .F. ) ;
#944 = ORIENTED_EDGE ( 'NONE', *, *, #7033, .F. ) ;
#945 = EDGE_CURVE ( 'NONE', #2556, #8851, #9681, .T. ) ;
#946 = ORIENTED_EDGE ( 'NONE', *, *, #1194, .T. ) ;
#947 = CARTESIAN_POINT ( 'NONE',  ( -4.350000000000000533, 0.4000000000000000222, -3.700000000000001066 ) ) ;
#948 = EDGE_CURVE ( 'NONE', #7804, #6507, #2993, .T. ) ;
#949 = AXIS2_PLACEMENT_3D ( 'NONE', #6197, #8047, #3709 ) ;
#950 = DIRECTION ( 'NONE',  ( 0.000000000000000000, 0.000000000000000000, -1.000000000000000000 ) ) ;
#951 = EDGE_CURVE ( 'NONE', #8402, #1027, #10123, .T. ) ;
#952 = DIRECTION ( 'NONE',  ( -0.000000000000000000, -3.252606517456512119E-15, -1.000000000000000000 ) ) ;
#953 = ORIENTED_EDGE ( 'NONE', *, *, #1668, .T. ) ;
#954 = CARTESIAN_POINT ( 'NONE',  ( 3.899999999999999023, 0.000000000000000000, -1.800000000000000711 ) ) ;
#955 = ADVANCED_FACE ( 'NONE', ( #6530 ), #3067, .T. ) ;
#956 = DIRECTION ( 'NONE',  ( -1.000000000000000000, -5.551115123125781470E-17, -6.310887241768093042E-30 ) ) ;
#957 = CARTESIAN_POINT ( 'NONE',  ( 3.899999999999999023, 0.4000000000000000222, -0.7000000000000009548 ) ) ;
#958 = FACE_OUTER_BOUND ( 'NONE', #10539, .T. ) ;
#959 = FACE_OUTER_BOUND ( 'NONE', #8331, .T. ) ;
#960 = DIRECTION ( 'NONE',  ( -0.000000000000000000, -0.000000000000000000, -1.000000000000000000 ) ) ;
#961 = ORIENTED_EDGE ( 'NONE', *, *, #1883, .T. ) ;
#962 = EDGE_LOOP ( 'NONE', ( #5396, #9260, #8863, #6146, #9474, #2102 ) ) ;
#963 = VERTEX_POINT ( 'NONE', #1145 ) ;
#964 = ORIENTED_EDGE ( 'NONE', *, *, #7697, .T. ) ;
#965 = EDGE_CURVE ( 'NONE', #9934, #6737, #6877, .T. ) ;
#966 = DIRECTION ( 'NONE',  ( 1.000000000000000000, 0.000000000000000000, 0.000000000000000000 ) ) ;
#967 = CARTESIAN_POINT ( 'NONE',  ( 4.799999999999998934, 0.000000000000000000, -2.600000000000000977 ) ) ;
#968 = AXIS2_PLACEMENT_3D ( 'NONE', #8633, #8043, #4767 ) ;
#969 = PLANE ( 'NONE',  #9149 ) ;
#970 = EDGE_CURVE ( 'NONE', #8260, #6868, #2974, .T. ) ;
#971 = ORIENTED_EDGE ( 'NONE', *, *, #7159, .F. ) ;
#972 = PLANE ( 'NONE',  #3163 ) ;
#973 = ADVANCED_FACE ( 'NONE', ( #2785 ), #6680, .F. ) ;
#974 = DIRECTION ( 'NONE',  ( 1.000000000000000000, 0.000000000000000000, -0.000000000000000000 ) ) ;
#975 = LINE ( 'NONE', #5880, #992 ) ;
#976 = AXIS2_PLACEMENT_3D ( 'NONE', #6387, #7233, #5382 ) ;
#977 = CARTESIAN_POINT ( 'NONE',  ( -3.299999999999997602, 2.600000000000000089, -3.500000000000000000 ) ) ;
#978 = LINE ( 'NONE', #6791, #4632 ) ;
#979 = DIRECTION ( 'NONE',  ( -9.637352644315598694E-16, 0.000000000000000000, 1.000000000000000000 ) ) ;
#980 = VERTEX_POINT ( 'NONE', #10089 ) ;
#981 = ORIENTED_EDGE ( 'NONE', *, *, #9538, .T. ) ;
#982 = ORIENTED_EDGE ( 'NONE', *, *, #5258, .T. ) ;
#984 = ORIENTED_EDGE ( 'NONE', *, *, #9399, .T. ) ;
#983 = DIRECTION ( 'NONE',  ( -0.000000000000000000, -0.000000000000000000, -1.000000000000000000 ) ) ;
#985 = CARTESIAN_POINT ( 'NONE',  ( -4.800000000000000711, 0.000000000000000000, 3.549999999999998490 ) ) ;
#986 = DIRECTION ( 'NONE',  ( 1.000000000000000000, -0.000000000000000000, 0.000000000000000000 ) ) ;
#987 = DIRECTION ( 'NONE',  ( 1.000000000000000000, 0.000000000000000000, 0.000000000000000000 ) ) ;
#988 = MANIFOLD_SOLID_BREP ( 'LPattern1', #4715 ) ;
#989 = VERTEX_POINT ( 'NONE', #9954 ) ;
#990 = PLANE ( 'NONE',  #3964 ) ;
#991 = DIRECTION ( 'NONE',  ( -6.310887241768094443E-30, -7.888609052210118054E-31, -1.000000000000000000 ) ) ;
#992 = VECTOR ( 'NONE', #2431, 1000.000000000000000 ) ;
#993 = DIRECTION ( 'NONE',  ( -0.000000000000000000, -1.000000000000000000, -0.000000000000000000 ) ) ;
#994 = VERTEX_POINT ( 'NONE', #7557 ) ;
#995 = ORIENTED_EDGE ( 'NONE', *, *, #1712, .F. ) ;
#996 = ORIENTED_EDGE ( 'NONE', *, *, #9868, .T. ) ;
#997 = ORIENTED_EDGE ( 'NONE', *, *, #8980, .T. ) ;
#998 = DIRECTION ( 'NONE',  ( 0.000000000000000000, -1.000000000000000000, 0.000000000000000000 ) ) ;
#999 = EDGE_CURVE ( 'NONE', #8884, #5220, #2943, .T. ) ;
#1000 = CARTESIAN_POINT ( 'NONE',  ( 4.350000000000000533, 0.7999999999999999334, -2.795840542120763939 ) ) ;
#1001 = ADVANCED_FACE ( 'NONE', ( #3031 ), #2184, .F. ) ;
#1002 = DIRECTION ( 'NONE',  ( 0.000000000000000000, 0.000000000000000000, 1.000000000000000000 ) ) ;
#1003 = EDGE_CURVE ( 'NONE', #4528, #5344, #3150, .T. ) ;
#1004 = ORIENTED_EDGE ( 'NONE', *, *, #7620, .F. ) ;
#1005 = CARTESIAN_POINT ( 'NONE',  ( -4.800000000000000711, 0.8000000000000000444, -1.500000000000001332 ) ) ;
#1006 = LINE ( 'NONE', #6817, #4664 ) ;
#1007 = DIRECTION ( 'NONE',  ( -0.000000000000000000, -0.000000000000000000, -1.000000000000000000 ) ) ;
#1008 = FACE_OUTER_BOUND ( 'NONE', #6491, .T. ) ;
#1009 = ORIENTED_EDGE ( 'NONE', *, *, #1883, .F. ) ;
#1010 = ORIENTED_EDGE ( 'NONE', *, *, #3404, .T. ) ;
#1011 = VERTEX_POINT ( 'NONE', #6296 ) ;
#1012 = EDGE_LOOP ( 'NONE', ( #6493, #10237, #6514, #6415 ) ) ;
#1013 = ADVANCED_FACE ( 'NONE', ( #3221 ), #8667, .F. ) ;
#1014 = DIRECTION ( 'NONE',  ( -0.000000000000000000, -1.000000000000000000, -0.000000000000000000 ) ) ;
#1015 = CARTESIAN_POINT ( 'NONE',  ( 4.799999999999998934, 0.8000000000000000444, 4.800000000000007816 ) ) ;
#1016 = VECTOR ( 'NONE', #8396, 1000.000000000000000 ) ;
#1017 = CARTESIAN_POINT ( 'NONE',  ( -4.800000000000000711, 0.8000000000000000444, -1.500000000000001332 ) ) ;
#1018 = EDGE_CURVE ( 'NONE', #2827, #4617, #6633, .T. ) ;
#1019 = DIRECTION ( 'NONE',  ( 0.000000000000000000, 1.000000000000000000, 0.000000000000000000 ) ) ;
#1020 = VERTEX_POINT ( 'NONE', #2934 ) ;
#1021 =( NAMED_UNIT ( * ) SI_UNIT ( $, .STERADIAN. ) SOLID_ANGLE_UNIT ( ) );
#1022 = DIRECTION ( 'NONE',  ( -0.000000000000000000, 1.000000000000000000, -0.000000000000000000 ) ) ;
#1023 = DIRECTION ( 'NONE',  ( 0.000000000000000000, 1.000000000000000000, 0.000000000000000000 ) ) ;
#1024 = VECTOR ( 'NONE', #8321, 1000.000000000000000 ) ;
#1025 = VECTOR ( 'NONE', #8318, 1000.000000000000000 ) ;
#1026 = ADVANCED_BREP_SHAPE_REPRESENTATION ( 'ATGM336H-5N', ( #9662, #10499, #988, #4897, #3641, #6184, #2286, #9581, #6628, #10043, #7525, #5727, #5817, #7924, #8752, #9226, #1921, #8385, #8844, #122, #2669, #3751 ), #7253 ) ;
#1027 = VERTEX_POINT ( 'NONE', #9549 ) ;
#1028 = EDGE_LOOP ( 'NONE', ( #3560, #8062, #7635, #4287, #3277, #3500 ) ) ;
#1029 = ORIENTED_EDGE ( 'NONE', *, *, #2899, .F. ) ;
#1030 = VERTEX_POINT ( 'NONE', #6495 ) ;
#1031 = CARTESIAN_POINT ( 'NONE',  ( 4.799999999999998934, 0.000000000000000000, 4.800000000000007816 ) ) ;
#1032 = VECTOR ( 'NONE', #5614, 1000.000000000000000 ) ;
#1033 = CARTESIAN_POINT ( 'NONE',  ( -3.900000000000000799, 0.4000000000000000222, -1.800000000000000711 ) ) ;
#1034 = CARTESIAN_POINT ( 'NONE',  ( -3.900000000000000799, 0.000000000000000000, 1.799999999999998712 ) ) ;
#1035 = CARTESIAN_POINT ( 'NONE',  ( 4.799999999999998934, 0.000000000000000000, -2.450000000000001954 ) ) ;
#1036 = EDGE_CURVE ( 'NONE', #10493, #7741, #10329, .T. ) ;
#1037 = AXIS2_PLACEMENT_3D ( 'NONE', #354, #282, #5487 ) ;
#1038 = ORIENTED_EDGE ( 'NONE', *, *, #2874, .T. ) ;
#1039 = DIRECTION ( 'NONE',  ( -0.000000000000000000, -1.000000000000000000, -0.000000000000000000 ) ) ;
#1040 = ADVANCED_FACE ( 'NONE', ( #6754 ), #7933, .F. ) ;
#1041 = EDGE_CURVE ( 'NONE', #3758, #7644, #10240, .T. ) ;
#1042 = CARTESIAN_POINT ( 'NONE',  ( -4.800000000000000711, 0.000000000000000000, 1.604159457879236195 ) ) ;
#1043 = DIRECTION ( 'NONE',  ( 2.409338161078908548E-16, -1.000000000000000000, 0.000000000000000000 ) ) ;
#1044 = LINE ( 'NONE', #6600, #926 ) ;
#1045 = DIRECTION ( 'NONE',  ( 0.000000000000000000, -1.000000000000000000, 0.000000000000000000 ) ) ;
#1046 = ORIENTED_EDGE ( 'NONE', *, *, #399, .T. ) ;
#1047 = ORIENTED_EDGE ( 'NONE', *, *, #8169, .T. ) ;
#1048 = VERTEX_POINT ( 'NONE', #9693 ) ;
#1050 = ORIENTED_EDGE ( 'NONE', *, *, #5099, .T. ) ;
#1049 = DIRECTION ( 'NONE',  ( 0.000000000000000000, 0.000000000000000000, 1.000000000000000000 ) ) ;
#1051 = DIRECTION ( 'NONE',  ( -1.000000000000000000, 0.000000000000000000, 0.000000000000000000 ) ) ;
#1052 = CARTESIAN_POINT ( 'NONE',  ( 4.799999999999998934, 0.000000000000000000, 5.000000000000000000 ) ) ;
#1053 = DIRECTION ( 'NONE',  ( 0.000000000000000000, 0.000000000000000000, -1.000000000000000000 ) ) ;
#1054 = PLANE ( 'NONE',  #5083 ) ;
#1055 = VECTOR ( 'NONE', #4523, 1000.000000000000000 ) ;
#1056 = CARTESIAN_POINT ( 'NONE',  ( -3.900000000000000799, 0.4000000000000000222, -4.000000000000000888 ) ) ;
#1057 = AXIS2_PLACEMENT_3D ( 'NONE', #6849, #113, #10114 ) ;
#1058 = VERTEX_POINT ( 'NONE', #4663 ) ;
#1059 = CARTESIAN_POINT ( 'NONE',  ( -4.800000000000000711, 0.8000000000000000444, -2.900000000000002576 ) ) ;
#1060 = AXIS2_PLACEMENT_3D ( 'NONE', #9122, #9907, #10771 ) ;
#1061 = DIRECTION ( 'NONE',  ( 0.000000000000000000, 1.000000000000000000, -0.000000000000000000 ) ) ;
#1062 = PRESENTATION_STYLE_ASSIGNMENT (( #9412 ) ) ;
#1063 = PLANE ( 'NONE',  #6653 ) ;
#1064 = EDGE_CURVE ( 'NONE', #731, #1438, #6597, .T. ) ;
#1065 = LINE ( 'NONE', #10267, #764 ) ;
#1066 = ORIENTED_EDGE ( 'NONE', *, *, #8090, .F. ) ;
#1067 = EDGE_LOOP ( 'NONE', ( #9688, #6348, #10325, #6482 ) ) ;
#1068 = EDGE_LOOP ( 'NONE', ( #8942, #2955, #2055, #3652, #2627, #10370 ) ) ;
#1069 = VERTEX_POINT ( 'NONE', #5509 ) ;
#1070 = CIRCLE ( 'NONE', #2205, 0.2500000000000002220 ) ;
#1071 = CARTESIAN_POINT ( 'NONE',  ( -1.399999999999998135, 1.199999999999971312, -4.500000000000006217 ) ) ;
#1072 = CARTESIAN_POINT ( 'NONE',  ( -3.900000000000000799, 0.4000000000000000222, 6.004159457879236328 ) ) ;
#1073 = ORIENTED_EDGE ( 'NONE', *, *, #1490, .T. ) ;
#1074 = DIRECTION ( 'NONE',  ( 0.000000000000000000, 1.000000000000000000, 0.000000000000000000 ) ) ;
#1075 = EDGE_CURVE ( 'NONE', #4316, #4032, #6690, .T. ) ;
#1076 = ADVANCED_FACE ( 'NONE', ( #10351 ), #1421, .F. ) ;
#1077 = VECTOR ( 'NONE', #6147, 1000.000000000000000 ) ;
#1078 = CARTESIAN_POINT ( 'NONE',  ( 3.899999999999999023, 0.4000000000000000222, 4.800000000000006928 ) ) ;
#1079 = COLOUR_RGB ( '',1.000000000000000000, 0.8117647058823529438, 0.5019607843137254832 ) ;
#1080 = EDGE_LOOP ( 'NONE', ( #10136, #9599, #5580, #1909 ) ) ;
#1081 = ORIENTED_EDGE ( 'NONE', *, *, #8109, .T. ) ;
#1082 = ORIENTED_EDGE ( 'NONE', *, *, #1284, .T. ) ;
#1083 = ORIENTED_EDGE ( 'NONE', *, *, #7089, .F. ) ;
#1084 = DIRECTION ( 'NONE',  ( -0.000000000000000000, -1.000000000000000000, -0.000000000000000000 ) ) ;
#1085 = EDGE_CURVE ( 'NONE', #4997, #5792, #3184, .T. ) ;
#1086 = DIRECTION ( 'NONE',  ( 0.000000000000000000, -1.000000000000000000, 0.000000000000000000 ) ) ;
#1087 = ADVANCED_FACE ( 'NONE', ( #6565 ), #7058, .T. ) ;
#1088 = LINE ( 'NONE', #759, #8315 ) ;
#1089 = AXIS2_PLACEMENT_3D ( 'NONE', #8478, #9300, #10102 ) ;
#1090 = DIRECTION ( 'NONE',  ( -1.000000000000000000, 0.000000000000000000, 0.000000000000000000 ) ) ;
#1091 = EDGE_LOOP ( 'NONE', ( #2922, #2474, #3995, #8567 ) ) ;
#1092 = CARTESIAN_POINT ( 'NONE',  ( 3.899999999999999023, 0.4000000000000000222, 1.799999999999998712 ) ) ;
#1093 = CARTESIAN_POINT ( 'NONE',  ( 4.799999999999998934, 0.4000000000000000222, 2.599999999999998312 ) ) ;
#1094 = CARTESIAN_POINT ( 'NONE',  ( 3.899999999999999023, 0.4000000000000000222, 3.804159457879236150 ) ) ;
#1095 = DIRECTION ( 'NONE',  ( 1.000000000000000000, -0.000000000000000000, 0.000000000000000000 ) ) ;
#1096 = EDGE_LOOP ( 'NONE', ( #6308, #604, #7128, #679 ) ) ;
#1097 = LINE ( 'NONE', #9865, #5072 ) ;
#1098 = EDGE_CURVE ( 'NONE', #4837, #9459, #3202, .T. ) ;
#1099 = DIRECTION ( 'NONE',  ( -9.637352644315598694E-16, 0.000000000000000000, 1.000000000000000000 ) ) ;
#1100 = EDGE_LOOP ( 'NONE', ( #4530, #883, #7536, #523 ) ) ;
#1101 = ORIENTED_EDGE ( 'NONE', *, *, #52, .F. ) ;
#1102 = ORIENTED_EDGE ( 'NONE', *, *, #5119, .F. ) ;
#1103 = ORIENTED_EDGE ( 'NONE', *, *, #708, .F. ) ;
#1104 = ADVANCED_FACE ( 'NONE', ( #6671 ), #2315, .F. ) ;
#1105 = CARTESIAN_POINT ( 'NONE',  ( -4.800000000000000711, 0.000000000000000000, 5.000000000000000000 ) ) ;
#1106 = EDGE_CURVE ( 'NONE', #10345, #7919, #6615, .T. ) ;
#1107 = LINE ( 'NONE', #1792, #4743 ) ;
#1108 = CARTESIAN_POINT ( 'NONE',  ( -4.800000000000000711, 0.000000000000000000, -4.400000000000002132 ) ) ;
#1109 = PLANE ( 'NONE',  #5542 ) ;
#1110 = AXIS2_PLACEMENT_3D ( 'NONE', #6735, #5996, #921 ) ;
#1111 = VERTEX_POINT ( 'NONE', #8280 ) ;
#1112 = PLANE ( 'NONE',  #334 ) ;
#1113 = ORIENTED_EDGE ( 'NONE', *, *, #1131, .T. ) ;
#1114 = EDGE_CURVE ( 'NONE', #5182, #5021, #10438, .T. ) ;
#1115 = DIRECTION ( 'NONE',  ( -0.000000000000000000, -0.000000000000000000, -1.000000000000000000 ) ) ;
#1116 = LINE ( 'NONE', #5925, #8398 ) ;
#1117 = DIRECTION ( 'NONE',  ( -1.000000000000000000, 0.000000000000000000, -0.000000000000000000 ) ) ;
#1118 = VERTEX_POINT ( 'NONE', #760 ) ;
#1119 = ORIENTED_EDGE ( 'NONE', *, *, #2815, .F. ) ;
#1120 = ORIENTED_EDGE ( 'NONE', *, *, #7065, .T. ) ;
#1122 = ORIENTED_EDGE ( 'NONE', *, *, #602, .T. ) ;
#1121 = CARTESIAN_POINT ( 'NONE',  ( -4.800000000000000711, 0.8000000000000000444, 4.649999999999998579 ) ) ;
#1123 = FILL_AREA_STYLE_COLOUR ( '', #5661 ) ;
#1124 = CIRCLE ( 'NONE', #6727, 0.2999999999999999334 ) ;
#1125 = ADVANCED_FACE ( 'NONE', ( #3258 ), #1576, .F. ) ;
#1126 = AXIS2_PLACEMENT_3D ( 'NONE', #519, #1489, #5760 ) ;
#1127 = VERTEX_POINT ( 'NONE', #5902 ) ;
#1128 = CARTESIAN_POINT ( 'NONE',  ( -4.800000000000000711, 0.8000000000000000444, 1.099999999999998535 ) ) ;
#1129 = ADVANCED_FACE ( 'NONE', ( #3010 ), #8423, .F. ) ;
#1130 = CARTESIAN_POINT ( 'NONE',  ( -4.800000000000000711, 0.000000000000000000, -0.5958405421207638719 ) ) ;
#1131 = EDGE_CURVE ( 'NONE', #2712, #7653, #10225, .T. ) ;
#1132 = FACE_OUTER_BOUND ( 'NONE', #3024, .T. ) ;
#1133 = ORIENTED_EDGE ( 'NONE', *, *, #6054, .T. ) ;
#1134 = CARTESIAN_POINT ( 'NONE',  ( 3.899999999999999023, 0.4000000000000000222, -1.799999999999993827 ) ) ;
#1135 = DIRECTION ( 'NONE',  ( -5.551115123125782702E-17, -1.000000000000000000, -7.888609052210118054E-31 ) ) ;
#1136 = VECTOR ( 'NONE', #2217, 1000.000000000000000 ) ;
#1137 = ORIENTED_EDGE ( 'NONE', *, *, #5235, .T. ) ;
#1138 = EDGE_CURVE ( 'NONE', #8688, #4250, #6650, .T. ) ;
#1139 = EDGE_LOOP ( 'NONE', ( #10213, #6699, #5773, #1504, #5328, #10316, #2640, #3386, #3122, #1466, #460, #1957 ) ) ;
#1140 = ORIENTED_EDGE ( 'NONE', *, *, #8392, .T. ) ;
#1141 = EDGE_LOOP ( 'NONE', ( #9492, #430, #297, #9753, #7748, #5935 ) ) ;
#1142 = DIRECTION ( 'NONE',  ( -1.000000000000000000, 0.000000000000000000, 0.000000000000000000 ) ) ;
#1143 = FACE_OUTER_BOUND ( 'NONE', #4491, .T. ) ;
#1144 = CARTESIAN_POINT ( 'NONE',  ( 4.799999999999998934, 0.8000000000000000444, 5.000000000000000000 ) ) ;
#1145 = CARTESIAN_POINT ( 'NONE',  ( 4.799999999999998934, 0.000000000000000000, 3.049999999999998046 ) ) ;
#1146 = DIRECTION ( 'NONE',  ( 2.409338161078908548E-16, -1.000000000000000000, 0.000000000000000000 ) ) ;
#1147 = ORIENTED_EDGE ( 'NONE', *, *, #9411, .F. ) ;
#1148 = ADVANCED_FACE ( 'NONE', ( #10257 ), #9978, .F. ) ;
#1149 = CARTESIAN_POINT ( 'NONE',  ( -3.900000000000000799, 0.000000000000000000, 1.499999999999999556 ) ) ;
#1150 = LINE ( 'NONE', #6606, #4583 ) ;
#1151 = CARTESIAN_POINT ( 'NONE',  ( -3.900000000000000799, 0.4000000000000000222, -0.5958405421207638719 ) ) ;
#1152 = EDGE_CURVE ( 'NONE', #8540, #1118, #6703, .T. ) ;
#1153 = FACE_OUTER_BOUND ( 'NONE', #598, .T. ) ;
#1154 = MECHANICAL_DESIGN_GEOMETRIC_PRESENTATION_REPRESENTATION (  '', ( #2568 ), #6466 ) ;
#1155 = ADVANCED_FACE ( 'NONE', ( #3080 ), #3622, .F. ) ;
#1156 = VERTEX_POINT ( 'NONE', #2459 ) ;
#1157 = VERTEX_POINT ( 'NONE', #7439 ) ;
#1158 = ORIENTED_EDGE ( 'NONE', *, *, #5507, .F. ) ;
#1159 = EDGE_LOOP ( 'NONE', ( #3395, #10604, #3486, #1158 ) ) ;
#1160 = CARTESIAN_POINT ( 'NONE',  ( 4.799999999999998934, 0.8000000000000000444, 4.649999999999998579 ) ) ;
#1161 = DIRECTION ( 'NONE',  ( 1.000000000000000000, 0.000000000000000000, 0.000000000000000000 ) ) ;
#1162 = VECTOR ( 'NONE', #9623, 1000.000000000000000 ) ;
#1163 = DIRECTION ( 'NONE',  ( -1.000000000000000000, 2.409338161078899674E-16, 0.000000000000000000 ) ) ;
#1164 = FILL_AREA_STYLE ('',( #318 ) ) ;
#1165 = DIRECTION ( 'NONE',  ( -0.000000000000000000, -3.252606517456512119E-15, -1.000000000000000000 ) ) ;
#1166 = ORIENTED_EDGE ( 'NONE', *, *, #3309, .T. ) ;
#1167 = DIRECTION ( 'NONE',  ( 0.000000000000000000, 0.000000000000000000, 1.000000000000000000 ) ) ;
#1168 = DIRECTION ( 'NONE',  ( 0.000000000000000000, 0.000000000000000000, -1.000000000000000000 ) ) ;
#1169 = DIRECTION ( 'NONE',  ( -1.000000000000000000, 0.000000000000000000, -9.637352644315598694E-16 ) ) ;
#1170 = ADVANCED_FACE ( 'NONE', ( #7106 ), #10768, .F. ) ;
#1171 = LINE ( 'NONE', #9547, #4803 ) ;
#1172 = VECTOR ( 'NONE', #4564, 1000.000000000000000 ) ;
#1173 = DIRECTION ( 'NONE',  ( -1.000000000000000000, 0.000000000000000000, -9.637352644315598694E-16 ) ) ;
#1174 = ORIENTED_EDGE ( 'NONE', *, *, #6044, .T. ) ;
#1175 = ORIENTED_EDGE ( 'NONE', *, *, #8744, .T. ) ;
#1176 = EDGE_LOOP ( 'NONE', ( #5530, #4135, #2747, #2134, #10518, #9528 ) ) ;
#1177 = ORIENTED_EDGE ( 'NONE', *, *, #9024, .T. ) ;
#1178 = EDGE_CURVE ( 'NONE', #840, #6368, #3351, .T. ) ;
#1179 = AXIS2_PLACEMENT_3D ( 'NONE', #8117, #3054, #2228 ) ;
#1180 = ADVANCED_FACE ( 'NONE', ( #7160 ), #4576, .F. ) ;
#1181 = VECTOR ( 'NONE', #7362, 1000.000000000000000 ) ;
#1182 = EDGE_CURVE ( 'NONE', #6009, #6618, #91, .T. ) ;
#1183 = CARTESIAN_POINT ( 'NONE',  ( -3.900000000000000799, 0.000000000000000000, -4.800000000000001599 ) ) ;
#1184 = DIRECTION ( 'NONE',  ( -1.000000000000000000, 0.000000000000000000, -9.637352644315598694E-16 ) ) ;
#1185 = VERTEX_POINT ( 'NONE', #2977 ) ;
#1186 = CARTESIAN_POINT ( 'NONE',  ( -4.800000000000000711, 0.4000000000000000222, -3.700000000000001066 ) ) ;
#1187 = LINE ( 'NONE', #6539, #1024 ) ;
#1188 = DIRECTION ( 'NONE',  ( -0.000000000000000000, 0.000000000000000000, -1.000000000000000000 ) ) ;
#1189 = LINE ( 'NONE', #7101, #4714 ) ;
#1190 = DIRECTION ( 'NONE',  ( 0.000000000000000000, 0.000000000000000000, 1.000000000000000000 ) ) ;
#1191 = VERTEX_POINT ( 'NONE', #9810 ) ;
#1192 = CLOSED_SHELL ( 'NONE', ( #4477, #6172, #9063, #7802, #1653, #4974, #10527, #7427, #7580, #3722 ) ) ;
#1193 = ORIENTED_EDGE ( 'NONE', *, *, #9134, .F. ) ;
#1194 = EDGE_CURVE ( 'NONE', #8525, #2478, #10700, .T. ) ;
#1196 = ORIENTED_EDGE ( 'NONE', *, *, #8980, .F. ) ;
#1195 = DIRECTION ( 'NONE',  ( 0.000000000000000000, 0.000000000000000000, 1.000000000000000000 ) ) ;
#1197 = DIRECTION ( 'NONE',  ( 0.000000000000000000, 1.000000000000000000, -0.000000000000000000 ) ) ;
#1198 = CARTESIAN_POINT ( 'NONE',  ( 3.899999999999999023, -5.421010862427522170E-17, -2.795840542120763939 ) ) ;
#1199 = AXIS2_PLACEMENT_3D ( 'NONE', #10195, #7593, #2763 ) ;
#1200 = LINE ( 'NONE', #5436, #4881 ) ;
#1201 = EDGE_CURVE ( 'NONE', #9104, #8437, #3595, .T. ) ;
#1202 = VERTEX_POINT ( 'NONE', #735 ) ;
#1203 = CARTESIAN_POINT ( 'NONE',  ( -4.350000000000000533, 0.4000000000000000222, 1.499999999999998668 ) ) ;
#1204 = VECTOR ( 'NONE', #6081, 1000.000000000000000 ) ;
#1205 = SURFACE_STYLE_USAGE ( .BOTH. , #6141 ) ;
#1206 = ORIENTED_EDGE ( 'NONE', *, *, #8218, .F. ) ;
#1207 = ORIENTED_EDGE ( 'NONE', *, *, #10702, .T. ) ;
#1208 = ORIENTED_EDGE ( 'NONE', *, *, #10097, .F. ) ;
#1209 = ORIENTED_EDGE ( 'NONE', *, *, #1220, .F. ) ;
#1210 = EDGE_CURVE ( 'NONE', #6527, #8083, #14, .T. ) ;
#1211 = DIRECTION ( 'NONE',  ( 0.000000000000000000, -0.000000000000000000, -1.000000000000000000 ) ) ;
#1212 = DIRECTION ( 'NONE',  ( 0.000000000000000000, 0.000000000000000000, -1.000000000000000000 ) ) ;
#1213 = VECTOR ( 'NONE', #6085, 1000.000000000000000 ) ;
#1214 = ADVANCED_FACE ( 'NONE', ( #10491 ), #5485, .F. ) ;
#1215 = CARTESIAN_POINT ( 'NONE',  ( 4.799999999999998934, 0.4000000000000000222, -2.900000000000001688 ) ) ;
#1216 = EDGE_CURVE ( 'NONE', #7068, #7337, #3656, .T. ) ;
#1217 = ORIENTED_EDGE ( 'NONE', *, *, #4304, .T. ) ;
#1218 = CARTESIAN_POINT ( 'NONE',  ( 4.800000000000000711, 0.8000000000000000444, -0.7000000000000009548 ) ) ;
#1219 = LINE ( 'NONE', #6968, #4822 ) ;
#1220 = EDGE_CURVE ( 'NONE', #6883, #3963, #51, .T. ) ;
#1221 = AXIS2_PLACEMENT_3D ( 'NONE', #3436, #8338, #9174 ) ;
#1222 = VECTOR ( 'NONE', #2967, 1000.000000000000000 ) ;
#1223 = VERTEX_POINT ( 'NONE', #4780 ) ;
#1224 = ORIENTED_EDGE ( 'NONE', *, *, #9523, .T. ) ;
#1225 = EDGE_LOOP ( 'NONE', ( #2166, #1620, #1788, #1732, #9312, #5375 ) ) ;
#1226 = ORIENTED_EDGE ( 'NONE', *, *, #8405, .T. ) ;
#1227 = DIRECTION ( 'NONE',  ( 0.000000000000000000, -1.000000000000000000, 0.000000000000000000 ) ) ;
#1228 = DIRECTION ( 'NONE',  ( -0.000000000000000000, -0.000000000000000000, 1.000000000000000000 ) ) ;
#1229 = VECTOR ( 'NONE', #8001, 1000.000000000000000 ) ;
#1230 = DIRECTION ( 'NONE',  ( -0.000000000000000000, -1.000000000000000000, -0.000000000000000000 ) ) ;
#1231 = DIRECTION ( 'NONE',  ( -0.000000000000000000, -0.000000000000000000, -1.000000000000000000 ) ) ;
#1232 = EDGE_CURVE ( 'NONE', #9405, #3837, #10472, .T. ) ;
#1233 = DIRECTION ( 'NONE',  ( 0.000000000000000000, 0.000000000000000000, -1.000000000000000000 ) ) ;
#1234 = ORIENTED_EDGE ( 'NONE', *, *, #1267, .F. ) ;
#1235 = DIRECTION ( 'NONE',  ( 0.000000000000000000, 1.000000000000000000, 0.000000000000000000 ) ) ;
#1236 = DIRECTION ( 'NONE',  ( 1.000000000000000000, 0.000000000000000000, -9.637352644315598694E-16 ) ) ;
#1237 = CARTESIAN_POINT ( 'NONE',  ( -4.350000000000000533, 0.7999999999999999334, -0.5958405421207638719 ) ) ;
#1238 = PLANE ( 'NONE',  #7673 ) ;
#1239 = SURFACE_SIDE_STYLE ('',( #6216 ) ) ;
#1240 = ORIENTED_EDGE ( 'NONE', *, *, #1847, .F. ) ;
#1241 = ORIENTED_EDGE ( 'NONE', *, *, #10444, .T. ) ;
#1242 = ORIENTED_EDGE ( 'NONE', *, *, #1640, .T. ) ;
#1243 = ORIENTED_EDGE ( 'NONE', *, *, #5368, .F. ) ;
#1244 = DIRECTION ( 'NONE',  ( -6.310887241768094443E-30, -7.888609052210118054E-31, -1.000000000000000000 ) ) ;
#1245 = EDGE_CURVE ( 'NONE', #3895, #2827, #7180, .T. ) ;
#1246 = VECTOR ( 'NONE', #5689, 1000.000000000000000 ) ;
#1247 = PLANE ( 'NONE',  #7348 ) ;
#1248 = VERTEX_POINT ( 'NONE', #3715 ) ;
#1249 = DIRECTION ( 'NONE',  ( 0.000000000000000000, 1.000000000000000000, 0.000000000000000000 ) ) ;
#1250 = DIRECTION ( 'NONE',  ( 1.000000000000000000, 4.336808689942013792E-16, 0.000000000000000000 ) ) ;
#1251 = LINE ( 'NONE', #10680, #8496 ) ;
#1252 = CARTESIAN_POINT ( 'NONE',  ( 4.099999999999997868, 2.399999999999998579, -4.300000000000001599 ) ) ;
#1253 = PRODUCT_DEFINITION ( 'UNKNOWN', '', #5326, #6714 ) ;
#1254 = DIRECTION ( 'NONE',  ( -1.000000000000000000, 0.000000000000000000, -9.637352644315598694E-16 ) ) ;
#1255 = DIRECTION ( 'NONE',  ( 0.000000000000000000, 0.000000000000000000, -1.000000000000000000 ) ) ;
#1256 = EDGE_LOOP ( 'NONE', ( #8943, #8883, #5307, #6138 ) ) ;
#1257 = EDGE_LOOP ( 'NONE', ( #10602, #7423, #10019, #7618 ) ) ;
#1258 = ORIENTED_EDGE ( 'NONE', *, *, #10526, .T. ) ;
#1260 = VERTEX_POINT ( 'NONE', #2226 ) ;
#1259 = CARTESIAN_POINT ( 'NONE',  ( -3.900000000000000799, 0.4000000000000000222, 3.699999999999999289 ) ) ;
#1261 = CARTESIAN_POINT ( 'NONE',  ( -4.800000000000000711, 0.4000000000000000222, 1.499999999999998668 ) ) ;
#1262 = CARTESIAN_POINT ( 'NONE',  ( -4.350000000000000533, 0.7999999999999999334, -4.000000000000001776 ) ) ;
#1263 = CARTESIAN_POINT ( 'NONE',  ( -4.800000000000000711, 0.000000000000000000, 6.004159457879236328 ) ) ;
#1264 = PLANE ( 'NONE',  #7140 ) ;
#1265 = AXIS2_PLACEMENT_3D ( 'NONE', #4468, #10177, #8552 ) ;
#1266 = LINE ( 'NONE', #9286, #8474 ) ;
#1267 = EDGE_CURVE ( 'NONE', #2385, #7546, #10641, .T. ) ;
#1268 = AXIS2_PLACEMENT_3D ( 'NONE', #9832, #10687, #761 ) ;
#1269 = VERTEX_POINT ( 'NONE', #6474 ) ;
#1270 = DIRECTION ( 'NONE',  ( -0.000000000000000000, -0.000000000000000000, -1.000000000000000000 ) ) ;
#1271 = VECTOR ( 'NONE', #6649, 1000.000000000000000 ) ;
#1272 = DIRECTION ( 'NONE',  ( 1.000000000000000000, -0.000000000000000000, -0.000000000000000000 ) ) ;
#1273 = FACE_OUTER_BOUND ( 'NONE', #7251, .T. ) ;
#1274 = ORIENTED_EDGE ( 'NONE', *, *, #103, .F. ) ;
#1275 = EDGE_LOOP ( 'NONE', ( #3334, #1174, #1046, #1009 ) ) ;
#1276 = ORIENTED_EDGE ( 'NONE', *, *, #5127, .F. ) ;
#1277 = ORIENTED_EDGE ( 'NONE', *, *, #6712, .F. ) ;
#1278 = FILL_AREA_STYLE_COLOUR ( '', #4649 ) ;
#1279 = DIRECTION ( 'NONE',  ( 0.000000000000000000, -1.000000000000000000, 0.000000000000000000 ) ) ;
#1280 = LINE ( 'NONE', #2583, #8407 ) ;
#1281 = AXIS2_PLACEMENT_3D ( 'NONE', #3928, #9023, #3051 ) ;
#1282 = CARTESIAN_POINT ( 'NONE',  ( -4.800000000000000711, 0.8000000000000000444, 2.899999999999999023 ) ) ;
#1283 = CARTESIAN_POINT ( 'NONE',  ( 4.799999999999998934, 0.000000000000000000, 0.5041594578792359949 ) ) ;
#1284 = EDGE_CURVE ( 'NONE', #8420, #1942, #3314, .T. ) ;
#1285 = EDGE_LOOP ( 'NONE', ( #3014, #10439, #10072, #10419, #2479, #7277, #3699, #7293, #3846, #10291, #7478, #9897 ) ) ;
#1286 = DIRECTION ( 'NONE',  ( 0.000000000000000000, 0.000000000000000000, -1.000000000000000000 ) ) ;
#1287 = LINE ( 'NONE', #2177, #1621 ) ;
#1288 = CARTESIAN_POINT ( 'NONE',  ( -3.900000000000000799, 0.000000000000000000, -2.900000000000000799 ) ) ;
#1289 = LINE ( 'NONE', #5664, #4824 ) ;
#1290 = VERTEX_POINT ( 'NONE', #2089 ) ;
#1291 = ORIENTED_EDGE ( 'NONE', *, *, #5818, .F. ) ;
#1292 = EDGE_LOOP ( 'NONE', ( #7273, #173, #6864, #256 ) ) ;
#1293 = VERTEX_POINT ( 'NONE', #7264 ) ;
#1294 = CARTESIAN_POINT ( 'NONE',  ( 3.899999999999999023, 0.000000000000000000, 4.800000000000007816 ) ) ;
#1295 = CARTESIAN_POINT ( 'NONE',  ( 3.899999999999999023, 0.4000000000000000222, 0.6999999999999992895 ) ) ;
#1296 = LINE ( 'NONE', #524, #1162 ) ;
#1297 = DIRECTION ( 'NONE',  ( -2.409338161078899674E-16, -1.000000000000000000, 0.000000000000000000 ) ) ;
#1298 = ADVANCED_FACE ( 'NONE', ( #3295 ), #4704, .T. ) ;
#1299 = EDGE_CURVE ( 'NONE', #2863, #10445, #7143, .T. ) ;
#1300 = EDGE_LOOP ( 'NONE', ( #8346, #1693, #9084, #3366 ) ) ;
#1301 = EDGE_CURVE ( 'NONE', #3301, #8904, #6897, .T. ) ;
#1302 = AXIS2_PLACEMENT_3D ( 'NONE', #2096, #4428, #3720 ) ;
#1303 = DIRECTION ( 'NONE',  ( 0.000000000000000000, 1.000000000000000000, 0.000000000000000000 ) ) ;
#1304 = LINE ( 'NONE', #8990, #8534 ) ;
#1305 = EDGE_CURVE ( 'NONE', #7582, #7307, #7275, .T. ) ;
#1306 = LINE ( 'NONE', #3839, #1443 ) ;
#1307 = CARTESIAN_POINT ( 'NONE',  ( -3.900000000000000799, 0.4000000000000000222, 0.3999999999999993006 ) ) ;
#1308 = FACE_OUTER_BOUND ( 'NONE', #3852, .T. ) ;
#1309 = ORIENTED_EDGE ( 'NONE', *, *, #9616, .T. ) ;
#1310 = ORIENTED_EDGE ( 'NONE', *, *, #7900, .F. ) ;
#1311 = ORIENTED_EDGE ( 'NONE', *, *, #5235, .F. ) ;
#1312 = DIRECTION ( 'NONE',  ( 0.000000000000000000, -1.000000000000000000, 0.000000000000000000 ) ) ;
#1313 = CARTESIAN_POINT ( 'NONE',  ( 3.899999999999999023, 0.4000000000000000222, 1.499999999999999556 ) ) ;
#1314 = DIRECTION ( 'NONE',  ( 0.000000000000000000, -1.000000000000000000, 0.000000000000000000 ) ) ;
#1315 = VERTEX_POINT ( 'NONE', #1464 ) ;
#1316 = CARTESIAN_POINT ( 'NONE',  ( 4.350000000000000533, 0.8010000000000000453, 3.699999999999999289 ) ) ;
#1317 = CARTESIAN_POINT ( 'NONE',  ( -4.800000000000000711, 0.000000000000000000, -1.695840542120764072 ) ) ;
#1318 = VECTOR ( 'NONE', #8277, 1000.000000000000000 ) ;
#1319 = AXIS2_PLACEMENT_3D ( 'NONE', #10450, #3897, #6161 ) ;
#1320 = CARTESIAN_POINT ( 'NONE',  ( 3.899999999999999023, 0.4000000000000000222, 2.899999999999999023 ) ) ;
#1321 = LINE ( 'NONE', #5983, #4734 ) ;
#1322 = CARTESIAN_POINT ( 'NONE',  ( 4.350000000000000533, 0.4000000000000000222, 0.6999999999999992895 ) ) ;
#1323 = CARTESIAN_POINT ( 'NONE',  ( 3.899999999999999023, -1.084202172485504434E-16, -3.999999999999993339 ) ) ;
#1324 = ADVANCED_FACE ( 'NONE', ( #10765 ), #4849, .F. ) ;
#1325 = EDGE_LOOP ( 'NONE', ( #3916, #330, #10668, #7052 ) ) ;
#1326 = EDGE_CURVE ( 'NONE', #3262, #994, #3575, .T. ) ;
#1327 = ORIENTED_EDGE ( 'NONE', *, *, #8768, .F. ) ;
#1328 = ORIENTED_EDGE ( 'NONE', *, *, #681, .T. ) ;
#1330 = ORIENTED_EDGE ( 'NONE', *, *, #8511, .F. ) ;
#1329 = SURFACE_STYLE_USAGE ( .BOTH. , #501 ) ;
#1331 = DIRECTION ( 'NONE',  ( -1.000000000000000000, 0.000000000000000000, 0.000000000000000000 ) ) ;
#1332 = PLANE ( 'NONE',  #4696 ) ;
#1333 = LINE ( 'NONE', #2652, #4918 ) ;
#1334 = ORIENTED_EDGE ( 'NONE', *, *, #5873, .F. ) ;
#1335 = CARTESIAN_POINT ( 'NONE',  ( 3.899999999999999023, 0.4000000000000000222, 2.599999999999999201 ) ) ;
#1336 = ADVANCED_FACE ( 'NONE', ( #6919 ), #2432, .F. ) ;
#1337 = LINE ( 'NONE', #10703, #4972 ) ;
#1338 = DIRECTION ( 'NONE',  ( 0.000000000000000000, 0.000000000000000000, 1.000000000000000000 ) ) ;
#1339 = LINE ( 'NONE', #4839, #4752 ) ;
#1340 = EDGE_CURVE ( 'NONE', #8092, #1526, #7067, .T. ) ;
#1341 = ORIENTED_EDGE ( 'NONE', *, *, #9144, .T. ) ;
#1342 = ORIENTED_EDGE ( 'NONE', *, *, #10141, .F. ) ;
#1343 = VERTEX_POINT ( 'NONE', #6747 ) ;
#1344 = ORIENTED_EDGE ( 'NONE', *, *, #82, .F. ) ;
#1345 = DIRECTION ( 'NONE',  ( -0.000000000000000000, -1.000000000000000000, -0.000000000000000000 ) ) ;
#1346 = CARTESIAN_POINT ( 'NONE',  ( -4.800000000000000711, 0.8000000000000000444, 5.000000000000000000 ) ) ;
#1347 = VECTOR ( 'NONE', #6226, 1000.000000000000000 ) ;
#1348 = CARTESIAN_POINT ( 'NONE',  ( -4.500000000000003553, 1.199999999999999734, 4.300000000000001599 ) ) ;
#1349 = DIRECTION ( 'NONE',  ( -9.637352644315598694E-16, 0.000000000000000000, 1.000000000000000000 ) ) ;
#1350 = PLANE ( 'NONE',  #7656 ) ;
#1351 = AXIS2_PLACEMENT_3D ( 'NONE', #10062, #1808, #3472 ) ;
#1352 = CARTESIAN_POINT ( 'NONE',  ( 4.799999999999998934, 0.8000000000000000444, 2.899999999999999023 ) ) ;
#1353 = EDGE_LOOP ( 'NONE', ( #8978, #8455, #9618, #2754 ) ) ;
#1354 = DIRECTION ( 'NONE',  ( 0.000000000000000000, 0.000000000000000000, 1.000000000000000000 ) ) ;
#1355 = LINE ( 'NONE', #7207, #1318 ) ;
#1356 = CARTESIAN_POINT ( 'NONE',  ( -3.900000000000000799, 0.4000000000000000222, 0.3999999999999993006 ) ) ;
#1357 = LINE ( 'NONE', #4631, #1222 ) ;
#1358 = LINE ( 'NONE', #331, #5106 ) ;
#1359 = ORIENTED_EDGE ( 'NONE', *, *, #4786, .T. ) ;
#1360 = ORIENTED_EDGE ( 'NONE', *, *, #301, .F. ) ;
#1361 = VERTEX_POINT ( 'NONE', #9093 ) ;
#1362 = CARTESIAN_POINT ( 'NONE',  ( 3.900000000000000355, 0.000000000000000000, 0.4000000000000071276 ) ) ;
#1363 = DIRECTION ( 'NONE',  ( -0.000000000000000000, -0.000000000000000000, -1.000000000000000000 ) ) ;
#1364 = LINE ( 'NONE', #3001, #1347 ) ;
#1365 = EDGE_CURVE ( 'NONE', #5346, #9794, #10723, .T. ) ;
#1366 = CARTESIAN_POINT ( 'NONE',  ( -4.800000000000000711, 0.8000000000000000444, 4.399999999999998579 ) ) ;
#1367 = CARTESIAN_POINT ( 'NONE',  ( 3.899999999999999023, 0.4000000000000000222, -2.899999999999992806 ) ) ;
#1368 = CARTESIAN_POINT ( 'NONE',  ( -4.099999999999997868, 2.200000000000000178, 4.300000000000001599 ) ) ;
#1369 = AXIS2_PLACEMENT_3D ( 'NONE', #4702, #4637, #5476 ) ;
#1370 = ORIENTED_EDGE ( 'NONE', *, *, #9529, .T. ) ;
#1371 = CARTESIAN_POINT ( 'NONE',  ( 3.899999999999999023, 0.4000000000000000222, -1.800000000000000711 ) ) ;
#1372 = FILL_AREA_STYLE_COLOUR ( '', #206 ) ;
#1373 = DIRECTION ( 'NONE',  ( -0.000000000000000000, -1.000000000000000000, -0.000000000000000000 ) ) ;
#1374 = EDGE_CURVE ( 'NONE', #8839, #8092, #7198, .T. ) ;
#1375 = VERTEX_POINT ( 'NONE', #3187 ) ;
#1376 = EDGE_CURVE ( 'NONE', #584, #8582, #10746, .T. ) ;
#1377 = ORIENTED_EDGE ( 'NONE', *, *, #8380, .T. ) ;
#1378 = ORIENTED_EDGE ( 'NONE', *, *, #2632, .F. ) ;
#1379 = EDGE_LOOP ( 'NONE', ( #8293, #95, #5428, #8417 ) ) ;
#1380 = DIRECTION ( 'NONE',  ( 1.000000000000000000, -0.000000000000000000, 9.637352644315598694E-16 ) ) ;
#1381 = LINE ( 'NONE', #10514, #1246 ) ;
#1382 = ADVANCED_FACE ( 'NONE', ( #10799 ), #4987, .F. ) ;
#1383 = DIRECTION ( 'NONE',  ( 0.000000000000000000, 0.000000000000000000, 1.000000000000000000 ) ) ;
#1384 = STYLED_ITEM ( 'NONE', ( #148 ), #10499 ) ;
#1385 = DIRECTION ( 'NONE',  ( 1.000000000000000000, 0.000000000000000000, -0.000000000000000000 ) ) ;
#1386 = ORIENTED_EDGE ( 'NONE', *, *, #5099, .F. ) ;
#1387 = ADVANCED_FACE ( 'NONE', ( #7220 ), #868, .F. ) ;
#1388 = MECHANICAL_DESIGN_GEOMETRIC_PRESENTATION_REPRESENTATION (  '', ( #3894 ), #2541 ) ;
#1389 = DIRECTION ( 'NONE',  ( -0.000000000000000000, 0.000000000000000000, 1.000000000000000000 ) ) ;
#1390 = LINE ( 'NONE', #697, #8719 ) ;
#1391 = EDGE_CURVE ( 'NONE', #10474, #5641, #7238, .T. ) ;
#1392 = VECTOR ( 'NONE', #3920, 1000.000000000000000 ) ;
#1393 = DIRECTION ( 'NONE',  ( -0.000000000000000000, -1.000000000000000000, -0.000000000000000000 ) ) ;
#1394 = AXIS2_PLACEMENT_3D ( 'NONE', #5815, #2437, #2586 ) ;
#1395 = EDGE_LOOP ( 'NONE', ( #315, #10468, #7385, #8832, #5084, #5320 ) ) ;
#1396 = ORIENTED_EDGE ( 'NONE', *, *, #2740, .F. ) ;
#1397 = ORIENTED_EDGE ( 'NONE', *, *, #3117, .F. ) ;
#1399 = EDGE_LOOP ( 'NONE', ( #3081, #6434, #10724, #3241, #3902, #468 ) ) ;
#1398 = DIRECTION ( 'NONE',  ( -0.000000000000000000, -1.000000000000000000, -0.000000000000000000 ) ) ;
#1400 = DIRECTION ( 'NONE',  ( -1.000000000000000000, 0.000000000000000000, -9.637352644315598694E-16 ) ) ;
#1401 = DIRECTION ( 'NONE',  ( 0.000000000000000000, 1.000000000000000000, 0.000000000000000000 ) ) ;
#1402 = VECTOR ( 'NONE', #373, 1000.000000000000000 ) ;
#1403 = ADVANCED_FACE ( 'NONE', ( #35 ), #3499, .F. ) ;
#1404 = ORIENTED_EDGE ( 'NONE', *, *, #9420, .T. ) ;
#1405 = CARTESIAN_POINT ( 'NONE',  ( -4.800000000000000711, 0.000000000000000000, -4.000000000000001776 ) ) ;
#1406 = FACE_OUTER_BOUND ( 'NONE', #1486, .T. ) ;
#1407 = DIRECTION ( 'NONE',  ( -1.000000000000000000, -2.409338161078908548E-16, 0.000000000000000000 ) ) ;
#1408 = AXIS2_PLACEMENT_3D ( 'NONE', #8931, #407, #6181 ) ;
#1409 = FACE_OUTER_BOUND ( 'NONE', #8653, .T. ) ;
#1410 = ADVANCED_FACE ( 'NONE', ( #6998 ), #5133, .T. ) ;
#1411 = ORIENTED_EDGE ( 'NONE', *, *, #2648, .F. ) ;
#1412 = VERTEX_POINT ( 'NONE', #83 ) ;
#1413 = EDGE_LOOP ( 'NONE', ( #8067, #4332, #183, #6795 ) ) ;
#1414 = ORIENTED_EDGE ( 'NONE', *, *, #567, .F. ) ;
#1415 = EDGE_CURVE ( 'NONE', #3759, #5957, #6956, .T. ) ;
#1416 = AXIS2_PLACEMENT_3D ( 'NONE', #7776, #6014, #10 ) ;
#1417 = CARTESIAN_POINT ( 'NONE',  ( 4.099999999999997868, 2.400000000000000799, -4.700000000000000178 ) ) ;
#1418 = VECTOR ( 'NONE', #3740, 1000.000000000000000 ) ;
#1419 = EDGE_CURVE ( 'NONE', #6893, #732, #10596, .T. ) ;
#1420 = CARTESIAN_POINT ( 'NONE',  ( 3.399999999999995914, 0.7999999999999990452, 4.500000000000005329 ) ) ;
#1421 = PLANE ( 'NONE',  #8449 ) ;
#1422 = DIRECTION ( 'NONE',  ( 1.000000000000000000, 0.000000000000000000, -9.637352644315598694E-16 ) ) ;
#1423 = VERTEX_POINT ( 'NONE', #934 ) ;
#1424 = CARTESIAN_POINT ( 'NONE',  ( 3.899999999999999023, 0.000000000000000000, 0.6999999999999992895 ) ) ;
#1425 = LINE ( 'NONE', #4727, #5013 ) ;
#1426 = DIRECTION ( 'NONE',  ( 0.000000000000000000, 0.000000000000000000, -1.000000000000000000 ) ) ;
#1427 = LINE ( 'NONE', #9081, #4874 ) ;
#1428 = ORIENTED_EDGE ( 'NONE', *, *, #8146, .T. ) ;
#1429 = VERTEX_POINT ( 'NONE', #8463 ) ;
#1430 = VERTEX_POINT ( 'NONE', #10086 ) ;
#1431 = EDGE_CURVE ( 'NONE', #8582, #1517, #3333, .T. ) ;
#1432 = ORIENTED_EDGE ( 'NONE', *, *, #1267, .T. ) ;
#1433 = DIRECTION ( 'NONE',  ( 0.000000000000000000, 0.000000000000000000, 1.000000000000000000 ) ) ;
#1434 = VECTOR ( 'NONE', #9548, 1000.000000000000000 ) ;
#1435 = DIRECTION ( 'NONE',  ( -0.000000000000000000, 1.000000000000000000, -0.000000000000000000 ) ) ;
#1436 = DIRECTION ( 'NONE',  ( -2.409338161078899674E-16, -1.000000000000000000, 0.000000000000000000 ) ) ;
#1437 = PLANE ( 'NONE',  #3075 ) ;
#1438 = VERTEX_POINT ( 'NONE', #5216 ) ;
#1439 = CARTESIAN_POINT ( 'NONE',  ( 4.800000000000000711, 0.7999999999999999334, -4.800000000000001599 ) ) ;
#1440 =( NAMED_UNIT ( * ) SI_UNIT ( $, .STERADIAN. ) SOLID_ANGLE_UNIT ( ) );
#1441 = FACE_OUTER_BOUND ( 'NONE', #3648, .T. ) ;
#1442 = DIRECTION ( 'NONE',  ( 1.000000000000000000, -0.000000000000000000, 0.000000000000000000 ) ) ;
#1443 = VECTOR ( 'NONE', #7724, 1000.000000000000000 ) ;
#1444 = ORIENTED_EDGE ( 'NONE', *, *, #2110, .T. ) ;
#1445 = ORIENTED_EDGE ( 'NONE', *, *, #813, .T. ) ;
#1446 = ORIENTED_EDGE ( 'NONE', *, *, #4724, .T. ) ;
#1447 = ORIENTED_EDGE ( 'NONE', *, *, #1490, .F. ) ;
#1448 = DIRECTION ( 'NONE',  ( 0.000000000000000000, 1.000000000000000000, 0.000000000000000000 ) ) ;
#1449 = EDGE_CURVE ( 'NONE', #3110, #6325, #10533, .T. ) ;
#1450 = PRESENTATION_STYLE_ASSIGNMENT (( #8350 ) ) ;
#1451 = EDGE_CURVE ( 'NONE', #5792, #4051, #10553, .T. ) ;
#1452 = DIRECTION ( 'NONE',  ( -1.000000000000000000, 0.000000000000000000, 0.000000000000000000 ) ) ;
#1453 = AXIS2_PLACEMENT_3D ( 'NONE', #10030, #9298, #6830 ) ;
#1454 = ADVANCED_FACE ( 'NONE', ( #6977 ), #2454, .F. ) ;
#1455 = DIRECTION ( 'NONE',  ( 0.000000000000000000, 1.000000000000000000, 0.000000000000000000 ) ) ;
#1456 = EDGE_CURVE ( 'NONE', #2961, #9328, #10580, .T. ) ;
#1457 = ORIENTED_EDGE ( 'NONE', *, *, #1516, .T. ) ;
#1458 = EDGE_CURVE ( 'NONE', #2848, #7772, #10619, .T. ) ;
#1459 = DIRECTION ( 'NONE',  ( 1.000000000000000000, 0.000000000000000000, 9.637352644315598694E-16 ) ) ;
#1460 = EDGE_LOOP ( 'NONE', ( #6463, #144, #4792, #8468 ) ) ;
#1461 = VECTOR ( 'NONE', #8227, 1000.000000000000000 ) ;
#1462 = DIRECTION ( 'NONE',  ( -0.000000000000000000, 0.000000000000000000, -1.000000000000000000 ) ) ;
#1463 = VECTOR ( 'NONE', #740, 1000.000000000000000 ) ;
#1464 = CARTESIAN_POINT ( 'NONE',  ( -3.900000000000000799, 0.000000000000000000, -0.7000000000000009548 ) ) ;
#1465 = ORIENTED_EDGE ( 'NONE', *, *, #5873, .T. ) ;
#1466 = ORIENTED_EDGE ( 'NONE', *, *, #1604, .T. ) ;
#1467 = EDGE_LOOP ( 'NONE', ( #7294, #5945, #6187, #8027 ) ) ;
#1469 = ORIENTED_EDGE ( 'NONE', *, *, #10323, .F. ) ;
#1468 = CARTESIAN_POINT ( 'NONE',  ( 4.800000000000000711, 0.000000000000000000, -3.300000000000001599 ) ) ;
#1470 = DIRECTION ( 'NONE',  ( -1.000000000000000000, -0.000000000000000000, 9.637352644315598694E-16 ) ) ;
#1471 = DIRECTION ( 'NONE',  ( -1.000000000000000000, -0.000000000000000000, 9.637352644315598694E-16 ) ) ;
#1472 = LINE ( 'NONE', #10246, #5313 ) ;
#1473 = EDGE_CURVE ( 'NONE', #8834, #8266, #4068, .T. ) ;
#1474 = DIRECTION ( 'NONE',  ( 1.000000000000000000, -0.000000000000000000, 0.000000000000000000 ) ) ;
#1475 = VECTOR ( 'NONE', #10167, 1000.000000000000000 ) ;
#1476 = EDGE_CURVE ( 'NONE', #7176, #8834, #3735, .T. ) ;
#1477 = AXIS2_PLACEMENT_3D ( 'NONE', #6931, #414, #5335 ) ;
#1478 = ORIENTED_EDGE ( 'NONE', *, *, #9426, .F. ) ;
#1479 = EDGE_CURVE ( 'NONE', #4544, #8136, #197, .T. ) ;
#1480 = ORIENTED_EDGE ( 'NONE', *, *, #5402, .F. ) ;
#1481 = LINE ( 'NONE', #6428, #8774 ) ;
#1482 = DIRECTION ( 'NONE',  ( -0.000000000000000000, -0.000000000000000000, -1.000000000000000000 ) ) ;
#1483 = FACE_OUTER_BOUND ( 'NONE', #8659, .T. ) ;
#1484 = VERTEX_POINT ( 'NONE', #7574 ) ;
#1485 = AXIS2_PLACEMENT_3D ( 'NONE', #8853, #4763, #6525 ) ;
#1486 = EDGE_LOOP ( 'NONE', ( #4141, #9914, #8191, #2752 ) ) ;
#1487 = ORIENTED_EDGE ( 'NONE', *, *, #190, .F. ) ;
#1488 = ORIENTED_EDGE ( 'NONE', *, *, #8900, .F. ) ;
#1489 = DIRECTION ( 'NONE',  ( 2.409338161078908548E-16, -1.000000000000000000, 0.000000000000000000 ) ) ;
#1490 = EDGE_CURVE ( 'NONE', #5687, #4196, #7480, .T. ) ;
#1491 = DIRECTION ( 'NONE',  ( -0.000000000000000000, -0.000000000000000000, 1.000000000000000000 ) ) ;
#1492 = LINE ( 'NONE', #2821, #9002 ) ;
#1493 = CARTESIAN_POINT ( 'NONE',  ( 3.899999999999999023, 0.000000000000000000, 0.5041594578792359949 ) ) ;
#1494 = DIRECTION ( 'NONE',  ( 0.000000000000000000, -1.000000000000000000, 0.000000000000000000 ) ) ;
#1495 =( NAMED_UNIT ( * ) SI_UNIT ( $, .STERADIAN. ) SOLID_ANGLE_UNIT ( ) );
#1496 = EDGE_CURVE ( 'NONE', #5881, #7223, #7531, .T. ) ;
#1497 = ORIENTED_EDGE ( 'NONE', *, *, #7988, .F. ) ;
#1498 = ORIENTED_EDGE ( 'NONE', *, *, #6158, .T. ) ;
#1499 = FACE_OUTER_BOUND ( 'NONE', #1905, .T. ) ;
#1500 = DIRECTION ( 'NONE',  ( -6.310887241768094443E-30, -7.888609052210118054E-31, -1.000000000000000000 ) ) ;
#1501 = LINE ( 'NONE', #10577, #1881 ) ;
#1502 = AXIS2_PLACEMENT_3D ( 'NONE', #325, #6035, #5165 ) ;
#1503 = ORIENTED_EDGE ( 'NONE', *, *, #8511, .T. ) ;
#1504 = ORIENTED_EDGE ( 'NONE', *, *, #4043, .T. ) ;
#1505 = VERTEX_POINT ( 'NONE', #10042 ) ;
#1506 = ORIENTED_EDGE ( 'NONE', *, *, #9338, .T. ) ;
#1507 = CARTESIAN_POINT ( 'NONE',  ( -4.800000000000000711, 0.000000000000000000, -0.2500000000000019429 ) ) ;
#1508 = CARTESIAN_POINT ( 'NONE',  ( 3.899999999999999023, 0.4000000000000000222, 1.499999999999999556 ) ) ;
#1509 = AXIS2_PLACEMENT_3D ( 'NONE', #2475, #2402, #2330 ) ;
#1510 = LINE ( 'NONE', #6802, #8727 ) ;
#1511 = CARTESIAN_POINT ( 'NONE',  ( -4.350000000000000533, 0.4000000000000000222, -1.500000000000001332 ) ) ;
#1512 = CARTESIAN_POINT ( 'NONE',  ( -4.800000000000000711, 0.000000000000000000, -1.800000000000001599 ) ) ;
#1513 = DIRECTION ( 'NONE',  ( -1.000000000000000000, 0.000000000000000000, -9.637352644315598694E-16 ) ) ;
#1514 = FACE_OUTER_BOUND ( 'NONE', #6595, .T. ) ;
#1515 = DIRECTION ( 'NONE',  ( -0.000000000000000000, -0.000000000000000000, -1.000000000000000000 ) ) ;
#1516 = EDGE_CURVE ( 'NONE', #7262, #9648, #454, .T. ) ;
#1517 = VERTEX_POINT ( 'NONE', #2528 ) ;
#1518 = CARTESIAN_POINT ( 'NONE',  ( 4.350000000000000533, 0.8010000000000000453, 2.899999999999999023 ) ) ;
#1519 = DIRECTION ( 'NONE',  ( 2.775557561562890858E-16, -1.000000000000000000, -1.577721810442023611E-30 ) ) ;
#1520 = ORIENTED_EDGE ( 'NONE', *, *, #3707, .T. ) ;
#1521 = ADVANCED_FACE ( 'NONE', ( #304 ), #5525, .F. ) ;
#1522 = FACE_OUTER_BOUND ( 'NONE', #9575, .T. ) ;
#1523 = CARTESIAN_POINT ( 'NONE',  ( 3.899999999999999023, 0.4000000000000000222, -1.800000000000000711 ) ) ;
#1524 = VECTOR ( 'NONE', #9746, 1000.000000000000000 ) ;
#1525 = CLOSED_SHELL ( 'NONE', ( #10150, #45, #3332, #9735, #1180, #5066, #9620, #4970, #3642, #955, #8665, #8809, #2973, #619, #2892, #3196, #6576, #7075, #133, #10784, #8472, #5166, #1410, #4131, #3027, #3671, #4345, #3941, #5676, #9001, #10193, #4612, #5526, #3518, #2308, #8214, #2493, #8360, #8771, #1129, #7488, #1040, #2191, #6144, #4906, #9816, #7739, #5917, #5421, #4712, #6155, #8273, #3493, #2900, #7016, #7324, #8614 ) ) ;
#1526 = VERTEX_POINT ( 'NONE', #5454 ) ;
#1527 = ORIENTED_EDGE ( 'NONE', *, *, #1853, .T. ) ;
#1528 = VERTEX_POINT ( 'NONE', #8021 ) ;
#1529 = DIRECTION ( 'NONE',  ( -1.000000000000000000, 0.000000000000000000, -0.000000000000000000 ) ) ;
#1530 = LINE ( 'NONE', #5384, #1805 ) ;
#1531 = AXIS2_PLACEMENT_3D ( 'NONE', #5383, #7874, #1233 ) ;
#1532 = DIRECTION ( 'NONE',  ( 1.000000000000000000, -4.336808689942013792E-16, 0.000000000000000000 ) ) ;
#1533 = DIRECTION ( 'NONE',  ( 0.000000000000000000, 0.000000000000000000, -1.000000000000000000 ) ) ;
#1534 = LINE ( 'NONE', #6905, #1937 ) ;
#1535 = EDGE_CURVE ( 'NONE', #4217, #10345, #3870, .T. ) ;
#1536 = AXIS2_PLACEMENT_3D ( 'NONE', #8764, #9572, #8555 ) ;
#1537 = CARTESIAN_POINT ( 'NONE',  ( -4.500000000000000000, 2.200000000000001066, 4.299999999999999822 ) ) ;
#1538 = VERTEX_POINT ( 'NONE', #4281 ) ;
#1539 = CARTESIAN_POINT ( 'NONE',  ( -4.299999999999999822, 2.200000000000000178, -4.299999999999998934 ) ) ;
#1540 = CARTESIAN_POINT ( 'NONE',  ( -4.350000000000000533, 0.4000000000000000222, 0.3999999999999984679 ) ) ;
#1541 = VERTEX_POINT ( 'NONE', #10704 ) ;
#1542 = LINE ( 'NONE', #842, #8755 ) ;
#1543 = CARTESIAN_POINT ( 'NONE',  ( 3.899999999999999023, 0.4000000000000000222, 3.999999999999999112 ) ) ;
#1544 = VECTOR ( 'NONE', #9674, 1000.000000000000000 ) ;
#1545 = DIRECTION ( 'NONE',  ( -1.000000000000000000, -0.000000000000000000, 9.637352644315598694E-16 ) ) ;
#1546 = APPLICATION_CONTEXT ( 'automotive_design' ) ;
#1547 = ORIENTED_EDGE ( 'NONE', *, *, #8892, .F. ) ;
#1548 = ORIENTED_EDGE ( 'NONE', *, *, #4758, .F. ) ;
#1549 = VERTEX_POINT ( 'NONE', #1512 ) ;
#1551 = ORIENTED_EDGE ( 'NONE', *, *, #786, .F. ) ;
#1550 = DIRECTION ( 'NONE',  ( 0.000000000000000000, 1.000000000000000000, 3.252606517456512119E-15 ) ) ;
#1552 = CARTESIAN_POINT ( 'NONE',  ( 3.899999999999999023, 0.4000000000000000222, 0.4000000000000071276 ) ) ;
#1553 = LINE ( 'NONE', #4062, #1742 ) ;
#1554 = DIRECTION ( 'NONE',  ( 0.000000000000000000, -0.000000000000000000, 1.000000000000000000 ) ) ;
#1555 = MECHANICAL_DESIGN_GEOMETRIC_PRESENTATION_REPRESENTATION (  '', ( #10358 ), #5501 ) ;
#1556 = LINE ( 'NONE', #1919, #1920 ) ;
#1557 = VERTEX_POINT ( 'NONE', #8086 ) ;
#1558 = EDGE_CURVE ( 'NONE', #6893, #10697, #3833, .T. ) ;
#1559 = DIRECTION ( 'NONE',  ( 0.000000000000000000, 1.000000000000000000, 0.000000000000000000 ) ) ;
#1560 = STYLED_ITEM ( 'NONE', ( #3842 ), #8385 ) ;
#1561 = EDGE_LOOP ( 'NONE', ( #8061, #7422, #2167, #8148, #9952, #7215 ) ) ;
#1563 = VECTOR ( 'NONE', #1142, 1000.000000000000000 ) ;
#1562 = DIRECTION ( 'NONE',  ( 1.000000000000000000, 0.000000000000000000, -0.000000000000000000 ) ) ;
#1564 = CARTESIAN_POINT ( 'NONE',  ( 4.350000000000000533, 0.7999999999999999334, 0.5041594578792359949 ) ) ;
#1565 = EDGE_CURVE ( 'NONE', #5182, #3204, #343, .T. ) ;
#1566 = VECTOR ( 'NONE', #9027, 1000.000000000000000 ) ;
#1567 = CARTESIAN_POINT ( 'NONE',  ( 4.799999999999998934, 0.000000000000000000, -4.000000000000001776 ) ) ;
#1568 = EDGE_LOOP ( 'NONE', ( #1938, #7731, #9789, #7692 ) ) ;
#1569 = ORIENTED_EDGE ( 'NONE', *, *, #9198, .F. ) ;
#1570 = VERTEX_POINT ( 'NONE', #5706 ) ;
#1571 = ORIENTED_EDGE ( 'NONE', *, *, #4492, .T. ) ;
#1572 = DIRECTION ( 'NONE',  ( 1.000000000000000000, 0.000000000000000000, 0.000000000000000000 ) ) ;
#1573 = CARTESIAN_POINT ( 'NONE',  ( 4.799999999999998934, 0.000000000000000000, -0.5958405421207638719 ) ) ;
#1574 = LINE ( 'NONE', #5240, #8866 ) ;
#1575 = DIRECTION ( 'NONE',  ( -0.000000000000000000, -1.000000000000000000, -0.000000000000000000 ) ) ;
#1576 = PLANE ( 'NONE',  #7135 ) ;
#1577 = DIRECTION ( 'NONE',  ( -0.000000000000000000, 1.000000000000000000, -0.000000000000000000 ) ) ;
#1578 = DIRECTION ( 'NONE',  ( 0.000000000000000000, 1.000000000000000000, 0.000000000000000000 ) ) ;
#1579 = FACE_OUTER_BOUND ( 'NONE', #2944, .T. ) ;
#1580 = VERTEX_POINT ( 'NONE', #1747 ) ;
#1581 = DIRECTION ( 'NONE',  ( 0.000000000000000000, -0.000000000000000000, -1.000000000000000000 ) ) ;
#1582 = ADVANCED_FACE ( 'NONE', ( #3814 ), #8991, .F. ) ;
#1583 = ORIENTED_EDGE ( 'NONE', *, *, #4492, .F. ) ;
#1584 = LINE ( 'NONE', #3975, #8519 ) ;
#1585 = AXIS2_PLACEMENT_3D ( 'NONE', #3270, #10092, #5070 ) ;
#1586 = LINE ( 'NONE', #9007, #5225 ) ;
#1587 = VERTEX_POINT ( 'NONE', #5928 ) ;
#1588 = EDGE_CURVE ( 'NONE', #1048, #10451, #378, .T. ) ;
#1589 = ORIENTED_EDGE ( 'NONE', *, *, #622, .T. ) ;
#1590 = ORIENTED_EDGE ( 'NONE', *, *, #139, .F. ) ;
#1591 = ORIENTED_EDGE ( 'NONE', *, *, #6019, .T. ) ;
#1592 = CARTESIAN_POINT ( 'NONE',  ( 4.799999999999998934, 0.000000000000000000, -4.150000000000002132 ) ) ;
#1593 = CARTESIAN_POINT ( 'NONE',  ( -4.350000000000000533, 2.600999999999999979, -4.800000000000001599 ) ) ;
#1594 = FACE_OUTER_BOUND ( 'NONE', #1685, .T. ) ;
#1595 = CARTESIAN_POINT ( 'NONE',  ( 4.350000000000000533, 0.8010000000000000453, -2.600000000000000977 ) ) ;
#1596 = LINE ( 'NONE', #5724, #8711 ) ;
#1597 = EDGE_LOOP ( 'NONE', ( #8356, #5285, #1226, #8912 ) ) ;
#1598 = CARTESIAN_POINT ( 'NONE',  ( 4.799999999999998934, 0.000000000000000000, -2.600000000000000977 ) ) ;
#1599 = CARTESIAN_POINT ( 'NONE',  ( 4.350000000000000533, 0.7999999999999999334, 4.800000000000007816 ) ) ;
#1600 = CARTESIAN_POINT ( 'NONE',  ( -4.800000000000000711, 0.000000000000000000, -2.200000000000001954 ) ) ;
#1601 = ORIENTED_EDGE ( 'NONE', *, *, #7794, .F. ) ;
#1602 = LINE ( 'NONE', #4955, #8464 ) ;
#1603 = FACE_OUTER_BOUND ( 'NONE', #269, .T. ) ;
#1604 = EDGE_CURVE ( 'NONE', #5699, #6507, #252, .T. ) ;
#1605 = ADVANCED_FACE ( 'NONE', ( #140 ), #8509, .T. ) ;
#1606 = LINE ( 'NONE', #8625, #8599 ) ;
#1607 = ORIENTED_EDGE ( 'NONE', *, *, #7864, .T. ) ;
#1608 = EDGE_LOOP ( 'NONE', ( #1432, #4819, #4981, #4885, #8122, #8530 ) ) ;
#1609 = ORIENTED_EDGE ( 'NONE', *, *, #5736, .F. ) ;
#1610 = PLANE ( 'NONE',  #7895 ) ;
#1611 = EDGE_CURVE ( 'NONE', #6527, #7086, #7549, .T. ) ;
#1612 = EDGE_CURVE ( 'NONE', #8437, #8690, #3850, .T. ) ;
#1613 = FACE_OUTER_BOUND ( 'NONE', #4660, .T. ) ;
#1614 = DIRECTION ( 'NONE',  ( -1.000000000000000000, 0.000000000000000000, -9.637352644315598694E-16 ) ) ;
#1615 = AXIS2_PLACEMENT_3D ( 'NONE', #9193, #4953, #839 ) ;
#1616 = VECTOR ( 'NONE', #2445, 1000.000000000000000 ) ;
#1617 = ORIENTED_EDGE ( 'NONE', *, *, #2985, .T. ) ;
#1618 = DIRECTION ( 'NONE',  ( 0.000000000000000000, 1.000000000000000000, -3.252606517456512119E-15 ) ) ;
#1619 = PRODUCT ( 'ATGM336H-5N', 'ATGM336H-5N', '', ( #9951 ) ) ;
#1620 = ORIENTED_EDGE ( 'NONE', *, *, #9156, .F. ) ;
#1621 = VECTOR ( 'NONE', #1345, 1000.000000000000000 ) ;
#1622 = DIRECTION ( 'NONE',  ( -1.000000000000000000, 0.000000000000000000, 0.000000000000000000 ) ) ;
#1623 = LINE ( 'NONE', #8452, #5582 ) ;
#1624 = DIRECTION ( 'NONE',  ( -0.000000000000000000, -1.000000000000000000, -0.000000000000000000 ) ) ;
#1625 = ORIENTED_EDGE ( 'NONE', *, *, #10500, .T. ) ;
#1626 = ORIENTED_EDGE ( 'NONE', *, *, #2815, .T. ) ;
#1627 = ORIENTED_EDGE ( 'NONE', *, *, #5254, .F. ) ;
#1629 = VERTEX_POINT ( 'NONE', #4820 ) ;
#1628 = CARTESIAN_POINT ( 'NONE',  ( 4.499999999999999112, 2.400000000000000799, 4.299999999999999822 ) ) ;
#1630 = DIRECTION ( 'NONE',  ( 0.000000000000000000, 0.000000000000000000, 1.000000000000000000 ) ) ;
#1631 = AXIS2_PLACEMENT_3D ( 'NONE', #7591, #120, #10331 ) ;
#1632 = DIRECTION ( 'NONE',  ( -1.000000000000000000, 0.000000000000000000, 0.000000000000000000 ) ) ;
#1633 = LINE ( 'NONE', #2706, #5280 ) ;
#1634 = EDGE_CURVE ( 'NONE', #5686, #6451, #3969, .T. ) ;
#1635 = DIRECTION ( 'NONE',  ( -0.000000000000000000, 1.000000000000000000, -0.000000000000000000 ) ) ;
#1636 = FACE_OUTER_BOUND ( 'NONE', #6535, .T. ) ;
#1637 = AXIS2_PLACEMENT_3D ( 'NONE', #9894, #23, #5004 ) ;
#1638 = VERTEX_POINT ( 'NONE', #6450 ) ;
#1639 = CARTESIAN_POINT ( 'NONE',  ( 4.799999999999998934, 0.000000000000000000, 1.949999999999997735 ) ) ;
#1640 = EDGE_CURVE ( 'NONE', #8540, #4016, #234, .T. ) ;
#1641 = ORIENTED_EDGE ( 'NONE', *, *, #4867, .F. ) ;
#1642 = COLOUR_RGB ( '',1.000000000000000000, 0.8117647058823529438, 0.5019607843137254832 ) ;
#1643 =( NAMED_UNIT ( * ) PLANE_ANGLE_UNIT ( ) SI_UNIT ( $, .RADIAN. ) );
#1644 = VECTOR ( 'NONE', #7343, 1000.000000000000000 ) ;
#1645 = ORIENTED_EDGE ( 'NONE', *, *, #4453, .F. ) ;
#1646 = VERTEX_POINT ( 'NONE', #8442 ) ;
#1647 = ORIENTED_EDGE ( 'NONE', *, *, #4786, .F. ) ;
#1648 = ORIENTED_EDGE ( 'NONE', *, *, #829, .F. ) ;
#1649 = DIRECTION ( 'NONE',  ( 1.000000000000000000, -0.000000000000000000, -0.000000000000000000 ) ) ;
#1650 = CARTESIAN_POINT ( 'NONE',  ( 3.899999999999999023, 0.000000000000000000, 1.799999999999998712 ) ) ;
#1651 = DIRECTION ( 'NONE',  ( 0.000000000000000000, 0.000000000000000000, 1.000000000000000000 ) ) ;
#1652 = CARTESIAN_POINT ( 'NONE',  ( 3.899999999999999023, 0.4000000000000000222, -1.500000000000001332 ) ) ;
#1653 = ADVANCED_FACE ( 'NONE', ( #4089 ), #7305, .F. ) ;
#1654 = PLANE ( 'NONE',  #9022 ) ;
#1655 = FACE_OUTER_BOUND ( 'NONE', #4947, .T. ) ;
#1656 = AXIS2_PLACEMENT_3D ( 'NONE', #2386, #7137, #3214 ) ;
#1657 = ORIENTED_EDGE ( 'NONE', *, *, #9338, .F. ) ;
#1658 = AXIS2_PLACEMENT_3D ( 'NONE', #5434, #228, #7847 ) ;
#1659 = VERTEX_POINT ( 'NONE', #9331 ) ;
#1660 = VECTOR ( 'NONE', #3632, 1000.000000000000000 ) ;
#1661 = EDGE_CURVE ( 'NONE', #665, #4412, #3900, .T. ) ;
#1662 = VECTOR ( 'NONE', #1448, 1000.000000000000000 ) ;
#1663 = ORIENTED_EDGE ( 'NONE', *, *, #4192, .F. ) ;
#1664 = ORIENTED_EDGE ( 'NONE', *, *, #9759, .F. ) ;
#1665 = ORIENTED_EDGE ( 'NONE', *, *, #582, .F. ) ;
#1666 = PLANE ( 'NONE',  #3857 ) ;
#1667 = DIRECTION ( 'NONE',  ( 1.000000000000000000, -0.000000000000000000, -0.000000000000000000 ) ) ;
#1668 = EDGE_CURVE ( 'NONE', #5093, #1629, #3932, .T. ) ;
#1669 = LINE ( 'NONE', #1994, #5378 ) ;
#1670 = DIRECTION ( 'NONE',  ( -0.000000000000000000, -0.000000000000000000, -1.000000000000000000 ) ) ;
#1671 = DIRECTION ( 'NONE',  ( 1.000000000000000000, 0.000000000000000000, -0.000000000000000000 ) ) ;
#1672 = CIRCLE ( 'NONE', #2349, 0.2500000000000004441 ) ;
#1673 = ORIENTED_EDGE ( 'NONE', *, *, #1245, .F. ) ;
#1674 = CARTESIAN_POINT ( 'NONE',  ( 3.899999999999999023, 0.4000000000000000222, 0.6999999999999992895 ) ) ;
#1675 = DIRECTION ( 'NONE',  ( 0.000000000000000000, -1.000000000000000000, 0.000000000000000000 ) ) ;
#1676 = CARTESIAN_POINT ( 'NONE',  ( 4.799999999999998934, 0.000000000000000000, 5.000000000000000000 ) ) ;
#1677 = ORIENTED_EDGE ( 'NONE', *, *, #10500, .F. ) ;
#1678 = LINE ( 'NONE', #5403, #5321 ) ;
#1679 = CARTESIAN_POINT ( 'NONE',  ( -4.800000000000000711, 0.8000000000000000444, 5.000000000000000000 ) ) ;
#1680 = AXIS2_PLACEMENT_3D ( 'NONE', #8303, #4901, #7394 ) ;
#1681 = VECTOR ( 'NONE', #9271, 1000.000000000000000 ) ;
#1682 = SURFACE_STYLE_FILL_AREA ( #5463 ) ;
#1683 = ORIENTED_EDGE ( 'NONE', *, *, #5336, .T. ) ;
#1684 = ORIENTED_EDGE ( 'NONE', *, *, #3138, .T. ) ;
#1685 = EDGE_LOOP ( 'NONE', ( #10760, #10219, #7327, #1830 ) ) ;
#1686 = EDGE_CURVE ( 'NONE', #10260, #5172, #106, .T. ) ;
#1687 = AXIS2_PLACEMENT_3D ( 'NONE', #6770, #10684, #3286 ) ;
#1688 = CARTESIAN_POINT ( 'NONE',  ( -4.800000000000000711, 0.000000000000000000, -1.734723475976807094E-15 ) ) ;
#1689 = LINE ( 'NONE', #3768, #9052 ) ;
#1690 = CARTESIAN_POINT ( 'NONE',  ( -3.900000000000000799, 0.000000000000000000, -0.4000000000000010214 ) ) ;
#1691 =( NAMED_UNIT ( * ) SI_UNIT ( $, .STERADIAN. ) SOLID_ANGLE_UNIT ( ) );
#1692 =( LENGTH_UNIT ( ) NAMED_UNIT ( * ) SI_UNIT ( .MILLI., .METRE. ) );
#1693 = ORIENTED_EDGE ( 'NONE', *, *, #2512, .T. ) ;
#1694 = ORIENTED_EDGE ( 'NONE', *, *, #6158, .F. ) ;
#1695 = PRESENTATION_STYLE_ASSIGNMENT (( #9132 ) ) ;
#1696 = CARTESIAN_POINT ( 'NONE',  ( 0.000000000000000000, 1.199999999999971312, -4.500000000000004441 ) ) ;
#1697 = LINE ( 'NONE', #10005, #9138 ) ;
#1698 = CARTESIAN_POINT ( 'NONE',  ( 3.899999999999999023, 0.4000000000000000222, 3.804159457879236150 ) ) ;
#1699 = SURFACE_STYLE_USAGE ( .BOTH. , #4086 ) ;
#1700 = ADVANCED_FACE ( 'NONE', ( #3946 ), #7384, .T. ) ;
#1701 = CIRCLE ( 'NONE', #6721, 0.3999999999999993006 ) ;
#1702 = ORIENTED_EDGE ( 'NONE', *, *, #7298, .T. ) ;
#1703 = ORIENTED_EDGE ( 'NONE', *, *, #3022, .F. ) ;
#1705 = ORIENTED_EDGE ( 'NONE', *, *, #9677, .F. ) ;
#1704 = CARTESIAN_POINT ( 'NONE',  ( 3.899999999999999023, 0.3999999999999999667, -3.999999999999993339 ) ) ;
#1706 = DIRECTION ( 'NONE',  ( 1.000000000000000000, -3.491481338843133355E-15, 1.401298464324817071E-45 ) ) ;
#1707 = DIRECTION ( 'NONE',  ( 0.000000000000000000, 1.000000000000000000, 0.000000000000000000 ) ) ;
#1708 = EDGE_CURVE ( 'NONE', #5032, #4979, #7369, .T. ) ;
#1709 = AXIS2_PLACEMENT_3D ( 'NONE', #4869, #6970, #10298 ) ;
#1710 = FACE_OUTER_BOUND ( 'NONE', #4670, .T. ) ;
#1711 = FILL_AREA_STYLE ('',( #9167 ) ) ;
#1712 = EDGE_CURVE ( 'NONE', #4736, #5212, #7586, .T. ) ;
#1713 = ORIENTED_EDGE ( 'NONE', *, *, #5601, .T. ) ;
#1714 = ORIENTED_EDGE ( 'NONE', *, *, #2373, .T. ) ;
#1715 = ADVANCED_FACE ( 'NONE', ( #7601 ), #6031, .F. ) ;
#1716 = VECTOR ( 'NONE', #9734, 1000.000000000000000 ) ;
#1717 =( NAMED_UNIT ( * ) SI_UNIT ( $, .STERADIAN. ) SOLID_ANGLE_UNIT ( ) );
#1718 = VECTOR ( 'NONE', #8054, 1000.000000000000000 ) ;
#1719 = COLOUR_RGB ( '',1.000000000000000000, 0.8117647058823529438, 0.5019607843137254832 ) ;
#1720 = VERTEX_POINT ( 'NONE', #3605 ) ;
#1721 = VERTEX_POINT ( 'NONE', #250 ) ;
#1722 = ORIENTED_EDGE ( 'NONE', *, *, #10125, .T. ) ;
#1723 = CARTESIAN_POINT ( 'NONE',  ( -4.350000000000000533, 0.7999999999999999334, -0.4000000000000010214 ) ) ;
#1724 = EDGE_CURVE ( 'NONE', #8402, #6363, #4103, .T. ) ;
#1725 = PLANE ( 'NONE',  #8554 ) ;
#1726 = SURFACE_STYLE_FILL_AREA ( #9308 ) ;
#1727 = CARTESIAN_POINT ( 'NONE',  ( -3.299999999999997602, 2.549999999999999822, -3.500000000000000000 ) ) ;
#1728 = DIRECTION ( 'NONE',  ( 0.000000000000000000, 1.000000000000000000, 0.000000000000000000 ) ) ;
#1729 = AXIS2_PLACEMENT_3D ( 'NONE', #9384, #7669, #1500 ) ;
#1730 = PLANE ( 'NONE',  #5831 ) ;
#1731 = DIRECTION ( 'NONE',  ( 0.000000000000000000, 0.000000000000000000, -1.000000000000000000 ) ) ;
#1732 = ORIENTED_EDGE ( 'NONE', *, *, #2547, .F. ) ;
#1733 = DIRECTION ( 'NONE',  ( 1.000000000000000000, 0.000000000000000000, -0.000000000000000000 ) ) ;
#1734 = DIRECTION ( 'NONE',  ( 0.000000000000000000, -1.000000000000000000, 0.000000000000000000 ) ) ;
#1735 = ORIENTED_EDGE ( 'NONE', *, *, #10481, .T. ) ;
#1736 = VECTOR ( 'NONE', #2612, 1000.000000000000000 ) ;
#1737 = ORIENTED_EDGE ( 'NONE', *, *, #566, .T. ) ;
#1738 = ORIENTED_EDGE ( 'NONE', *, *, #190, .T. ) ;
#1739 = ORIENTED_EDGE ( 'NONE', *, *, #8852, .F. ) ;
#1740 = DIRECTION ( 'NONE',  ( 0.000000000000000000, -0.000000000000000000, 1.000000000000000000 ) ) ;
#1741 = DIRECTION ( 'NONE',  ( 0.000000000000000000, 0.000000000000000000, 1.000000000000000000 ) ) ;
#1742 = VECTOR ( 'NONE', #9438, 1000.000000000000000 ) ;
#1743 = ADVANCED_FACE ( 'NONE', ( #397 ), #6698, .F. ) ;
#1744 = CARTESIAN_POINT ( 'NONE',  ( 0.000000000000000000, 1.200000000000000844, 4.500000000000004441 ) ) ;
#1745 = AXIS2_PLACEMENT_3D ( 'NONE', #4423, #8640, #9594 ) ;
#1746 = EDGE_LOOP ( 'NONE', ( #8238, #367, #4354, #4334, #1081, #161 ) ) ;
#1747 = CARTESIAN_POINT ( 'NONE',  ( -4.099999999999997868, 2.599999999999998757, -4.300000000000001599 ) ) ;
#1748 = DIRECTION ( 'NONE',  ( 0.000000000000000000, 1.000000000000000000, 0.000000000000000000 ) ) ;
#1749 = EDGE_CURVE ( 'NONE', #9200, #7634, #7390, .T. ) ;
#1750 = CARTESIAN_POINT ( 'NONE',  ( 4.799999999999998934, 0.8000000000000000444, -1.350000000000002309 ) ) ;
#1751 = ORIENTED_EDGE ( 'NONE', *, *, #2855, .T. ) ;
#1752 = VECTOR ( 'NONE', #9524, 1000.000000000000000 ) ;
#1753 = DIRECTION ( 'NONE',  ( 0.000000000000000000, 0.000000000000000000, -1.000000000000000000 ) ) ;
#1754 = EDGE_CURVE ( 'NONE', #7941, #927, #4026, .T. ) ;
#1755 = FACE_OUTER_BOUND ( 'NONE', #1413, .T. ) ;
#1756 = AXIS2_PLACEMENT_3D ( 'NONE', #3149, #4041, #10694 ) ;
#1757 = VERTEX_POINT ( 'NONE', #4573 ) ;
#1758 = ORIENTED_EDGE ( 'NONE', *, *, #5302, .F. ) ;
#1759 = EDGE_LOOP ( 'NONE', ( #10324, #5567, #8, #1735 ) ) ;
#1760 = CARTESIAN_POINT ( 'NONE',  ( -3.900000000000000799, 0.000000000000000000, -3.700000000000001066 ) ) ;
#1761 = EDGE_CURVE ( 'NONE', #7356, #2039, #177, .T. ) ;
#1762 = LINE ( 'NONE', #1523, #5131 ) ;
#1763 = CARTESIAN_POINT ( 'NONE',  ( 1.399999999999998135, 1.598554689981426128E-14, -4.700000000000008171 ) ) ;
#1764 = DIRECTION ( 'NONE',  ( -1.000000000000000000, 0.000000000000000000, -9.637352644315598694E-16 ) ) ;
#1765 = CARTESIAN_POINT ( 'NONE',  ( 4.799999999999998934, 0.000000000000000000, 4.649999999999998579 ) ) ;
#1766 = EDGE_LOOP ( 'NONE', ( #6954, #5847, #3419, #943 ) ) ;
#1767 = ORIENTED_EDGE ( 'NONE', *, *, #6156, .T. ) ;
#1768 = LINE ( 'NONE', #1186, #8879 ) ;
#1769 = PLANE ( 'NONE',  #7258 ) ;
#1770 = CARTESIAN_POINT ( 'NONE',  ( 4.099999999999997868, 1.528725063204563461E-14, 4.500000000000007994 ) ) ;
#1771 = LINE ( 'NONE', #1795, #1736 ) ;
#1772 = VERTEX_POINT ( 'NONE', #9458 ) ;
#1773 = ORIENTED_EDGE ( 'NONE', *, *, #1661, .F. ) ;
#1775 = VERTEX_POINT ( 'NONE', #8572 ) ;
#1774 = PLANE ( 'NONE',  #7818 ) ;
#1776 = PLANE ( 'NONE',  #1394 ) ;
#1777 = LINE ( 'NONE', #2483, #8708 ) ;
#1778 = CARTESIAN_POINT ( 'NONE',  ( -4.800000000000000711, 0.000000000000000000, 3.699999999999998401 ) ) ;
#1779 = EDGE_CURVE ( 'NONE', #6051, #1430, #417, .T. ) ;
#1780 = ORIENTED_EDGE ( 'NONE', *, *, #4553, .F. ) ;
#1781 = CARTESIAN_POINT ( 'NONE',  ( -4.800000000000000711, 0.8000000000000000444, 4.799999999999999822 ) ) ;
#1782 = EDGE_LOOP ( 'NONE', ( #8381, #7702, #9478, #1359 ) ) ;
#1783 = VECTOR ( 'NONE', #10564, 1000.000000000000000 ) ;
#1784 = DIRECTION ( 'NONE',  ( 1.000000000000000000, -0.000000000000000000, -0.000000000000000000 ) ) ;
#1785 = LINE ( 'NONE', #481, #9011 ) ;
#1786 = ORIENTED_EDGE ( 'NONE', *, *, #8926, .T. ) ;
#1787 = ORIENTED_EDGE ( 'NONE', *, *, #9780, .F. ) ;
#1788 = ORIENTED_EDGE ( 'NONE', *, *, #3396, .F. ) ;
#1789 = CARTESIAN_POINT ( 'NONE',  ( -4.800000000000000711, 0.000000000000000000, 3.999999999999999112 ) ) ;
#1790 = FACE_OUTER_BOUND ( 'NONE', #3782, .T. ) ;
#1791 = AXIS2_PLACEMENT_3D ( 'NONE', #4328, #7898, #1250 ) ;
#1792 = CARTESIAN_POINT ( 'NONE',  ( -4.800000000000000711, 5.421010862427522170E-17, -4.150000000000002132 ) ) ;
#1793 = CARTESIAN_POINT ( 'NONE',  ( 3.899999999999999023, 0.000000000000000000, 2.599999999999999201 ) ) ;
#1794 = DIRECTION ( 'NONE',  ( -0.000000000000000000, -1.000000000000000000, -0.000000000000000000 ) ) ;
#1795 = CARTESIAN_POINT ( 'NONE',  ( 4.799999999999998934, 0.8000000000000001554, -4.800000000000001599 ) ) ;
#1796 = AXIS2_PLACEMENT_3D ( 'NONE', #4233, #1707, #9224 ) ;
#1797 = EDGE_LOOP ( 'NONE', ( #6982, #125, #6513, #7765, #3886, #3617 ) ) ;
#1798 = ORIENTED_EDGE ( 'NONE', *, *, #2381, .T. ) ;
#1799 = VECTOR ( 'NONE', #1039, 1000.000000000000000 ) ;
#1800 = ORIENTED_EDGE ( 'NONE', *, *, #6523, .F. ) ;
#1801 = VERTEX_POINT ( 'NONE', #5406 ) ;
#1802 = EDGE_LOOP ( 'NONE', ( #514, #1664, #9807, #536 ) ) ;
#1803 = CARTESIAN_POINT ( 'NONE',  ( -4.800000000000000711, 0.8000000000000000444, 2.449999999999998401 ) ) ;
#1804 = CARTESIAN_POINT ( 'NONE',  ( 3.899999999999999023, 0.000000000000000000, 2.600000000000006750 ) ) ;
#1805 = VECTOR ( 'NONE', #5458, 1000.000000000000000 ) ;
#1806 = CARTESIAN_POINT ( 'NONE',  ( 3.899999999999999023, 0.4000000000000000222, -4.800000000000001599 ) ) ;
#1807 = AXIS2_PLACEMENT_3D ( 'NONE', #652, #6410, #8118 ) ;
#1808 = DIRECTION ( 'NONE',  ( 1.000000000000000000, 0.000000000000000000, -0.000000000000000000 ) ) ;
#1809 = ORIENTED_EDGE ( 'NONE', *, *, #4064, .T. ) ;
#1810 = CARTESIAN_POINT ( 'NONE',  ( -4.099999999999997868, 2.200000000000001510, -4.699999999999995737 ) ) ;
#1811 = EDGE_CURVE ( 'NONE', #1646, #74, #433, .T. ) ;
#1812 = CARTESIAN_POINT ( 'NONE',  ( 4.800000000000000711, 0.8000000000000000444, 0.3999999999999993006 ) ) ;
#1813 = DIRECTION ( 'NONE',  ( 1.000000000000000000, 0.000000000000000000, 9.637352644315598694E-16 ) ) ;
#1814 = DIRECTION ( 'NONE',  ( 0.000000000000000000, 1.000000000000000000, 0.000000000000000000 ) ) ;
#1815 = CARTESIAN_POINT ( 'NONE',  ( -4.800000000000000711, 0.8000000000000000444, -3.700000000000001066 ) ) ;
#1816 = EDGE_LOOP ( 'NONE', ( #3146, #10572, #5804, #9389 ) ) ;
#1817 = DIRECTION ( 'NONE',  ( -1.000000000000000000, 0.000000000000000000, 0.000000000000000000 ) ) ;
#1818 = ORIENTED_EDGE ( 'NONE', *, *, #498, .T. ) ;
#1819 = VERTEX_POINT ( 'NONE', #10199 ) ;
#1820 = EDGE_LOOP ( 'NONE', ( #9348, #10082, #6378, #5561, #2473, #2490 ) ) ;
#1821 = DIRECTION ( 'NONE',  ( -1.000000000000000000, 0.000000000000000000, 0.000000000000000000 ) ) ;
#1822 = FACE_OUTER_BOUND ( 'NONE', #707, .T. ) ;
#1823 = CARTESIAN_POINT ( 'NONE',  ( -3.900000000000000799, 0.4000000000000000222, -0.7000000000000009548 ) ) ;
#1824 = ADVANCED_FACE ( 'NONE', ( #156 ), #3788, .F. ) ;
#1825 = CARTESIAN_POINT ( 'NONE',  ( -4.350000000000000533, 0.4000000000000000222, -1.500000000000001332 ) ) ;
#1826 = ORIENTED_EDGE ( 'NONE', *, *, #1098, .F. ) ;
#1827 = EDGE_CURVE ( 'NONE', #8308, #5239, #7660, .T. ) ;
#1828 = VECTOR ( 'NONE', #4910, 1000.000000000000000 ) ;
#1829 = EDGE_CURVE ( 'NONE', #7511, #9997, #473, .T. ) ;
#1830 = ORIENTED_EDGE ( 'NONE', *, *, #7014, .F. ) ;
#1831 = VECTOR ( 'NONE', #775, 1000.000000000000000 ) ;
#1832 = AXIS2_PLACEMENT_3D ( 'NONE', #457, #7854, #1286 ) ;
#1833 = CARTESIAN_POINT ( 'NONE',  ( -3.299999999999997602, 2.549999999999999822, -3.500000000000000000 ) ) ;
#1834 = CARTESIAN_POINT ( 'NONE',  ( 4.799999999999998934, 0.4000000000000000222, 1.499999999999998668 ) ) ;
#1835 = FACE_OUTER_BOUND ( 'NONE', #39, .T. ) ;
#1836 = ORIENTED_EDGE ( 'NONE', *, *, #7281, .T. ) ;
#1837 = ORIENTED_EDGE ( 'NONE', *, *, #9361, .T. ) ;
#1839 = ORIENTED_EDGE ( 'NONE', *, *, #3807, .F. ) ;
#1838 = DIRECTION ( 'NONE',  ( 0.000000000000000000, 1.000000000000000000, 0.000000000000000000 ) ) ;
#1840 = SURFACE_SIDE_STYLE ('',( #3047 ) ) ;
#1841 = PLANE ( 'NONE',  #4301 ) ;
#1842 = LINE ( 'NONE', #9903, #5351 ) ;
#1843 = CARTESIAN_POINT ( 'NONE',  ( -3.900000000000000799, 0.4000000000000000222, 0.6999999999999992895 ) ) ;
#1844 = ORIENTED_EDGE ( 'NONE', *, *, #7840, .F. ) ;
#1845 = CARTESIAN_POINT ( 'NONE',  ( 4.799999999999998934, 0.8000000000000000444, 5.000000000000000000 ) ) ;
#1846 = FACE_OUTER_BOUND ( 'NONE', #3502, .T. ) ;
#1847 = EDGE_CURVE ( 'NONE', #7397, #7122, #123, .T. ) ;
#1848 = DIRECTION ( 'NONE',  ( 0.000000000000000000, 0.000000000000000000, -1.000000000000000000 ) ) ;
#1849 = ORIENTED_EDGE ( 'NONE', *, *, #1516, .F. ) ;
#1850 = LINE ( 'NONE', #9197, #9009 ) ;
#1851 = PLANE ( 'NONE',  #1221 ) ;
#1852 = DIRECTION ( 'NONE',  ( 0.000000000000000000, -1.000000000000000000, 0.000000000000000000 ) ) ;
#1853 = EDGE_CURVE ( 'NONE', #10656, #3474, #3778, .T. ) ;
#1854 = AXIS2_PLACEMENT_3D ( 'NONE', #1845, #5000, #2661 ) ;
#1855 = VECTOR ( 'NONE', #1373, 1000.000000000000000 ) ;
#1856 = ORIENTED_EDGE ( 'NONE', *, *, #5821, .F. ) ;
#1857 = VERTEX_POINT ( 'NONE', #2695 ) ;
#1858 = VERTEX_POINT ( 'NONE', #1540 ) ;
#1859 = DIRECTION ( 'NONE',  ( -1.000000000000000000, 0.000000000000000000, 0.000000000000000000 ) ) ;
#1860 = EDGE_CURVE ( 'NONE', #1958, #1127, #7824, .T. ) ;
#1861 = CARTESIAN_POINT ( 'NONE',  ( 4.799999999999998934, 0.8000000000000000444, 0.5041594578792359949 ) ) ;
#1862 = DIRECTION ( 'NONE',  ( -3.614007241618346010E-15, 1.000000000000000000, 0.000000000000000000 ) ) ;
#1863 = LINE ( 'NONE', #5991, #2224 ) ;
#1864 = FILL_AREA_STYLE_COLOUR ( '', #5432 ) ;
#1865 = DIRECTION ( 'NONE',  ( 0.000000000000000000, 3.491481338843133355E-15, -1.000000000000000000 ) ) ;
#1866 = CARTESIAN_POINT ( 'NONE',  ( 4.350000000000000533, 0.8010000000000000453, 1.799999999999998712 ) ) ;
#1867 = CARTESIAN_POINT ( 'NONE',  ( 4.799999999999998934, 0.000000000000000000, -1.799999999999992051 ) ) ;
#1868 = ORIENTED_EDGE ( 'NONE', *, *, #9769, .T. ) ;
#1869 = DIRECTION ( 'NONE',  ( 0.000000000000000000, -3.491481338843133355E-15, -1.000000000000000000 ) ) ;
#1870 = DIRECTION ( 'NONE',  ( -0.000000000000000000, -0.000000000000000000, -1.000000000000000000 ) ) ;
#1871 = VECTOR ( 'NONE', #5953, 1000.000000000000000 ) ;
#1872 = EDGE_LOOP ( 'NONE', ( #8793, #4905, #1404, #1341, #1447, #8627 ) ) ;
#1873 = FACE_OUTER_BOUND ( 'NONE', #8484, .T. ) ;
#1874 = LINE ( 'NONE', #9931, #5550 ) ;
#1875 = ORIENTED_EDGE ( 'NONE', *, *, #1611, .F. ) ;
#1876 = ORIENTED_EDGE ( 'NONE', *, *, #3173, .T. ) ;
#1877 = EDGE_CURVE ( 'NONE', #366, #1069, #814, .T. ) ;
#1878 = CARTESIAN_POINT ( 'NONE',  ( 3.899999999999999023, 0.4000000000000000222, -0.4000000000000010214 ) ) ;
#1879 = AXIS2_PLACEMENT_3D ( 'NONE', #10806, #3409, #8461 ) ;
#1880 = PLANE ( 'NONE',  #1199 ) ;
#1881 = VECTOR ( 'NONE', #7192, 1000.000000000000000 ) ;
#1882 = FACE_OUTER_BOUND ( 'NONE', #419, .T. ) ;
#1883 = EDGE_CURVE ( 'NONE', #7431, #923, #4293, .T. ) ;
#1884 = DIRECTION ( 'NONE',  ( 0.000000000000000000, -0.000000000000000000, -1.000000000000000000 ) ) ;
#1885 = CARTESIAN_POINT ( 'NONE',  ( 3.899999999999999023, 0.000000000000000000, -4.800000000000001599 ) ) ;
#1886 = AXIS2_PLACEMENT_3D ( 'NONE', #5648, #3841, #9569 ) ;
#1887 = CARTESIAN_POINT ( 'NONE',  ( 4.799999999999999822, 0.8000000000000000444, -1.799999999999992051 ) ) ;
#1888 = LINE ( 'NONE', #5077, #5493 ) ;
#1889 = DIRECTION ( 'NONE',  ( -0.000000000000000000, -0.000000000000000000, -1.000000000000000000 ) ) ;
#1890 = DIRECTION ( 'NONE',  ( -1.000000000000000000, -0.000000000000000000, 9.637352644315598694E-16 ) ) ;
#1891 = CARTESIAN_POINT ( 'NONE',  ( 4.799999999999998934, 0.000000000000000000, 4.904159457879235795 ) ) ;
#1892 = ORIENTED_EDGE ( 'NONE', *, *, #2507, .T. ) ;
#1893 = VECTOR ( 'NONE', #344, 1000.000000000000000 ) ;
#1894 = CARTESIAN_POINT ( 'NONE',  ( 3.899999999999999023, 0.000000000000000000, 0.6999999999999992895 ) ) ;
#1895 = CIRCLE ( 'NONE', #4031, 0.2500000000000004441 ) ;
#1896 = ORIENTED_EDGE ( 'NONE', *, *, #4122, .T. ) ;
#1897 = ORIENTED_EDGE ( 'NONE', *, *, #8202, .T. ) ;
#1898 = DIRECTION ( 'NONE',  ( -9.637352644315600666E-16, 0.000000000000000000, 1.000000000000000000 ) ) ;
#1899 = FACE_OUTER_BOUND ( 'NONE', #1012, .T. ) ;
#1900 = DIRECTION ( 'NONE',  ( 1.000000000000000000, 0.000000000000000000, 0.000000000000000000 ) ) ;
#1901 = CARTESIAN_POINT ( 'NONE',  ( -4.800000000000000711, 0.8000000000000000444, -3.700000000000001066 ) ) ;
#1902 = CARTESIAN_POINT ( 'NONE',  ( 3.899999999999999023, 0.4000000000000000222, 6.004159457879236328 ) ) ;
#1903 = LINE ( 'NONE', #7403, #8869 ) ;
#1904 =( GEOMETRIC_REPRESENTATION_CONTEXT ( 3 ) GLOBAL_UNCERTAINTY_ASSIGNED_CONTEXT ( ( #4069 ) ) GLOBAL_UNIT_ASSIGNED_CONTEXT ( ( #2265, #4198, #6383 ) ) REPRESENTATION_CONTEXT ( 'NONE', 'WORKASPACE' ) );
#1905 = EDGE_LOOP ( 'NONE', ( #5423, #135, #10739, #8724, #1911, #6973 ) ) ;
#1906 = LINE ( 'NONE', #5923, #9029 ) ;
#1907 = CARTESIAN_POINT ( 'NONE',  ( -3.900000000000000799, 0.4000000000000000222, 2.599999999999999201 ) ) ;
#1908 = VECTOR ( 'NONE', #630, 1000.000000000000000 ) ;
#1909 = ORIENTED_EDGE ( 'NONE', *, *, #10009, .T. ) ;
#1911 = ORIENTED_EDGE ( 'NONE', *, *, #9129, .F. ) ;
#1910 = DIRECTION ( 'NONE',  ( -1.000000000000000000, -2.775557561562890858E-16, -9.637352644315626304E-16 ) ) ;
#1912 = ADVANCED_FACE ( 'NONE', ( #680 ), #5161, .F. ) ;
#1913 = DIRECTION ( 'NONE',  ( -0.000000000000000000, -1.000000000000000000, -0.000000000000000000 ) ) ;
#1914 = EDGE_CURVE ( 'NONE', #4789, #8294, #8063, .T. ) ;
#1915 = LINE ( 'NONE', #10488, #9204 ) ;
#1916 = UNCERTAINTY_MEASURE_WITH_UNIT (LENGTH_MEASURE( 1.000000000000000082E-05 ), #7267, 'distance_accuracy_value', 'NONE');
#1917 = DIRECTION ( 'NONE',  ( 1.000000000000000000, 2.409338161078908548E-16, 0.000000000000000000 ) ) ;
#1918 = ADVANCED_FACE ( 'NONE', ( #4435 ), #8619, .F. ) ;
#1919 = CARTESIAN_POINT ( 'NONE',  ( 0.000000000000000000, 0.7999999999999990452, -4.500000000000005329 ) ) ;
#1920 = VECTOR ( 'NONE', #6758, 1000.000000000000000 ) ;
#1921 = MANIFOLD_SOLID_BREP ( 'LPattern2[12]', #7832 ) ;
#1922 = CARTESIAN_POINT ( 'NONE',  ( -4.500000000000000000, 2.200000000000001066, -4.299999999999998934 ) ) ;
#1923 = ORIENTED_EDGE ( 'NONE', *, *, #7119, .F. ) ;
#1924 = VECTOR ( 'NONE', #6862, 1000.000000000000000 ) ;
#1925 = CARTESIAN_POINT ( 'NONE',  ( 4.799999999999998934, 0.000000000000000000, -4.800000000000001599 ) ) ;
#1926 = AXIS2_PLACEMENT_3D ( 'NONE', #6678, #9284, #5809 ) ;
#1927 = FACE_OUTER_BOUND ( 'NONE', #5274, .T. ) ;
#1928 = EDGE_LOOP ( 'NONE', ( #5329, #4163, #10787, #1773, #9576, #995 ) ) ;
#1929 = ORIENTED_EDGE ( 'NONE', *, *, #5540, .T. ) ;
#1930 = EDGE_CURVE ( 'NONE', #9527, #9244, #7995, .T. ) ;
#1931 = CARTESIAN_POINT ( 'NONE',  ( 3.899999999999999023, 0.3999999999999999667, -4.800000000000001599 ) ) ;
#1932 = DIRECTION ( 'NONE',  ( 0.000000000000000000, 1.000000000000000000, -0.000000000000000000 ) ) ;
#1933 = LINE ( 'NONE', #4138, #5360 ) ;
#1934 = CARTESIAN_POINT ( 'NONE',  ( -4.800000000000000711, 0.8000000000000000444, 1.499999999999998668 ) ) ;
#1935 = DIRECTION ( 'NONE',  ( -0.000000000000000000, -1.000000000000000000, -0.000000000000000000 ) ) ;
#1936 = DIRECTION ( 'NONE',  ( -6.310887241768094443E-30, -7.888609052210118054E-31, -1.000000000000000000 ) ) ;
#1937 = VECTOR ( 'NONE', #240, 1000.000000000000000 ) ;
#1938 = ORIENTED_EDGE ( 'NONE', *, *, #4253, .F. ) ;
#1939 = DIRECTION ( 'NONE',  ( -1.000000000000000000, 0.000000000000000000, -9.637352644315598694E-16 ) ) ;
#1940 = VECTOR ( 'NONE', #7682, 1000.000000000000000 ) ;
#1941 = ORIENTED_EDGE ( 'NONE', *, *, #8610, .T. ) ;
#1942 = VERTEX_POINT ( 'NONE', #6270 ) ;
#1943 = CARTESIAN_POINT ( 'NONE',  ( -4.100000000000000533, 2.199999999999999289, 4.299999999999999822 ) ) ;
#1944 = PLANE ( 'NONE',  #4497 ) ;
#1945 = LINE ( 'NONE', #10638, #8700 ) ;
#1946 = PRESENTATION_LAYER_ASSIGNMENT (  '', '', ( #663 ) ) ;
#1947 = CARTESIAN_POINT ( 'NONE',  ( -4.800000000000000711, 0.8000000000000000444, 0.3999999999999993006 ) ) ;
#1948 = PLANE ( 'NONE',  #3527 ) ;
#1949 = ADVANCED_FACE ( 'NONE', ( #860 ), #8868, .F. ) ;
#1950 = CARTESIAN_POINT ( 'NONE',  ( 4.799999999999998934, 0.4000000000000000222, -3.700000000000001066 ) ) ;
#1951 = FACE_OUTER_BOUND ( 'NONE', #3376, .T. ) ;
#1952 = CARTESIAN_POINT ( 'NONE',  ( 4.799999999999998934, 0.8000000000000000444, -0.5958405421207638719 ) ) ;
#1953 = VECTOR ( 'NONE', #10058, 1000.000000000000000 ) ;
#1954 = CARTESIAN_POINT ( 'NONE',  ( 0.000000000000000000, 0.000000000000000000, 0.000000000000000000 ) ) ;
#1955 =( NAMED_UNIT ( * ) SI_UNIT ( $, .STERADIAN. ) SOLID_ANGLE_UNIT ( ) );
#1956 = LINE ( 'NONE', #4552, #5498 ) ;
#1957 = ORIENTED_EDGE ( 'NONE', *, *, #3934, .T. ) ;
#1958 = VERTEX_POINT ( 'NONE', #2088 ) ;
#1959 = LINE ( 'NONE', #7269, #1644 ) ;
#1960 = EDGE_CURVE ( 'NONE', #5272, #7772, #585, .T. ) ;
#1961 = CARTESIAN_POINT ( 'NONE',  ( -3.900000000000000799, 0.000000000000000000, 3.804159457879236150 ) ) ;
#1962 =( GEOMETRIC_REPRESENTATION_CONTEXT ( 3 ) GLOBAL_UNCERTAINTY_ASSIGNED_CONTEXT ( ( #444 ) ) GLOBAL_UNIT_ASSIGNED_CONTEXT ( ( #5970, #409, #2894 ) ) REPRESENTATION_CONTEXT ( 'NONE', 'WORKASPACE' ) );
#1963 = DIRECTION ( 'NONE',  ( 0.000000000000000000, -0.000000000000000000, 1.000000000000000000 ) ) ;
#1964 = CARTESIAN_POINT ( 'NONE',  ( 4.350000000000000533, 0.4000000000000000222, 3.999999999999999112 ) ) ;
#1965 = EDGE_CURVE ( 'NONE', #1484, #5879, #4251, .T. ) ;
#1966 = VECTOR ( 'NONE', #3750, 1000.000000000000000 ) ;
#1967 = DIRECTION ( 'NONE',  ( 1.000000000000000000, 0.000000000000000000, 0.000000000000000000 ) ) ;
#1968 = DIRECTION ( 'NONE',  ( -9.637352644315598694E-16, 0.000000000000000000, 1.000000000000000000 ) ) ;
#1969 = ORIENTED_EDGE ( 'NONE', *, *, #3544, .F. ) ;
#1970 = ORIENTED_EDGE ( 'NONE', *, *, #4266, .F. ) ;
#1971 = SURFACE_STYLE_USAGE ( .BOTH. , #1840 ) ;
#1972 = PLANE ( 'NONE',  #6709 ) ;
#1973 = ADVANCED_FACE ( 'NONE', ( #7696 ), #6058, .F. ) ;
#1974 = LINE ( 'NONE', #6545, #9171 ) ;
#1975 = CARTESIAN_POINT ( 'NONE',  ( -3.900000000000000799, 0.4000000000000000222, -0.7000000000000009548 ) ) ;
#1976 = EDGE_CURVE ( 'NONE', #5483, #7672, #4415, .T. ) ;
#1977 = AXIS2_PLACEMENT_3D ( 'NONE', #1130, #4442, #1963 ) ;
#1978 = DIRECTION ( 'NONE',  ( 0.000000000000000000, 1.000000000000000000, 0.000000000000000000 ) ) ;
#1979 = LINE ( 'NONE', #4460, #9143 ) ;
#1980 = EDGE_CURVE ( 'NONE', #309, #7792, #7843, .T. ) ;
#1981 = CARTESIAN_POINT ( 'NONE',  ( -4.800000000000000711, 0.8000000000000000444, 3.804159457879236150 ) ) ;
#1982 = EDGE_CURVE ( 'NONE', #10697, #4531, #640, .T. ) ;
#1983 = LINE ( 'NONE', #8570, #5621 ) ;
#1984 = DIRECTION ( 'NONE',  ( -0.000000000000000000, -1.000000000000000000, -0.000000000000000000 ) ) ;
#1985 = VECTOR ( 'NONE', #4360, 1000.000000000000000 ) ;
#1986 = AXIS2_PLACEMENT_3D ( 'NONE', #1943, #2080, #6120 ) ;
#1987 = ORIENTED_EDGE ( 'NONE', *, *, #3142, .F. ) ;
#1988 = ORIENTED_EDGE ( 'NONE', *, *, #4611, .T. ) ;
#1989 = PLANE ( 'NONE',  #7236 ) ;
#1990 = CARTESIAN_POINT ( 'NONE',  ( -4.799999999999999822, -5.421010862427522170E-17, -4.000000000000001776 ) ) ;
#1991 = DIRECTION ( 'NONE',  ( 1.000000000000000000, 0.000000000000000000, 0.000000000000000000 ) ) ;
#1992 = LINE ( 'NONE', #9371, #2218 ) ;
#1993 = DIRECTION ( 'NONE',  ( 0.000000000000000000, 0.000000000000000000, 1.000000000000000000 ) ) ;
#1994 = CARTESIAN_POINT ( 'NONE',  ( 4.350000000000001421, 0.4000000000000000222, 0.4000000000000071276 ) ) ;
#1995 = DIRECTION ( 'NONE',  ( 0.000000000000000000, 1.000000000000000000, -3.252606517456512119E-15 ) ) ;
#1996 = ADVANCED_FACE ( 'NONE', ( #659 ), #10201, .F. ) ;
#1997 = CARTESIAN_POINT ( 'NONE',  ( -3.900000000000000799, 0.000000000000000000, -1.500000000000001332 ) ) ;
#1998 = DIRECTION ( 'NONE',  ( -0.000000000000000000, -0.000000000000000000, 1.000000000000000000 ) ) ;
#1999 = EDGE_CURVE ( 'NONE', #4621, #665, #7905, .T. ) ;
#2000 = CARTESIAN_POINT ( 'NONE',  ( -4.349999999999999645, 0.7999999999999999334, 4.799999999999998934 ) ) ;
#2001 = AXIS2_PLACEMENT_3D ( 'NONE', #2882, #7078, #3901 ) ;
#2002 = VECTOR ( 'NONE', #3761, 1000.000000000000000 ) ;
#2003 = LINE ( 'NONE', #5158, #9342 ) ;
#2004 = CARTESIAN_POINT ( 'NONE',  ( 4.800000000000000711, 0.8000000000000000444, -1.800000000000000711 ) ) ;
#2005 = EDGE_CURVE ( 'NONE', #7397, #10456, #727, .T. ) ;
#2006 = VECTOR ( 'NONE', #9207, 1000.000000000000000 ) ;
#2007 = ORIENTED_EDGE ( 'NONE', *, *, #9629, .F. ) ;
#2008 = EDGE_LOOP ( 'NONE', ( #8379, #10663, #748, #1209 ) ) ;
#2009 = CARTESIAN_POINT ( 'NONE',  ( 3.900000000000000355, 0.000000000000000000, -2.899999999999992806 ) ) ;
#2010 = DIRECTION ( 'NONE',  ( -0.000000000000000000, 1.000000000000000000, -3.252606517456512119E-15 ) ) ;
#2011 = AXIS2_PLACEMENT_3D ( 'NONE', #9955, #871, #9067 ) ;
#2012 = VECTOR ( 'NONE', #4751, 1000.000000000000000 ) ;
#2013 = ORIENTED_EDGE ( 'NONE', *, *, #813, .F. ) ;
#2014 = DIRECTION ( 'NONE',  ( 0.000000000000000000, -1.000000000000000000, 0.000000000000000000 ) ) ;
#2015 = DIRECTION ( 'NONE',  ( -1.000000000000000000, 0.000000000000000000, 0.000000000000000000 ) ) ;
#2016 = DIRECTION ( 'NONE',  ( 1.000000000000000000, -0.000000000000000000, 0.000000000000000000 ) ) ;
#2017 = DIRECTION ( 'NONE',  ( -1.000000000000000000, 0.000000000000000000, 0.000000000000000000 ) ) ;
#2018 = VECTOR ( 'NONE', #194, 1000.000000000000000 ) ;
#2019 = DIRECTION ( 'NONE',  ( 1.000000000000000000, 4.336808689942025625E-15, 0.000000000000000000 ) ) ;
#2020 = CARTESIAN_POINT ( 'NONE',  ( 3.399999999999995914, 1.200000000000000844, 4.500000000000005329 ) ) ;
#2021 = LINE ( 'NONE', #9803, #9307 ) ;
#2022 = CARTESIAN_POINT ( 'NONE',  ( -4.350000000000000533, 0.8010000000000000453, -2.900000000000000799 ) ) ;
#2023 = DIRECTION ( 'NONE',  ( 6.310887241768094443E-30, 7.888609052210118054E-31, 1.000000000000000000 ) ) ;
#2024 = LINE ( 'NONE', #3478, #2179 ) ;
#2025 = EDGE_LOOP ( 'NONE', ( #9742, #9754, #6479, #9169 ) ) ;
#2026 = EDGE_LOOP ( 'NONE', ( #7252, #1875, #3113, #3484 ) ) ;
#2027 = AXIS2_PLACEMENT_3D ( 'NONE', #205, #1045, #3166 ) ;
#2028 = LINE ( 'NONE', #8088, #5949 ) ;
#2029 = DIRECTION ( 'NONE',  ( -1.000000000000000000, 0.000000000000000000, 0.000000000000000000 ) ) ;
#2030 = ADVANCED_FACE ( 'NONE', ( #7923 ), #350, .F. ) ;
#2031 = VECTOR ( 'NONE', #10489, 1000.000000000000000 ) ;
#2032 = DIRECTION ( 'NONE',  ( -0.000000000000000000, -0.000000000000000000, 1.000000000000000000 ) ) ;
#2033 = VECTOR ( 'NONE', #9775, 1000.000000000000000 ) ;
#2034 = EDGE_CURVE ( 'NONE', #1857, #7468, #7806, .T. ) ;
#2035 = FACE_OUTER_BOUND ( 'NONE', #4513, .T. ) ;
#2036 = CARTESIAN_POINT ( 'NONE',  ( -4.800000000000000711, 0.000000000000000000, 1.799999999999998712 ) ) ;
#2037 = CARTESIAN_POINT ( 'NONE',  ( 4.350000000000000533, 0.7999999999999999334, 1.799999999999998712 ) ) ;
#2038 = FACE_OUTER_BOUND ( 'NONE', #857, .T. ) ;
#2039 = VERTEX_POINT ( 'NONE', #423 ) ;
#2041 = ORIENTED_EDGE ( 'NONE', *, *, #2324, .F. ) ;
#2040 = CARTESIAN_POINT ( 'NONE',  ( 4.350000000000000533, 0.7999999999999999334, -3.999999999999993339 ) ) ;
#2042 = DIRECTION ( 'NONE',  ( 0.000000000000000000, 0.000000000000000000, -1.000000000000000000 ) ) ;
#2043 = CARTESIAN_POINT ( 'NONE',  ( -4.800000000000000711, 0.4000000000000000222, -2.600000000000000977 ) ) ;
#2044 = VECTOR ( 'NONE', #8370, 1000.000000000000000 ) ;
#2045 = CARTESIAN_POINT ( 'NONE',  ( -4.800000000000000711, 0.000000000000000000, 3.299999999999998046 ) ) ;
#2046 = SURFACE_STYLE_FILL_AREA ( #2781 ) ;
#2047 = CARTESIAN_POINT ( 'NONE',  ( -4.800000000000000711, 0.8000000000000000444, -4.800000000000001599 ) ) ;
#2048 = EDGE_CURVE ( 'NONE', #3432, #4726, #4380, .T. ) ;
#2049 = AXIS2_PLACEMENT_3D ( 'NONE', #3559, #4285, #3481 ) ;
#2050 = LINE ( 'NONE', #1424, #5679 ) ;
#2051 = CARTESIAN_POINT ( 'NONE',  ( 4.799999999999998934, 0.8000000000000000444, 6.004159457879236328 ) ) ;
#2052 = FACE_OUTER_BOUND ( 'NONE', #7346, .T. ) ;
#2053 = DIRECTION ( 'NONE',  ( -0.000000000000000000, -0.000000000000000000, -1.000000000000000000 ) ) ;
#2054 = VECTOR ( 'NONE', #4133, 1000.000000000000000 ) ;
#2055 = ORIENTED_EDGE ( 'NONE', *, *, #6164, .T. ) ;
#2056 = ORIENTED_EDGE ( 'NONE', *, *, #9156, .T. ) ;
#2057 = CARTESIAN_POINT ( 'NONE',  ( -3.900000000000004352, 0.4000000000000000777, -4.000000000000000888 ) ) ;
#2058 = DIRECTION ( 'NONE',  ( -9.637352644315598694E-16, 0.000000000000000000, 1.000000000000000000 ) ) ;
#2059 = ADVANCED_FACE ( 'NONE', ( #4158 ), #1725, .F. ) ;
#2060 = CARTESIAN_POINT ( 'NONE',  ( -4.800000000000000711, 0.000000000000000000, 3.049999999999998046 ) ) ;
#2061 = VECTOR ( 'NONE', #8837, 1000.000000000000000 ) ;
#2062 = CARTESIAN_POINT ( 'NONE',  ( 4.800000000000000711, 0.000000000000000000, -3.300000000000001599 ) ) ;
#2063 = DIRECTION ( 'NONE',  ( 0.000000000000000000, -1.000000000000000000, 0.000000000000000000 ) ) ;
#2064 = CARTESIAN_POINT ( 'NONE',  ( -3.900000000000000799, 0.000000000000000000, 3.804159457879236150 ) ) ;
#2065 = CARTESIAN_POINT ( 'NONE',  ( -3.900000000000000799, 0.000000000000000000, 0.6999999999999992895 ) ) ;
#2066 = CARTESIAN_POINT ( 'NONE',  ( 3.899999999999999023, 0.4000000000000000222, -3.700000000000001066 ) ) ;
#2067 = VECTOR ( 'NONE', #5861, 1000.000000000000000 ) ;
#2068 = PRESENTATION_LAYER_ASSIGNMENT (  '', '', ( #10358 ) ) ;
#2069 = PLANE ( 'NONE',  #4081 ) ;
#2070 = LINE ( 'NONE', #6571, #2091 ) ;
#2071 = EDGE_CURVE ( 'NONE', #9965, #3903, #605, .T. ) ;
#2072 = LINE ( 'NONE', #4172, #2325 ) ;
#2073 = PLANE ( 'NONE',  #10166 ) ;
#2074 = PRESENTATION_LAYER_ASSIGNMENT (  '', '', ( #1560 ) ) ;
#2075 = FACE_OUTER_BOUND ( 'NONE', #3062, .T. ) ;
#2076 = EDGE_CURVE ( 'NONE', #100, #1293, #4451, .T. ) ;
#2077 = EDGE_LOOP ( 'NONE', ( #5422, #1645, #914, #8512, #1876, #8842 ) ) ;
#2078 = ORIENTED_EDGE ( 'NONE', *, *, #1245, .T. ) ;
#2079 = ADVANCED_FACE ( 'NONE', ( #547 ), #6945, .F. ) ;
#2080 = DIRECTION ( 'NONE',  ( -0.000000000000000000, -0.000000000000000000, 1.000000000000000000 ) ) ;
#2081 = DIRECTION ( 'NONE',  ( 1.000000000000000000, -0.000000000000000000, 0.000000000000000000 ) ) ;
#2082 = LINE ( 'NONE', #9783, #5829 ) ;
#2083 = VERTEX_POINT ( 'NONE', #3550 ) ;
#2084 = DIRECTION ( 'NONE',  ( -1.000000000000000000, 0.000000000000000000, -9.637352644315598694E-16 ) ) ;
#2085 = ADVANCED_FACE ( 'NONE', ( #844 ), #4919, .F. ) ;
#2086 = DIRECTION ( 'NONE',  ( 1.000000000000000000, 0.000000000000000000, 0.000000000000000000 ) ) ;
#2087 = LINE ( 'NONE', #2634, #2155 ) ;
#2088 = CARTESIAN_POINT ( 'NONE',  ( -3.900000000000000799, 0.4000000000000000222, -0.7000000000000018430 ) ) ;
#2089 = CARTESIAN_POINT ( 'NONE',  ( -4.800000000000000711, 0.8000000000000000444, -1.350000000000002309 ) ) ;
#2090 = CARTESIAN_POINT ( 'NONE',  ( -4.800000000000000711, 0.000000000000000000, 4.149999999999998579 ) ) ;
#2091 = VECTOR ( 'NONE', #5694, 1000.000000000000000 ) ;
#2092 = EDGE_CURVE ( 'NONE', #8136, #7741, #4467, .T. ) ;
#2093 = DIRECTION ( 'NONE',  ( -0.000000000000000000, -1.000000000000000000, -0.000000000000000000 ) ) ;
#2094 = VECTOR ( 'NONE', #6602, 1000.000000000000000 ) ;
#2095 = CARTESIAN_POINT ( 'NONE',  ( -3.900000000000000799, 0.4000000000000000222, 3.699999999999999289 ) ) ;
#2096 = CARTESIAN_POINT ( 'NONE',  ( 4.350000000000000533, 0.4000000000000000222, 6.004159457879236328 ) ) ;
#2097 = DIRECTION ( 'NONE',  ( -0.000000000000000000, -0.000000000000000000, -1.000000000000000000 ) ) ;
#2098 = AXIS2_PLACEMENT_3D ( 'NONE', #6157, #6300, #1917 ) ;
#2099 = CIRCLE ( 'NONE', #9968, 0.2500000000000002220 ) ;
#2100 = ORIENTED_EDGE ( 'NONE', *, *, #8744, .F. ) ;
#2101 = ORIENTED_EDGE ( 'NONE', *, *, #455, .T. ) ;
#2102 = ORIENTED_EDGE ( 'NONE', *, *, #1365, .T. ) ;
#2103 = CYLINDRICAL_SURFACE ( 'NONE', #6160, 0.2500000000000002220 ) ;
#2104 = EDGE_LOOP ( 'NONE', ( #9928, #359, #4305, #2458, #2280, #9700 ) ) ;
#2105 = CARTESIAN_POINT ( 'NONE',  ( -4.099999999999997868, 2.200000000000000178, 4.500000000000001776 ) ) ;
#2106 = VECTOR ( 'NONE', #4429, 1000.000000000000000 ) ;
#2107 = CARTESIAN_POINT ( 'NONE',  ( 3.899999999999999023, 0.000000000000000000, 0.6999999999999992895 ) ) ;
#2108 = LINE ( 'NONE', #5643, #9383 ) ;
#2109 = LINE ( 'NONE', #8110, #5770 ) ;
#2110 = EDGE_CURVE ( 'NONE', #7496, #9652, #4190, .T. ) ;
#2111 = PLANE ( 'NONE',  #7096 ) ;
#2112 = CARTESIAN_POINT ( 'NONE',  ( -4.349999999999999645, 0.7999999999999999334, 2.599999999999998312 ) ) ;
#2113 = LINE ( 'NONE', #64, #5944 ) ;
#2114 = ORIENTED_EDGE ( 'NONE', *, *, #10551, .T. ) ;
#2115 = ORIENTED_EDGE ( 'NONE', *, *, #8372, .F. ) ;
#2116 = DIRECTION ( 'NONE',  ( 0.000000000000000000, -0.000000000000000000, -1.000000000000000000 ) ) ;
#2117 = VERTEX_POINT ( 'NONE', #5 ) ;
#2118 = EDGE_CURVE ( 'NONE', #9184, #7336, #4123, .T. ) ;
#2119 = DIRECTION ( 'NONE',  ( -0.000000000000000000, -1.000000000000000000, -0.000000000000000000 ) ) ;
#2120 = LINE ( 'NONE', #3765, #2137 ) ;
#2121 = DIRECTION ( 'NONE',  ( -0.000000000000000000, -1.000000000000000000, -0.000000000000000000 ) ) ;
#2122 = EDGE_CURVE ( 'NONE', #1942, #7653, #7737, .T. ) ;
#2123 = CARTESIAN_POINT ( 'NONE',  ( -4.800000000000000711, 0.000000000000000000, -2.450000000000001954 ) ) ;
#2124 = FACE_OUTER_BOUND ( 'NONE', #5075, .T. ) ;
#2125 = AXIS2_PLACEMENT_3D ( 'NONE', #3439, #4324, #4021 ) ;
#2126 = CARTESIAN_POINT ( 'NONE',  ( -4.800000000000000711, 0.000000000000000000, 4.399999999999998579 ) ) ;
#2127 = LINE ( 'NONE', #3379, #5855 ) ;
#2128 = DIRECTION ( 'NONE',  ( -1.000000000000000000, 0.000000000000000000, 0.000000000000000000 ) ) ;
#2129 = VECTOR ( 'NONE', #8319, 1000.000000000000000 ) ;
#2130 = CARTESIAN_POINT ( 'NONE',  ( 4.350000000000000533, 0.4000000000000000222, 2.899999999999999023 ) ) ;
#2131 = FACE_OUTER_BOUND ( 'NONE', #6899, .T. ) ;
#2132 = ORIENTED_EDGE ( 'NONE', *, *, #7506, .T. ) ;
#2133 = ORIENTED_EDGE ( 'NONE', *, *, #809, .T. ) ;
#2134 = ORIENTED_EDGE ( 'NONE', *, *, #4886, .T. ) ;
#2135 = DIRECTION ( 'NONE',  ( 1.000000000000000000, 0.000000000000000000, 9.637352644315598694E-16 ) ) ;
#2136 = DIRECTION ( 'NONE',  ( 0.000000000000000000, 0.000000000000000000, 1.000000000000000000 ) ) ;
#2137 = VECTOR ( 'NONE', #3090, 1000.000000000000000 ) ;
#2138 = CARTESIAN_POINT ( 'NONE',  ( -4.800000000000000711, 0.8000000000000000444, 2.599999999999997424 ) ) ;
#2139 = PLANE ( 'NONE',  #5623 ) ;
#2140 = CARTESIAN_POINT ( 'NONE',  ( 3.899999999999999023, 0.4000000000000000222, 3.699999999999999289 ) ) ;
#2141 = VECTOR ( 'NONE', #5419, 1000.000000000000000 ) ;
#2142 = CARTESIAN_POINT ( 'NONE',  ( 4.799999999999998934, 0.8000000000000000444, 3.049999999999998046 ) ) ;
#2143 = VECTOR ( 'NONE', #393, 1000.000000000000000 ) ;
#2144 = STYLED_ITEM ( 'NONE', ( #6406 ), #3641 ) ;
#2145 = VECTOR ( 'NONE', #5962, 1000.000000000000000 ) ;
#2146 = DIRECTION ( 'NONE',  ( 1.000000000000000000, 0.000000000000000000, -0.000000000000000000 ) ) ;
#2147 = LINE ( 'NONE', #3660, #5716 ) ;
#2148 = ORIENTED_EDGE ( 'NONE', *, *, #3947, .F. ) ;
#2149 = ORIENTED_EDGE ( 'NONE', *, *, #7063, .T. ) ;
#2150 = ORIENTED_EDGE ( 'NONE', *, *, #10637, .T. ) ;
#2151 = PLANE ( 'NONE',  #5015 ) ;
#2152 = CARTESIAN_POINT ( 'NONE',  ( 4.799999999999998934, 0.4000000000000000222, 3.999999999999999112 ) ) ;
#2153 = DIRECTION ( 'NONE',  ( 1.000000000000000000, 0.000000000000000000, -0.000000000000000000 ) ) ;
#2154 = DIRECTION ( 'NONE',  ( -0.000000000000000000, 0.000000000000000000, 1.000000000000000000 ) ) ;
#2155 = VECTOR ( 'NONE', #5047, 1000.000000000000000 ) ;
#2156 = DIRECTION ( 'NONE',  ( 0.000000000000000000, 0.000000000000000000, -1.000000000000000000 ) ) ;
#2157 = AXIS2_PLACEMENT_3D ( 'NONE', #5389, #3026, #4830 ) ;
#2158 = CARTESIAN_POINT ( 'NONE',  ( -4.349999999999999645, 0.7999999999999999334, -1.800000000000001599 ) ) ;
#2159 = VECTOR ( 'NONE', #5376, 1000.000000000000000 ) ;
#2160 = CARTESIAN_POINT ( 'NONE',  ( -4.799999999999999822, 0.000000000000000000, 4.799999999999998934 ) ) ;
#2161 = VECTOR ( 'NONE', #10732, 1000.000000000000000 ) ;
#2162 = CARTESIAN_POINT ( 'NONE',  ( -4.800000000000000711, 0.000000000000000000, 2.199999999999997957 ) ) ;
#2163 = STYLED_ITEM ( 'NONE', ( #4366 ), #1921 ) ;
#2164 = VECTOR ( 'NONE', #9043, 1000.000000000000000 ) ;
#2165 = ORIENTED_EDGE ( 'NONE', *, *, #6094, .T. ) ;
#2166 = ORIENTED_EDGE ( 'NONE', *, *, #5068, .F. ) ;
#2167 = ORIENTED_EDGE ( 'NONE', *, *, #2507, .F. ) ;
#2168 = EDGE_CURVE ( 'NONE', #7262, #74, #8097, .T. ) ;
#2169 = ADVANCED_FACE ( 'NONE', ( #8235 ), #4848, .T. ) ;
#2170 = CIRCLE ( 'NONE', #3034, 0.2500000000000002220 ) ;
#2171 = DIRECTION ( 'NONE',  ( -0.000000000000000000, -0.000000000000000000, -1.000000000000000000 ) ) ;
#2172 = ADVANCED_FACE ( 'NONE', ( #8322 ), #5610, .F. ) ;
#2173 = FACE_OUTER_BOUND ( 'NONE', #4692, .T. ) ;
#2174 = CARTESIAN_POINT ( 'NONE',  ( 3.899999999999999023, 0.000000000000000000, -2.900000000000000799 ) ) ;
#2175 = LINE ( 'NONE', #1035, #2033 ) ;
#2176 = LINE ( 'NONE', #7359, #2145 ) ;
#2177 = CARTESIAN_POINT ( 'NONE',  ( 3.899999999999999023, 0.4000000000000000222, 1.799999999999998712 ) ) ;
#2178 = DIRECTION ( 'NONE',  ( 0.000000000000000000, -1.000000000000000000, 0.000000000000000000 ) ) ;
#2179 = VECTOR ( 'NONE', #783, 1000.000000000000000 ) ;
#2180 = ORIENTED_EDGE ( 'NONE', *, *, #6895, .F. ) ;
#2181 = AXIS2_PLACEMENT_3D ( 'NONE', #2953, #3023, #3978 ) ;
#2183 = EDGE_LOOP ( 'NONE', ( #5596, #695, #1923, #2888 ) ) ;
#2182 = DIRECTION ( 'NONE',  ( -3.614007241618346010E-15, -1.000000000000000000, 1.445602896647338522E-15 ) ) ;
#2184 = PLANE ( 'NONE',  #4572 ) ;
#2185 = EDGE_LOOP ( 'NONE', ( #505, #3925, #2550, #5477, #5893, #3748 ) ) ;
#2186 = VECTOR ( 'NONE', #1230, 1000.000000000000000 ) ;
#2187 = EDGE_CURVE ( 'NONE', #7899, #6579, #4710, .T. ) ;
#2188 = AXIS2_PLACEMENT_3D ( 'NONE', #6345, #5350, #8876 ) ;
#2189 = DIRECTION ( 'NONE',  ( -0.000000000000000000, -1.000000000000000000, -0.000000000000000000 ) ) ;
#2190 = DIRECTION ( 'NONE',  ( 1.000000000000000000, 0.000000000000000000, 9.637352644315598694E-16 ) ) ;
#2191 = ADVANCED_FACE ( 'NONE', ( #4680 ), #5732, .F. ) ;
#2192 = LINE ( 'NONE', #3829, #5710 ) ;
#2193 = DIRECTION ( 'NONE',  ( 1.000000000000000000, -0.000000000000000000, 9.637352644315598694E-16 ) ) ;
#2194 = CIRCLE ( 'NONE', #4411, 0.2500000000000004441 ) ;
#2195 = CARTESIAN_POINT ( 'NONE',  ( -4.350000000000000533, 0.4000000000000000222, 4.904159457879235795 ) ) ;
#2196 = VECTOR ( 'NONE', #2178, 1000.000000000000000 ) ;
#2197 = VERTEX_POINT ( 'NONE', #933 ) ;
#2198 = VERTEX_POINT ( 'NONE', #734 ) ;
#2199 = ORIENTED_EDGE ( 'NONE', *, *, #327, .T. ) ;
#2200 = CARTESIAN_POINT ( 'NONE',  ( 4.799999999999998934, 0.000000000000000000, 4.149999999999998579 ) ) ;
#2201 = CARTESIAN_POINT ( 'NONE',  ( 4.799999999999998934, 0.4000000000000000222, -1.800000000000001599 ) ) ;
#2202 = CARTESIAN_POINT ( 'NONE',  ( 4.799999999999998934, 0.8000000000000000444, 5.000000000000000000 ) ) ;
#2203 = LINE ( 'NONE', #2952, #5867 ) ;
#2204 = EDGE_CURVE ( 'NONE', #1429, #7819, #4629, .T. ) ;
#2205 = AXIS2_PLACEMENT_3D ( 'NONE', #8535, #5217, #5366 ) ;
#2206 = SURFACE_STYLE_USAGE ( .BOTH. , #9379 ) ;
#2207 = DIRECTION ( 'NONE',  ( 0.000000000000000000, -1.000000000000000000, 0.000000000000000000 ) ) ;
#2208 = EDGE_CURVE ( 'NONE', #2083, #9200, #1187, .T. ) ;
#2209 = VECTOR ( 'NONE', #3152, 1000.000000000000000 ) ;
#2210 = VECTOR ( 'NONE', #9303, 1000.000000000000000 ) ;
#2211 = CARTESIAN_POINT ( 'NONE',  ( -3.900000000000000799, 0.000000000000000000, 0.3999999999999993006 ) ) ;
#2212 = FACE_OUTER_BOUND ( 'NONE', #6870, .T. ) ;
#2213 = ORIENTED_EDGE ( 'NONE', *, *, #7704, .T. ) ;
#2214 = ORIENTED_EDGE ( 'NONE', *, *, #1724, .F. ) ;
#2215 = EDGE_LOOP ( 'NONE', ( #1073, #8486, #5095, #5517 ) ) ;
#2216 = CARTESIAN_POINT ( 'NONE',  ( 3.899999999999999023, -5.421010862427522170E-17, -2.795840542120763939 ) ) ;
#2217 = DIRECTION ( 'NONE',  ( -1.000000000000000000, 2.409338161078899674E-16, -9.637352644315598694E-16 ) ) ;
#2218 = VECTOR ( 'NONE', #10175, 1000.000000000000000 ) ;
#2219 = CARTESIAN_POINT ( 'NONE',  ( 4.350000000000000533, 0.7999999999999999334, -0.4000000000000010214 ) ) ;
#2220 = EDGE_CURVE ( 'NONE', #6352, #5145, #1150, .T. ) ;
#2221 = CARTESIAN_POINT ( 'NONE',  ( -4.800000000000000711, 0.8000000000000000444, 1.799999999999998712 ) ) ;
#2222 = CARTESIAN_POINT ( 'NONE',  ( 0.000000000000000000, 0.000000000000000000, 1.799999999999998712 ) ) ;
#2223 = EDGE_CURVE ( 'NONE', #3371, #7823, #8200, .T. ) ;
#2224 = VECTOR ( 'NONE', #134, 1000.000000000000000 ) ;
#2225 = CARTESIAN_POINT ( 'NONE',  ( 3.899999999999999023, 0.4000000000000000222, 2.599999999999999201 ) ) ;
#2226 = CARTESIAN_POINT ( 'NONE',  ( -4.350000000000000533, 0.4000000000000000222, 1.799999999999998712 ) ) ;
#2227 = LINE ( 'NONE', #2548, #2209 ) ;
#2228 = DIRECTION ( 'NONE',  ( -0.000000000000000000, 0.000000000000000000, -1.000000000000000000 ) ) ;
#2229 = CARTESIAN_POINT ( 'NONE',  ( -4.800000000000000711, 0.000000000000000000, 1.799999999999998712 ) ) ;
#2230 = VECTOR ( 'NONE', #174, 1000.000000000000000 ) ;
#2231 = CARTESIAN_POINT ( 'NONE',  ( -4.800000000000000711, 0.8000000000000000444, -3.550000000000002043 ) ) ;
#2232 = SURFACE_SIDE_STYLE ('',( #5838 ) ) ;
#2233 = LINE ( 'NONE', #6520, #5752 ) ;
#2234 = ORIENTED_EDGE ( 'NONE', *, *, #7014, .T. ) ;
#2235 = VERTEX_POINT ( 'NONE', #10016 ) ;
#2236 = ORIENTED_EDGE ( 'NONE', *, *, #2837, .F. ) ;
#2237 = ADVANCED_FACE ( 'NONE', ( #939 ), #8252, .F. ) ;
#2238 = VECTOR ( 'NONE', #4542, 1000.000000000000000 ) ;
#2239 = CARTESIAN_POINT ( 'NONE',  ( 4.799999999999998934, 0.000000000000000000, 0.6999999999999992895 ) ) ;
#2240 = CARTESIAN_POINT ( 'NONE',  ( 3.899999999999999023, 0.4000000000000000222, -4.000000000000000888 ) ) ;
#2241 = CARTESIAN_POINT ( 'NONE',  ( -4.500000000000003553, 1.199999999999999734, -4.299999999999996270 ) ) ;
#2242 = FACE_OUTER_BOUND ( 'NONE', #2659, .T. ) ;
#2243 = LINE ( 'NONE', #5874, #2094 ) ;
#2244 = EDGE_CURVE ( 'NONE', #365, #5609, #975, .T. ) ;
#2245 = DIRECTION ( 'NONE',  ( 1.000000000000000000, 0.000000000000000000, 0.000000000000000000 ) ) ;
#2246 = VECTOR ( 'NONE', #8817, 1000.000000000000000 ) ;
#2248 = ORIENTED_EDGE ( 'NONE', *, *, #10028, .T. ) ;
#2247 = CARTESIAN_POINT ( 'NONE',  ( 4.799999999999998934, 0.8000000000000000444, 1.799999999999998712 ) ) ;
#2249 = ORIENTED_EDGE ( 'NONE', *, *, #2208, .F. ) ;
#2250 = DIRECTION ( 'NONE',  ( -0.000000000000000000, -1.000000000000000000, -0.000000000000000000 ) ) ;
#2251 = STYLED_ITEM ( 'NONE', ( #10036 ), #4897 ) ;
#2252 = VECTOR ( 'NONE', #6370, 1000.000000000000000 ) ;
#2253 = CARTESIAN_POINT ( 'NONE',  ( -3.900000000000000799, 0.4000000000000000222, 6.004159457879236328 ) ) ;
#2254 = EDGE_CURVE ( 'NONE', #212, #5126, #4524, .T. ) ;
#2255 = ADVANCED_FACE ( 'NONE', ( #8183 ), #1769, .F. ) ;
#2256 = VECTOR ( 'NONE', #6205, 1000.000000000000000 ) ;
#2257 = CARTESIAN_POINT ( 'NONE',  ( 3.900000000000000355, 0.000000000000000000, -1.799999999999992939 ) ) ;
#2258 = VECTOR ( 'NONE', #5549, 1000.000000000000000 ) ;
#2259 = FILL_AREA_STYLE_COLOUR ( '', #6489 ) ;
#2260 = LINE ( 'NONE', #2971, #5728 ) ;
#2261 = FACE_OUTER_BOUND ( 'NONE', #10708, .T. ) ;
#2262 = EDGE_CURVE ( 'NONE', #8944, #4945, #8217, .T. ) ;
#2263 = ORIENTED_EDGE ( 'NONE', *, *, #301, .T. ) ;
#2264 = EDGE_LOOP ( 'NONE', ( #7483, #7966, #1684, #3626 ) ) ;
#2265 =( LENGTH_UNIT ( ) NAMED_UNIT ( * ) SI_UNIT ( .MILLI., .METRE. ) );
#2266 = CARTESIAN_POINT ( 'NONE',  ( 4.099999999999996092, 1.200000000000002176, 5.000000000000005329 ) ) ;
#2267 = CARTESIAN_POINT ( 'NONE',  ( -4.800000000000000711, 0.7999999999999999334, -4.000000000000000888 ) ) ;
#2268 = FACE_OUTER_BOUND ( 'NONE', #4618, .T. ) ;
#2269 = EDGE_CURVE ( 'NONE', #7468, #4485, #1006, .T. ) ;
#2270 = CARTESIAN_POINT ( 'NONE',  ( 3.399999999999995914, 0.7999999999999691802, -4.700000000000004619 ) ) ;
#2271 = CARTESIAN_POINT ( 'NONE',  ( 0.000000000000000000, 0.000000000000000000, 2.899999999999999023 ) ) ;
#2272 = CARTESIAN_POINT ( 'NONE',  ( -3.900000000000000799, 0.000000000000000000, -1.695840542120764072 ) ) ;
#2273 = EDGE_CURVE ( 'NONE', #10701, #9054, #8450, .T. ) ;
#2274 = FACE_OUTER_BOUND ( 'NONE', #10241, .T. ) ;
#2275 = DIRECTION ( 'NONE',  ( 0.000000000000000000, 0.000000000000000000, -1.000000000000000000 ) ) ;
#2276 = FACE_OUTER_BOUND ( 'NONE', #9614, .T. ) ;
#2277 = VECTOR ( 'NONE', #3357, 1000.000000000000000 ) ;
#2278 = LINE ( 'NONE', #6083, #5772 ) ;
#2279 = EDGE_LOOP ( 'NONE', ( #5251, #1601, #9185, #10675 ) ) ;
#2280 = ORIENTED_EDGE ( 'NONE', *, *, #2855, .F. ) ;
#2281 = CARTESIAN_POINT ( 'NONE',  ( -4.800000000000000711, 0.8000000000000000444, 5.000000000000000000 ) ) ;
#2282 = FACE_OUTER_BOUND ( 'NONE', #4186, .T. ) ;
#2283 =( GEOMETRIC_REPRESENTATION_CONTEXT ( 3 ) GLOBAL_UNCERTAINTY_ASSIGNED_CONTEXT ( ( #3657 ) ) GLOBAL_UNIT_ASSIGNED_CONTEXT ( ( #8116, #8324, #736 ) ) REPRESENTATION_CONTEXT ( 'NONE', 'WORKASPACE' ) );
#2284 = CARTESIAN_POINT ( 'NONE',  ( -4.800000000000000711, 0.8000000000000000444, -2.900000000000000799 ) ) ;
#2285 = CARTESIAN_POINT ( 'NONE',  ( 4.799999999999998934, 0.4000000000000000222, 4.799999999999998934 ) ) ;
#2286 = MANIFOLD_SOLID_BREP ( 'LPattern2[2]', #664 ) ;
#2287 = AXIS2_PLACEMENT_3D ( 'NONE', #4466, #2058, #2135 ) ;
#2288 = ADVANCED_FACE ( 'NONE', ( #958 ), #2867, .F. ) ;
#2289 = FACE_BOUND ( 'NONE', #4353, .T. ) ;
#2290 = CARTESIAN_POINT ( 'NONE',  ( 3.899999999999999023, 0.000000000000000000, -4.000000000000000888 ) ) ;
#2291 = EDGE_CURVE ( 'NONE', #1058, #8420, #8394, .T. ) ;
#2292 = CARTESIAN_POINT ( 'NONE',  ( -3.900000000000000799, 0.4000000000000000222, 1.499999999999999556 ) ) ;
#2293 = AXIS2_PLACEMENT_3D ( 'NONE', #10300, #1146, #10228 ) ;
#2294 = VECTOR ( 'NONE', #6500, 1000.000000000000000 ) ;
#2295 = DIRECTION ( 'NONE',  ( 0.000000000000000000, -1.000000000000000000, 0.000000000000000000 ) ) ;
#2296 = FACE_OUTER_BOUND ( 'NONE', #8123, .T. ) ;
#2297 = CARTESIAN_POINT ( 'NONE',  ( -3.399999999999997691, 0.7999999999999990452, 4.500000000000005329 ) ) ;
#2298 = DIRECTION ( 'NONE',  ( -9.637352644315598694E-16, 0.000000000000000000, 1.000000000000000000 ) ) ;
#2299 = LINE ( 'NONE', #8663, #2312 ) ;
#2300 = VERTEX_POINT ( 'NONE', #7773 ) ;
#2301 = ORIENTED_EDGE ( 'NONE', *, *, #5963, .T. ) ;
#2302 = DIRECTION ( 'NONE',  ( 1.000000000000000000, 0.000000000000000000, 0.000000000000000000 ) ) ;
#2303 = FACE_OUTER_BOUND ( 'NONE', #7958, .T. ) ;
#2304 = CARTESIAN_POINT ( 'NONE',  ( 4.799999999999998934, 0.000000000000000000, -1.350000000000002309 ) ) ;
#2305 = DIRECTION ( 'NONE',  ( 0.000000000000000000, 0.000000000000000000, 1.000000000000000000 ) ) ;
#2306 = CARTESIAN_POINT ( 'NONE',  ( -4.800000000000000711, 0.000000000000000000, 2.704159457879236506 ) ) ;
#2307 = EDGE_CURVE ( 'NONE', #7110, #3278, #8305, .T. ) ;
#2308 = ADVANCED_FACE ( 'NONE', ( #1132 ), #8357, .T. ) ;
#2309 = VECTOR ( 'NONE', #3044, 1000.000000000000000 ) ;
#2310 = DIRECTION ( 'NONE',  ( 0.000000000000000000, 0.000000000000000000, 1.000000000000000000 ) ) ;
#2311 = DIRECTION ( 'NONE',  ( -1.000000000000000000, 0.000000000000000000, 0.000000000000000000 ) ) ;
#2312 = VECTOR ( 'NONE', #6366, 1000.000000000000000 ) ;
#2314 = ORIENTED_EDGE ( 'NONE', *, *, #716, .F. ) ;
#2313 = CARTESIAN_POINT ( 'NONE',  ( -4.350000000000000533, 0.4000000000000000222, -3.700000000000001066 ) ) ;
#2315 = PLANE ( 'NONE',  #3483 ) ;
#2316 = VERTEX_POINT ( 'NONE', #4522 ) ;
#2317 = DIRECTION ( 'NONE',  ( 0.000000000000000000, 0.000000000000000000, -1.000000000000000000 ) ) ;
#2318 = ADVANCED_FACE ( 'NONE', ( #4787 ), #8733, .F. ) ;
#2319 = VECTOR ( 'NONE', #8841, 1000.000000000000000 ) ;
#2320 = DIRECTION ( 'NONE',  ( -0.000000000000000000, 0.000000000000000000, 1.000000000000000000 ) ) ;
#2321 = VECTOR ( 'NONE', #5557, 1000.000000000000000 ) ;
#2322 = DIRECTION ( 'NONE',  ( 0.000000000000000000, 0.000000000000000000, -1.000000000000000000 ) ) ;
#2323 = VECTOR ( 'NONE', #1978, 1000.000000000000000 ) ;
#2324 = EDGE_CURVE ( 'NONE', #8967, #7890, #1219, .T. ) ;
#2325 = VECTOR ( 'NONE', #4249, 1000.000000000000000 ) ;
#2326 = PLANE ( 'NONE',  #1615 ) ;
#2327 = VECTOR ( 'NONE', #4449, 1000.000000000000000 ) ;
#2328 = ORIENTED_EDGE ( 'NONE', *, *, #5963, .F. ) ;
#2329 = VERTEX_POINT ( 'NONE', #4594 ) ;
#2330 = DIRECTION ( 'NONE',  ( 0.000000000000000000, 0.000000000000000000, 1.000000000000000000 ) ) ;
#2331 = SURFACE_SIDE_STYLE ('',( #4211 ) ) ;
#2332 = ADVANCED_FACE ( 'NONE', ( #8376 ), #2721, .F. ) ;
#2333 = EDGE_CURVE ( 'NONE', #6368, #8444, #1171, .T. ) ;
#2334 = DIRECTION ( 'NONE',  ( 0.000000000000000000, 0.000000000000000000, 1.000000000000000000 ) ) ;
#2335 = FACE_OUTER_BOUND ( 'NONE', #1275, .T. ) ;
#2336 =( NAMED_UNIT ( * ) SI_UNIT ( $, .STERADIAN. ) SOLID_ANGLE_UNIT ( ) );
#2337 = CARTESIAN_POINT ( 'NONE',  ( -3.900000000000000799, 0.4000000000000000222, 3.699999999999998401 ) ) ;
#2338 = CARTESIAN_POINT ( 'NONE',  ( 4.350000000000000533, 0.4000000000000000222, -0.5958405421207638719 ) ) ;
#2339 = VECTOR ( 'NONE', #5490, 1000.000000000000000 ) ;
#2340 = CARTESIAN_POINT ( 'NONE',  ( 4.799999999999998934, 0.000000000000000000, 1.799999999999998712 ) ) ;
#2341 = LINE ( 'NONE', #8216, #2018 ) ;
#2342 = VECTOR ( 'NONE', #9592, 1000.000000000000000 ) ;
#2343 = EDGE_CURVE ( 'NONE', #10236, #7823, #8412, .T. ) ;
#2344 = LINE ( 'NONE', #447, #2246 ) ;
#2345 = ORIENTED_EDGE ( 'NONE', *, *, #9021, .T. ) ;
#2346 = ORIENTED_EDGE ( 'NONE', *, *, #10007, .F. ) ;
#2347 = EDGE_CURVE ( 'NONE', #3591, #10352, #4838, .T. ) ;
#2348 = CARTESIAN_POINT ( 'NONE',  ( -4.800000000000000711, 0.000000000000000000, 5.000000000000000000 ) ) ;
#2349 = AXIS2_PLACEMENT_3D ( 'NONE', #8588, #1061, #9404 ) ;
#2350 = CARTESIAN_POINT ( 'NONE',  ( -3.900000000000000799, 0.4000000000000000222, 2.899999999999999023 ) ) ;
#2351 = LINE ( 'NONE', #7081, #2252 ) ;
#2352 = CARTESIAN_POINT ( 'NONE',  ( 3.899999999999999023, 0.000000000000000000, -0.7000000000000009548 ) ) ;
#2353 = EDGE_CURVE ( 'NONE', #4217, #94, #909, .T. ) ;
#2354 = CARTESIAN_POINT ( 'NONE',  ( 4.350000000000000533, 0.4000000000000000222, 0.6999999999999992895 ) ) ;
#2355 = PLANE ( 'NONE',  #8226 ) ;
#2356 = VECTOR ( 'NONE', #3743, 1000.000000000000000 ) ;
#2357 = DIRECTION ( 'NONE',  ( -0.000000000000000000, -1.000000000000000000, -0.000000000000000000 ) ) ;
#2358 = CARTESIAN_POINT ( 'NONE',  ( 3.899999999999999023, 0.000000000000000000, -1.800000000000000711 ) ) ;
#2359 = ADVANCED_FACE ( 'NONE', ( #877 ), #369, .F. ) ;
#2360 = VECTOR ( 'NONE', #5337, 1000.000000000000000 ) ;
#2361 = CARTESIAN_POINT ( 'NONE',  ( -4.300000000000007816, 2.247912504286614525E-14, 4.300000000000003375 ) ) ;
#2362 = LINE ( 'NONE', #7332, #2342 ) ;
#2363 = CARTESIAN_POINT ( 'NONE',  ( 4.799999999999998934, 0.4000000000000000222, 0.6999999999999992895 ) ) ;
#2364 = PLANE ( 'NONE',  #2818 ) ;
#2365 = LINE ( 'NONE', #370, #5825 ) ;
#2366 = ORIENTED_EDGE ( 'NONE', *, *, #1724, .T. ) ;
#2367 = VERTEX_POINT ( 'NONE', #2036 ) ;
#2368 = DIRECTION ( 'NONE',  ( 0.000000000000000000, 1.000000000000000000, 0.000000000000000000 ) ) ;
#2369 = LINE ( 'NONE', #2306, #2624 ) ;
#2370 = EDGE_CURVE ( 'NONE', #1526, #222, #4508, .T. ) ;
#2371 = AXIS2_PLACEMENT_3D ( 'NONE', #2790, #6882, #5871 ) ;
#2372 = PLANE ( 'NONE',  #6534 ) ;
#2373 = EDGE_CURVE ( 'NONE', #3145, #3204, #5242, .T. ) ;
#2374 = DIRECTION ( 'NONE',  ( -5.551115123125782702E-17, -1.000000000000000000, -7.888609052210118054E-31 ) ) ;
#2375 = CARTESIAN_POINT ( 'NONE',  ( -4.350000000000000533, 0.4000000000000000222, -1.500000000000001332 ) ) ;
#2376 = VECTOR ( 'NONE', #8147, 1000.000000000000000 ) ;
#2377 =( GEOMETRIC_REPRESENTATION_CONTEXT ( 3 ) GLOBAL_UNCERTAINTY_ASSIGNED_CONTEXT ( ( #10263 ) ) GLOBAL_UNIT_ASSIGNED_CONTEXT ( ( #4242, #1643, #1717 ) ) REPRESENTATION_CONTEXT ( 'NONE', 'WORKASPACE' ) );
#2378 = CARTESIAN_POINT ( 'NONE',  ( -3.900000000000000799, 0.4000000000000000222, 2.704159457879236506 ) ) ;
#2379 = LINE ( 'NONE', #7377, #2395 ) ;
#2380 = PLANE ( 'NONE',  #8178 ) ;
#2381 = EDGE_CURVE ( 'NONE', #3411, #7819, #1425, .T. ) ;
#2382 = LINE ( 'NONE', #10000, #2655 ) ;
#2383 = ORIENTED_EDGE ( 'NONE', *, *, #7817, .F. ) ;
#2384 = CARTESIAN_POINT ( 'NONE',  ( -4.800000000000000711, 0.7999999999999999334, -2.795840542120763939 ) ) ;
#2385 = VERTEX_POINT ( 'NONE', #3211 ) ;
#2386 = CARTESIAN_POINT ( 'NONE',  ( -4.800000000000000711, 0.000000000000000000, 1.099999999999998535 ) ) ;
#2387 = EDGE_CURVE ( 'NONE', #9423, #5412, #1287, .T. ) ;
#2388 = VECTOR ( 'NONE', #10214, 1000.000000000000000 ) ;
#2389 = CARTESIAN_POINT ( 'NONE',  ( 4.799999999999998934, 0.000000000000000000, -1.799999999999992051 ) ) ;
#2390 = ORIENTED_EDGE ( 'NONE', *, *, #9647, .F. ) ;
#2391 = DIRECTION ( 'NONE',  ( 0.000000000000000000, 1.000000000000000000, -0.000000000000000000 ) ) ;
#2392 = LINE ( 'NONE', #9884, #6123 ) ;
#2393 = FACE_OUTER_BOUND ( 'NONE', #2104, .T. ) ;
#2394 = CARTESIAN_POINT ( 'NONE',  ( 4.799999999999998934, 0.000000000000000000, 4.149999999999998579 ) ) ;
#2395 = VECTOR ( 'NONE', #7150, 1000.000000000000000 ) ;
#2396 = CARTESIAN_POINT ( 'NONE',  ( -3.900000000000000799, 0.000000000000000000, -4.800000000000001599 ) ) ;
#2397 = EDGE_CURVE ( 'NONE', #10159, #5412, #1481, .T. ) ;
#2398 = AXIS2_PLACEMENT_3D ( 'NONE', #822, #9176, #9971 ) ;
#2399 = LINE ( 'NONE', #7752, #9645 ) ;
#2400 = VERTEX_POINT ( 'NONE', #10437 ) ;
#2401 = ORIENTED_EDGE ( 'NONE', *, *, #5254, .T. ) ;
#2402 = DIRECTION ( 'NONE',  ( -1.000000000000000000, 0.000000000000000000, 0.000000000000000000 ) ) ;
#2403 = EDGE_CURVE ( 'NONE', #10427, #3537, #4956, .T. ) ;
#2404 = ADVANCED_FACE ( 'NONE', ( #8611 ), #8815, .F. ) ;
#2405 = LINE ( 'NONE', #3653, #6190 ) ;
#2406 = ORIENTED_EDGE ( 'NONE', *, *, #6657, .T. ) ;
#2407 = ORIENTED_EDGE ( 'NONE', *, *, #4871, .F. ) ;
#2408 = EDGE_CURVE ( 'NONE', #9794, #10625, #5121, .T. ) ;
#2409 = CARTESIAN_POINT ( 'NONE',  ( 4.799999999999998934, 0.8000000000000000444, 1.500000000000008216 ) ) ;
#2410 = CARTESIAN_POINT ( 'NONE',  ( -4.800000000000000711, 0.000000000000000000, 0.8499999999999983125 ) ) ;
#2411 = CARTESIAN_POINT ( 'NONE',  ( 0.000000000000000000, 0.000000000000000000, 0.6999999999999992895 ) ) ;
#2412 = LINE ( 'NONE', #375, #6034 ) ;
#2413 = CARTESIAN_POINT ( 'NONE',  ( 4.799999999999998934, 0.000000000000000000, 1.604159457879236195 ) ) ;
#2414 = CIRCLE ( 'NONE', #4, 0.1999999999999996503 ) ;
#2415 = VECTOR ( 'NONE', #6908, 1000.000000000000000 ) ;
#2416 = UNCERTAINTY_MEASURE_WITH_UNIT (LENGTH_MEASURE( 1.000000000000000082E-05 ), #4307, 'distance_accuracy_value', 'NONE');
#2417 = VECTOR ( 'NONE', #1890, 1000.000000000000000 ) ;
#2418 = AXIS2_PLACEMENT_3D ( 'NONE', #499, #2016, #8791 ) ;
#2419 = ORIENTED_EDGE ( 'NONE', *, *, #1075, .F. ) ;
#2420 = ORIENTED_EDGE ( 'NONE', *, *, #1391, .T. ) ;
#2421 = CARTESIAN_POINT ( 'NONE',  ( -3.900000000000000799, 0.000000000000000000, -4.800000000000001599 ) ) ;
#2422 = DIRECTION ( 'NONE',  ( 1.000000000000000000, 4.336808689942013792E-16, 0.000000000000000000 ) ) ;
#2423 = FACE_OUTER_BOUND ( 'NONE', #7144, .T. ) ;
#2424 = ORIENTED_EDGE ( 'NONE', *, *, #4213, .T. ) ;
#2425 = EDGE_CURVE ( 'NONE', #3538, #1027, #4925, .T. ) ;
#2426 = AXIS2_PLACEMENT_3D ( 'NONE', #7364, #3892, #5574 ) ;
#2427 = CARTESIAN_POINT ( 'NONE',  ( -3.900000000000000799, 0.4000000000000000222, 2.899999999999999023 ) ) ;
#2428 = ORIENTED_EDGE ( 'NONE', *, *, #770, .F. ) ;
#2429 = ADVANCED_FACE ( 'NONE', ( #1441 ), #2380, .F. ) ;
#2430 = LINE ( 'NONE', #2043, #6055 ) ;
#2431 = DIRECTION ( 'NONE',  ( -5.551115123125782702E-17, -1.000000000000000000, -7.888609052210118054E-31 ) ) ;
#2432 = PLANE ( 'NONE',  #3325 ) ;
#2433 = PLANE ( 'NONE',  #887 ) ;
#2434 = CARTESIAN_POINT ( 'NONE',  ( 4.799999999999998934, 0.000000000000000000, 0.3999999999999984679 ) ) ;
#2435 = VECTOR ( 'NONE', #2814, 1000.000000000000000 ) ;
#2436 = DIRECTION ( 'NONE',  ( 0.000000000000000000, 0.000000000000000000, 1.000000000000000000 ) ) ;
#2437 = DIRECTION ( 'NONE',  ( -1.000000000000000000, 0.000000000000000000, 0.000000000000000000 ) ) ;
#2438 = FACE_OUTER_BOUND ( 'NONE', #4684, .T. ) ;
#2439 = EDGE_LOOP ( 'NONE', ( #7481, #2995, #326, #3993 ) ) ;
#2440 = ORIENTED_EDGE ( 'NONE', *, *, #5998, .F. ) ;
#2441 = DIRECTION ( 'NONE',  ( 0.000000000000000000, 1.000000000000000000, 0.000000000000000000 ) ) ;
#2442 = VECTOR ( 'NONE', #6666, 1000.000000000000000 ) ;
#2443 = ORIENTED_EDGE ( 'NONE', *, *, #3158, .F. ) ;
#2444 = ORIENTED_EDGE ( 'NONE', *, *, #5863, .F. ) ;
#2445 = DIRECTION ( 'NONE',  ( 1.000000000000000000, 0.000000000000000000, -0.000000000000000000 ) ) ;
#2446 = STYLED_ITEM ( 'NONE', ( #8160 ), #8752 ) ;
#2447 = LINE ( 'NONE', #8121, #2684 ) ;
#2448 = DIRECTION ( 'NONE',  ( 0.000000000000000000, 0.000000000000000000, 1.000000000000000000 ) ) ;
#2449 = EDGE_CURVE ( 'NONE', #7899, #5211, #1251, .T. ) ;
#2450 = ADVANCED_FACE ( 'NONE', ( #1499 ), #9621, .F. ) ;
#2451 = LINE ( 'NONE', #10607, #6092 ) ;
#2452 = CARTESIAN_POINT ( 'NONE',  ( -4.800000000000000711, 0.000000000000000000, 3.699999999999998401 ) ) ;
#2453 = VECTOR ( 'NONE', #2810, 1000.000000000000000 ) ;
#2454 = PLANE ( 'NONE',  #5202 ) ;
#2455 = DIRECTION ( 'NONE',  ( -1.000000000000000000, -2.409338161078908548E-16, -9.637352644315598694E-16 ) ) ;
#2456 = VECTOR ( 'NONE', #10574, 1000.000000000000000 ) ;
#2458 = ORIENTED_EDGE ( 'NONE', *, *, #4886, .F. ) ;
#2457 = PLANE ( 'NONE',  #8091 ) ;
#2459 = CARTESIAN_POINT ( 'NONE',  ( -4.800000000000000711, 0.000000000000000000, -2.600000000000000977 ) ) ;
#2460 = ORIENTED_EDGE ( 'NONE', *, *, #8158, .F. ) ;
#2461 = CARTESIAN_POINT ( 'NONE',  ( -4.800000000000000711, 0.000000000000000000, 5.000000000000000000 ) ) ;
#2462 = CYLINDRICAL_SURFACE ( 'NONE', #9418, 0.2500000000000002220 ) ;
#2464 = ORIENTED_EDGE ( 'NONE', *, *, #6613, .F. ) ;
#2463 = CARTESIAN_POINT ( 'NONE',  ( 3.899999999999999023, 0.000000000000000000, 0.3999999999999993006 ) ) ;
#2465 = ORIENTED_EDGE ( 'NONE', *, *, #1041, .T. ) ;
#2466 = EDGE_CURVE ( 'NONE', #4093, #8320, #1355, .T. ) ;
#2467 = LINE ( 'NONE', #6972, #2719 ) ;
#2468 = CYLINDRICAL_SURFACE ( 'NONE', #3935, 0.2500000000000004441 ) ;
#2469 = DIRECTION ( 'NONE',  ( -0.000000000000000000, 0.000000000000000000, -1.000000000000000000 ) ) ;
#2470 = LINE ( 'NONE', #3594, #9908 ) ;
#2471 = CARTESIAN_POINT ( 'NONE',  ( 4.099999999999997868, 2.199999999999999289, -4.500000000000001776 ) ) ;
#2472 = LINE ( 'NONE', #3869, #6098 ) ;
#2473 = ORIENTED_EDGE ( 'NONE', *, *, #9851, .F. ) ;
#2474 = ORIENTED_EDGE ( 'NONE', *, *, #1376, .T. ) ;
#2475 = CARTESIAN_POINT ( 'NONE',  ( -3.900000000000000799, 0.000000000000000000, 4.904159457879235795 ) ) ;
#2476 = DIRECTION ( 'NONE',  ( -1.000000000000000000, 0.000000000000000000, 0.000000000000000000 ) ) ;
#2477 = FACE_OUTER_BOUND ( 'NONE', #1067, .T. ) ;
#2478 = VERTEX_POINT ( 'NONE', #4027 ) ;
#2479 = ORIENTED_EDGE ( 'NONE', *, *, #2262, .T. ) ;
#2480 = FILL_AREA_STYLE_COLOUR ( '', #3565 ) ;
#2481 = EDGE_CURVE ( 'NONE', #5808, #7791, #5164, .T. ) ;
#2482 = CARTESIAN_POINT ( 'NONE',  ( -4.099999999999997868, 2.200000000000000178, 4.300000000000001599 ) ) ;
#2483 = CARTESIAN_POINT ( 'NONE',  ( 3.899999999999999023, 0.4000000000000000222, 2.704159457879236506 ) ) ;
#2484 = EDGE_CURVE ( 'NONE', #4111, #2928, #8547, .T. ) ;
#2485 = ADVANCED_FACE ( 'NONE', ( #1406 ), #6492, .F. ) ;
#2486 = VECTOR ( 'NONE', #10385, 1000.000000000000000 ) ;
#2487 = DIRECTION ( 'NONE',  ( -0.000000000000000000, -1.000000000000000000, -0.000000000000000000 ) ) ;
#2488 = EDGE_CURVE ( 'NONE', #3903, #8439, #8664, .T. ) ;
#2489 = VECTOR ( 'NONE', #6343, 1000.000000000000000 ) ;
#2490 = ORIENTED_EDGE ( 'NONE', *, *, #33, .F. ) ;
#2491 = ORIENTED_EDGE ( 'NONE', *, *, #3274, .F. ) ;
#2492 = PLANE ( 'NONE',  #10415 ) ;
#2493 = ADVANCED_FACE ( 'NONE', ( #4940 ), #2111, .T. ) ;
#2494 = PLANE ( 'NONE',  #4873 ) ;
#2495 = AXIS2_PLACEMENT_3D ( 'NONE', #1128, #72, #6001 ) ;
#2496 = VECTOR ( 'NONE', #4509, 1000.000000000000000 ) ;
#2497 = ORIENTED_EDGE ( 'NONE', *, *, #10268, .T. ) ;
#2498 = CARTESIAN_POINT ( 'NONE',  ( 4.350000000000000533, 0.8010000000000000453, 1.799999999999998712 ) ) ;
#2499 = ORIENTED_EDGE ( 'NONE', *, *, #1391, .F. ) ;
#2500 = LINE ( 'NONE', #9098, #9885 ) ;
#2501 = EDGE_CURVE ( 'NONE', #7169, #7675, #8698, .T. ) ;
#2502 = DIRECTION ( 'NONE',  ( 1.000000000000000000, 0.000000000000000000, 9.637352644315598694E-16 ) ) ;
#2503 = DIRECTION ( 'NONE',  ( 1.000000000000000000, -0.000000000000000000, 9.637352644315598694E-16 ) ) ;
#2504 = PLANE ( 'NONE',  #8175 ) ;
#2505 = VECTOR ( 'NONE', #3694, 1000.000000000000000 ) ;
#2506 = CARTESIAN_POINT ( 'NONE',  ( -4.800000000000000711, 0.8000000000000000444, 3.804159457879236150 ) ) ;
#2507 = EDGE_CURVE ( 'NONE', #7564, #4683, #5204, .T. ) ;
#2508 = LINE ( 'NONE', #168, #6271 ) ;
#2509 = AXIS2_PLACEMENT_3D ( 'NONE', #3038, #4766, #9010 ) ;
#2510 = CARTESIAN_POINT ( 'NONE',  ( 4.500000000000003553, 1.199999999999999734, -4.299999999999999822 ) ) ;
#2511 = LINE ( 'NONE', #8927, #6132 ) ;
#2512 = EDGE_CURVE ( 'NONE', #7927, #3262, #8799, .T. ) ;
#2513 = ORIENTED_EDGE ( 'NONE', *, *, #3878, .T. ) ;
#2514 = EDGE_LOOP ( 'NONE', ( #3624, #9966, #2906, #2697 ) ) ;
#2515 = SURFACE_SIDE_STYLE ('',( #2782 ) ) ;
#2516 = LINE ( 'NONE', #4370, #2388 ) ;
#2517 = ORIENTED_EDGE ( 'NONE', *, *, #911, .F. ) ;
#2518 = ORIENTED_EDGE ( 'NONE', *, *, #5296, .T. ) ;
#2519 = AXIS2_PLACEMENT_3D ( 'NONE', #7320, #3990, #1529 ) ;
#2520 = DIRECTION ( 'NONE',  ( -0.000000000000000000, -0.000000000000000000, 1.000000000000000000 ) ) ;
#2521 = ADVANCED_FACE ( 'NONE', ( #5141 ), #53, .F. ) ;
#2522 = EDGE_CURVE ( 'NONE', #5191, #5483, #5071, .T. ) ;
#2523 = VECTOR ( 'NONE', #10578, 1000.000000000000000 ) ;
#2524 = COLOUR_RGB ( '',1.000000000000000000, 0.8117647058823529438, 0.5019607843137254832 ) ;
#2525 = EDGE_CURVE ( 'NONE', #4961, #4829, #8595, .T. ) ;
#2526 = CARTESIAN_POINT ( 'NONE',  ( 4.350000000000000533, 0.7999999999999999334, -2.899999999999992806 ) ) ;
#2527 = CIRCLE ( 'NONE', #873, 0.1999999999999996503 ) ;
#2528 = CARTESIAN_POINT ( 'NONE',  ( 4.099999999999996092, 1.200000000000000622, 4.500000000000004441 ) ) ;
#2529 = CARTESIAN_POINT ( 'NONE',  ( -3.900000000000000799, 0.000000000000000000, -0.5958405421207638719 ) ) ;
#2530 = FACE_OUTER_BOUND ( 'NONE', #6718, .T. ) ;
#2531 = ORIENTED_EDGE ( 'NONE', *, *, #8747, .T. ) ;
#2532 = DIRECTION ( 'NONE',  ( 0.000000000000000000, 0.000000000000000000, -1.000000000000000000 ) ) ;
#2533 = ORIENTED_EDGE ( 'NONE', *, *, #141, .T. ) ;
#2534 = CARTESIAN_POINT ( 'NONE',  ( -4.350000000000000533, 0.4000000000000000222, 3.804159457879236150 ) ) ;
#2535 = FACE_OUTER_BOUND ( 'NONE', #3812, .T. ) ;
#2537 = VERTEX_POINT ( 'NONE', #8918 ) ;
#2536 = CARTESIAN_POINT ( 'NONE',  ( -4.800000000000000711, 0.000000000000000000, 2.704159457879236506 ) ) ;
#2538 = AXIS2_PLACEMENT_3D ( 'NONE', #3235, #4204, #9926 ) ;
#2539 = ORIENTED_EDGE ( 'NONE', *, *, #2946, .T. ) ;
#2540 = DIRECTION ( 'NONE',  ( 1.000000000000000000, 0.000000000000000000, 0.000000000000000000 ) ) ;
#2541 =( GEOMETRIC_REPRESENTATION_CONTEXT ( 3 ) GLOBAL_UNCERTAINTY_ASSIGNED_CONTEXT ( ( #2416 ) ) GLOBAL_UNIT_ASSIGNED_CONTEXT ( ( #4307, #3417, #4448 ) ) REPRESENTATION_CONTEXT ( 'NONE', 'WORKASPACE' ) );
#2542 = LINE ( 'NONE', #12, #2616 ) ;
#2543 = EDGE_CURVE ( 'NONE', #4413, #8136, #5102, .T. ) ;
#2544 = LINE ( 'NONE', #1307, #2949 ) ;
#2545 = FACE_OUTER_BOUND ( 'NONE', #6552, .T. ) ;
#2546 = CARTESIAN_POINT ( 'NONE',  ( -4.350000000000000533, 0.4000000000000000222, 2.704159457879236506 ) ) ;
#2547 = EDGE_CURVE ( 'NONE', #7451, #3827, #1390, .T. ) ;
#2548 = CARTESIAN_POINT ( 'NONE',  ( 4.350000000000001421, 0.4000000000000000222, 1.500000000000007327 ) ) ;
#2549 = VECTOR ( 'NONE', #5709, 1000.000000000000000 ) ;
#2550 = ORIENTED_EDGE ( 'NONE', *, *, #5402, .T. ) ;
#2551 = VERTEX_POINT ( 'NONE', #1511 ) ;
#2552 = DIRECTION ( 'NONE',  ( 0.000000000000000000, 0.000000000000000000, -1.000000000000000000 ) ) ;
#2553 = DIRECTION ( 'NONE',  ( 0.000000000000000000, -0.000000000000000000, 1.000000000000000000 ) ) ;
#2554 = FACE_OUTER_BOUND ( 'NONE', #4738, .T. ) ;
#2555 = ORIENTED_EDGE ( 'NONE', *, *, #5876, .F. ) ;
#2556 = VERTEX_POINT ( 'NONE', #7457 ) ;
#2557 = CARTESIAN_POINT ( 'NONE',  ( -3.900000000000000799, 0.000000000000000000, 3.699999999999999289 ) ) ;
#2558 = CARTESIAN_POINT ( 'NONE',  ( -4.350000000000000533, 0.7999999999999999334, -2.795840542120763939 ) ) ;
#2559 = DIRECTION ( 'NONE',  ( 0.000000000000000000, 0.000000000000000000, -1.000000000000000000 ) ) ;
#2560 = DIRECTION ( 'NONE',  ( -1.000000000000000000, 0.000000000000000000, 0.000000000000000000 ) ) ;
#2561 = CARTESIAN_POINT ( 'NONE',  ( -4.350000000000000533, 0.4000000000000000222, -1.500000000000001332 ) ) ;
#2562 = AXIS2_PLACEMENT_3D ( 'NONE', #3340, #9353, #9287 ) ;
#2563 = LINE ( 'NONE', #3532, #6232 ) ;
#2564 = EDGE_CURVE ( 'NONE', #5093, #10280, #5267, .T. ) ;
#2565 = VECTOR ( 'NONE', #8835, 1000.000000000000000 ) ;
#2566 = CARTESIAN_POINT ( 'NONE',  ( 4.799999999999998934, 0.000000000000000000, 2.449999999999998401 ) ) ;
#2567 = DIRECTION ( 'NONE',  ( 0.000000000000000000, -1.000000000000000000, -0.000000000000000000 ) ) ;
#2568 = STYLED_ITEM ( 'NONE', ( #1450 ), #9226 ) ;
#2569 = LINE ( 'NONE', #1261, #2691 ) ;
#2570 = ORIENTED_EDGE ( 'NONE', *, *, #4433, .F. ) ;
#2571 = ORIENTED_EDGE ( 'NONE', *, *, #4724, .F. ) ;
#2572 = CARTESIAN_POINT ( 'NONE',  ( -3.299999999999997602, 2.549999999999999822, -3.500000000000000000 ) ) ;
#2573 = CARTESIAN_POINT ( 'NONE',  ( 3.899999999999999023, 0.4000000000000000222, -0.4000000000000010214 ) ) ;
#2574 = VECTOR ( 'NONE', #5024, 1000.000000000000000 ) ;
#2575 = EDGE_LOOP ( 'NONE', ( #7928, #4315, #1328, #7687 ) ) ;
#2576 = CARTESIAN_POINT ( 'NONE',  ( 3.899999999999999023, 0.4000000000000000222, 0.5041594578792359949 ) ) ;
#2577 = ORIENTED_EDGE ( 'NONE', *, *, #1479, .T. ) ;
#2578 = LINE ( 'NONE', #10023, #2523 ) ;
#2579 = DIRECTION ( 'NONE',  ( 0.000000000000000000, 0.000000000000000000, -1.000000000000000000 ) ) ;
#2580 = CARTESIAN_POINT ( 'NONE',  ( 4.799999999999998934, 0.000000000000000000, 6.004159457879236328 ) ) ;
#2581 = FACE_OUTER_BOUND ( 'NONE', #3441, .T. ) ;
#2582 = AXIS2_PLACEMENT_3D ( 'NONE', #4479, #41, #3613 ) ;
#2583 = CARTESIAN_POINT ( 'NONE',  ( -3.900000000000000799, 0.4000000000000000222, -3.700000000000001066 ) ) ;
#2584 = ADVANCED_FACE ( 'NONE', ( #4872 ), #8367, .F. ) ;
#2585 = FACE_OUTER_BOUND ( 'NONE', #4971, .T. ) ;
#2586 = DIRECTION ( 'NONE',  ( 0.000000000000000000, 0.000000000000000000, 1.000000000000000000 ) ) ;
#2587 = EDGE_CURVE ( 'NONE', #7939, #4879, #8736, .T. ) ;
#2588 = VECTOR ( 'NONE', #1515, 1000.000000000000000 ) ;
#2589 = ORIENTED_EDGE ( 'NONE', *, *, #4200, .T. ) ;
#2590 = ORIENTED_EDGE ( 'NONE', *, *, #7780, .F. ) ;
#2591 = PLANE ( 'NONE',  #932 ) ;
#2592 = ADVANCED_FACE ( 'NONE', ( #1522 ), #8680, .F. ) ;
#2593 = EDGE_CURVE ( 'NONE', #10635, #1058, #1542, .T. ) ;
#2594 = LINE ( 'NONE', #7658, #6068 ) ;
#2595 = ORIENTED_EDGE ( 'NONE', *, *, #6360, .T. ) ;
#2596 = CARTESIAN_POINT ( 'NONE',  ( -4.099999999999997868, 2.399999999999999911, 4.300000000000001599 ) ) ;
#2597 = VECTOR ( 'NONE', #5617, 1000.000000000000000 ) ;
#2598 = DIRECTION ( 'NONE',  ( -0.000000000000000000, -0.000000000000000000, 1.000000000000000000 ) ) ;
#2599 = LINE ( 'NONE', #8694, #9730 ) ;
#2600 = CARTESIAN_POINT ( 'NONE',  ( -3.900000000000000799, 0.4000000000000000222, -0.4000000000000010214 ) ) ;
#2601 = VECTOR ( 'NONE', #1227, 1000.000000000000000 ) ;
#2602 = EDGE_CURVE ( 'NONE', #6828, #1429, #1584, .T. ) ;
#2603 = DIRECTION ( 'NONE',  ( 0.000000000000000000, -1.000000000000000000, 0.000000000000000000 ) ) ;
#2604 = CARTESIAN_POINT ( 'NONE',  ( -3.900000000000000799, 0.4000000000000000222, 0.3999999999999993006 ) ) ;
#2605 = VECTOR ( 'NONE', #4156, 1000.000000000000000 ) ;
#2606 = ORIENTED_EDGE ( 'NONE', *, *, #10529, .T. ) ;
#2607 = ORIENTED_EDGE ( 'NONE', *, *, #5029, .T. ) ;
#2608 = EDGE_CURVE ( 'NONE', #1557, #1156, #1602, .T. ) ;
#2609 = AXIS2_PLACEMENT_3D ( 'NONE', #3670, #3588, #4458 ) ;
#2610 = CARTESIAN_POINT ( 'NONE',  ( -4.800000000000000711, 0.8000000000000000444, 4.904159457879235795 ) ) ;
#2611 = LINE ( 'NONE', #2211, #2496 ) ;
#2612 = DIRECTION ( 'NONE',  ( -1.000000000000000000, -2.775557561562890858E-16, -1.577721810442023260E-30 ) ) ;
#2613 = ORIENTED_EDGE ( 'NONE', *, *, #8929, .F. ) ;
#2614 = DIRECTION ( 'NONE',  ( 0.000000000000000000, -1.000000000000000000, 0.000000000000000000 ) ) ;
#2615 = CARTESIAN_POINT ( 'NONE',  ( 4.799999999999998934, 0.8000000000000000444, -2.899999999999991918 ) ) ;
#2616 = VECTOR ( 'NONE', #10744, 1000.000000000000000 ) ;
#2617 = LINE ( 'NONE', #7219, #6077 ) ;
#2618 = LINE ( 'NONE', #2200, #6021 ) ;
#2619 = CARTESIAN_POINT ( 'NONE',  ( 4.350000000000000533, 0.4000000000000000222, -1.500000000000001332 ) ) ;
#2620 = FACE_OUTER_BOUND ( 'NONE', #4209, .T. ) ;
#2621 = ORIENTED_EDGE ( 'NONE', *, *, #10444, .F. ) ;
#2622 = ORIENTED_EDGE ( 'NONE', *, *, #5999, .F. ) ;
#2623 = CARTESIAN_POINT ( 'NONE',  ( -3.900000000000000799, 0.4000000000000000222, -0.5958405421207638719 ) ) ;
#2624 = VECTOR ( 'NONE', #4100, 1000.000000000000000 ) ;
#2625 = EDGE_CURVE ( 'NONE', #5363, #7711, #8479, .T. ) ;
#2626 = AXIS2_PLACEMENT_3D ( 'NONE', #723, #10727, #2422 ) ;
#2627 = ORIENTED_EDGE ( 'NONE', *, *, #3589, .T. ) ;
#2628 = DIRECTION ( 'NONE',  ( 0.000000000000000000, -0.000000000000000000, 1.000000000000000000 ) ) ;
#2629 = CARTESIAN_POINT ( 'NONE',  ( 4.800000000000000711, 0.000000000000000000, 1.099999999999998535 ) ) ;
#2630 = EDGE_CURVE ( 'NONE', #5058, #6627, #1304, .T. ) ;
#2631 = DIRECTION ( 'NONE',  ( 0.000000000000000000, 0.000000000000000000, 1.000000000000000000 ) ) ;
#2632 = EDGE_CURVE ( 'NONE', #3041, #8905, #1337, .T. ) ;
#2633 = LINE ( 'NONE', #3668, #2356 ) ;
#2634 = CARTESIAN_POINT ( 'NONE',  ( -4.800000000000000711, 0.8000000000000000444, -0.5958405421207638719 ) ) ;
#2635 = AXIS2_PLACEMENT_3D ( 'NONE', #1508, #4884, #5703 ) ;
#2636 = VECTOR ( 'NONE', #3832, 1000.000000000000000 ) ;
#2637 = DIRECTION ( 'NONE',  ( 0.000000000000000000, -1.000000000000000000, 0.000000000000000000 ) ) ;
#2638 = VECTOR ( 'NONE', #5965, 1000.000000000000000 ) ;
#2639 = ORIENTED_EDGE ( 'NONE', *, *, #9728, .F. ) ;
#2640 = ORIENTED_EDGE ( 'NONE', *, *, #5563, .T. ) ;
#2641 =( NAMED_UNIT ( * ) PLANE_ANGLE_UNIT ( ) SI_UNIT ( $, .RADIAN. ) );
#2642 = CARTESIAN_POINT ( 'NONE',  ( -4.350000000000000533, 0.7999999999999999334, 0.3999999999999984679 ) ) ;
#2643 = CIRCLE ( 'NONE', #7214, 0.2500000000000002220 ) ;
#2644 = FILL_AREA_STYLE ('',( #7694 ) ) ;
#2645 = ORIENTED_EDGE ( 'NONE', *, *, #8242, .F. ) ;
#2646 = EDGE_CURVE ( 'NONE', #5641, #5731, #8937, .T. ) ;
#2647 = VECTOR ( 'NONE', #1471, 1000.000000000000000 ) ;
#2648 = EDGE_CURVE ( 'NONE', #10751, #1646, #1850, .T. ) ;
#2649 = DIRECTION ( 'NONE',  ( 1.000000000000000000, 0.000000000000000000, 9.637352644315598694E-16 ) ) ;
#2650 = DIRECTION ( 'NONE',  ( 0.000000000000000000, 1.000000000000000000, 0.000000000000000000 ) ) ;
#2651 = LINE ( 'NONE', #8626, #2505 ) ;
#2652 = CARTESIAN_POINT ( 'NONE',  ( 4.799999999999999822, 0.8000000000000001554, -3.999999999999992450 ) ) ;
#2653 = VECTOR ( 'NONE', #1084, 1000.000000000000000 ) ;
#2654 = DIRECTION ( 'NONE',  ( 0.000000000000000000, 3.252606517456512119E-15, 1.000000000000000000 ) ) ;
#2655 = VECTOR ( 'NONE', #63, 1000.000000000000000 ) ;
#2656 = ORIENTED_EDGE ( 'NONE', *, *, #5150, .T. ) ;
#2657 = VERTEX_POINT ( 'NONE', #6510 ) ;
#2658 = VECTOR ( 'NONE', #1272, 1000.000000000000000 ) ;
#2659 = EDGE_LOOP ( 'NONE', ( #4484, #10066, #9100, #673 ) ) ;
#2660 = EDGE_CURVE ( 'NONE', #4306, #7939, #5460, .T. ) ;
#2661 = DIRECTION ( 'NONE',  ( 0.000000000000000000, 0.000000000000000000, 1.000000000000000000 ) ) ;
#2662 = PLANE ( 'NONE',  #195 ) ;
#2663 = LINE ( 'NONE', #4011, #9727 ) ;
#2664 = CARTESIAN_POINT ( 'NONE',  ( -4.350000000000000533, 0.7999999999999999334, -2.900000000000001688 ) ) ;
#2665 = VECTOR ( 'NONE', #10523, 1000.000000000000000 ) ;
#2666 = DIRECTION ( 'NONE',  ( -2.775557561562891351E-16, -1.000000000000000000, -4.930380657631323784E-32 ) ) ;
#2667 = LINE ( 'NONE', #10698, #9866 ) ;
#2668 = DIRECTION ( 'NONE',  ( 1.000000000000000000, 0.000000000000000000, 0.000000000000000000 ) ) ;
#2669 = MANIFOLD_SOLID_BREP ( 'LPattern2[16]', #8102 ) ;
#2670 = DIRECTION ( 'NONE',  ( 0.000000000000000000, 1.000000000000000000, 0.000000000000000000 ) ) ;
#2671 = LINE ( 'NONE', #8715, #9631 ) ;
#2672 = MECHANICAL_DESIGN_GEOMETRIC_PRESENTATION_REPRESENTATION (  '', ( #2163 ), #767 ) ;
#2674 = ORIENTED_EDGE ( 'NONE', *, *, #2929, .T. ) ;
#2673 = DIRECTION ( 'NONE',  ( -9.637352644315598694E-16, 0.000000000000000000, 1.000000000000000000 ) ) ;
#2675 = ORIENTED_EDGE ( 'NONE', *, *, #4394, .F. ) ;
#2676 = CARTESIAN_POINT ( 'NONE',  ( 0.000000000000000000, 2.200000000000000178, 4.700000000000001066 ) ) ;
#2677 = ADVANCED_FACE ( 'NONE', ( #9211 ), #7304, .F. ) ;
#2678 = LINE ( 'NONE', #5575, #9667 ) ;
#2679 = CARTESIAN_POINT ( 'NONE',  ( 3.899999999999999023, 0.000000000000000000, 3.804159457879236150 ) ) ;
#2680 = CARTESIAN_POINT ( 'NONE',  ( -4.800000000000000711, 0.000000000000000000, 4.799999999999998934 ) ) ;
#2681 = EDGE_CURVE ( 'NONE', #7086, #7203, #1906, .T. ) ;
#2682 = ORIENTED_EDGE ( 'NONE', *, *, #6399, .F. ) ;
#2683 = DIRECTION ( 'NONE',  ( 1.000000000000000000, 0.000000000000000000, -0.000000000000000000 ) ) ;
#2684 = VECTOR ( 'NONE', #9956, 1000.000000000000000 ) ;
#2685 = FACE_OUTER_BOUND ( 'NONE', #8636, .T. ) ;
#2686 = DIRECTION ( 'NONE',  ( 0.000000000000000000, -1.000000000000000000, 0.000000000000000000 ) ) ;
#2687 = LINE ( 'NONE', #1507, #2743 ) ;
#2688 = DIRECTION ( 'NONE',  ( -0.000000000000000000, -1.000000000000000000, -0.000000000000000000 ) ) ;
#2689 = DIRECTION ( 'NONE',  ( -1.000000000000000000, 0.000000000000000000, 0.000000000000000000 ) ) ;
#2690 = UNCERTAINTY_MEASURE_WITH_UNIT (LENGTH_MEASURE( 1.000000000000000082E-05 ), #8586, 'distance_accuracy_value', 'NONE');
#2691 = VECTOR ( 'NONE', #2850, 1000.000000000000000 ) ;
#2692 = ORIENTED_EDGE ( 'NONE', *, *, #1749, .F. ) ;
#2693 = ORIENTED_EDGE ( 'NONE', *, *, #8380, .F. ) ;
#2694 = DIRECTION ( 'NONE',  ( 0.000000000000000000, -1.000000000000000000, 0.000000000000000000 ) ) ;
#2695 = CARTESIAN_POINT ( 'NONE',  ( 3.899999999999999023, 0.000000000000000000, 2.899999999999999023 ) ) ;
#2696 = VECTOR ( 'NONE', #3730, 1000.000000000000000 ) ;
#2697 = ORIENTED_EDGE ( 'NONE', *, *, #5787, .T. ) ;
#2698 = DIRECTION ( 'NONE',  ( 1.000000000000000000, 0.000000000000000000, 9.637352644315598694E-16 ) ) ;
#2699 = EDGE_CURVE ( 'NONE', #94, #10802, #9166, .T. ) ;
#2700 = AXIS2_PLACEMENT_3D ( 'NONE', #784, #9932, #3316 ) ;
#2701 = CARTESIAN_POINT ( 'NONE',  ( 4.100000000000000533, 2.199999999999999289, 4.299999999999999822 ) ) ;
#2702 = DIRECTION ( 'NONE',  ( -0.000000000000000000, -0.000000000000000000, -1.000000000000000000 ) ) ;
#2703 = DIRECTION ( 'NONE',  ( -1.000000000000000000, -2.409338161078908548E-16, 0.000000000000000000 ) ) ;
#2704 = LINE ( 'NONE', #10660, #2647 ) ;
#2705 = CARTESIAN_POINT ( 'NONE',  ( 4.350000000000000533, 0.4000000000000000222, 2.899999999999999023 ) ) ;
#2706 = CARTESIAN_POINT ( 'NONE',  ( 4.799999999999998934, 0.000000000000000000, 2.704159457879236506 ) ) ;
#2707 = EDGE_CURVE ( 'NONE', #3319, #2400, #8989, .T. ) ;
#2708 = VECTOR ( 'NONE', #6852, 1000.000000000000000 ) ;
#2709 = LINE ( 'NONE', #10616, #2726 ) ;
#2710 = LINE ( 'NONE', #9714, #2549 ) ;
#2711 = ORIENTED_EDGE ( 'NONE', *, *, #9061, .F. ) ;
#2712 = VERTEX_POINT ( 'NONE', #6053 ) ;
#2713 = DIRECTION ( 'NONE',  ( -0.000000000000000000, 0.000000000000000000, 1.000000000000000000 ) ) ;
#2714 = DIRECTION ( 'NONE',  ( 0.000000000000000000, 0.000000000000000000, -1.000000000000000000 ) ) ;
#2715 = LINE ( 'NONE', #5564, #6648 ) ;
#2716 = DIRECTION ( 'NONE',  ( 1.000000000000000000, 0.000000000000000000, -0.000000000000000000 ) ) ;
#2717 = ORIENTED_EDGE ( 'NONE', *, *, #9566, .T. ) ;
#2718 = EDGE_CURVE ( 'NONE', #938, #8154, #5371, .T. ) ;
#2719 = VECTOR ( 'NONE', #9354, 1000.000000000000000 ) ;
#2720 = AXIS2_PLACEMENT_3D ( 'NONE', #207, #4427, #10068 ) ;
#2721 = PLANE ( 'NONE',  #1658 ) ;
#2722 = DIRECTION ( 'NONE',  ( 1.000000000000000000, 0.000000000000000000, 9.637352644315598694E-16 ) ) ;
#2723 = VECTOR ( 'NONE', #960, 1000.000000000000000 ) ;
#2724 = EDGE_CURVE ( 'NONE', #3759, #818, #5495, .T. ) ;
#2725 = CARTESIAN_POINT ( 'NONE',  ( -3.399999999999997691, 1.200000000000000622, 4.500000000000004441 ) ) ;
#2726 = VECTOR ( 'NONE', #3899, 1000.000000000000000 ) ;
#2727 = CARTESIAN_POINT ( 'NONE',  ( 4.099999999999996092, 1.200000000000002176, 5.000000000000005329 ) ) ;
#2728 = LINE ( 'NONE', #4330, #2638 ) ;
#2729 = ORIENTED_EDGE ( 'NONE', *, *, #10268, .F. ) ;
#2730 = ORIENTED_EDGE ( 'NONE', *, *, #2779, .T. ) ;
#2731 = CARTESIAN_POINT ( 'NONE',  ( 4.799999999999998934, 0.8000000000000000444, 2.449999999999998401 ) ) ;
#2732 = VECTOR ( 'NONE', #2540, 1000.000000000000000 ) ;
#2733 = VERTEX_POINT ( 'NONE', #2841 ) ;
#2734 = CARTESIAN_POINT ( 'NONE',  ( 4.350000000000000533, 0.8000000000000000444, 2.899999999999999023 ) ) ;
#2735 = ORIENTED_EDGE ( 'NONE', *, *, #8785, .T. ) ;
#2736 = CARTESIAN_POINT ( 'NONE',  ( -4.800000000000000711, 0.8000000000000000444, 5.000000000000000000 ) ) ;
#2737 = ADVANCED_FACE ( 'NONE', ( #8970 ), #1112, .T. ) ;
#2738 = LINE ( 'NONE', #10369, #10109 ) ;
#2739 = DIRECTION ( 'NONE',  ( -0.000000000000000000, -0.000000000000000000, -1.000000000000000000 ) ) ;
#2740 = EDGE_CURVE ( 'NONE', #4726, #1580, #5443, .T. ) ;
#2741 = LINE ( 'NONE', #2000, #9712 ) ;
#2742 = CARTESIAN_POINT ( 'NONE',  ( 0.000000000000000000, 0.4000000000000000222, 4.400000000000000355 ) ) ;
#2743 = VECTOR ( 'NONE', #3303, 1000.000000000000000 ) ;
#2744 = DIRECTION ( 'NONE',  ( -0.000000000000000000, -0.000000000000000000, 1.000000000000000000 ) ) ;
#2745 = LINE ( 'NONE', #5813, #6079 ) ;
#2747 = ORIENTED_EDGE ( 'NONE', *, *, #1877, .T. ) ;
#2746 = CARTESIAN_POINT ( 'NONE',  ( 3.899999999999999023, 0.4000000000000000222, 2.600000000000005862 ) ) ;
#2748 = ORIENTED_EDGE ( 'NONE', *, *, #8475, .F. ) ;
#2749 = PLANE ( 'NONE',  #5199 ) ;
#2750 = VECTOR ( 'NONE', #1338, 1000.000000000000000 ) ;
#2751 = DIRECTION ( 'NONE',  ( -0.000000000000000000, -0.000000000000000000, -1.000000000000000000 ) ) ;
#2752 = ORIENTED_EDGE ( 'NONE', *, *, #3374, .F. ) ;
#2753 = CARTESIAN_POINT ( 'NONE',  ( -3.900000000000000799, 0.000000000000000000, 4.799999999999999822 ) ) ;
#2754 = ORIENTED_EDGE ( 'NONE', *, *, #2758, .T. ) ;
#2755 = CARTESIAN_POINT ( 'NONE',  ( 4.350000000000000533, 0.4000000000000000222, -0.4000000000000010214 ) ) ;
#2756 = VECTOR ( 'NONE', #8901, 1000.000000000000000 ) ;
#2757 = FACE_OUTER_BOUND ( 'NONE', #199, .T. ) ;
#2758 = EDGE_CURVE ( 'NONE', #8131, #9184, #9077, .T. ) ;
#2759 = ADVANCED_FACE ( 'NONE', ( #1873 ), #10335, .F. ) ;
#2760 = FACE_OUTER_BOUND ( 'NONE', #10301, .T. ) ;
#2761 = DIRECTION ( 'NONE',  ( 0.000000000000000000, 0.000000000000000000, -1.000000000000000000 ) ) ;
#2762 = STYLED_ITEM ( 'NONE', ( #941 ), #6184 ) ;
#2763 = DIRECTION ( 'NONE',  ( 0.000000000000000000, 0.000000000000000000, 1.000000000000000000 ) ) ;
#2764 = LINE ( 'NONE', #396, #6186 ) ;
#2765 = EDGE_CURVE ( 'NONE', #7899, #8979, #9101, .T. ) ;
#2766 = ORIENTED_EDGE ( 'NONE', *, *, #10575, .F. ) ;
#2767 = ORIENTED_EDGE ( 'NONE', *, *, #5898, .T. ) ;
#2768 = CARTESIAN_POINT ( 'NONE',  ( 4.799999999999998934, 0.8000000000000000444, 5.000000000000000000 ) ) ;
#2769 = ADVANCED_FACE ( 'NONE', ( #5591 ), #972, .F. ) ;
#2770 = CARTESIAN_POINT ( 'NONE',  ( -4.350000000000000533, 0.7999999999999999334, -2.600000000000000977 ) ) ;
#2771 = SURFACE_STYLE_FILL_AREA ( #4863 ) ;
#2772 = ORIENTED_EDGE ( 'NONE', *, *, #162, .F. ) ;
#2773 = AXIS2_PLACEMENT_3D ( 'NONE', #2240, #5497, #5624 ) ;
#2774 = DIRECTION ( 'NONE',  ( -1.000000000000000000, 0.000000000000000000, -0.000000000000000000 ) ) ;
#2775 = PLANE ( 'NONE',  #4290 ) ;
#2776 = CLOSED_SHELL ( 'NONE', ( #4917, #3318, #68, #2332, #6778, #7712, #9387, #4389, #5046, #625 ) ) ;
#2777 = CARTESIAN_POINT ( 'NONE',  ( 4.800000000000000711, 0.7999999999999999334, -4.000000000000000888 ) ) ;
#2778 = DIRECTION ( 'NONE',  ( 0.000000000000000000, 0.000000000000000000, -1.000000000000000000 ) ) ;
#2779 = EDGE_CURVE ( 'NONE', #1757, #5055, #5357, .T. ) ;
#2780 = CARTESIAN_POINT ( 'NONE',  ( -4.800000000000000711, 0.4000000000000000222, -4.000000000000001776 ) ) ;
#2781 = FILL_AREA_STYLE ('',( #1123 ) ) ;
#2782 = SURFACE_STYLE_FILL_AREA ( #1711 ) ;
#2783 = VECTOR ( 'NONE', #1433, 1000.000000000000000 ) ;
#2784 = EDGE_CURVE ( 'NONE', #7476, #10352, #5531, .T. ) ;
#2785 = FACE_OUTER_BOUND ( 'NONE', #1561, .T. ) ;
#2786 = ORIENTED_EDGE ( 'NONE', *, *, #10322, .T. ) ;
#2787 = ORIENTED_EDGE ( 'NONE', *, *, #6254, .F. ) ;
#2788 = DIRECTION ( 'NONE',  ( -1.000000000000000000, 0.000000000000000000, -9.637352644315598694E-16 ) ) ;
#2789 = VECTOR ( 'NONE', #4096, 1000.000000000000000 ) ;
#2790 = CARTESIAN_POINT ( 'NONE',  ( -1.399999999999998135, 1.200000000000002176, 5.000000000000005329 ) ) ;
#2791 = ORIENTED_EDGE ( 'NONE', *, *, #6386, .F. ) ;
#2792 = ADVANCED_FACE ( 'NONE', ( #5548 ), #3545, .F. ) ;
#2793 = ORIENTED_EDGE ( 'NONE', *, *, #408, .T. ) ;
#2794 = VECTOR ( 'NONE', #9904, 1000.000000000000000 ) ;
#2795 = EDGE_CURVE ( 'NONE', #5346, #3162, #5562, .T. ) ;
#2796 = CARTESIAN_POINT ( 'NONE',  ( -3.900000000000000799, 0.000000000000000000, -1.500000000000001332 ) ) ;
#2797 = LINE ( 'NONE', #15, #6661 ) ;
#2798 = PLANE ( 'NONE',  #7161 ) ;
#2799 =( NAMED_UNIT ( * ) PLANE_ANGLE_UNIT ( ) SI_UNIT ( $, .RADIAN. ) );
#2800 = VECTOR ( 'NONE', #411, 1000.000000000000000 ) ;
#2801 = DIRECTION ( 'NONE',  ( 0.000000000000000000, 1.000000000000000000, 0.000000000000000000 ) ) ;
#2802 = EDGE_CURVE ( 'NONE', #5440, #1587, #9180, .T. ) ;
#2803 = ORIENTED_EDGE ( 'NONE', *, *, #9639, .F. ) ;
#2804 = ORIENTED_EDGE ( 'NONE', *, *, #1980, .T. ) ;
#2805 = DIRECTION ( 'NONE',  ( -0.000000000000000000, -0.000000000000000000, 1.000000000000000000 ) ) ;
#2806 = LINE ( 'NONE', #4933, #6416 ) ;
#2807 = VERTEX_POINT ( 'NONE', #5980 ) ;
#2808 = CARTESIAN_POINT ( 'NONE',  ( 3.899999999999999023, 0.000000000000000000, -1.799999999999992939 ) ) ;
#2809 = ORIENTED_EDGE ( 'NONE', *, *, #9610, .F. ) ;
#2810 = DIRECTION ( 'NONE',  ( 3.614007241618346010E-15, 1.000000000000000000, -2.891205793294677044E-15 ) ) ;
#2811 = FACE_OUTER_BOUND ( 'NONE', #1395, .T. ) ;
#2812 = AXIS2_PLACEMENT_3D ( 'NONE', #9691, #756, #10509 ) ;
#2813 = ADVANCED_FACE ( 'NONE', ( #9146 ), #5605, .F. ) ;
#2814 = DIRECTION ( 'NONE',  ( 0.000000000000000000, 0.000000000000000000, -1.000000000000000000 ) ) ;
#2815 = EDGE_CURVE ( 'NONE', #7520, #8131, #1983, .T. ) ;
#2816 = CARTESIAN_POINT ( 'NONE',  ( -4.350000000000000533, 0.8010000000000000453, 0.3999999999999993006 ) ) ;
#2817 = FACE_OUTER_BOUND ( 'NONE', #4927, .T. ) ;
#2818 = AXIS2_PLACEMENT_3D ( 'NONE', #3194, #8258, #5741 ) ;
#2819 = CARTESIAN_POINT ( 'NONE',  ( 4.350000000000000533, 0.7999999999999999334, 1.799999999999998712 ) ) ;
#2820 = CARTESIAN_POINT ( 'NONE',  ( 4.799999999999998934, 0.8000000000000000444, 1.799999999999998712 ) ) ;
#2822 = ORIENTED_EDGE ( 'NONE', *, *, #306, .F. ) ;
#2821 = CARTESIAN_POINT ( 'NONE',  ( -3.900000000000000799, 0.000000000000000000, -0.7000000000000009548 ) ) ;
#2823 = ORIENTED_EDGE ( 'NONE', *, *, #5999, .T. ) ;
#2824 = CARTESIAN_POINT ( 'NONE',  ( 3.899999999999999023, 0.4000000000000000222, -4.800000000000001599 ) ) ;
#2825 = LINE ( 'NONE', #6833, #3350 ) ;
#2826 = DIRECTION ( 'NONE',  ( 0.000000000000000000, -3.491481338843133355E-15, -1.000000000000000000 ) ) ;
#2827 = VERTEX_POINT ( 'NONE', #9456 ) ;
#2828 = CARTESIAN_POINT ( 'NONE',  ( 3.899999999999999023, 0.000000000000000000, 1.604159457879236195 ) ) ;
#2829 = ORIENTED_EDGE ( 'NONE', *, *, #4928, .F. ) ;
#2830 = CARTESIAN_POINT ( 'NONE',  ( 4.799999999999998934, 0.000000000000000000, 0.2499999999999985012 ) ) ;
#2831 = LINE ( 'NONE', #2461, #10163 ) ;
#2832 = UNCERTAINTY_MEASURE_WITH_UNIT (LENGTH_MEASURE( 1.000000000000000082E-05 ), #4055, 'distance_accuracy_value', 'NONE');
#2833 = VECTOR ( 'NONE', #3644, 1000.000000000000000 ) ;
#2834 = VECTOR ( 'NONE', #8151, 1000.000000000000000 ) ;
#2835 = CARTESIAN_POINT ( 'NONE',  ( -4.350000000000000533, 0.8000000000000000444, 0.6999999999999992895 ) ) ;
#2836 = CARTESIAN_POINT ( 'NONE',  ( -4.800000000000000711, 0.8000000000000000444, 4.904159457879235795 ) ) ;
#2837 = EDGE_CURVE ( 'NONE', #6750, #1772, #1768, .T. ) ;
#2838 = AXIS2_PLACEMENT_3D ( 'NONE', #2701, #1195, #2019 ) ;
#2839 = ORIENTED_EDGE ( 'NONE', *, *, #1877, .F. ) ;
#2840 = VERTEX_POINT ( 'NONE', #4570 ) ;
#2841 = CARTESIAN_POINT ( 'NONE',  ( 4.799999999999998934, 0.000000000000000000, -4.150000000000002132 ) ) ;
#2842 = EDGE_CURVE ( 'NONE', #6368, #4961, #1678, .T. ) ;
#2843 = PLANE ( 'NONE',  #4742 ) ;
#2844 = VECTOR ( 'NONE', #3942, 1000.000000000000000 ) ;
#2845 = VERTEX_POINT ( 'NONE', #1539 ) ;
#2846 = CARTESIAN_POINT ( 'NONE',  ( 3.899999999999999023, 0.4000000000000000222, 3.699999999999999289 ) ) ;
#2847 = CARTESIAN_POINT ( 'NONE',  ( 4.799999999999998934, 0.000000000000000000, 2.899999999999999023 ) ) ;
#2848 = VERTEX_POINT ( 'NONE', #642 ) ;
#2849 = DIRECTION ( 'NONE',  ( -0.000000000000000000, -0.000000000000000000, 1.000000000000000000 ) ) ;
#2850 = DIRECTION ( 'NONE',  ( -0.000000000000000000, -1.000000000000000000, -0.000000000000000000 ) ) ;
#2851 = PLANE ( 'NONE',  #6250 ) ;
#2852 = DIRECTION ( 'NONE',  ( 5.551115123125782702E-17, 1.000000000000000000, -7.888609052210121557E-31 ) ) ;
#2853 = FACE_OUTER_BOUND ( 'NONE', #9048, .T. ) ;
#2854 = ADVANCED_FACE ( 'NONE', ( #8896 ), #9661, .F. ) ;
#2855 = EDGE_CURVE ( 'NONE', #1027, #1069, #8916, .T. ) ;
#2856 = ORIENTED_EDGE ( 'NONE', *, *, #7726, .T. ) ;
#2857 = ORIENTED_EDGE ( 'NONE', *, *, #3117, .T. ) ;
#2858 = EDGE_CURVE ( 'NONE', #7354, #5687, #5405, .T. ) ;
#2859 = CARTESIAN_POINT ( 'NONE',  ( -3.900000000000000799, 0.4000000000000000222, -3.700000000000001066 ) ) ;
#2860 = ADVANCED_FACE ( 'NONE', ( #5711 ), #6400, .F. ) ;
#2861 = LINE ( 'NONE', #5152, #6382 ) ;
#2862 = CARTESIAN_POINT ( 'NONE',  ( 0.000000000000000000, 0.000000000000000000, -1.500000000000001332 ) ) ;
#2863 = VERTEX_POINT ( 'NONE', #796 ) ;
#2864 = EDGE_CURVE ( 'NONE', #1157, #7976, #5748, .T. ) ;
#2865 = ORIENTED_EDGE ( 'NONE', *, *, #3061, .F. ) ;
#2866 = VECTOR ( 'NONE', #2250, 1000.000000000000000 ) ;
#2867 = PLANE ( 'NONE',  #4545 ) ;
#2868 = DIRECTION ( 'NONE',  ( 0.000000000000000000, -1.000000000000000000, 0.000000000000000000 ) ) ;
#2869 = VECTOR ( 'NONE', #5990, 1000.000000000000000 ) ;
#2870 = CARTESIAN_POINT ( 'NONE',  ( -4.350000000000000533, 0.4000000000000000222, 1.604159457879236195 ) ) ;
#2871 = CYLINDRICAL_SURFACE ( 'NONE', #5306, 0.2500000000000004441 ) ;
#2872 = DIRECTION ( 'NONE',  ( -6.310887241768093042E-30, 7.888609052210111048E-31, 1.000000000000000000 ) ) ;
#2873 = VERTEX_POINT ( 'NONE', #2354 ) ;
#2874 = EDGE_CURVE ( 'NONE', #5129, #7757, #9357, .T. ) ;
#2875 = ORIENTED_EDGE ( 'NONE', *, *, #9634, .F. ) ;
#2876 = CARTESIAN_POINT ( 'NONE',  ( 4.350000000000000533, 0.4000000000000000222, 3.999999999999999112 ) ) ;
#2877 = ORIENTED_EDGE ( 'NONE', *, *, #6117, .T. ) ;
#2878 = VERTEX_POINT ( 'NONE', #4078 ) ;
#2879 = EDGE_CURVE ( 'NONE', #4171, #4841, #2362, .T. ) ;
#2880 = PLANE ( 'NONE',  #3733 ) ;
#2881 = VECTOR ( 'NONE', #7630, 1000.000000000000000 ) ;
#2882 = CARTESIAN_POINT ( 'NONE',  ( 0.000000000000000000, 2.399999999999999911, 0.000000000000000000 ) ) ;
#2883 = FACE_OUTER_BOUND ( 'NONE', #3485, .T. ) ;
#2884 = DIRECTION ( 'NONE',  ( -0.000000000000000000, -0.000000000000000000, -1.000000000000000000 ) ) ;
#2885 = VECTOR ( 'NONE', #3084, 1000.000000000000000 ) ;
#2886 = CARTESIAN_POINT ( 'NONE',  ( 3.899999999999999023, 0.4000000000000000222, -2.900000000000000799 ) ) ;
#2888 = ORIENTED_EDGE ( 'NONE', *, *, #6211, .F. ) ;
#2887 = CARTESIAN_POINT ( 'NONE',  ( -3.900000000000000799, 0.4000000000000000222, -4.000000000000000888 ) ) ;
#2889 = ORIENTED_EDGE ( 'NONE', *, *, #6895, .T. ) ;
#2890 = CARTESIAN_POINT ( 'NONE',  ( 1.399999999999998135, 0.7999999999999990452, 4.700000000000005507 ) ) ;
#2891 = CARTESIAN_POINT ( 'NONE',  ( 3.899999999999999023, 0.4000000000000000222, 2.899999999999999023 ) ) ;
#2892 = ADVANCED_FACE ( 'NONE', ( #2296 ), #8865, .F. ) ;
#2893 = VERTEX_POINT ( 'NONE', #2221 ) ;
#2894 =( NAMED_UNIT ( * ) SI_UNIT ( $, .STERADIAN. ) SOLID_ANGLE_UNIT ( ) );
#2895 =( GEOMETRIC_REPRESENTATION_CONTEXT ( 3 ) GLOBAL_UNCERTAINTY_ASSIGNED_CONTEXT ( ( #8998 ) ) GLOBAL_UNIT_ASSIGNED_CONTEXT ( ( #6809, #3490, #1691 ) ) REPRESENTATION_CONTEXT ( 'NONE', 'WORKASPACE' ) );
#2896 = ORIENTED_EDGE ( 'NONE', *, *, #5173, .T. ) ;
#2897 = DIRECTION ( 'NONE',  ( 0.000000000000000000, -1.000000000000000000, 0.000000000000000000 ) ) ;
#2898 = VECTOR ( 'NONE', #9551, 1000.000000000000000 ) ;
#2899 = EDGE_CURVE ( 'NONE', #3591, #5191, #5784, .T. ) ;
#2900 = ADVANCED_FACE ( 'NONE', ( #5823 ), #4001, .F. ) ;
#2901 = LINE ( 'NONE', #9886, #10093 ) ;
#2902 = LINE ( 'NONE', #9125, #10047 ) ;
#2903 = CARTESIAN_POINT ( 'NONE',  ( -4.800000000000000711, 0.8000000000000000444, -4.800000000000001599 ) ) ;
#2904 = AXIS2_PLACEMENT_3D ( 'NONE', #7541, #1821, #10145 ) ;
#2905 = ORIENTED_EDGE ( 'NONE', *, *, #5746, .F. ) ;
#2906 = ORIENTED_EDGE ( 'NONE', *, *, #5353, .F. ) ;
#2907 = DIRECTION ( 'NONE',  ( 1.000000000000000000, -2.409338161078899674E-16, 0.000000000000000000 ) ) ;
#2908 = COLOUR_RGB ( '',1.000000000000000000, 0.8117647058823529438, 0.5019607843137254832 ) ;
#2909 = ORIENTED_EDGE ( 'NONE', *, *, #7746, .T. ) ;
#2910 = EDGE_CURVE ( 'NONE', #1269, #551, #2260, .T. ) ;
#2911 = CARTESIAN_POINT ( 'NONE',  ( 3.899999999999999023, 0.4000000000000000222, 3.999999999999999112 ) ) ;
#2912 = CARTESIAN_POINT ( 'NONE',  ( -3.900000000000000799, 0.000000000000000000, 2.704159457879236506 ) ) ;
#2913 = ORIENTED_EDGE ( 'NONE', *, *, #9745, .F. ) ;
#2914 = CARTESIAN_POINT ( 'NONE',  ( -4.800000000000000711, 0.000000000000000000, 3.999999999999999112 ) ) ;
#2915 = PRESENTATION_STYLE_ASSIGNMENT (( #6497 ) ) ;
#2916 = CARTESIAN_POINT ( 'NONE',  ( -4.800000000000000711, 0.8000000000000000444, 5.000000000000000000 ) ) ;
#2917 = PLANE ( 'NONE',  #6594 ) ;
#2918 = LINE ( 'NONE', #4855, #10285 ) ;
#2919 = LINE ( 'NONE', #1362, #6841 ) ;
#2920 = PRESENTATION_LAYER_ASSIGNMENT (  '', '', ( #10057 ) ) ;
#2921 = ORIENTED_EDGE ( 'NONE', *, *, #4963, .F. ) ;
#2922 = ORIENTED_EDGE ( 'NONE', *, *, #3228, .T. ) ;
#2923 = DIRECTION ( 'NONE',  ( -1.000000000000000000, 0.000000000000000000, 2.465190328815661892E-32 ) ) ;
#2924 = LINE ( 'NONE', #2994, #10103 ) ;
#2925 = EDGE_CURVE ( 'NONE', #8131, #1757, #2021, .T. ) ;
#2926 = CARTESIAN_POINT ( 'NONE',  ( 3.399999999999995914, 1.598554689981426128E-14, -4.700000000000008171 ) ) ;
#2927 = ORIENTED_EDGE ( 'NONE', *, *, #3349, .F. ) ;
#2928 = VERTEX_POINT ( 'NONE', #4775 ) ;
#2929 = EDGE_CURVE ( 'NONE', #4879, #6119, #5668, .T. ) ;
#2930 = CARTESIAN_POINT ( 'NONE',  ( -4.350000000000000533, 0.4000000000000000222, 2.899999999999999023 ) ) ;
#2931 = PLANE ( 'NONE',  #5080 ) ;
#2932 = LINE ( 'NONE', #5349, #2963 ) ;
#2933 = PLANE ( 'NONE',  #266 ) ;
#2934 = CARTESIAN_POINT ( 'NONE',  ( 4.799999999999998934, 0.8000000000000000444, 0.6999999999999992895 ) ) ;
#2935 = ADVANCED_FACE ( 'NONE', ( #9554 ), #5604, .F. ) ;
#2936 = FACE_OUTER_BOUND ( 'NONE', #10192, .T. ) ;
#2937 = DIRECTION ( 'NONE',  ( -0.000000000000000000, -0.000000000000000000, 1.000000000000000000 ) ) ;
#2938 = VERTEX_POINT ( 'NONE', #6264 ) ;
#2939 = EDGE_LOOP ( 'NONE', ( #6309, #9935, #10221, #5227 ) ) ;
#2940 = DIRECTION ( 'NONE',  ( 0.000000000000000000, 0.000000000000000000, 1.000000000000000000 ) ) ;
#2941 = AXIS2_PLACEMENT_3D ( 'NONE', #8594, #9413, #10364 ) ;
#2942 = FACE_OUTER_BOUND ( 'NONE', #9231, .T. ) ;
#2943 = LINE ( 'NONE', #7706, #10425 ) ;
#2944 = EDGE_LOOP ( 'NONE', ( #5581, #5754, #3131, #5330 ) ) ;
#2945 = PLANE ( 'NONE',  #7722 ) ;
#2946 = EDGE_CURVE ( 'NONE', #2117, #3757, #9324, .T. ) ;
#2947 = ORIENTED_EDGE ( 'NONE', *, *, #7330, .F. ) ;
#2948 = CARTESIAN_POINT ( 'NONE',  ( 3.899999999999999023, 0.000000000000000000, -1.500000000000001332 ) ) ;
#2949 = VECTOR ( 'NONE', #5536, 1000.000000000000000 ) ;
#2950 = CARTESIAN_POINT ( 'NONE',  ( 4.799999999999998934, 0.8000000000000000444, 5.000000000000000000 ) ) ;
#2951 = LINE ( 'NONE', #693, #2834 ) ;
#2952 = CARTESIAN_POINT ( 'NONE',  ( 4.799999999999998934, 0.8000000000000000444, -5.000000000000000000 ) ) ;
#2953 = CARTESIAN_POINT ( 'NONE',  ( 4.800000000000000711, 0.000000000000000000, -2.200000000000001954 ) ) ;
#2954 = ORIENTED_EDGE ( 'NONE', *, *, #8451, .T. ) ;
#2955 = ORIENTED_EDGE ( 'NONE', *, *, #2403, .T. ) ;
#2956 = FACE_OUTER_BOUND ( 'NONE', #6941, .T. ) ;
#2957 = DIRECTION ( 'NONE',  ( 0.000000000000000000, 0.000000000000000000, 1.000000000000000000 ) ) ;
#2958 = VECTOR ( 'NONE', #10022, 1000.000000000000000 ) ;
#2959 = EDGE_LOOP ( 'NONE', ( #10154, #9145, #4322, #5775 ) ) ;
#2960 = CARTESIAN_POINT ( 'NONE',  ( -4.800000000000000711, 0.8000000000000000444, 2.899999999999999023 ) ) ;
#2961 = VERTEX_POINT ( 'NONE', #6333 ) ;
#2962 = EDGE_CURVE ( 'NONE', #9965, #8046, #2109, .T. ) ;
#2963 = VECTOR ( 'NONE', #657, 1000.000000000000000 ) ;
#2964 = EDGE_CURVE ( 'NONE', #7414, #9054, #9385, .T. ) ;
#2965 = FACE_OUTER_BOUND ( 'NONE', #3974, .T. ) ;
#2966 = DIRECTION ( 'NONE',  ( -0.000000000000000000, -0.000000000000000000, -1.000000000000000000 ) ) ;
#2967 = DIRECTION ( 'NONE',  ( -0.000000000000000000, -3.252606517456512119E-15, -1.000000000000000000 ) ) ;
#2968 = DIRECTION ( 'NONE',  ( 0.000000000000000000, -0.000000000000000000, -1.000000000000000000 ) ) ;
#2969 = ORIENTED_EDGE ( 'NONE', *, *, #1565, .F. ) ;
#2970 = VERTEX_POINT ( 'NONE', #8390 ) ;
#2971 = CARTESIAN_POINT ( 'NONE',  ( -3.900000000000000799, 0.000000000000000000, -1.500000000000001332 ) ) ;
#2972 = DIRECTION ( 'NONE',  ( -0.000000000000000000, -1.000000000000000000, -0.000000000000000000 ) ) ;
#2973 = ADVANCED_FACE ( 'NONE', ( #5909 ), #9220, .T. ) ;
#2974 = LINE ( 'NONE', #8465, #10402 ) ;
#2975 = VERTEX_POINT ( 'NONE', #7548 ) ;
#2976 = CARTESIAN_POINT ( 'NONE',  ( -4.800000000000000711, 0.000000000000000000, 2.704159457879236506 ) ) ;
#2977 = CARTESIAN_POINT ( 'NONE',  ( -4.800000000000000711, 5.421010862427522170E-17, -4.150000000000002132 ) ) ;
#2978 = DIRECTION ( 'NONE',  ( -1.000000000000000000, -2.409338161078908548E-16, -9.637352644315598694E-16 ) ) ;
#2979 = ORIENTED_EDGE ( 'NONE', *, *, #6128, .T. ) ;
#2980 = EDGE_CURVE ( 'NONE', #8551, #1819, #5971, .T. ) ;
#2981 =( LENGTH_UNIT ( ) NAMED_UNIT ( * ) SI_UNIT ( .MILLI., .METRE. ) );
#2982 = DIRECTION ( 'NONE',  ( -0.000000000000000000, 1.000000000000000000, -0.000000000000000000 ) ) ;
#2983 = FACE_OUTER_BOUND ( 'NONE', #6995, .T. ) ;
#2984 = CARTESIAN_POINT ( 'NONE',  ( 4.099999999999997868, 2.200000000000000178, -4.500000000000001776 ) ) ;
#2985 = EDGE_CURVE ( 'NONE', #9652, #4215, #2243, .T. ) ;
#2986 = FACE_OUTER_BOUND ( 'NONE', #4754, .T. ) ;
#2987 = VECTOR ( 'NONE', #8913, 1000.000000000000000 ) ;
#2988 = ORIENTED_EDGE ( 'NONE', *, *, #4099, .F. ) ;
#2989 = ORIENTED_EDGE ( 'NONE', *, *, #1131, .F. ) ;
#2990 = VERTEX_POINT ( 'NONE', #9943 ) ;
#2991 = DIRECTION ( 'NONE',  ( -9.637352644315598694E-16, 0.000000000000000000, 1.000000000000000000 ) ) ;
#2992 = VECTOR ( 'NONE', #1407, 1000.000000000000000 ) ;
#2993 = LINE ( 'NONE', #10487, #10296 ) ;
#2994 = CARTESIAN_POINT ( 'NONE',  ( 3.899999999999999023, 0.4000000000000000222, 1.500000000000007327 ) ) ;
#2995 = ORIENTED_EDGE ( 'NONE', *, *, #1232, .F. ) ;
#2996 = ORIENTED_EDGE ( 'NONE', *, *, #7632, .F. ) ;
#2997 = ADVANCED_FACE ( 'NONE', ( #2052 ), #4224, .F. ) ;
#2998 = VECTOR ( 'NONE', #3822, 1000.000000000000000 ) ;
#2999 = CARTESIAN_POINT ( 'NONE',  ( 4.350000000000000533, 0.7999999999999999334, -1.799999999999992939 ) ) ;
#3000 = LINE ( 'NONE', #2780, #2833 ) ;
#3001 = CARTESIAN_POINT ( 'NONE',  ( 3.899999999999999023, 0.3999999999999999667, -2.795840542120763939 ) ) ;
#3002 = CARTESIAN_POINT ( 'NONE',  ( 4.350000000000000533, 0.4000000000000000222, 1.604159457879236195 ) ) ;
#3003 = EDGE_CURVE ( 'NONE', #6868, #7710, #2194, .T. ) ;
#3004 = AXIS2_PLACEMENT_3D ( 'NONE', #6372, #7291, #3148 ) ;
#3005 = CARTESIAN_POINT ( 'NONE',  ( 4.350000000000000533, 0.8010000000000000453, -2.900000000000000799 ) ) ;
#3006 = EDGE_LOOP ( 'NONE', ( #477, #7551, #4024, #6634 ) ) ;
#3007 = VERTEX_POINT ( 'NONE', #9039 ) ;
#3008 = EDGE_CURVE ( 'NONE', #3963, #1375, #9402, .T. ) ;
#3009 = FACE_OUTER_BOUND ( 'NONE', #6121, .T. ) ;
#3010 = FACE_OUTER_BOUND ( 'NONE', #1285, .T. ) ;
#3011 = EDGE_LOOP ( 'NONE', ( #5733, #4463, #9443, #7782 ) ) ;
#3012 = AXIS2_PLACEMENT_3D ( 'NONE', #7351, #8196, #9034 ) ;
#3013 = CARTESIAN_POINT ( 'NONE',  ( -4.350000000000000533, 0.7999999999999999334, -0.7000000000000018430 ) ) ;
#3014 = ORIENTED_EDGE ( 'NONE', *, *, #2254, .T. ) ;
#3015 = DIRECTION ( 'NONE',  ( -1.000000000000000000, 0.000000000000000000, -9.637352644315598694E-16 ) ) ;
#3016 = LINE ( 'NONE', #5634, #10283 ) ;
#3017 = CARTESIAN_POINT ( 'NONE',  ( -3.900000000000000799, 0.000000000000000000, 0.6999999999999992895 ) ) ;
#3018 = VECTOR ( 'NONE', #8406, 1000.000000000000000 ) ;
#3019 = CARTESIAN_POINT ( 'NONE',  ( 3.899999999999999023, 0.4000000000000000222, 1.500000000000006439 ) ) ;
#3020 = ADVANCED_FACE ( 'NONE', ( #9505 ), #8414, .F. ) ;
#3021 = CARTESIAN_POINT ( 'NONE',  ( 4.799999999999998934, 0.000000000000000000, 3.804159457879236150 ) ) ;
#3022 = EDGE_CURVE ( 'NONE', #4842, #5344, #9227, .T. ) ;
#3023 = DIRECTION ( 'NONE',  ( -0.000000000000000000, 1.000000000000000000, -0.000000000000000000 ) ) ;
#3024 = EDGE_LOOP ( 'NONE', ( #6584, #10549, #9135, #5670 ) ) ;
#3025 = ORIENTED_EDGE ( 'NONE', *, *, #878, .F. ) ;
#3026 = DIRECTION ( 'NONE',  ( 1.000000000000000000, 0.000000000000000000, 0.000000000000000000 ) ) ;
#3027 = ADVANCED_FACE ( 'NONE', ( #5650 ), #8342, .F. ) ;
#3028 = EDGE_CURVE ( 'NONE', #7496, #3580, #5875, .T. ) ;
#3029 = FACE_OUTER_BOUND ( 'NONE', #1353, .T. ) ;
#3030 =( NAMED_UNIT ( * ) SI_UNIT ( $, .STERADIAN. ) SOLID_ANGLE_UNIT ( ) );
#3031 = FACE_OUTER_BOUND ( 'NONE', #788, .T. ) ;
#3032 = ORIENTED_EDGE ( 'NONE', *, *, #3912, .T. ) ;
#3033 = ORIENTED_EDGE ( 'NONE', *, *, #9449, .T. ) ;
#3034 = AXIS2_PLACEMENT_3D ( 'NONE', #8762, #1436, #10389 ) ;
#3035 = PLANE ( 'NONE',  #2519 ) ;
#3036 = CYLINDRICAL_SURFACE ( 'NONE', #897, 0.2999999999999999334 ) ;
#3037 = VECTOR ( 'NONE', #4993, 1000.000000000000000 ) ;
#3038 = CARTESIAN_POINT ( 'NONE',  ( -4.099999999999997868, 2.199999999999998845, -4.300000000000001599 ) ) ;
#3039 = EDGE_CURVE ( 'NONE', #8861, #4014, #2003, .T. ) ;
#3040 = DIRECTION ( 'NONE',  ( -0.000000000000000000, -0.000000000000000000, -1.000000000000000000 ) ) ;
#3041 = VERTEX_POINT ( 'NONE', #886 ) ;
#3042 = ORIENTED_EDGE ( 'NONE', *, *, #426, .T. ) ;
#3043 = ORIENTED_EDGE ( 'NONE', *, *, #5425, .F. ) ;
#3044 = DIRECTION ( 'NONE',  ( -0.000000000000000000, -1.000000000000000000, -0.000000000000000000 ) ) ;
#3045 = CARTESIAN_POINT ( 'NONE',  ( -3.900000000000000799, 0.4000000000000000222, 0.5041594578792359949 ) ) ;
#3046 = LINE ( 'NONE', #7994, #2750 ) ;
#3047 = SURFACE_STYLE_FILL_AREA ( #7777 ) ;
#3048 = ORIENTED_EDGE ( 'NONE', *, *, #2718, .T. ) ;
#3049 = CARTESIAN_POINT ( 'NONE',  ( 4.350000000000000533, 0.7999999999999999334, 2.704159457879236506 ) ) ;
#3050 = AXIS2_PLACEMENT_3D ( 'NONE', #2629, #6797, #7532 ) ;
#3051 = DIRECTION ( 'NONE',  ( 0.000000000000000000, -0.000000000000000000, 1.000000000000000000 ) ) ;
#3052 = DIRECTION ( 'NONE',  ( 0.000000000000000000, 0.000000000000000000, 1.000000000000000000 ) ) ;
#3053 = ORIENTED_EDGE ( 'NONE', *, *, #10565, .F. ) ;
#3054 = DIRECTION ( 'NONE',  ( 1.000000000000000000, 0.000000000000000000, -0.000000000000000000 ) ) ;
#3055 = DIRECTION ( 'NONE',  ( 0.000000000000000000, 1.000000000000000000, 0.000000000000000000 ) ) ;
#3056 = LINE ( 'NONE', #8739, #2898 ) ;
#3057 = CARTESIAN_POINT ( 'NONE',  ( 4.350000000000000533, 0.8000000000000000444, -2.600000000000000977 ) ) ;
#3058 = AXIS2_PLACEMENT_3D ( 'NONE', #3976, #1043, #9262 ) ;
#3059 = LINE ( 'NONE', #2916, #6522 ) ;
#3060 = EDGE_CURVE ( 'NONE', #6325, #4634, #5680, .T. ) ;
#3061 = EDGE_CURVE ( 'NONE', #10252, #3233, #5638, .T. ) ;
#3062 = EDGE_LOOP ( 'NONE', ( #57, #592, #4716, #9957 ) ) ;
#3063 = ORIENTED_EDGE ( 'NONE', *, *, #4277, .F. ) ;
#3064 = ORIENTED_EDGE ( 'NONE', *, *, #2512, .F. ) ;
#3065 = SURFACE_STYLE_USAGE ( .BOTH. , #6214 ) ;
#3066 = LINE ( 'NONE', #7921, #10084 ) ;
#3067 = CYLINDRICAL_SURFACE ( 'NONE', #4170, 0.3999999999999993006 ) ;
#3068 = DIRECTION ( 'NONE',  ( 2.409338161078908548E-16, -1.000000000000000000, 0.000000000000000000 ) ) ;
#3069 = VERTEX_POINT ( 'NONE', #2452 ) ;
#3070 = EDGE_LOOP ( 'NONE', ( #9216, #3616, #2133, #390 ) ) ;
#3071 = VECTOR ( 'NONE', #4113, 1000.000000000000000 ) ;
#3072 = DIRECTION ( 'NONE',  ( 0.000000000000000000, 0.000000000000000000, 1.000000000000000000 ) ) ;
#3073 = PLANE ( 'NONE',  #6590 ) ;
#3074 = VECTOR ( 'NONE', #9817, 1000.000000000000000 ) ;
#3075 = AXIS2_PLACEMENT_3D ( 'NONE', #5932, #8162, #9784 ) ;
#3076 = PLANE ( 'NONE',  #6113 ) ;
#3077 = ORIENTED_EDGE ( 'NONE', *, *, #5982, .F. ) ;
#3078 = VERTEX_POINT ( 'NONE', #6490 ) ;
#3079 = PLANE ( 'NONE',  #3957 ) ;
#3080 = FACE_OUTER_BOUND ( 'NONE', #2183, .T. ) ;
#3081 = ORIENTED_EDGE ( 'NONE', *, *, #9479, .F. ) ;
#3082 = PLANE ( 'NONE',  #1729 ) ;
#3083 = ORIENTED_EDGE ( 'NONE', *, *, #2343, .F. ) ;
#3084 = DIRECTION ( 'NONE',  ( 0.000000000000000000, -1.000000000000000000, 0.000000000000000000 ) ) ;
#3085 = VECTOR ( 'NONE', #4037, 1000.000000000000000 ) ;
#3086 = CARTESIAN_POINT ( 'NONE',  ( -3.900000000000000799, 0.000000000000000000, -2.600000000000000977 ) ) ;
#3087 = VECTOR ( 'NONE', #92, 1000.000000000000000 ) ;
#3088 = CARTESIAN_POINT ( 'NONE',  ( 4.799999999999998934, 0.4000000000000000222, -0.7000000000000018430 ) ) ;
#3089 = CARTESIAN_POINT ( 'NONE',  ( 0.000000000000000000, 0.000000000000000000, -2.600000000000000977 ) ) ;
#3090 = DIRECTION ( 'NONE',  ( 1.000000000000000000, 0.000000000000000000, 0.000000000000000000 ) ) ;
#3091 = ORIENTED_EDGE ( 'NONE', *, *, #9958, .F. ) ;
#3092 = ORIENTED_EDGE ( 'NONE', *, *, #5660, .T. ) ;
#3093 = EDGE_CURVE ( 'NONE', #9104, #3801, #2176, .T. ) ;
#3094 = AXIS2_PLACEMENT_3D ( 'NONE', #2558, #9140, #5043 ) ;
#3095 = PLANE ( 'NONE',  #8950 ) ;
#3096 = LINE ( 'NONE', #4395, #10294 ) ;
#3097 = CARTESIAN_POINT ( 'NONE',  ( -4.350000000000000533, 0.4000000000000000222, -3.700000000000001066 ) ) ;
#3098 = DIRECTION ( 'NONE',  ( -0.000000000000000000, -0.000000000000000000, 1.000000000000000000 ) ) ;
#3099 = VECTOR ( 'NONE', #8002, 1000.000000000000000 ) ;
#3100 = ORIENTED_EDGE ( 'NONE', *, *, #4963, .T. ) ;
#3101 = DIRECTION ( 'NONE',  ( 0.000000000000000000, 0.000000000000000000, 1.000000000000000000 ) ) ;
#3102 = EDGE_CURVE ( 'NONE', #2863, #2117, #2072, .T. ) ;
#3103 = ORIENTED_EDGE ( 'NONE', *, *, #1558, .T. ) ;
#3104 = LINE ( 'NONE', #9118, #2794 ) ;
#3105 = LINE ( 'NONE', #8334, #10305 ) ;
#3106 = ADVANCED_FACE ( 'NONE', ( #2035 ), #6695, .F. ) ;
#3107 = CARTESIAN_POINT ( 'NONE',  ( -3.900000000000000799, 0.000000000000000000, 0.3999999999999993006 ) ) ;
#3108 = CARTESIAN_POINT ( 'NONE',  ( -4.800000000000000711, 0.8000000000000000444, 0.6999999999999992895 ) ) ;
#3109 = DIRECTION ( 'NONE',  ( 0.000000000000000000, -0.000000000000000000, -1.000000000000000000 ) ) ;
#3110 = VERTEX_POINT ( 'NONE', #1789 ) ;
#3111 = ORIENTED_EDGE ( 'NONE', *, *, #7009, .F. ) ;
#3112 = EDGE_CURVE ( 'NONE', #4633, #9184, #5889, .T. ) ;
#3113 = ORIENTED_EDGE ( 'NONE', *, *, #8299, .F. ) ;
#3114 = DIRECTION ( 'NONE',  ( -0.000000000000000000, -1.000000000000000000, -0.000000000000000000 ) ) ;
#3115 = DIRECTION ( 'NONE',  ( 1.000000000000000000, 0.000000000000000000, 0.000000000000000000 ) ) ;
#3116 = LINE ( 'NONE', #8987, #6876 ) ;
#3117 = EDGE_CURVE ( 'NONE', #1772, #609, #5942, .T. ) ;
#3118 = VECTOR ( 'NONE', #828, 1000.000000000000000 ) ;
#3119 = PRESENTATION_LAYER_ASSIGNMENT (  '', '', ( #689 ) ) ;
#3120 = ORIENTED_EDGE ( 'NONE', *, *, #10340, .T. ) ;
#3121 = DIRECTION ( 'NONE',  ( 0.000000000000000000, 0.000000000000000000, -1.000000000000000000 ) ) ;
#3122 = ORIENTED_EDGE ( 'NONE', *, *, #8856, .T. ) ;
#3123 = EDGE_CURVE ( 'NONE', #2400, #599, #9522, .T. ) ;
#3124 = DIRECTION ( 'NONE',  ( 1.261823884255440198E-29, -3.614007241618346010E-15, 1.000000000000000000 ) ) ;
#3125 = DIRECTION ( 'NONE',  ( -1.000000000000000000, 2.409338161078899674E-16, -9.637352644315598694E-16 ) ) ;
#3126 = CARTESIAN_POINT ( 'NONE',  ( -4.099999999999997868, 1.528725063204563461E-14, 4.500000000000007994 ) ) ;
#3127 = FACE_OUTER_BOUND ( 'NONE', #4756, .T. ) ;
#3128 = CARTESIAN_POINT ( 'NONE',  ( 4.350000000000000533, 0.4000000000000000222, 2.600000000000006750 ) ) ;
#3129 = LINE ( 'NONE', #10232, #3229 ) ;
#3130 = CARTESIAN_POINT ( 'NONE',  ( -3.399999999999997691, 0.8000000000000007105, 5.000000000000006217 ) ) ;
#3131 = ORIENTED_EDGE ( 'NONE', *, *, #3396, .T. ) ;
#3132 = ORIENTED_EDGE ( 'NONE', *, *, #10182, .T. ) ;
#3133 = PLANE ( 'NONE',  #2125 ) ;
#3134 = LINE ( 'NONE', #10381, #10661 ) ;
#3135 = ORIENTED_EDGE ( 'NONE', *, *, #7746, .F. ) ;
#3136 = ORIENTED_EDGE ( 'NONE', *, *, #2630, .T. ) ;
#3137 = LINE ( 'NONE', #9573, #3323 ) ;
#3138 = EDGE_CURVE ( 'NONE', #1430, #7356, #9374, .T. ) ;
#3139 = DIRECTION ( 'NONE',  ( 1.000000000000000000, 0.000000000000000000, 0.000000000000000000 ) ) ;
#3140 = DIRECTION ( 'NONE',  ( 0.000000000000000000, 0.000000000000000000, 1.000000000000000000 ) ) ;
#3141 = CARTESIAN_POINT ( 'NONE',  ( 4.350000000000000533, 0.8010000000000000453, -3.700000000000001066 ) ) ;
#3142 = EDGE_CURVE ( 'NONE', #591, #3315, #9290, .T. ) ;
#3143 = CARTESIAN_POINT ( 'NONE',  ( 3.899999999999999023, 0.4000000000000000222, 0.3999999999999993006 ) ) ;
#3144 = AXIS2_PLACEMENT_3D ( 'NONE', #3703, #4487, #10055 ) ;
#3145 = VERTEX_POINT ( 'NONE', #3282 ) ;
#3146 = ORIENTED_EDGE ( 'NONE', *, *, #8907, .T. ) ;
#3147 = LINE ( 'NONE', #7454, #6768 ) ;
#3148 = DIRECTION ( 'NONE',  ( -0.000000000000000000, 0.000000000000000000, -1.000000000000000000 ) ) ;
#3149 = CARTESIAN_POINT ( 'NONE',  ( 0.000000000000000000, 0.4000000000000000222, 5.500000000000000888 ) ) ;
#3150 = LINE ( 'NONE', #600, #10142 ) ;
#3151 = ORIENTED_EDGE ( 'NONE', *, *, #6380, .T. ) ;
#3152 = DIRECTION ( 'NONE',  ( -1.000000000000000000, 0.000000000000000000, -9.637352644315598694E-16 ) ) ;
#3153 = ORIENTED_EDGE ( 'NONE', *, *, #4385, .F. ) ;
#3154 = SURFACE_STYLE_USAGE ( .BOTH. , #4745 ) ;
#3155 = VECTOR ( 'NONE', #7000, 1000.000000000000000 ) ;
#3156 = DIRECTION ( 'NONE',  ( -0.000000000000000000, -0.000000000000000000, -1.000000000000000000 ) ) ;
#3157 = FACE_OUTER_BOUND ( 'NONE', #6993, .T. ) ;
#3158 = EDGE_CURVE ( 'NONE', #687, #615, #5954, .T. ) ;
#3159 = DIRECTION ( 'NONE',  ( -0.000000000000000000, -1.000000000000000000, -0.000000000000000000 ) ) ;
#3160 = DIRECTION ( 'NONE',  ( -0.000000000000000000, -1.000000000000000000, -0.000000000000000000 ) ) ;
#3161 = CARTESIAN_POINT ( 'NONE',  ( -3.900000000000000799, 0.000000000000000000, -1.800000000000000711 ) ) ;
#3162 = VERTEX_POINT ( 'NONE', #3208 ) ;
#3163 = AXIS2_PLACEMENT_3D ( 'NONE', #2623, #2694, #8505 ) ;
#3164 = ORIENTED_EDGE ( 'NONE', *, *, #1305, .T. ) ;
#3165 = CYLINDRICAL_SURFACE ( 'NONE', #10719, 0.3999999999999993006 ) ;
#3166 = DIRECTION ( 'NONE',  ( 0.000000000000000000, -0.000000000000000000, -1.000000000000000000 ) ) ;
#3167 = LINE ( 'NONE', #5377, #6861 ) ;
#3168 = CARTESIAN_POINT ( 'NONE',  ( 4.099999999999997868, 2.200000000000000622, 4.500000000000001776 ) ) ;
#3169 = EDGE_CURVE ( 'NONE', #9648, #10407, #9539, .T. ) ;
#3170 = VECTOR ( 'NONE', #8351, 1000.000000000000000 ) ;
#3171 = ORIENTED_EDGE ( 'NONE', *, *, #7858, .F. ) ;
#3172 = ORIENTED_EDGE ( 'NONE', *, *, #10565, .T. ) ;
#3173 = EDGE_CURVE ( 'NONE', #9934, #7890, #9470, .T. ) ;
#3174 = FACE_OUTER_BOUND ( 'NONE', #1256, .T. ) ;
#3175 = VECTOR ( 'NONE', #6867, 1000.000000000000000 ) ;
#3176 = DIRECTION ( 'NONE',  ( -6.310887241768094443E-30, -7.888609052210118054E-31, -1.000000000000000000 ) ) ;
#3177 = CARTESIAN_POINT ( 'NONE',  ( -4.350000000000000533, 0.8000000000000000444, -2.600000000000000977 ) ) ;
#3178 = CARTESIAN_POINT ( 'NONE',  ( -3.900000000000000799, 0.000000000000000000, 3.699999999999999289 ) ) ;
#3179 = ORIENTED_EDGE ( 'NONE', *, *, #5539, .F. ) ;
#3180 = LINE ( 'NONE', #6781, #9995 ) ;
#3181 = AXIS2_PLACEMENT_3D ( 'NONE', #9350, #5063, #5948 ) ;
#3182 = CARTESIAN_POINT ( 'NONE',  ( 4.799999999999998934, 0.8000000000000000444, -0.4000000000000010214 ) ) ;
#3183 = FACE_OUTER_BOUND ( 'NONE', #811, .T. ) ;
#3184 = CIRCLE ( 'NONE', #10337, 0.2500000000000002220 ) ;
#3185 = EDGE_LOOP ( 'NONE', ( #2345, #580, #7897, #9475 ) ) ;
#3186 = EDGE_CURVE ( 'NONE', #10220, #1646, #6358, .T. ) ;
#3187 = CARTESIAN_POINT ( 'NONE',  ( -4.800000000000000711, 0.7999999999999999334, -4.150000000000002132 ) ) ;
#3188 = ORIENTED_EDGE ( 'NONE', *, *, #10059, .F. ) ;
#3189 = PLANE ( 'NONE',  #1179 ) ;
#3190 = DIRECTION ( 'NONE',  ( 0.000000000000000000, 0.000000000000000000, 1.000000000000000000 ) ) ;
#3191 = ORIENTED_EDGE ( 'NONE', *, *, #10376, .F. ) ;
#3192 = CARTESIAN_POINT ( 'NONE',  ( 3.899999999999999023, 0.000000000000000000, -2.899999999999992806 ) ) ;
#3193 = VECTOR ( 'NONE', #3980, 1000.000000000000000 ) ;
#3194 = CARTESIAN_POINT ( 'NONE',  ( 3.899999999999999023, 0.4000000000000000222, -2.900000000000000799 ) ) ;
#3195 = VECTOR ( 'NONE', #2805, 1000.000000000000000 ) ;
#3196 = ADVANCED_FACE ( 'NONE', ( #6109 ), #6991, .T. ) ;
#3197 = ORIENTED_EDGE ( 'NONE', *, *, #8405, .F. ) ;
#3198 = ORIENTED_EDGE ( 'NONE', *, *, #5900, .T. ) ;
#3199 = LINE ( 'NONE', #5915, #6540 ) ;
#3200 = DIRECTION ( 'NONE',  ( 0.000000000000000000, 1.000000000000000000, -3.252606517456512119E-15 ) ) ;
#3201 = LINE ( 'NONE', #5451, #3456 ) ;
#3202 = LINE ( 'NONE', #10515, #10191 ) ;
#3203 = CARTESIAN_POINT ( 'NONE',  ( -4.800000000000000711, 0.8000000000000000444, 3.699999999999997513 ) ) ;
#3204 = VERTEX_POINT ( 'NONE', #9432 ) ;
#3205 = CARTESIAN_POINT ( 'NONE',  ( 4.350000000000000533, 0.8000000000000000444, -3.700000000000001066 ) ) ;
#3206 = ORIENTED_EDGE ( 'NONE', *, *, #2543, .F. ) ;
#3207 = EDGE_LOOP ( 'NONE', ( #6669, #6046, #6332, #1193 ) ) ;
#3208 = CARTESIAN_POINT ( 'NONE',  ( 4.350000000000000533, 0.4000000000000000222, -0.4000000000000010214 ) ) ;
#3209 = EDGE_CURVE ( 'NONE', #7672, #3937, #6162, .T. ) ;
#3210 = LINE ( 'NONE', #254, #10482 ) ;
#3211 = CARTESIAN_POINT ( 'NONE',  ( 4.350000000000000533, 0.4000000000000000222, -3.999999999999993339 ) ) ;
#3212 = FACE_OUTER_BOUND ( 'NONE', #10168, .T. ) ;
#3213 = DIRECTION ( 'NONE',  ( 1.000000000000000000, -0.000000000000000000, 0.000000000000000000 ) ) ;
#3214 = DIRECTION ( 'NONE',  ( 0.000000000000000000, 0.000000000000000000, 1.000000000000000000 ) ) ;
#3215 = CARTESIAN_POINT ( 'NONE',  ( -4.800000000000000711, 0.000000000000000000, 3.049999999999998046 ) ) ;
#3216 = ORIENTED_EDGE ( 'NONE', *, *, #4453, .T. ) ;
#3217 = EDGE_LOOP ( 'NONE', ( #10204, #3341, #1589, #3420 ) ) ;
#3218 = FACE_OUTER_BOUND ( 'NONE', #2959, .T. ) ;
#3219 = DIRECTION ( 'NONE',  ( 0.000000000000000000, 0.000000000000000000, -1.000000000000000000 ) ) ;
#3220 = VECTOR ( 'NONE', #1363, 1000.000000000000000 ) ;
#3221 = FACE_OUTER_BOUND ( 'NONE', #10696, .T. ) ;
#3222 = ORIENTED_EDGE ( 'NONE', *, *, #9194, .T. ) ;
#3223 = EDGE_LOOP ( 'NONE', ( #706, #7749, #3597, #9121 ) ) ;
#3224 = ORIENTED_EDGE ( 'NONE', *, *, #3655, .F. ) ;
#3225 = DIRECTION ( 'NONE',  ( -1.000000000000000000, -5.551115123125781470E-17, 6.310887241768094443E-30 ) ) ;
#3226 = LINE ( 'NONE', #7163, #6726 ) ;
#3227 = CARTESIAN_POINT ( 'NONE',  ( -4.350000000000000533, 0.7999999999999999334, 2.704159457879236506 ) ) ;
#3228 = EDGE_CURVE ( 'NONE', #2198, #584, #9696, .T. ) ;
#3229 = VECTOR ( 'NONE', #8542, 1000.000000000000000 ) ;
#3230 = DIRECTION ( 'NONE',  ( 0.000000000000000000, 0.000000000000000000, 1.000000000000000000 ) ) ;
#3231 = EDGE_CURVE ( 'NONE', #4913, #3600, #2618, .T. ) ;
#3232 = PLANE ( 'NONE',  #3704 ) ;
#3233 = VERTEX_POINT ( 'NONE', #5524 ) ;
#3234 = VECTOR ( 'NONE', #484, 1000.000000000000000 ) ;
#3235 = CARTESIAN_POINT ( 'NONE',  ( 4.100000000000000533, 2.199999999999999289, 4.299999999999999822 ) ) ;
#3236 = LINE ( 'NONE', #8016, #7064 ) ;
#3237 = CARTESIAN_POINT ( 'NONE',  ( -4.800000000000000711, 0.8000000000000000444, -5.000000000000000000 ) ) ;
#3238 = DIRECTION ( 'NONE',  ( 0.000000000000000000, 0.000000000000000000, 1.000000000000000000 ) ) ;
#3239 = ADVANCED_FACE ( 'NONE', ( #9628 ), #7950, .F. ) ;
#3240 = VECTOR ( 'NONE', #3819, 1000.000000000000000 ) ;
#3241 = ORIENTED_EDGE ( 'NONE', *, *, #5082, .F. ) ;
#3242 = DIRECTION ( 'NONE',  ( 0.000000000000000000, 0.000000000000000000, 1.000000000000000000 ) ) ;
#3243 = ORIENTED_EDGE ( 'NONE', *, *, #5759, .F. ) ;
#3244 = VERTEX_POINT ( 'NONE', #7152 ) ;
#3245 = CARTESIAN_POINT ( 'NONE',  ( -1.399999999999998135, 1.528725063204563461E-14, 4.500000000000007994 ) ) ;
#3246 = FACE_OUTER_BOUND ( 'NONE', #9032, .T. ) ;
#3247 = EDGE_CURVE ( 'NONE', #6119, #438, #9750, .T. ) ;
#3248 = LINE ( 'NONE', #9871, #6761 ) ;
#3249 = EDGE_CURVE ( 'NONE', #6618, #8188, #6321, .T. ) ;
#3250 = AXIS2_PLACEMENT_3D ( 'NONE', #385, #7861, #8830 ) ;
#3251 = DIRECTION ( 'NONE',  ( -0.000000000000000000, -0.000000000000000000, -1.000000000000000000 ) ) ;
#3252 = CARTESIAN_POINT ( 'NONE',  ( -1.399999999999998135, 1.200000000000002176, 5.000000000000005329 ) ) ;
#3253 = ORIENTED_EDGE ( 'NONE', *, *, #590, .T. ) ;
#3254 = EDGE_CURVE ( 'NONE', #534, #5056, #6007, .T. ) ;
#3255 = ORIENTED_EDGE ( 'NONE', *, *, #7487, .T. ) ;
#3256 = CARTESIAN_POINT ( 'NONE',  ( -4.099999999999997868, 1.200000000000002176, 5.000000000000005329 ) ) ;
#3257 = FACE_OUTER_BOUND ( 'NONE', #8363, .T. ) ;
#3258 = FACE_OUTER_BOUND ( 'NONE', #3635, .T. ) ;
#3259 = ORIENTED_EDGE ( 'NONE', *, *, #4909, .T. ) ;
#3260 = DIRECTION ( 'NONE',  ( 0.000000000000000000, 0.000000000000000000, 1.000000000000000000 ) ) ;
#3261 = DIRECTION ( 'NONE',  ( 5.047295537021760231E-30, 1.445602896647338522E-15, 1.000000000000000000 ) ) ;
#3262 = VERTEX_POINT ( 'NONE', #7871 ) ;
#3263 = DIRECTION ( 'NONE',  ( 0.000000000000000000, -1.000000000000000000, 0.000000000000000000 ) ) ;
#3264 = EDGE_LOOP ( 'NONE', ( #181, #201, #8671, #4860 ) ) ;
#3265 = CARTESIAN_POINT ( 'NONE',  ( 4.299999999999999822, 2.200000000000000178, -4.299999999999999822 ) ) ;
#3266 = VECTOR ( 'NONE', #9439, 1000.000000000000000 ) ;
#3267 = SURFACE_STYLE_USAGE ( .BOTH. , #3645 ) ;
#3268 = VECTOR ( 'NONE', #9939, 1000.000000000000000 ) ;
#3269 = LINE ( 'NONE', #7936, #3447 ) ;
#3270 = CARTESIAN_POINT ( 'NONE',  ( 0.000000000000000000, 0.4000000000000000222, 7.700000000000000178 ) ) ;
#3271 = ADVANCED_FACE ( 'NONE', ( #6127 ), #1989, .T. ) ;
#3272 = EDGE_CURVE ( 'NONE', #7187, #8540, #9660, .T. ) ;
#3273 = EDGE_LOOP ( 'NONE', ( #9165, #558, #5356, #2199 ) ) ;
#3274 = EDGE_CURVE ( 'NONE', #4016, #8084, #6095, .T. ) ;
#3275 = LINE ( 'NONE', #4536, #10508 ) ;
#3276 = CARTESIAN_POINT ( 'NONE',  ( 4.800000000000000711, 0.8000000000000000444, 4.799999999999999822 ) ) ;
#3277 = ORIENTED_EDGE ( 'NONE', *, *, #10404, .F. ) ;
#3278 = VERTEX_POINT ( 'NONE', #7793 ) ;
#3279 = ORIENTED_EDGE ( 'NONE', *, *, #5143, .T. ) ;
#3280 = AXIS2_PLACEMENT_3D ( 'NONE', #1283, #529, #8906 ) ;
#3281 = ORIENTED_EDGE ( 'NONE', *, *, #1976, .T. ) ;
#3282 = CARTESIAN_POINT ( 'NONE',  ( 4.350000000000000533, 0.4000000000000000222, -1.500000000000001332 ) ) ;
#3283 = VECTOR ( 'NONE', #3528, 1000.000000000000000 ) ;
#3284 = DIRECTION ( 'NONE',  ( 0.000000000000000000, 0.000000000000000000, 1.000000000000000000 ) ) ;
#3285 = LINE ( 'NONE', #1975, #6887 ) ;
#3286 = DIRECTION ( 'NONE',  ( 0.000000000000000000, -7.589415207398543660E-15, -1.000000000000000000 ) ) ;
#3287 = CARTESIAN_POINT ( 'NONE',  ( 0.000000000000000000, 1.528725063204563461E-14, -4.500000000000007994 ) ) ;
#3288 = CARTESIAN_POINT ( 'NONE',  ( -3.900000000000000799, 0.000000000000000000, 3.999999999999999112 ) ) ;
#3289 = DIRECTION ( 'NONE',  ( 1.000000000000000000, 0.000000000000000000, 0.000000000000000000 ) ) ;
#3290 = ORIENTED_EDGE ( 'NONE', *, *, #4099, .T. ) ;
#3291 = ORIENTED_EDGE ( 'NONE', *, *, #5683, .F. ) ;
#3292 = CARTESIAN_POINT ( 'NONE',  ( -4.800000000000000711, 0.8000000000000000444, 0.6999999999999992895 ) ) ;
#3293 = PLANE ( 'NONE',  #1756 ) ;
#3294 = VECTOR ( 'NONE', #1228, 1000.000000000000000 ) ;
#3295 = FACE_OUTER_BOUND ( 'NONE', #6139, .T. ) ;
#3296 = EDGE_LOOP ( 'NONE', ( #2440, #10186, #3501, #742, #2150, #5849 ) ) ;
#3297 = ORIENTED_EDGE ( 'NONE', *, *, #8225, .F. ) ;
#3298 = EDGE_CURVE ( 'NONE', #4566, #5381, #9715, .T. ) ;
#3299 = PRODUCT_RELATED_PRODUCT_CATEGORY ( 'part', '', ( #1619 ) ) ;
#3300 = ORIENTED_EDGE ( 'NONE', *, *, #9056, .T. ) ;
#3301 = VERTEX_POINT ( 'NONE', #469 ) ;
#3302 = EDGE_LOOP ( 'NONE', ( #159, #4071, #4004, #3394 ) ) ;
#3303 = DIRECTION ( 'NONE',  ( -0.000000000000000000, 1.000000000000000000, -0.000000000000000000 ) ) ;
#3304 = LINE ( 'NONE', #2824, #3503 ) ;
#3305 = CARTESIAN_POINT ( 'NONE',  ( 3.899999999999999023, 0.000000000000000000, 1.500000000000007327 ) ) ;
#3306 = AXIS2_PLACEMENT_3D ( 'NONE', #1366, #1297, #544 ) ;
#3307 = LINE ( 'NONE', #6090, #10320 ) ;
#3308 = DIRECTION ( 'NONE',  ( -0.000000000000000000, -0.000000000000000000, 1.000000000000000000 ) ) ;
#3309 = EDGE_CURVE ( 'NONE', #9671, #8606, #6256, .T. ) ;
#3310 = ORIENTED_EDGE ( 'NONE', *, *, #2646, .F. ) ;
#3311 = FACE_OUTER_BOUND ( 'NONE', #1379, .T. ) ;
#3312 = CARTESIAN_POINT ( 'NONE',  ( 4.350000000000000533, 0.8000000000000000444, 3.999999999999999112 ) ) ;
#3313 = CARTESIAN_POINT ( 'NONE',  ( 3.899999999999999023, 0.000000000000000000, 0.3999999999999993006 ) ) ;
#3314 = LINE ( 'NONE', #2158, #3514 ) ;
#3315 = VERTEX_POINT ( 'NONE', #317 ) ;
#3317 = EDGE_LOOP ( 'NONE', ( #10804, #5374, #1276, #3563, #3539, #4635 ) ) ;
#3316 = DIRECTION ( 'NONE',  ( 0.000000000000000000, 0.000000000000000000, 1.000000000000000000 ) ) ;
#3318 = ADVANCED_FACE ( 'NONE', ( #2585 ), #9370, .F. ) ;
#3319 = VERTEX_POINT ( 'NONE', #10242 ) ;
#3320 = ORIENTED_EDGE ( 'NONE', *, *, #3555, .F. ) ;
#3321 = ORIENTED_EDGE ( 'NONE', *, *, #4638, .T. ) ;
#3322 = AXIS2_PLACEMENT_3D ( 'NONE', #7032, #9601, #6948 ) ;
#3323 = VECTOR ( 'NONE', #4622, 1000.000000000000000 ) ;
#3324 = CYLINDRICAL_SURFACE ( 'NONE', #4475, 0.2500000000000002220 ) ;
#3325 = AXIS2_PLACEMENT_3D ( 'NONE', #2580, #7555, #3260 ) ;
#3326 = CARTESIAN_POINT ( 'NONE',  ( 4.799999999999998934, 0.8000000000000000444, 5.000000000000000000 ) ) ;
#3327 = EDGE_CURVE ( 'NONE', #4726, #10260, #2527, .T. ) ;
#3328 = DIRECTION ( 'NONE',  ( 0.000000000000000000, 0.000000000000000000, 1.000000000000000000 ) ) ;
#3329 = ORIENTED_EDGE ( 'NONE', *, *, #1982, .T. ) ;
#3330 = DIRECTION ( 'NONE',  ( 0.000000000000000000, 0.000000000000000000, -1.000000000000000000 ) ) ;
#3331 = LINE ( 'NONE', #3834, #10595 ) ;
#3332 = ADVANCED_FACE ( 'NONE', ( #2545 ), #3601, .T. ) ;
#3333 = LINE ( 'NONE', #1770, #6938 ) ;
#3334 = ORIENTED_EDGE ( 'NONE', *, *, #439, .F. ) ;
#3335 = ORIENTED_EDGE ( 'NONE', *, *, #6923, .T. ) ;
#3336 = CARTESIAN_POINT ( 'NONE',  ( -3.900000000000000799, 0.000000000000000000, 3.699999999999999289 ) ) ;
#3337 = ORIENTED_EDGE ( 'NONE', *, *, #3997, .T. ) ;
#3338 = VERTEX_POINT ( 'NONE', #1160 ) ;
#3339 = DIRECTION ( 'NONE',  ( -1.000000000000000000, 0.000000000000000000, -0.000000000000000000 ) ) ;
#3340 = CARTESIAN_POINT ( 'NONE',  ( 3.899999999999999023, 0.000000000000000000, 1.604159457879236195 ) ) ;
#3341 = ORIENTED_EDGE ( 'NONE', *, *, #9134, .T. ) ;
#3342 = FACE_OUTER_BOUND ( 'NONE', #8915, .T. ) ;
#3343 = DIRECTION ( 'NONE',  ( -1.000000000000000000, -3.491481338843133355E-15, 0.000000000000000000 ) ) ;
#3344 = FACE_OUTER_BOUND ( 'NONE', #7154, .T. ) ;
#3345 = VECTOR ( 'NONE', #799, 1000.000000000000000 ) ;
#3346 = SURFACE_STYLE_USAGE ( .BOTH. , #2515 ) ;
#3347 = ORIENTED_EDGE ( 'NONE', *, *, #6164, .F. ) ;
#3348 = DIRECTION ( 'NONE',  ( 0.000000000000000000, 1.000000000000000000, -0.000000000000000000 ) ) ;
#3349 = EDGE_CURVE ( 'NONE', #3986, #7337, #6234, .T. ) ;
#3350 = VECTOR ( 'NONE', #1161, 1000.000000000000000 ) ;
#3351 = LINE ( 'NONE', #8182, #3458 ) ;
#3352 = ORIENTED_EDGE ( 'NONE', *, *, #1340, .T. ) ;
#3353 = ORIENTED_EDGE ( 'NONE', *, *, #327, .F. ) ;
#3354 = ORIENTED_EDGE ( 'NONE', *, *, #5922, .T. ) ;
#3355 = ORIENTED_EDGE ( 'NONE', *, *, #9525, .F. ) ;
#3356 = ORIENTED_EDGE ( 'NONE', *, *, #5539, .T. ) ;
#3357 = DIRECTION ( 'NONE',  ( -1.000000000000000000, 2.409338161078899674E-16, 0.000000000000000000 ) ) ;
#3358 = ADVANCED_FACE ( 'NONE', ( #6182 ), #10238, .F. ) ;
#3359 = LINE ( 'NONE', #705, #10562 ) ;
#3360 = DIRECTION ( 'NONE',  ( -1.000000000000000000, 2.409338161078899674E-16, -9.637352644315598694E-16 ) ) ;
#3361 = LINE ( 'NONE', #8008, #3195 ) ;
#3362 = CARTESIAN_POINT ( 'NONE',  ( 3.899999999999999023, 0.000000000000000000, -4.000000000000000888 ) ) ;
#3363 = CARTESIAN_POINT ( 'NONE',  ( 4.099999999999997868, 2.200000000000001510, -4.700000000000001066 ) ) ;
#3364 = DIRECTION ( 'NONE',  ( 0.000000000000000000, -1.000000000000000000, 0.000000000000000000 ) ) ;
#3365 = CARTESIAN_POINT ( 'NONE',  ( 4.799999999999998934, 0.000000000000000000, -2.600000000000000977 ) ) ;
#3366 = ORIENTED_EDGE ( 'NONE', *, *, #6395, .F. ) ;
#3367 = ORIENTED_EDGE ( 'NONE', *, *, #2842, .F. ) ;
#3368 = DIRECTION ( 'NONE',  ( -0.000000000000000000, 0.000000000000000000, -1.000000000000000000 ) ) ;
#3369 = LINE ( 'NONE', #2948, #10350 ) ;
#3370 = VECTOR ( 'NONE', #10736, 1000.000000000000000 ) ;
#3371 = VERTEX_POINT ( 'NONE', #8608 ) ;
#3372 = ORIENTED_EDGE ( 'NONE', *, *, #4340, .F. ) ;
#3373 = ORIENTED_EDGE ( 'NONE', *, *, #4814, .F. ) ;
#3374 = EDGE_CURVE ( 'NONE', #3078, #1570, #6304, .T. ) ;
#3375 = ORIENTED_EDGE ( 'NONE', *, *, #7406, .F. ) ;
#3376 = EDGE_LOOP ( 'NONE', ( #6668, #1113, #4505, #8276, #7092, #4286 ) ) ;
#3377 = PLANE ( 'NONE',  #6933 ) ;
#3378 = LINE ( 'NONE', #4757, #3155 ) ;
#3379 = CARTESIAN_POINT ( 'NONE',  ( 4.350000000000000533, 0.8000000000000000444, -1.500000000000001332 ) ) ;
#3380 = FACE_OUTER_BOUND ( 'NONE', #3273, .T. ) ;
#3381 = LINE ( 'NONE', #4614, #10356 ) ;
#3382 = FILL_AREA_STYLE_COLOUR ( '', #1642 ) ;
#3383 = ADVANCED_FACE ( 'NONE', ( #9767 ), #9429, .F. ) ;
#3384 = DIRECTION ( 'NONE',  ( -0.000000000000000000, -1.000000000000000000, -0.000000000000000000 ) ) ;
#3385 = EDGE_LOOP ( 'NONE', ( #899, #8141, #906, #4807 ) ) ;
#3386 = ORIENTED_EDGE ( 'NONE', *, *, #4854, .T. ) ;
#3387 = DIRECTION ( 'NONE',  ( -0.000000000000000000, 1.000000000000000000, -3.252606517456512119E-15 ) ) ;
#3388 = CARTESIAN_POINT ( 'NONE',  ( 4.099999999999997868, 1.528725063204563461E-14, -4.500000000000007994 ) ) ;
#3389 = LINE ( 'NONE', #2130, #3220 ) ;
#3390 = EDGE_CURVE ( 'NONE', #8781, #1858, #6288, .T. ) ;
#3391 = PLANE ( 'NONE',  #7282 ) ;
#3392 = PLANE ( 'NONE',  #10767 ) ;
#3393 = VECTOR ( 'NONE', #7188, 1000.000000000000000 ) ;
#3394 = ORIENTED_EDGE ( 'NONE', *, *, #1003, .T. ) ;
#3395 = ORIENTED_EDGE ( 'NONE', *, *, #2122, .T. ) ;
#3396 = EDGE_CURVE ( 'NONE', #3827, #5020, #9678, .T. ) ;
#3397 = AXIS2_PLACEMENT_3D ( 'NONE', #7616, #10079, #991 ) ;
#3398 = ORIENTED_EDGE ( 'NONE', *, *, #2525, .T. ) ;
#3399 = ORIENTED_EDGE ( 'NONE', *, *, #2291, .T. ) ;
#3400 = ORIENTED_EDGE ( 'NONE', *, *, #4818, .T. ) ;
#3401 = CARTESIAN_POINT ( 'NONE',  ( -4.350000000000000533, 0.4000000000000000222, 2.599999999999999201 ) ) ;
#3402 = FACE_OUTER_BOUND ( 'NONE', #6920, .T. ) ;
#3403 = EDGE_CURVE ( 'NONE', #5395, #5249, #6201, .T. ) ;
#3404 = EDGE_CURVE ( 'NONE', #4636, #3521, #9643, .T. ) ;
#3405 = VECTOR ( 'NONE', #4144, 1000.000000000000000 ) ;
#3406 = LINE ( 'NONE', #6103, #3175 ) ;
#3407 = CARTESIAN_POINT ( 'NONE',  ( 1.399999999999998135, 0.7999999999999983791, 4.500000000000005329 ) ) ;
#3408 = CARTESIAN_POINT ( 'NONE',  ( 3.899999999999999023, 0.4000000000000000222, 0.3999999999999993006 ) ) ;
#3409 = DIRECTION ( 'NONE',  ( -1.000000000000000000, 0.000000000000000000, 0.000000000000000000 ) ) ;
#3410 = EDGE_LOOP ( 'NONE', ( #4511, #3853, #8804, #981 ) ) ;
#3411 = VERTEX_POINT ( 'NONE', #1294 ) ;
#3412 = LINE ( 'NONE', #694, #10532 ) ;
#3413 = VECTOR ( 'NONE', #6818, 1000.000000000000000 ) ;
#3414 = ORIENTED_EDGE ( 'NONE', *, *, #708, .T. ) ;
#3415 = ORIENTED_EDGE ( 'NONE', *, *, #8647, .F. ) ;
#3416 = EDGE_CURVE ( 'NONE', #5957, #3338, #9589, .T. ) ;
#3417 =( NAMED_UNIT ( * ) PLANE_ANGLE_UNIT ( ) SI_UNIT ( $, .RADIAN. ) );
#3418 = DIRECTION ( 'NONE',  ( 1.000000000000000000, 5.551115123125781470E-17, -6.310887241768094443E-30 ) ) ;
#3419 = ORIENTED_EDGE ( 'NONE', *, *, #9235, .F. ) ;
#3420 = ORIENTED_EDGE ( 'NONE', *, *, #5029, .F. ) ;
#3421 = CARTESIAN_POINT ( 'NONE',  ( 4.799999999999998934, 0.000000000000000000, -4.800000000000001599 ) ) ;
#3422 = ORIENTED_EDGE ( 'NONE', *, *, #2929, .F. ) ;
#3423 = LINE ( 'NONE', #4686, #3193 ) ;
#3424 =( GEOMETRIC_REPRESENTATION_CONTEXT ( 3 ) GLOBAL_UNCERTAINTY_ASSIGNED_CONTEXT ( ( #7248 ) ) GLOBAL_UNIT_ASSIGNED_CONTEXT ( ( #1692, #3650, #5361 ) ) REPRESENTATION_CONTEXT ( 'NONE', 'WORKASPACE' ) );
#3425 = DIRECTION ( 'NONE',  ( 1.000000000000000000, 0.000000000000000000, 9.637352644315598694E-16 ) ) ;
#3426 = LINE ( 'NONE', #8388, #3268 ) ;
#3427 = FACE_OUTER_BOUND ( 'NONE', #1820, .T. ) ;
#3428 = EDGE_CURVE ( 'NONE', #1528, #6352, #9888, .T. ) ;
#3429 = CARTESIAN_POINT ( 'NONE',  ( -4.800000000000000711, 0.000000000000000000, 0.5041594578792359949 ) ) ;
#3430 = ORIENTED_EDGE ( 'NONE', *, *, #1018, .F. ) ;
#3431 = AXIS2_PLACEMENT_3D ( 'NONE', #265, #3621, #4483 ) ;
#3432 = VERTEX_POINT ( 'NONE', #4535 ) ;
#3433 = CARTESIAN_POINT ( 'NONE',  ( -3.900000000000000799, 0.4000000000000000222, 3.699999999999999289 ) ) ;
#3434 = LINE ( 'NONE', #9057, #7043 ) ;
#3435 = VECTOR ( 'NONE', #5085, 1000.000000000000000 ) ;
#3436 = CARTESIAN_POINT ( 'NONE',  ( 4.100000000000000533, 2.199999999999999289, -4.299999999999999822 ) ) ;
#3437 = EDGE_LOOP ( 'NONE', ( #6755, #6827, #10426, #7411 ) ) ;
#3438 = ORIENTED_EDGE ( 'NONE', *, *, #10367, .F. ) ;
#3439 = CARTESIAN_POINT ( 'NONE',  ( -3.900000000000000799, 0.4000000000000000222, 3.999999999999999112 ) ) ;
#3440 = ORIENTED_EDGE ( 'NONE', *, *, #8907, .F. ) ;
#3441 = EDGE_LOOP ( 'NONE', ( #7070, #3103, #3774, #236 ) ) ;
#3442 = ORIENTED_EDGE ( 'NONE', *, *, #10264, .T. ) ;
#3443 = CARTESIAN_POINT ( 'NONE',  ( -4.800000000000000711, 0.000000000000000000, -1.100000000000002087 ) ) ;
#3444 = DIRECTION ( 'NONE',  ( -1.000000000000000000, 0.000000000000000000, -0.000000000000000000 ) ) ;
#3445 = CARTESIAN_POINT ( 'NONE',  ( -3.900000000000000799, 0.4000000000000000222, 1.499999999999998668 ) ) ;
#3446 = VECTOR ( 'NONE', #4375, 1000.000000000000000 ) ;
#3447 = VECTOR ( 'NONE', #8745, 1000.000000000000000 ) ;
#3448 = DIRECTION ( 'NONE',  ( 0.000000000000000000, 0.000000000000000000, -1.000000000000000000 ) ) ;
#3449 = DIRECTION ( 'NONE',  ( -1.000000000000000000, 0.000000000000000000, 0.000000000000000000 ) ) ;
#3450 = CARTESIAN_POINT ( 'NONE',  ( 4.799999999999998934, 0.000000000000000000, 3.999999999999999112 ) ) ;
#3451 = CARTESIAN_POINT ( 'NONE',  ( 4.299999999999999822, 2.200000000000000178, 4.299999999999999822 ) ) ;
#3452 = VERTEX_POINT ( 'NONE', #9299 ) ;
#3453 = VERTEX_POINT ( 'NONE', #3753 ) ;
#3454 = DIRECTION ( 'NONE',  ( 0.000000000000000000, 3.491481338843133355E-15, -1.000000000000000000 ) ) ;
#3455 = AXIS2_PLACEMENT_3D ( 'NONE', #5667, #8946, #4916 ) ;
#3456 = VECTOR ( 'NONE', #2739, 1000.000000000000000 ) ;
#3457 = CARTESIAN_POINT ( 'NONE',  ( 3.899999999999999023, 0.000000000000000000, 3.999999999999999112 ) ) ;
#3458 = VECTOR ( 'NONE', #1254, 1000.000000000000000 ) ;
#3459 = ORIENTED_EDGE ( 'NONE', *, *, #4433, .T. ) ;
#3460 = ORIENTED_EDGE ( 'NONE', *, *, #1449, .T. ) ;
#3461 = ORIENTED_EDGE ( 'NONE', *, *, #8137, .F. ) ;
#3462 = ORIENTED_EDGE ( 'NONE', *, *, #5979, .F. ) ;
#3463 = ORIENTED_EDGE ( 'NONE', *, *, #10009, .F. ) ;
#3464 = DIRECTION ( 'NONE',  ( 0.000000000000000000, 3.252606517456518824E-15, 1.000000000000000000 ) ) ;
#3465 = VECTOR ( 'NONE', #7313, 1000.000000000000000 ) ;
#3466 = PLANE ( 'NONE',  #5156 ) ;
#3467 = EDGE_CURVE ( 'NONE', #10769, #1526, #6040, .T. ) ;
#3468 = CARTESIAN_POINT ( 'NONE',  ( -4.800000000000000711, 0.8000000000000000444, -2.600000000000000533 ) ) ;
#3469 = VECTOR ( 'NONE', #1794, 1000.000000000000000 ) ;
#3470 = DIRECTION ( 'NONE',  ( 1.000000000000000000, 0.000000000000000000, 0.000000000000000000 ) ) ;
#3471 = ADVANCED_FACE ( 'NONE', ( #6078 ), #6235, .F. ) ;
#3472 = DIRECTION ( 'NONE',  ( -0.000000000000000000, 0.000000000000000000, -1.000000000000000000 ) ) ;
#3473 = ORIENTED_EDGE ( 'NONE', *, *, #1914, .F. ) ;
#3474 = VERTEX_POINT ( 'NONE', #6163 ) ;
#3475 = CARTESIAN_POINT ( 'NONE',  ( 4.799999999999998934, 0.000000000000000000, 3.804159457879236150 ) ) ;
#3476 = VECTOR ( 'NONE', #1086, 1000.000000000000000 ) ;
#3477 = CARTESIAN_POINT ( 'NONE',  ( 4.350000000000000533, 0.7999999999999999334, -2.795840542120763939 ) ) ;
#3478 = CARTESIAN_POINT ( 'NONE',  ( -3.900000000000000799, 0.000000000000000000, -4.800000000000001599 ) ) ;
#3479 = VECTOR ( 'NONE', #9669, 1000.000000000000000 ) ;
#3480 = VERTEX_POINT ( 'NONE', #6022 ) ;
#3482 = ORIENTED_EDGE ( 'NONE', *, *, #4338, .F. ) ;
#3481 = DIRECTION ( 'NONE',  ( 0.000000000000000000, 0.000000000000000000, 1.000000000000000000 ) ) ;
#3483 = AXIS2_PLACEMENT_3D ( 'NONE', #3141, #4034, #9831 ) ;
#3484 = ORIENTED_EDGE ( 'NONE', *, *, #8983, .T. ) ;
#3485 = EDGE_LOOP ( 'NONE', ( #9739, #8704, #1119, #2809, #1941, #9912 ) ) ;
#3486 = ORIENTED_EDGE ( 'NONE', *, *, #2879, .F. ) ;
#3487 = CIRCLE ( 'NONE', #2538, 0.1999999999999996503 ) ;
#3488 = LINE ( 'NONE', #8827, #10567 ) ;
#3489 =( NAMED_UNIT ( * ) SI_UNIT ( $, .STERADIAN. ) SOLID_ANGLE_UNIT ( ) );
#3490 =( NAMED_UNIT ( * ) PLANE_ANGLE_UNIT ( ) SI_UNIT ( $, .RADIAN. ) );
#3491 = ORIENTED_EDGE ( 'NONE', *, *, #7981, .T. ) ;
#3492 = ORIENTED_EDGE ( 'NONE', *, *, #5644, .F. ) ;
#3493 = ADVANCED_FACE ( 'NONE', ( #9924 ), #2880, .F. ) ;
#3494 = LINE ( 'NONE', #2396, #10618 ) ;
#3495 = VECTOR ( 'NONE', #7978, 1000.000000000000000 ) ;
#3496 = ORIENTED_EDGE ( 'NONE', *, *, #9479, .T. ) ;
#3497 = ORIENTED_EDGE ( 'NONE', *, *, #2608, .T. ) ;
#3498 = FILL_AREA_STYLE ('',( #1278 ) ) ;
#3499 = PLANE ( 'NONE',  #8313 ) ;
#3500 = ORIENTED_EDGE ( 'NONE', *, *, #2092, .F. ) ;
#3501 = ORIENTED_EDGE ( 'NONE', *, *, #4368, .F. ) ;
#3502 = EDGE_LOOP ( 'NONE', ( #9406, #1551, #1591, #8894, #8934, #7018 ) ) ;
#3503 = VECTOR ( 'NONE', #9787, 1000.000000000000000 ) ;
#3504 = CARTESIAN_POINT ( 'NONE',  ( 3.899999999999999023, 0.4000000000000000222, 2.704159457879236506 ) ) ;
#3505 = EDGE_CURVE ( 'NONE', #2873, #2848, #2470, .T. ) ;
#3506 =( GEOMETRIC_REPRESENTATION_CONTEXT ( 3 ) GLOBAL_UNCERTAINTY_ASSIGNED_CONTEXT ( ( #10400 ) ) GLOBAL_UNIT_ASSIGNED_CONTEXT ( ( #258, #405, #3030 ) ) REPRESENTATION_CONTEXT ( 'NONE', 'WORKASPACE' ) );
#3507 = LINE ( 'NONE', #470, #10373 ) ;
#3508 = CARTESIAN_POINT ( 'NONE',  ( 4.799999999999998934, 0.8000000000000000444, 0.6999999999999992895 ) ) ;
#3509 = EDGE_CURVE ( 'NONE', #3881, #5266, #2508, .T. ) ;
#3510 = ORIENTED_EDGE ( 'NONE', *, *, #3028, .T. ) ;
#3511 = ORIENTED_EDGE ( 'NONE', *, *, #7155, .T. ) ;
#3512 = CARTESIAN_POINT ( 'NONE',  ( -4.800000000000000711, 0.000000000000000000, -0.8500000000000017542 ) ) ;
#3513 = VECTOR ( 'NONE', #6911, 1000.000000000000000 ) ;
#3514 = VECTOR ( 'NONE', #3865, 1000.000000000000000 ) ;
#3515 = PLANE ( 'NONE',  #10559 ) ;
#3516 = ORIENTED_EDGE ( 'NONE', *, *, #805, .T. ) ;
#3517 = CARTESIAN_POINT ( 'NONE',  ( 4.350000000000000533, 0.7999999999999999334, 3.700000000000007283 ) ) ;
#3518 = ADVANCED_FACE ( 'NONE', ( #9850 ), #2662, .F. ) ;
#3519 = ORIENTED_EDGE ( 'NONE', *, *, #2333, .F. ) ;
#3520 = ORIENTED_EDGE ( 'NONE', *, *, #8515, .T. ) ;
#3521 = VERTEX_POINT ( 'NONE', #1922 ) ;
#3522 = LINE ( 'NONE', #6516, #3783 ) ;
#3523 = EDGE_CURVE ( 'NONE', #8840, #9405, #2667, .T. ) ;
#3524 = LINE ( 'NONE', #5255, #3585 ) ;
#3525 = VECTOR ( 'NONE', #956, 1000.000000000000000 ) ;
#3526 = DIRECTION ( 'NONE',  ( -0.000000000000000000, -0.000000000000000000, -1.000000000000000000 ) ) ;
#3527 = AXIS2_PLACEMENT_3D ( 'NONE', #3634, #1023, #111 ) ;
#3528 = DIRECTION ( 'NONE',  ( 1.000000000000000000, 0.000000000000000000, 0.000000000000000000 ) ) ;
#3529 = DIRECTION ( 'NONE',  ( 1.000000000000000000, -0.000000000000000000, 0.000000000000000000 ) ) ;
#3530 = ORIENTED_EDGE ( 'NONE', *, *, #10230, .T. ) ;
#3531 = ORIENTED_EDGE ( 'NONE', *, *, #6638, .T. ) ;
#3532 = CARTESIAN_POINT ( 'NONE',  ( 4.800000000000000711, 0.8000000000000000444, 1.799999999999998712 ) ) ;
#3533 = LINE ( 'NONE', #10725, #10763 ) ;
#3534 = CARTESIAN_POINT ( 'NONE',  ( -4.800000000000000711, 0.000000000000000000, -1.950000000000001732 ) ) ;
#3535 = VECTOR ( 'NONE', #5673, 1000.000000000000000 ) ;
#3536 = ORIENTED_EDGE ( 'NONE', *, *, #1456, .F. ) ;
#3537 = VERTEX_POINT ( 'NONE', #4816 ) ;
#3538 = VERTEX_POINT ( 'NONE', #4883 ) ;
#3539 = ORIENTED_EDGE ( 'NONE', *, *, #1496, .F. ) ;
#3540 = CARTESIAN_POINT ( 'NONE',  ( -4.800000000000000711, 0.8000000000000000444, 2.704159457879236506 ) ) ;
#3541 = LINE ( 'NONE', #9069, #58 ) ;
#3542 = CARTESIAN_POINT ( 'NONE',  ( 4.799999999999998934, 0.8000000000000000444, -4.800000000000001599 ) ) ;
#3543 = CARTESIAN_POINT ( 'NONE',  ( -4.350000000000000533, 0.8010000000000000453, 1.799999999999998712 ) ) ;
#3544 = EDGE_CURVE ( 'NONE', #10656, #1720, #2687, .T. ) ;
#3545 = PLANE ( 'NONE',  #5181 ) ;
#3546 = CARTESIAN_POINT ( 'NONE',  ( -4.800000000000000711, 0.000000000000000000, 2.599999999999998312 ) ) ;
#3547 = EDGE_CURVE ( 'NONE', #6082, #5552, #2709, .T. ) ;
#3548 = VERTEX_POINT ( 'NONE', #9777 ) ;
#3549 = ORIENTED_EDGE ( 'NONE', *, *, #2543, .T. ) ;
#3550 = CARTESIAN_POINT ( 'NONE',  ( 4.799999999999998934, 0.000000000000000000, 3.549999999999998490 ) ) ;
#3551 = DIRECTION ( 'NONE',  ( 0.000000000000000000, 0.000000000000000000, -1.000000000000000000 ) ) ;
#3552 = EDGE_CURVE ( 'NONE', #4161, #4685, #2379, .T. ) ;
#3553 = LINE ( 'NONE', #8243, #7368 ) ;
#3554 = CARTESIAN_POINT ( 'NONE',  ( -4.800000000000000711, 0.8000000000000000444, 5.000000000000000000 ) ) ;
#3555 = EDGE_CURVE ( 'NONE', #9653, #6119, #9609, .T. ) ;
#3556 = VECTOR ( 'NONE', #1393, 1000.000000000000000 ) ;
#3557 = DIRECTION ( 'NONE',  ( -1.000000000000000000, 0.000000000000000000, 0.000000000000000000 ) ) ;
#3558 = EDGE_LOOP ( 'NONE', ( #10135, #2366, #2314, #5184, #4063, #5913 ) ) ;
#3559 = CARTESIAN_POINT ( 'NONE',  ( -3.299999999999997602, 1.701471862576142913, -3.500000000000000000 ) ) ;
#3560 = ORIENTED_EDGE ( 'NONE', *, *, #1479, .F. ) ;
#3561 = AXIS2_PLACEMENT_3D ( 'NONE', #9591, #8176, #641 ) ;
#3562 = ORIENTED_EDGE ( 'NONE', *, *, #2397, .F. ) ;
#3563 = ORIENTED_EDGE ( 'NONE', *, *, #7889, .F. ) ;
#3564 = DIRECTION ( 'NONE',  ( 1.000000000000000000, 0.000000000000000000, 9.637352644315600666E-16 ) ) ;
#3565 = COLOUR_RGB ( '',0.2509803921568627416, 0.2509803921568627416, 0.2509803921568627416 ) ;
#3566 = VECTOR ( 'NONE', #2751, 1000.000000000000000 ) ;
#3567 = FILL_AREA_STYLE_COLOUR ( '', #3967 ) ;
#3568 = DIRECTION ( 'NONE',  ( 1.000000000000000000, 0.000000000000000000, -0.000000000000000000 ) ) ;
#3569 = VERTEX_POINT ( 'NONE', #6575 ) ;
#3570 = ORIENTED_EDGE ( 'NONE', *, *, #6038, .F. ) ;
#3571 = CARTESIAN_POINT ( 'NONE',  ( -4.099999999999997868, 2.399999999999998579, -4.300000000000001599 ) ) ;
#3572 = EDGE_CURVE ( 'NONE', #1223, #1517, #2951, .T. ) ;
#3573 = AXIS2_PLACEMENT_3D ( 'NONE', #466, #9430, #7718 ) ;
#3574 = LINE ( 'NONE', #8776, #7179 ) ;
#3575 = LINE ( 'NONE', #5882, #7257 ) ;
#3576 = ORIENTED_EDGE ( 'NONE', *, *, #10411, .T. ) ;
#3577 = EDGE_CURVE ( 'NONE', #8734, #512, #3147, .T. ) ;
#3578 = DIRECTION ( 'NONE',  ( -0.000000000000000000, -0.000000000000000000, -1.000000000000000000 ) ) ;
#3579 = ORIENTED_EDGE ( 'NONE', *, *, #10287, .T. ) ;
#3580 = VERTEX_POINT ( 'NONE', #6442 ) ;
#3581 = PLANE ( 'NONE',  #3914 ) ;
#3582 = ORIENTED_EDGE ( 'NONE', *, *, #6836, .F. ) ;
#3583 = CARTESIAN_POINT ( 'NONE',  ( -3.299999999999997602, 2.600000000000000089, -3.500000000000000000 ) ) ;
#3584 = AXIS2_PLACEMENT_3D ( 'NONE', #9813, #3055, #6344 ) ;
#3585 = VECTOR ( 'NONE', #1244, 1000.000000000000000 ) ;
#3586 = VECTOR ( 'NONE', #4478, 1000.000000000000000 ) ;
#3587 = EDGE_CURVE ( 'NONE', #7652, #4161, #6504, .T. ) ;
#3588 = DIRECTION ( 'NONE',  ( -0.000000000000000000, -1.000000000000000000, -0.000000000000000000 ) ) ;
#3589 = EDGE_CURVE ( 'NONE', #2970, #10534, #6591, .T. ) ;
#3590 = ORIENTED_EDGE ( 'NONE', *, *, #1473, .T. ) ;
#3591 = VERTEX_POINT ( 'NONE', #8986 ) ;
#3592 = CARTESIAN_POINT ( 'NONE',  ( -4.800000000000000711, 0.8000000000000000444, 5.000000000000000000 ) ) ;
#3593 = FACE_OUTER_BOUND ( 'NONE', #3661, .T. ) ;
#3594 = CARTESIAN_POINT ( 'NONE',  ( 4.350000000000000533, 0.4000000000000000222, 0.6999999999999992895 ) ) ;
#3595 = LINE ( 'NONE', #10653, #3393 ) ;
#3596 = CARTESIAN_POINT ( 'NONE',  ( 4.800000000000000711, 0.8000000000000000444, 4.799999999999999822 ) ) ;
#3597 = ORIENTED_EDGE ( 'NONE', *, *, #6422, .T. ) ;
#3598 = EDGE_LOOP ( 'NONE', ( #391, #10366, #6790, #685, #3936, #3790 ) ) ;
#3599 = ORIENTED_EDGE ( 'NONE', *, *, #3173, .F. ) ;
#3600 = VERTEX_POINT ( 'NONE', #2394 ) ;
#3601 = PLANE ( 'NONE',  #9546 ) ;
#3602 = AXIS2_PLACEMENT_3D ( 'NONE', #4406, #7510, #5243 ) ;
#3603 = DIRECTION ( 'NONE',  ( 0.000000000000000000, 1.000000000000000000, 0.000000000000000000 ) ) ;
#3604 = VECTOR ( 'NONE', #4988, 1000.000000000000000 ) ;
#3605 = CARTESIAN_POINT ( 'NONE',  ( -4.800000000000000711, 0.8000000000000000444, -0.2500000000000019429 ) ) ;
#3606 = CARTESIAN_POINT ( 'NONE',  ( -4.299999999999998934, 2.200000000000000178, -4.299999999999998934 ) ) ;
#3607 = VECTOR ( 'NONE', #9450, 1000.000000000000000 ) ;
#3608 = LINE ( 'NONE', #1237, #2 ) ;
#3609 = AXIS2_PLACEMENT_3D ( 'NONE', #8968, #3815, #2310 ) ;
#3610 = CARTESIAN_POINT ( 'NONE',  ( -3.900000000000000799, 0.4000000000000000222, -1.800000000000000711 ) ) ;
#3611 = CARTESIAN_POINT ( 'NONE',  ( -4.350000000000000533, 0.7999999999999999334, 0.5041594578792359949 ) ) ;
#3612 = CARTESIAN_POINT ( 'NONE',  ( 3.899999999999999023, 0.4000000000000000222, -1.695840542120764072 ) ) ;
#3613 = DIRECTION ( 'NONE',  ( 0.000000000000000000, 0.000000000000000000, 1.000000000000000000 ) ) ;
#3614 = EDGE_CURVE ( 'NONE', #5355, #7203, #10421, .T. ) ;
#3615 = ADVANCED_FACE ( 'NONE', ( #2965 ), #5777, .F. ) ;
#3616 = ORIENTED_EDGE ( 'NONE', *, *, #6760, .F. ) ;
#3617 = ORIENTED_EDGE ( 'NONE', *, *, #4575, .T. ) ;
#3618 = DIRECTION ( 'NONE',  ( -1.000000000000000000, 0.000000000000000000, -0.000000000000000000 ) ) ;
#3619 = EDGE_CURVE ( 'NONE', #7442, #8761, #2902, .T. ) ;
#3620 = LINE ( 'NONE', #193, #31 ) ;
#3621 = DIRECTION ( 'NONE',  ( 1.000000000000000000, -0.000000000000000000, 0.000000000000000000 ) ) ;
#3622 = CYLINDRICAL_SURFACE ( 'NONE', #10094, 0.2500000000000002220 ) ;
#3623 = ORIENTED_EDGE ( 'NONE', *, *, #3934, .F. ) ;
#3624 = ORIENTED_EDGE ( 'NONE', *, *, #2397, .T. ) ;
#3625 = VERTEX_POINT ( 'NONE', #9708 ) ;
#3626 = ORIENTED_EDGE ( 'NONE', *, *, #8413, .F. ) ;
#3627 = LINE ( 'NONE', #5555, #7399 ) ;
#3628 = DIRECTION ( 'NONE',  ( -0.000000000000000000, -0.000000000000000000, -1.000000000000000000 ) ) ;
#3629 = CARTESIAN_POINT ( 'NONE',  ( 4.350000000000000533, 0.4000000000000000222, 0.3999999999999993006 ) ) ;
#3630 = LINE ( 'NONE', #3534, #10524 ) ;
#3631 = FACE_OUTER_BOUND ( 'NONE', #9329, .T. ) ;
#3632 = DIRECTION ( 'NONE',  ( 0.000000000000000000, 1.000000000000000000, 0.000000000000000000 ) ) ;
#3633 = AXIS2_PLACEMENT_3D ( 'NONE', #10137, #209, #5713 ) ;
#3634 = CARTESIAN_POINT ( 'NONE',  ( 0.000000000000000000, 0.4000000000000000222, 2.200000000000000178 ) ) ;
#3635 = EDGE_LOOP ( 'NONE', ( #9919, #5466, #421, #1683 ) ) ;
#3636 = ORIENTED_EDGE ( 'NONE', *, *, #5644, .T. ) ;
#3637 = DIRECTION ( 'NONE',  ( 0.000000000000000000, -0.000000000000000000, -1.000000000000000000 ) ) ;
#3638 = EDGE_CURVE ( 'NONE', #8541, #2961, #10378, .T. ) ;
#3639 = PLANE ( 'NONE',  #2720 ) ;
#3640 = DIRECTION ( 'NONE',  ( -0.000000000000000000, -0.000000000000000000, -1.000000000000000000 ) ) ;
#3641 = MANIFOLD_SOLID_BREP ( 'Cut-Extrude6[2]', #7051 ) ;
#3642 = ADVANCED_FACE ( 'NONE', ( #2936 ), #1666, .F. ) ;
#3643 = VECTOR ( 'NONE', #9743, 1000.000000000000000 ) ;
#3644 = DIRECTION ( 'NONE',  ( -0.000000000000000000, -1.000000000000000000, -0.000000000000000000 ) ) ;
#3645 = SURFACE_SIDE_STYLE ('',( #2046 ) ) ;
#3646 = ORIENTED_EDGE ( 'NONE', *, *, #8248, .F. ) ;
#3647 = EDGE_LOOP ( 'NONE', ( #9033, #6644, #1713, #5213 ) ) ;
#3648 = EDGE_LOOP ( 'NONE', ( #3915, #3259, #3549, #7405, #4136, #10766 ) ) ;
#3649 = LINE ( 'NONE', #6674, #3405 ) ;
#3650 =( NAMED_UNIT ( * ) PLANE_ANGLE_UNIT ( ) SI_UNIT ( $, .RADIAN. ) );
#3651 = ORIENTED_EDGE ( 'NONE', *, *, #8133, .T. ) ;
#3652 = ORIENTED_EDGE ( 'NONE', *, *, #3961, .T. ) ;
#3653 = CARTESIAN_POINT ( 'NONE',  ( -3.900000000000000799, 0.4000000000000000222, -1.500000000000001332 ) ) ;
#3654 = LINE ( 'NONE', #5262, #3794 ) ;
#3655 = EDGE_CURVE ( 'NONE', #8679, #8260, #10326, .T. ) ;
#3656 = LINE ( 'NONE', #5414, #3479 ) ;
#3657 = UNCERTAINTY_MEASURE_WITH_UNIT (LENGTH_MEASURE( 1.000000000000000082E-05 ), #8116, 'distance_accuracy_value', 'NONE');
#3658 = AXIS2_PLACEMENT_3D ( 'NONE', #8487, #5966, #8422 ) ;
#3659 = SURFACE_SIDE_STYLE ('',( #8134 ) ) ;
#3660 = CARTESIAN_POINT ( 'NONE',  ( -4.800000000000000711, 0.000000000000000000, -3.050000000000001599 ) ) ;
#3661 = EDGE_LOOP ( 'NONE', ( #9892, #1175, #4877, #6134 ) ) ;
#3662 = EDGE_CURVE ( 'NONE', #9633, #7564, #2919, .T. ) ;
#3663 = ORIENTED_EDGE ( 'NONE', *, *, #7611, .T. ) ;
#3664 = DIRECTION ( 'NONE',  ( -1.000000000000000000, 0.000000000000000000, 0.000000000000000000 ) ) ;
#3665 =( NAMED_UNIT ( * ) SI_UNIT ( $, .STERADIAN. ) SOLID_ANGLE_UNIT ( ) );
#3666 = EDGE_LOOP ( 'NONE', ( #1207, #8687, #798, #4701, #875, #4464 ) ) ;
#3667 = LINE ( 'NONE', #778, #7357 ) ;
#3668 = CARTESIAN_POINT ( 'NONE',  ( -4.800000000000000711, 0.000000000000000000, 0.2499999999999985012 ) ) ;
#3669 = LINE ( 'NONE', #6252, #7345 ) ;
#3670 = CARTESIAN_POINT ( 'NONE',  ( -3.299999999999997602, 2.549999999999999822, -3.500000000000000000 ) ) ;
#3671 = ADVANCED_FACE ( 'NONE', ( #6751 ), #3165, .T. ) ;
#3672 = ORIENTED_EDGE ( 'NONE', *, *, #426, .F. ) ;
#3673 = ORIENTED_EDGE ( 'NONE', *, *, #3873, .T. ) ;
#3674 = DIRECTION ( 'NONE',  ( -9.637352644315598694E-16, 0.000000000000000000, 1.000000000000000000 ) ) ;
#3675 = VECTOR ( 'NONE', #9320, 1000.000000000000000 ) ;
#3676 = EDGE_CURVE ( 'NONE', #8994, #4412, #3180, .T. ) ;
#3677 = DIRECTION ( 'NONE',  ( -1.000000000000000000, 0.000000000000000000, -9.637352644315598694E-16 ) ) ;
#3678 = VECTOR ( 'NONE', #2357, 1000.000000000000000 ) ;
#3679 = PLANE ( 'NONE',  #2001 ) ;
#3680 = ORIENTED_EDGE ( 'NONE', *, *, #1003, .F. ) ;
#3681 = ORIENTED_EDGE ( 'NONE', *, *, #7794, .T. ) ;
#3682 = ORIENTED_EDGE ( 'NONE', *, *, #2699, .T. ) ;
#3683 = CARTESIAN_POINT ( 'NONE',  ( 3.899999999999999023, 0.000000000000000000, -1.800000000000000711 ) ) ;
#3684 = CARTESIAN_POINT ( 'NONE',  ( 4.350000000000000533, 0.8000000000000000444, -0.4000000000000010214 ) ) ;
#3685 = FACE_OUTER_BOUND ( 'NONE', #4585, .T. ) ;
#3686 = CARTESIAN_POINT ( 'NONE',  ( -4.350000000000000533, 0.8000000000000000444, 1.799999999999998712 ) ) ;
#3687 = CIRCLE ( 'NONE', #9269, 0.2500000000000004441 ) ;
#3688 = VECTOR ( 'NONE', #8846, 1000.000000000000000 ) ;
#3689 = DIRECTION ( 'NONE',  ( -1.000000000000000000, 0.000000000000000000, -9.637352644315598694E-16 ) ) ;
#3690 = DIRECTION ( 'NONE',  ( 1.000000000000000000, 0.000000000000000000, -0.000000000000000000 ) ) ;
#3691 = CARTESIAN_POINT ( 'NONE',  ( -4.099999999999997868, 0.7999999999999997113, 4.700000000000005507 ) ) ;
#3692 = ORIENTED_EDGE ( 'NONE', *, *, #4481, .F. ) ;
#3693 = ORIENTED_EDGE ( 'NONE', *, *, #7218, .F. ) ;
#3694 = DIRECTION ( 'NONE',  ( -0.000000000000000000, -0.000000000000000000, -1.000000000000000000 ) ) ;
#3695 = ADVANCED_FACE ( 'NONE', ( #6786 ), #3377, .F. ) ;
#3696 = VECTOR ( 'NONE', #8565, 1000.000000000000000 ) ;
#3697 = CARTESIAN_POINT ( 'NONE',  ( -4.800000000000000711, 0.000000000000000000, 1.349999999999998757 ) ) ;
#3698 = VECTOR ( 'NONE', #5554, 1000.000000000000000 ) ;
#3699 = ORIENTED_EDGE ( 'NONE', *, *, #6907, .T. ) ;
#3700 = ORIENTED_EDGE ( 'NONE', *, *, #5507, .T. ) ;
#3701 = ORIENTED_EDGE ( 'NONE', *, *, #2681, .F. ) ;
#3702 = VECTOR ( 'NONE', #84, 1000.000000000000000 ) ;
#3703 = CARTESIAN_POINT ( 'NONE',  ( 3.899999999999999023, 0.4000000000000000222, -0.4000000000000010214 ) ) ;
#3704 = AXIS2_PLACEMENT_3D ( 'NONE', #127, #974, #7674 ) ;
#3705 = DIRECTION ( 'NONE',  ( 1.000000000000000000, 0.000000000000000000, 0.000000000000000000 ) ) ;
#3706 = FACE_OUTER_BOUND ( 'NONE', #10785, .T. ) ;
#3707 = EDGE_CURVE ( 'NONE', #9707, #7685, #3199, .T. ) ;
#3708 = DIRECTION ( 'NONE',  ( -0.000000000000000000, -1.000000000000000000, -0.000000000000000000 ) ) ;
#3709 = DIRECTION ( 'NONE',  ( 0.000000000000000000, 0.000000000000000000, 1.000000000000000000 ) ) ;
#3710 = EDGE_CURVE ( 'NONE', #9459, #1293, #9982, .T. ) ;
#3711 = VERTEX_POINT ( 'NONE', #1803 ) ;
#3712 = AXIS2_PLACEMENT_3D ( 'NONE', #4805, #5997, #8453 ) ;
#3713 = EDGE_LOOP ( 'NONE', ( #4858, #4924, #4844, #4799 ) ) ;
#3714 = DIRECTION ( 'NONE',  ( -0.000000000000000000, -1.000000000000000000, -0.000000000000000000 ) ) ;
#3715 = CARTESIAN_POINT ( 'NONE',  ( 4.799999999999998934, 0.000000000000000000, 1.500000000000008216 ) ) ;
#3716 = CARTESIAN_POINT ( 'NONE',  ( -4.800000000000000711, 0.8000000000000000444, -2.600000000000000977 ) ) ;
#3717 = VECTOR ( 'NONE', #7249, 1000.000000000000000 ) ;
#3718 = CARTESIAN_POINT ( 'NONE',  ( -3.900000000000001688, 0.4000000000000000222, 3.699999999999999289 ) ) ;
#3719 = VECTOR ( 'NONE', #6266, 1000.000000000000000 ) ;
#3720 = DIRECTION ( 'NONE',  ( 0.000000000000000000, -0.000000000000000000, -1.000000000000000000 ) ) ;
#3721 = CARTESIAN_POINT ( 'NONE',  ( -1.399999999999998135, 1.200000000000002176, 5.000000000000005329 ) ) ;
#3722 = ADVANCED_FACE ( 'NONE', ( #2817 ), #2871, .F. ) ;
#3723 = ORIENTED_EDGE ( 'NONE', *, *, #4300, .F. ) ;
#3724 = ORIENTED_EDGE ( 'NONE', *, *, #126, .F. ) ;
#3725 = ORIENTED_EDGE ( 'NONE', *, *, #1712, .T. ) ;
#3726 = CYLINDRICAL_SURFACE ( 'NONE', #3050, 0.2500000000000004441 ) ;
#3727 = FACE_OUTER_BOUND ( 'NONE', #1597, .T. ) ;
#3728 = DIRECTION ( 'NONE',  ( 1.000000000000000000, -0.000000000000000000, -0.000000000000000000 ) ) ;
#3729 = EDGE_CURVE ( 'NONE', #3480, #4226, #6473, .T. ) ;
#3730 = DIRECTION ( 'NONE',  ( 1.000000000000000000, 0.000000000000000000, 0.000000000000000000 ) ) ;
#3731 = ORIENTED_EDGE ( 'NONE', *, *, #5805, .T. ) ;
#3732 = ORIENTED_EDGE ( 'NONE', *, *, #9264, .F. ) ;
#3733 = AXIS2_PLACEMENT_3D ( 'NONE', #4608, #10101, #6096 ) ;
#3734 = FACE_OUTER_BOUND ( 'NONE', #7665, .T. ) ;
#3735 = LINE ( 'NONE', #6839, #7410 ) ;
#3736 = CARTESIAN_POINT ( 'NONE',  ( -4.350000000000000533, 0.7999999999999999334, 0.5041594578792359949 ) ) ;
#3737 = EDGE_CURVE ( 'NONE', #3569, #2840, #9941, .T. ) ;
#3738 = ORIENTED_EDGE ( 'NONE', *, *, #5062, .F. ) ;
#3739 = ORIENTED_EDGE ( 'NONE', *, *, #6054, .F. ) ;
#3740 = DIRECTION ( 'NONE',  ( -0.000000000000000000, -0.000000000000000000, -1.000000000000000000 ) ) ;
#3741 = DIRECTION ( 'NONE',  ( -0.000000000000000000, 0.000000000000000000, -1.000000000000000000 ) ) ;
#3742 = ORIENTED_EDGE ( 'NONE', *, *, #4017, .F. ) ;
#3743 = DIRECTION ( 'NONE',  ( 0.000000000000000000, -1.000000000000000000, 0.000000000000000000 ) ) ;
#3744 = ADVANCED_FACE ( 'NONE', ( #3218 ), #6856, .F. ) ;
#3745 = EDGE_CURVE ( 'NONE', #6704, #5719, #6824, .T. ) ;
#3746 = FACE_OUTER_BOUND ( 'NONE', #5974, .T. ) ;
#3747 = CARTESIAN_POINT ( 'NONE',  ( -4.350000000000000533, 0.4000000000000000222, 0.3999999999999984679 ) ) ;
#3748 = ORIENTED_EDGE ( 'NONE', *, *, #10429, .F. ) ;
#3749 = ORIENTED_EDGE ( 'NONE', *, *, #5418, .F. ) ;
#3750 = DIRECTION ( 'NONE',  ( 1.000000000000000000, 0.000000000000000000, -0.000000000000000000 ) ) ;
#3751 = AXIS2_PLACEMENT_3D ( 'NONE', #10654, #3052, #4921 ) ;
#3752 = LINE ( 'NONE', #3107, #3831 ) ;
#3753 = CARTESIAN_POINT ( 'NONE',  ( 1.399999999999998135, 1.199999999999970646, -4.700000000000005507 ) ) ;
#3754 = VECTOR ( 'NONE', #2086, 1000.000000000000000 ) ;
#3755 = CARTESIAN_POINT ( 'NONE',  ( -3.900000000000000799, 0.000000000000000000, 4.799999999999999822 ) ) ;
#3756 = AXIS2_PLACEMENT_3D ( 'NONE', #3089, #6794, #8228 ) ;
#3757 = VERTEX_POINT ( 'NONE', #5175 ) ;
#3758 = VERTEX_POINT ( 'NONE', #9382 ) ;
#3759 = VERTEX_POINT ( 'NONE', #1031 ) ;
#3760 = DIRECTION ( 'NONE',  ( -9.637352644315673636E-16, 7.888609052210112799E-31, 1.000000000000000000 ) ) ;
#3761 = DIRECTION ( 'NONE',  ( -1.000000000000000000, 0.000000000000000000, 0.000000000000000000 ) ) ;
#3762 = ADVANCED_FACE ( 'NONE', ( #2760 ), #10399, .F. ) ;
#3763 = VECTOR ( 'NONE', #7751, 1000.000000000000000 ) ;
#3764 = PRESENTATION_LAYER_ASSIGNMENT (  '', '', ( #8184 ) ) ;
#3765 = CARTESIAN_POINT ( 'NONE',  ( -4.800000000000000711, 0.000000000000000000, -2.600000000000000977 ) ) ;
#3766 = CARTESIAN_POINT ( 'NONE',  ( -4.350000000000000533, 0.8010000000000000453, 2.599999999999999201 ) ) ;
#3767 = VECTOR ( 'NONE', #3364, 1000.000000000000000 ) ;
#3768 = CARTESIAN_POINT ( 'NONE',  ( 4.799999999999998934, 0.000000000000000000, 5.000000000000000000 ) ) ;
#3769 = CARTESIAN_POINT ( 'NONE',  ( -3.900000000000000799, 0.000000000000000000, 2.899999999999999023 ) ) ;
#3770 = ADVANCED_FACE ( 'NONE', ( #6376 ), #2073, .F. ) ;
#3771 = CARTESIAN_POINT ( 'NONE',  ( -4.800000000000000711, 0.7999999999999999334, -4.000000000000000888 ) ) ;
#3772 = DIRECTION ( 'NONE',  ( -0.000000000000000000, -0.000000000000000000, -1.000000000000000000 ) ) ;
#3773 = ORIENTED_EDGE ( 'NONE', *, *, #4481, .T. ) ;
#3774 = ORIENTED_EDGE ( 'NONE', *, *, #7487, .F. ) ;
#3775 = DIRECTION ( 'NONE',  ( 0.000000000000000000, 0.000000000000000000, 1.000000000000000000 ) ) ;
#3776 = VECTOR ( 'NONE', #6328, 1000.000000000000000 ) ;
#3777 = CARTESIAN_POINT ( 'NONE',  ( 3.899999999999999023, 0.4000000000000000222, 1.604159457879236195 ) ) ;
#3778 = LINE ( 'NONE', #1042, #4139 ) ;
#3779 = ORIENTED_EDGE ( 'NONE', *, *, #7853, .F. ) ;
#3780 = STYLED_ITEM ( 'NONE', ( #10365 ), #988 ) ;
#3781 = ORIENTED_EDGE ( 'NONE', *, *, #2223, .F. ) ;
#3782 = EDGE_LOOP ( 'NONE', ( #4053, #3890, #1527, #8742, #3310, #2499 ) ) ;
#3783 = VECTOR ( 'NONE', #7392, 1000.000000000000000 ) ;
#3784 = PLANE ( 'NONE',  #6929 ) ;
#3785 = EDGE_CURVE ( 'NONE', #10407, #6720, #9962, .T. ) ;
#3786 = FACE_OUTER_BOUND ( 'NONE', #2939, .T. ) ;
#3787 = DIRECTION ( 'NONE',  ( 1.000000000000000000, -2.409338161078899674E-16, 0.000000000000000000 ) ) ;
#3788 = PLANE ( 'NONE',  #5352 ) ;
#3789 = EDGE_LOOP ( 'NONE', ( #8740, #8569, #5364, #8523, #8576, #4810 ) ) ;
#3790 = ORIENTED_EDGE ( 'NONE', *, *, #5230, .T. ) ;
#3791 = CARTESIAN_POINT ( 'NONE',  ( 4.350000000000000533, 0.4000000000000000222, 1.799999999999998712 ) ) ;
#3792 = DIRECTION ( 'NONE',  ( 0.000000000000000000, 0.000000000000000000, 1.000000000000000000 ) ) ;
#3793 = DIRECTION ( 'NONE',  ( -2.465190328815661892E-32, 0.000000000000000000, -1.000000000000000000 ) ) ;
#3794 = VECTOR ( 'NONE', #2761, 1000.000000000000000 ) ;
#3795 = DIRECTION ( 'NONE',  ( 1.000000000000000000, 0.000000000000000000, 0.000000000000000000 ) ) ;
#3796 = CARTESIAN_POINT ( 'NONE',  ( -4.350000000000000533, 0.4000000000000000222, -0.5958405421207638719 ) ) ;
#3797 = CARTESIAN_POINT ( 'NONE',  ( 4.099999999999997868, 2.200000000000000178, 4.300000000000001599 ) ) ;
#3798 = VECTOR ( 'NONE', #6915, 1000.000000000000000 ) ;
#3799 = CARTESIAN_POINT ( 'NONE',  ( 4.799999999999998934, 0.000000000000000000, 0.5041594578792359949 ) ) ;
#3800 = DIRECTION ( 'NONE',  ( -0.000000000000000000, -3.252606517456512119E-15, -1.000000000000000000 ) ) ;
#3801 = VERTEX_POINT ( 'NONE', #6042 ) ;
#3802 = ORIENTED_EDGE ( 'NONE', *, *, #5636, .T. ) ;
#3803 = ORIENTED_EDGE ( 'NONE', *, *, #2910, .F. ) ;
#3804 = FACE_OUTER_BOUND ( 'NONE', #4627, .T. ) ;
#3805 = EDGE_CURVE ( 'NONE', #8337, #1857, #10012, .T. ) ;
#3806 = FACE_OUTER_BOUND ( 'NONE', #2026, .T. ) ;
#3807 = EDGE_CURVE ( 'NONE', #7504, #6240, #10808, .T. ) ;
#3808 = CARTESIAN_POINT ( 'NONE',  ( -3.399999999999997691, 1.598554689981426128E-14, -4.700000000000008171 ) ) ;
#3809 = DIRECTION ( 'NONE',  ( 0.000000000000000000, 1.000000000000000000, 3.252606517456512119E-15 ) ) ;
#3810 = ORIENTED_EDGE ( 'NONE', *, *, #4126, .F. ) ;
#3811 = EDGE_CURVE ( 'NONE', #5609, #5101, #3524, .T. ) ;
#3812 = EDGE_LOOP ( 'NONE', ( #5009, #674, #10620, #10581 ) ) ;
#3813 = FACE_OUTER_BOUND ( 'NONE', #7026, .T. ) ;
#3814 = FACE_OUTER_BOUND ( 'NONE', #10243, .T. ) ;
#3815 = DIRECTION ( 'NONE',  ( -1.000000000000000000, 0.000000000000000000, 0.000000000000000000 ) ) ;
#3816 = EDGE_LOOP ( 'NONE', ( #3253, #4866, #5210, #3216 ) ) ;
#3817 = EDGE_LOOP ( 'NONE', ( #9880, #3579, #431, #4030 ) ) ;
#3818 = CARTESIAN_POINT ( 'NONE',  ( -4.350000000000000533, 0.8010000000000000453, -0.7000000000000009548 ) ) ;
#3819 = DIRECTION ( 'NONE',  ( -1.000000000000000000, 0.000000000000000000, 0.000000000000000000 ) ) ;
#3820 = ORIENTED_EDGE ( 'NONE', *, *, #7743, .F. ) ;
#3821 = VECTOR ( 'NONE', #5415, 1000.000000000000000 ) ;
#3822 = DIRECTION ( 'NONE',  ( -0.000000000000000000, -0.000000000000000000, -1.000000000000000000 ) ) ;
#3823 = LINE ( 'NONE', #5593, #7420 ) ;
#3824 = EDGE_CURVE ( 'NONE', #5500, #6654, #7131, .T. ) ;
#3825 = CARTESIAN_POINT ( 'NONE',  ( 4.799999999999998934, 0.000000000000000000, -0.4000000000000010214 ) ) ;
#3826 = AXIS2_PLACEMENT_3D ( 'NONE', #9889, #3348, #10755 ) ;
#3827 = VERTEX_POINT ( 'NONE', #189 ) ;
#3828 = ORIENTED_EDGE ( 'NONE', *, *, #1458, .T. ) ;
#3829 = CARTESIAN_POINT ( 'NONE',  ( -4.800000000000000711, 0.8000000000000000444, 0.5041594578792359949 ) ) ;
#3830 = EDGE_CURVE ( 'NONE', #7653, #4841, #3630, .T. ) ;
#3831 = VECTOR ( 'NONE', #1614, 1000.000000000000000 ) ;
#3832 = DIRECTION ( 'NONE',  ( -0.000000000000000000, -0.000000000000000000, -1.000000000000000000 ) ) ;
#3833 = LINE ( 'NONE', #5985, #216 ) ;
#3834 = CARTESIAN_POINT ( 'NONE',  ( -4.800000000000000711, 0.000000000000000000, 5.000000000000000000 ) ) ;
#3835 = ORIENTED_EDGE ( 'NONE', *, *, #4152, .T. ) ;
#3836 = ORIENTED_EDGE ( 'NONE', *, *, #8038, .T. ) ;
#3837 = VERTEX_POINT ( 'NONE', #3457 ) ;
#3838 = DIRECTION ( 'NONE',  ( 1.000000000000000000, 0.000000000000000000, -0.000000000000000000 ) ) ;
#3839 = CARTESIAN_POINT ( 'NONE',  ( -3.900000000000000799, 0.4000000000000000222, 1.799999999999998712 ) ) ;
#3840 = ADVANCED_FACE ( 'NONE', ( #7227 ), #5471, .F. ) ;
#3841 = DIRECTION ( 'NONE',  ( -0.000000000000000000, 0.000000000000000000, 1.000000000000000000 ) ) ;
#3842 = PRESENTATION_STYLE_ASSIGNMENT (( #2206 ) ) ;
#3843 = CARTESIAN_POINT ( 'NONE',  ( -4.800000000000000711, 0.8000000000000000444, 3.999999999999999112 ) ) ;
#3844 = CARTESIAN_POINT ( 'NONE',  ( -4.800000000000000711, 0.000000000000000000, -4.400000000000002132 ) ) ;
#3845 = ORIENTED_EDGE ( 'NONE', *, *, #7764, .F. ) ;
#3846 = ORIENTED_EDGE ( 'NONE', *, *, #1201, .T. ) ;
#3847 = EDGE_CURVE ( 'NONE', #5211, #7176, #10463, .T. ) ;
#3848 = DIRECTION ( 'NONE',  ( -0.000000000000000000, -1.000000000000000000, -0.000000000000000000 ) ) ;
#3849 = LINE ( 'NONE', #2348, #7461 ) ;
#3850 = LINE ( 'NONE', #2266, #273 ) ;
#3851 = ORIENTED_EDGE ( 'NONE', *, *, #639, .T. ) ;
#3852 = EDGE_LOOP ( 'NONE', ( #4265, #874, #5203, #7957 ) ) ;
#3853 = ORIENTED_EDGE ( 'NONE', *, *, #361, .T. ) ;
#3854 = ADVANCED_FACE ( 'NONE', ( #3380 ), #9514, .F. ) ;
#3855 = FACE_OUTER_BOUND ( 'NONE', #6219, .T. ) ;
#3856 = DIRECTION ( 'NONE',  ( -0.000000000000000000, -1.000000000000000000, -0.000000000000000000 ) ) ;
#3857 = AXIS2_PLACEMENT_3D ( 'NONE', #10452, #2469, #6305 ) ;
#3858 = DIRECTION ( 'NONE',  ( -1.000000000000000000, 0.000000000000000000, -9.637352644315598694E-16 ) ) ;
#3859 = ADVANCED_FACE ( 'NONE', ( #3344 ), #6185, .F. ) ;
#3860 = DIRECTION ( 'NONE',  ( -1.000000000000000000, 0.000000000000000000, 0.000000000000000000 ) ) ;
#3861 = EDGE_CURVE ( 'NONE', #4083, #8904, #10542, .T. ) ;
#3862 = ORIENTED_EDGE ( 'NONE', *, *, #10164, .T. ) ;
#3863 = EDGE_LOOP ( 'NONE', ( #4195, #7367, #3516, #3835, #7997, #6999 ) ) ;
#3864 =( NAMED_UNIT ( * ) PLANE_ANGLE_UNIT ( ) SI_UNIT ( $, .RADIAN. ) );
#3865 = DIRECTION ( 'NONE',  ( -1.000000000000000000, 2.409338161078899674E-16, -9.637352644315598694E-16 ) ) ;
#3866 = CARTESIAN_POINT ( 'NONE',  ( 0.000000000000000000, 2.200000000000001510, -4.700000000000001066 ) ) ;
#3867 = VECTOR ( 'NONE', #1312, 1000.000000000000000 ) ;
#3868 =( NAMED_UNIT ( * ) SI_UNIT ( $, .STERADIAN. ) SOLID_ANGLE_UNIT ( ) );
#3869 = CARTESIAN_POINT ( 'NONE',  ( -4.800000000000000711, 0.000000000000000000, -0.4000000000000010214 ) ) ;
#3870 = LINE ( 'NONE', #8684, #7445 ) ;
#3871 =( NAMED_UNIT ( * ) PLANE_ANGLE_UNIT ( ) SI_UNIT ( $, .RADIAN. ) );
#3872 = ORIENTED_EDGE ( 'NONE', *, *, #4835, .T. ) ;
#3873 = EDGE_CURVE ( 'NONE', #10548, #4257, #10628, .T. ) ;
#3874 = VERTEX_POINT ( 'NONE', #9582 ) ;
#3875 = ORIENTED_EDGE ( 'NONE', *, *, #9874, .F. ) ;
#3876 = VECTOR ( 'NONE', #4060, 1000.000000000000000 ) ;
#3877 = LINE ( 'NONE', #2463, #116 ) ;
#3878 = EDGE_CURVE ( 'NONE', #4683, #10445, #9282, .T. ) ;
#3879 = DIRECTION ( 'NONE',  ( 0.000000000000000000, -1.000000000000000000, 0.000000000000000000 ) ) ;
#3880 = ORIENTED_EDGE ( 'NONE', *, *, #33, .T. ) ;
#3881 = VERTEX_POINT ( 'NONE', #335 ) ;
#3882 = CIRCLE ( 'NONE', #172, 0.1999999999999996503 ) ;
#3883 = VECTOR ( 'NONE', #4175, 1000.000000000000000 ) ;
#3884 = CARTESIAN_POINT ( 'NONE',  ( 3.899999999999999023, 0.000000000000000000, -1.500000000000001332 ) ) ;
#3885 = DIRECTION ( 'NONE',  ( 0.000000000000000000, -1.000000000000000000, 0.000000000000000000 ) ) ;
#3886 = ORIENTED_EDGE ( 'NONE', *, *, #4218, .T. ) ;
#3887 = EDGE_LOOP ( 'NONE', ( #8469, #964, #4549, #8208 ) ) ;
#3888 = DIRECTION ( 'NONE',  ( -0.000000000000000000, -1.000000000000000000, -0.000000000000000000 ) ) ;
#3889 = CARTESIAN_POINT ( 'NONE',  ( 4.800000000000000711, 0.8000000000000000444, -2.200000000000001954 ) ) ;
#3890 = ORIENTED_EDGE ( 'NONE', *, *, #4758, .T. ) ;
#3891 = FACE_OUTER_BOUND ( 'NONE', #10041, .T. ) ;
#3892 = DIRECTION ( 'NONE',  ( 1.000000000000000000, 0.000000000000000000, -2.465190328815661892E-32 ) ) ;
#3893 = DIRECTION ( 'NONE',  ( -0.000000000000000000, 1.000000000000000000, -0.000000000000000000 ) ) ;
#3894 = STYLED_ITEM ( 'NONE', ( #1062 ), #2286 ) ;
#3895 = VERTEX_POINT ( 'NONE', #4557 ) ;
#3896 = ORIENTED_EDGE ( 'NONE', *, *, #9041, .F. ) ;
#3897 = DIRECTION ( 'NONE',  ( 2.409338161078908548E-16, -1.000000000000000000, 0.000000000000000000 ) ) ;
#3898 = VECTOR ( 'NONE', #8499, 1000.000000000000000 ) ;
#3899 = DIRECTION ( 'NONE',  ( -0.000000000000000000, -0.000000000000000000, -1.000000000000000000 ) ) ;
#3900 = LINE ( 'NONE', #10064, #7518 ) ;
#3901 = DIRECTION ( 'NONE',  ( 0.000000000000000000, -0.000000000000000000, 1.000000000000000000 ) ) ;
#3902 = ORIENTED_EDGE ( 'NONE', *, *, #1960, .T. ) ;
#3903 = VERTEX_POINT ( 'NONE', #3697 ) ;
#3904 = ORIENTED_EDGE ( 'NONE', *, *, #9518, .T. ) ;
#3905 = DIRECTION ( 'NONE',  ( 1.000000000000000000, 3.491481338843133355E-15, 0.000000000000000000 ) ) ;
#3906 = DIRECTION ( 'NONE',  ( 0.000000000000000000, 1.000000000000000000, 0.000000000000000000 ) ) ;
#3907 = CARTESIAN_POINT ( 'NONE',  ( -4.099999999999997868, 1.200000000000002176, 5.000000000000005329 ) ) ;
#3908 = DIRECTION ( 'NONE',  ( 1.000000000000000000, 0.000000000000000000, -9.637352644315598694E-16 ) ) ;
#3909 = ORIENTED_EDGE ( 'NONE', *, *, #4059, .T. ) ;
#3910 = ORIENTED_EDGE ( 'NONE', *, *, #3169, .T. ) ;
#3911 = LINE ( 'NONE', #2009, #175 ) ;
#3912 = EDGE_CURVE ( 'NONE', #4528, #8861, #1933, .T. ) ;
#3913 = VECTOR ( 'NONE', #3160, 1000.000000000000000 ) ;
#3914 = AXIS2_PLACEMENT_3D ( 'NONE', #6890, #4450, #299 ) ;
#3915 = ORIENTED_EDGE ( 'NONE', *, *, #9553, .T. ) ;
#3916 = ORIENTED_EDGE ( 'NONE', *, *, #6966, .F. ) ;
#3917 = EDGE_LOOP ( 'NONE', ( #381, #4510, #634, #3987 ) ) ;
#3918 = CARTESIAN_POINT ( 'NONE',  ( 4.350000000000000533, 0.4000000000000000222, 2.899999999999999023 ) ) ;
#3919 = ADVANCED_FACE ( 'NONE', ( #1603 ), #8034, .F. ) ;
#3920 = DIRECTION ( 'NONE',  ( 0.000000000000000000, -1.000000000000000000, 0.000000000000000000 ) ) ;
#3921 = DIRECTION ( 'NONE',  ( 0.000000000000000000, -1.000000000000000000, 0.000000000000000000 ) ) ;
#3922 = SURFACE_STYLE_FILL_AREA ( #552 ) ;
#3923 = DIRECTION ( 'NONE',  ( 1.000000000000000000, -0.000000000000000000, -0.000000000000000000 ) ) ;
#3924 = CARTESIAN_POINT ( 'NONE',  ( 4.799999999999999822, 0.8000000000000000444, 2.600000000000007638 ) ) ;
#3925 = ORIENTED_EDGE ( 'NONE', *, *, #7119, .T. ) ;
#3926 = EDGE_LOOP ( 'NONE', ( #5717, #7127, #2787, #2148 ) ) ;
#3927 = DIRECTION ( 'NONE',  ( -0.000000000000000000, -0.000000000000000000, 1.000000000000000000 ) ) ;
#3928 = CARTESIAN_POINT ( 'NONE',  ( 0.000000000000000000, 0.4000000000000000222, 3.299999999999999822 ) ) ;
#3929 = CARTESIAN_POINT ( 'NONE',  ( -4.800000000000000711, 0.8000000000000000444, -0.5958405421207638719 ) ) ;
#3930 = EDGE_CURVE ( 'NONE', #5266, #4109, #8720, .T. ) ;
#3931 = CARTESIAN_POINT ( 'NONE',  ( 4.300000000000007816, 7.228014483237271438E-16, 4.299999999999990941 ) ) ;
#3932 = LINE ( 'NONE', #618, #3991 ) ;
#3933 = CARTESIAN_POINT ( 'NONE',  ( 4.350000000000000533, 0.7999999999999999334, -3.700000000000001066 ) ) ;
#3934 = EDGE_CURVE ( 'NONE', #8124, #2537, #5105, .T. ) ;
#3935 = AXIS2_PLACEMENT_3D ( 'NONE', #7961, #9580, #3775 ) ;
#3936 = ORIENTED_EDGE ( 'NONE', *, *, #3039, .F. ) ;
#3937 = VERTEX_POINT ( 'NONE', #10721 ) ;
#3938 = ORIENTED_EDGE ( 'NONE', *, *, #5742, .T. ) ;
#3939 = EDGE_CURVE ( 'NONE', #3411, #3759, #1586, .T. ) ;
#3940 = VECTOR ( 'NONE', #1675, 1000.000000000000000 ) ;
#3941 = ADVANCED_FACE ( 'NONE', ( #8836 ), #1610, .T. ) ;
#3942 = DIRECTION ( 'NONE',  ( -0.000000000000000000, -0.000000000000000000, -1.000000000000000000 ) ) ;
#3943 = ORIENTED_EDGE ( 'NONE', *, *, #2802, .T. ) ;
#3944 = ORIENTED_EDGE ( 'NONE', *, *, #2564, .F. ) ;
#3945 = VECTOR ( 'NONE', #10149, 1000.000000000000000 ) ;
#3946 = FACE_OUTER_BOUND ( 'NONE', #6946, .T. ) ;
#3947 = EDGE_CURVE ( 'NONE', #7307, #5395, #8899, .T. ) ;
#3948 = CARTESIAN_POINT ( 'NONE',  ( 4.799999999999998934, 0.000000000000000000, 1.604159457879236195 ) ) ;
#3949 = LINE ( 'NONE', #4840, #7550 ) ;
#3950 = DIRECTION ( 'NONE',  ( 0.000000000000000000, -7.888609052210125061E-31, -1.000000000000000000 ) ) ;
#3951 = ORIENTED_EDGE ( 'NONE', *, *, #10686, .T. ) ;
#3952 = ORIENTED_EDGE ( 'NONE', *, *, #5207, .F. ) ;
#3953 = CARTESIAN_POINT ( 'NONE',  ( 0.000000000000000000, 1.598554689981426128E-14, 4.700000000000008171 ) ) ;
#3954 = CARTESIAN_POINT ( 'NONE',  ( -3.900000000000000799, 0.4000000000000000222, 1.799999999999998712 ) ) ;
#3955 = EDGE_LOOP ( 'NONE', ( #1327, #1737, #9153, #8722 ) ) ;
#3956 = EDGE_CURVE ( 'NONE', #493, #7040, #1945, .T. ) ;
#3957 = AXIS2_PLACEMENT_3D ( 'NONE', #3962, #4555, #3454 ) ;
#3958 = DIRECTION ( 'NONE',  ( 0.000000000000000000, 0.000000000000000000, -1.000000000000000000 ) ) ;
#3959 = PLANE ( 'NONE',  #3712 ) ;
#3960 = VECTOR ( 'NONE', #2631, 1000.000000000000000 ) ;
#3961 = EDGE_CURVE ( 'NONE', #1659, #2970, #8683, .T. ) ;
#3962 = CARTESIAN_POINT ( 'NONE',  ( 4.099999999999997868, 0.7999999999999997113, -4.700000000000005507 ) ) ;
#3963 = VERTEX_POINT ( 'NONE', #555 ) ;
#3964 = AXIS2_PLACEMENT_3D ( 'NONE', #5870, #1900, #6672 ) ;
#3965 = ORIENTED_EDGE ( 'NONE', *, *, #8750, .T. ) ;
#3966 = ADVANCED_FACE ( 'NONE', ( #1483 ), #3035, .F. ) ;
#3967 = COLOUR_RGB ( '',1.000000000000000000, 0.8117647058823529438, 0.5019607843137254832 ) ;
#3968 = DIRECTION ( 'NONE',  ( -1.000000000000000000, -0.000000000000000000, -0.000000000000000000 ) ) ;
#3969 = LINE ( 'NONE', #6724, #7565 ) ;
#3970 = VECTOR ( 'NONE', #3040, 1000.000000000000000 ) ;
#3971 = ORIENTED_EDGE ( 'NONE', *, *, #6267, .T. ) ;
#3972 = EDGE_LOOP ( 'NONE', ( #4676, #7347, #10783, #9844 ) ) ;
#3973 = EDGE_CURVE ( 'NONE', #8084, #4621, #5186, .T. ) ;
#3974 = EDGE_LOOP ( 'NONE', ( #550, #4652, #4506, #918 ) ) ;
#3975 = CARTESIAN_POINT ( 'NONE',  ( 3.899999999999999023, 0.4000000000000000222, 6.004159457879236328 ) ) ;
#3976 = CARTESIAN_POINT ( 'NONE',  ( 4.799999999999998934, 0.8000000000000000444, 0.5041594578792359949 ) ) ;
#3977 = EDGE_CURVE ( 'NONE', #9491, #7221, #8757, .T. ) ;
#3978 = DIRECTION ( 'NONE',  ( 0.000000000000000000, 0.000000000000000000, 1.000000000000000000 ) ) ;
#3979 = LINE ( 'NONE', #7034, #7815 ) ;
#3980 = DIRECTION ( 'NONE',  ( -1.000000000000000000, -2.409338161078908548E-16, -9.637352644315598694E-16 ) ) ;
#3981 = EDGE_CURVE ( 'NONE', #3837, #8215, #1697, .T. ) ;
#3982 = DIRECTION ( 'NONE',  ( -0.000000000000000000, -0.000000000000000000, -1.000000000000000000 ) ) ;
#3983 = DIRECTION ( 'NONE',  ( 9.637352644315598694E-16, -0.000000000000000000, 1.000000000000000000 ) ) ;
#3984 = ADVANCED_FACE ( 'NONE', ( #9106 ), #9209, .F. ) ;
#3985 = DIRECTION ( 'NONE',  ( -1.000000000000000000, 2.409338161078899674E-16, 0.000000000000000000 ) ) ;
#3986 = VERTEX_POINT ( 'NONE', #69 ) ;
#3987 = ORIENTED_EDGE ( 'NONE', *, *, #8813, .T. ) ;
#3988 = AXIS2_PLACEMENT_3D ( 'NONE', #578, #5740, #502 ) ;
#3989 = LINE ( 'NONE', #1961, #7841 ) ;
#3990 = DIRECTION ( 'NONE',  ( 0.000000000000000000, 0.000000000000000000, -1.000000000000000000 ) ) ;
#3991 = VECTOR ( 'NONE', #204, 1000.000000000000000 ) ;
#3992 = LINE ( 'NONE', #3178, #7964 ) ;
#3993 = ORIENTED_EDGE ( 'NONE', *, *, #5003, .T. ) ;
#3994 = VERTEX_POINT ( 'NONE', #1760 ) ;
#3995 = ORIENTED_EDGE ( 'NONE', *, *, #4899, .T. ) ;
#3996 = PLANE ( 'NONE',  #2509 ) ;
#3997 = EDGE_CURVE ( 'NONE', #4531, #3453, #9123, .T. ) ;
#3998 = CARTESIAN_POINT ( 'NONE',  ( -4.800000000000000711, 0.8000000000000000444, -0.4000000000000010214 ) ) ;
#3999 = CARTESIAN_POINT ( 'NONE',  ( -3.900000000000000799, 0.4000000000000000222, 2.704159457879236506 ) ) ;
#4000 = VECTOR ( 'NONE', #4645, 1000.000000000000000 ) ;
#4001 = PLANE ( 'NONE',  #9679 ) ;
#4002 = PLANE ( 'NONE',  #7836 ) ;
#4003 = VERTEX_POINT ( 'NONE', #9339 ) ;
#4004 = ORIENTED_EDGE ( 'NONE', *, *, #3912, .F. ) ;
#4005 = DIRECTION ( 'NONE',  ( -0.000000000000000000, -0.000000000000000000, -1.000000000000000000 ) ) ;
#4006 = DIRECTION ( 'NONE',  ( -0.000000000000000000, 0.000000000000000000, -1.000000000000000000 ) ) ;
#4007 = LINE ( 'NONE', #3326, #677 ) ;
#4008 = DIRECTION ( 'NONE',  ( 0.000000000000000000, 0.000000000000000000, -1.000000000000000000 ) ) ;
#4009 = CARTESIAN_POINT ( 'NONE',  ( -3.900000000000000799, 0.000000000000000000, -1.800000000000000711 ) ) ;
#4010 = VECTOR ( 'NONE', #2668, 1000.000000000000000 ) ;
#4011 = CARTESIAN_POINT ( 'NONE',  ( 4.099999999999997868, 2.399999999999999911, 4.300000000000001599 ) ) ;
#4012 = AXIS2_PLACEMENT_3D ( 'NONE', #1595, #9847, #5647 ) ;
#4013 = LINE ( 'NONE', #9301, #623 ) ;
#4014 = VERTEX_POINT ( 'NONE', #3401 ) ;
#4015 = ORIENTED_EDGE ( 'NONE', *, *, #5302, .T. ) ;
#4016 = VERTEX_POINT ( 'NONE', #2566 ) ;
#4017 = EDGE_CURVE ( 'NONE', #8994, #9772, #1623, .T. ) ;
#4018 = CARTESIAN_POINT ( 'NONE',  ( -4.100000000000000533, 2.599999999999999201, -4.299999999999999822 ) ) ;
#4019 = ADVANCED_FACE ( 'NONE', ( #5569 ), #137, .F. ) ;
#4020 = VECTOR ( 'NONE', #781, 1000.000000000000000 ) ;
#4021 = DIRECTION ( 'NONE',  ( -1.000000000000000000, 0.000000000000000000, -0.000000000000000000 ) ) ;
#4022 = CARTESIAN_POINT ( 'NONE',  ( 4.799999999999998934, 0.8000000000000000444, -0.6999999999999922951 ) ) ;
#4023 = ORIENTED_EDGE ( 'NONE', *, *, #244, .F. ) ;
#4024 = ORIENTED_EDGE ( 'NONE', *, *, #3847, .T. ) ;
#4025 = LINE ( 'NONE', #435, #4288 ) ;
#4026 = LINE ( 'NONE', #7975, #7639 ) ;
#4027 = CARTESIAN_POINT ( 'NONE',  ( 4.350000000000000533, 0.4000000000000000222, 0.6999999999999992895 ) ) ;
#4028 = LINE ( 'NONE', #8864, #7807 ) ;
#4029 = DIRECTION ( 'NONE',  ( 0.000000000000000000, 0.000000000000000000, 1.000000000000000000 ) ) ;
#4030 = ORIENTED_EDGE ( 'NONE', *, *, #9179, .F. ) ;
#4031 = AXIS2_PLACEMENT_3D ( 'NONE', #1600, #9141, #3238 ) ;
#4032 = VERTEX_POINT ( 'NONE', #8378 ) ;
#4033 = CARTESIAN_POINT ( 'NONE',  ( -4.300000000000003375, 1.199999999999999067, 0.000000000000000000 ) ) ;
#4034 = DIRECTION ( 'NONE',  ( -1.000000000000000000, 0.000000000000000000, 0.000000000000000000 ) ) ;
#4035 = ORIENTED_EDGE ( 'NONE', *, *, #9538, .F. ) ;
#4036 = ADVANCED_FACE ( 'NONE', ( #8738 ), #214, .T. ) ;
#4037 = DIRECTION ( 'NONE',  ( 0.000000000000000000, -1.000000000000000000, 0.000000000000000000 ) ) ;
#4038 = EDGE_CURVE ( 'NONE', #6398, #3162, #9157, .T. ) ;
#4039 = AXIS2_PLACEMENT_3D ( 'NONE', #2887, #1442, #2275 ) ;
#4040 = FACE_OUTER_BOUND ( 'NONE', #4750, .T. ) ;
#4041 = DIRECTION ( 'NONE',  ( 0.000000000000000000, 1.000000000000000000, 0.000000000000000000 ) ) ;
#4042 = ADVANCED_FACE ( 'NONE', ( #5124 ), #5049, .F. ) ;
#4043 = EDGE_CURVE ( 'NONE', #10772, #1721, #5342, .T. ) ;
#4044 = EDGE_LOOP ( 'NONE', ( #3460, #2711, #4243, #3462, #7355, #7862 ) ) ;
#4045 = ORIENTED_EDGE ( 'NONE', *, *, #2842, .T. ) ;
#4046 = DIRECTION ( 'NONE',  ( -0.000000000000000000, -0.000000000000000000, -1.000000000000000000 ) ) ;
#4047 = LINE ( 'NONE', #5358, #7901 ) ;
#4048 = VECTOR ( 'NONE', #2015, 1000.000000000000000 ) ;
#4049 = CARTESIAN_POINT ( 'NONE',  ( 4.099999999999997868, 2.200000000000001066, 4.700000000000001066 ) ) ;
#4050 = LINE ( 'NONE', #2304, #7787 ) ;
#4051 = VERTEX_POINT ( 'NONE', #2231 ) ;
#4052 = EDGE_LOOP ( 'NONE', ( #902, #8000, #942, #953, #8454, #4521 ) ) ;
#4053 = ORIENTED_EDGE ( 'NONE', *, *, #9235, .T. ) ;
#4054 = CARTESIAN_POINT ( 'NONE',  ( -3.900000000000000799, 0.000000000000000000, 6.004159457879236328 ) ) ;
#4055 =( LENGTH_UNIT ( ) NAMED_UNIT ( * ) SI_UNIT ( .MILLI., .METRE. ) );
#4056 = DIRECTION ( 'NONE',  ( -1.000000000000000000, 0.000000000000000000, 0.000000000000000000 ) ) ;
#4057 = CARTESIAN_POINT ( 'NONE',  ( 0.000000000000000000, 1.200000000000001510, 4.700000000000004619 ) ) ;
#4058 = LINE ( 'NONE', #5112, #516 ) ;
#4059 = EDGE_CURVE ( 'NONE', #6082, #4771, #1915, .T. ) ;
#4060 = DIRECTION ( 'NONE',  ( -0.000000000000000000, 1.000000000000000000, 3.252606517456512119E-15 ) ) ;
#4061 = DIRECTION ( 'NONE',  ( 0.000000000000000000, -1.000000000000000000, 0.000000000000000000 ) ) ;
#4062 = CARTESIAN_POINT ( 'NONE',  ( 4.799999999999998934, 0.000000000000000000, -1.695840542120764072 ) ) ;
#4063 = ORIENTED_EDGE ( 'NONE', *, *, #6417, .T. ) ;
#4064 = EDGE_CURVE ( 'NONE', #7625, #147, #8857, .T. ) ;
#4065 = ORIENTED_EDGE ( 'NONE', *, *, #4241, .F. ) ;
#4066 = ADVANCED_FACE ( 'NONE', ( #8919 ), #9097, .F. ) ;
#4067 = VECTOR ( 'NONE', #4656, 1000.000000000000000 ) ;
#4068 = LINE ( 'NONE', #5318, #7500 ) ;
#4069 = UNCERTAINTY_MEASURE_WITH_UNIT (LENGTH_MEASURE( 1.000000000000000082E-05 ), #2265, 'distance_accuracy_value', 'NONE');
#4070 = LINE ( 'NONE', #10284, #4176 ) ;
#4071 = ORIENTED_EDGE ( 'NONE', *, *, #5230, .F. ) ;
#4072 = ORIENTED_EDGE ( 'NONE', *, *, #264, .F. ) ;
#4073 = ORIENTED_EDGE ( 'NONE', *, *, #2353, .F. ) ;
#4074 = COLOUR_RGB ( '',0.7921568627450980005, 0.8196078431372548767, 0.9333333333333333481 ) ;
#4075 = CARTESIAN_POINT ( 'NONE',  ( 3.899999999999999023, 0.4000000000000000222, -1.800000000000000711 ) ) ;
#4076 = CARTESIAN_POINT ( 'NONE',  ( -3.900000000000000799, 0.4000000000000000222, 4.799999999999999822 ) ) ;
#4077 = VECTOR ( 'NONE', #4282, 1000.000000000000000 ) ;
#4078 = CARTESIAN_POINT ( 'NONE',  ( 4.799999999999998934, 0.000000000000000000, -2.450000000000001954 ) ) ;
#4079 = CARTESIAN_POINT ( 'NONE',  ( -1.399999999999998135, 1.200000000000000844, 4.500000000000005329 ) ) ;
#4080 = EDGE_CURVE ( 'NONE', #4455, #10280, #8881, .T. ) ;
#4081 = AXIS2_PLACEMENT_3D ( 'NONE', #6039, #7585, #332 ) ;
#4082 = VERTEX_POINT ( 'NONE', #10743 ) ;
#4083 = VERTEX_POINT ( 'NONE', #2297 ) ;
#4084 = CARTESIAN_POINT ( 'NONE',  ( 4.350000000000000533, 0.7999999999999999334, -1.695840542120764072 ) ) ;
#4085 = DIRECTION ( 'NONE',  ( 0.000000000000000000, 0.000000000000000000, -1.000000000000000000 ) ) ;
#4086 = SURFACE_SIDE_STYLE ('',( #7646 ) ) ;
#4087 = LINE ( 'NONE', #9751, #508 ) ;
#4088 = CARTESIAN_POINT ( 'NONE',  ( 4.350000000000000533, 0.4000000000000000222, -4.800000000000001599 ) ) ;
#4089 = FACE_OUTER_BOUND ( 'NONE', #1176, .T. ) ;
#4090 = DIRECTION ( 'NONE',  ( -0.000000000000000000, -1.000000000000000000, -0.000000000000000000 ) ) ;
#4091 = FACE_OUTER_BOUND ( 'NONE', #4568, .T. ) ;
#4092 = ORIENTED_EDGE ( 'NONE', *, *, #9835, .T. ) ;
#4093 = VERTEX_POINT ( 'NONE', #4707 ) ;
#4094 = ORIENTED_EDGE ( 'NONE', *, *, #4764, .F. ) ;
#4095 = LINE ( 'NONE', #9464, #7708 ) ;
#4096 = DIRECTION ( 'NONE',  ( 0.000000000000000000, 0.000000000000000000, 1.000000000000000000 ) ) ;
#4097 = ORIENTED_EDGE ( 'NONE', *, *, #8610, .F. ) ;
#4098 = ORIENTED_EDGE ( 'NONE', *, *, #5336, .F. ) ;
#4099 = EDGE_CURVE ( 'NONE', #2878, #3895, #5597, .T. ) ;
#4100 = DIRECTION ( 'NONE',  ( -0.000000000000000000, -0.000000000000000000, -1.000000000000000000 ) ) ;
#4101 = CIRCLE ( 'NONE', #7477, 0.2999999999999999334 ) ;
#4102 = DIRECTION ( 'NONE',  ( -1.000000000000000000, -0.000000000000000000, 9.637352644315598694E-16 ) ) ;
#4103 = CIRCLE ( 'NONE', #358, 0.2500000000000004441 ) ;
#4104 = EDGE_CURVE ( 'NONE', #9407, #7939, #1501, .T. ) ;
#4105 = EDGE_CURVE ( 'NONE', #8525, #10769, #5325, .T. ) ;
#4106 = VECTOR ( 'NONE', #5681, 1000.000000000000000 ) ;
#4107 = DIRECTION ( 'NONE',  ( -0.000000000000000000, 1.000000000000000000, 0.000000000000000000 ) ) ;
#4108 = ORIENTED_EDGE ( 'NONE', *, *, #3824, .T. ) ;
#4109 = VERTEX_POINT ( 'NONE', #4009 ) ;
#4110 = CARTESIAN_POINT ( 'NONE',  ( 4.800000000000000711, 0.000000000000000000, 4.399999999999998579 ) ) ;
#4111 = VERTEX_POINT ( 'NONE', #10659 ) ;
#4112 = VECTOR ( 'NONE', #9094, 1000.000000000000000 ) ;
#4113 = DIRECTION ( 'NONE',  ( -0.000000000000000000, -1.000000000000000000, -0.000000000000000000 ) ) ;
#4114 = AXIS2_PLACEMENT_3D ( 'NONE', #3227, #5584, #6577 ) ;
#4115 = CARTESIAN_POINT ( 'NONE',  ( -3.900000000000000799, 0.4000000000000000222, 4.799999999999999822 ) ) ;
#4116 = FACE_OUTER_BOUND ( 'NONE', #836, .T. ) ;
#4117 = DIRECTION ( 'NONE',  ( 1.000000000000000000, 0.000000000000000000, -0.000000000000000000 ) ) ;
#4118 = ORIENTED_EDGE ( 'NONE', *, *, #6652, .F. ) ;
#4119 = ORIENTED_EDGE ( 'NONE', *, *, #6526, .F. ) ;
#4120 = LINE ( 'NONE', #7835, #700 ) ;
#4121 = CARTESIAN_POINT ( 'NONE',  ( 4.350000000000000533, 0.8000000000000000444, 3.999999999999999112 ) ) ;
#4122 = EDGE_CURVE ( 'NONE', #10519, #9279, #1974, .T. ) ;
#4123 = LINE ( 'NONE', #2290, #509 ) ;
#4124 = VECTOR ( 'NONE', #6421, 1000.000000000000000 ) ;
#4125 = ORIENTED_EDGE ( 'NONE', *, *, #8707, .F. ) ;
#4126 = EDGE_CURVE ( 'NONE', #6723, #9633, #5520, .T. ) ;
#4127 = ORIENTED_EDGE ( 'NONE', *, *, #223, .T. ) ;
#4128 = VERTEX_POINT ( 'NONE', #1262 ) ;
#4129 = CARTESIAN_POINT ( 'NONE',  ( -4.800000000000000711, 0.000000000000000000, -4.000000000000001776 ) ) ;
#4130 = LINE ( 'NONE', #9857, #500 ) ;
#4131 = ADVANCED_FACE ( 'NONE', ( #1899 ), #4783, .T. ) ;
#4132 = DIRECTION ( 'NONE',  ( -1.000000000000000000, 3.614007241618346010E-15, 0.000000000000000000 ) ) ;
#4133 = DIRECTION ( 'NONE',  ( -0.000000000000000000, -1.000000000000000000, -0.000000000000000000 ) ) ;
#4134 = DIRECTION ( 'NONE',  ( 1.000000000000000000, 0.000000000000000000, 9.637352644315598694E-16 ) ) ;
#4135 = ORIENTED_EDGE ( 'NONE', *, *, #4867, .T. ) ;
#4136 = ORIENTED_EDGE ( 'NONE', *, *, #1036, .F. ) ;
#4137 = EDGE_CURVE ( 'NONE', #6654, #1157, #5537, .T. ) ;
#4138 = CARTESIAN_POINT ( 'NONE',  ( -3.900000000000000799, 0.4000000000000000222, 2.599999999999999201 ) ) ;
#4139 = VECTOR ( 'NONE', #10414, 1000.000000000000000 ) ;
#4140 = VECTOR ( 'NONE', #2598, 1000.000000000000000 ) ;
#4141 = ORIENTED_EDGE ( 'NONE', *, *, #692, .T. ) ;
#4142 = ORIENTED_EDGE ( 'NONE', *, *, #8024, .T. ) ;
#4143 = EDGE_LOOP ( 'NONE', ( #8410, #4323, #4785, #801 ) ) ;
#4144 = DIRECTION ( 'NONE',  ( 3.614007241618346010E-15, 1.000000000000000000, -2.891205793294677044E-15 ) ) ;
#4145 = DIRECTION ( 'NONE',  ( 0.000000000000000000, 1.000000000000000000, -3.252606517456512513E-15 ) ) ;
#4146 = LINE ( 'NONE', #9332, #313 ) ;
#4147 = DIRECTION ( 'NONE',  ( -1.000000000000000000, 0.000000000000000000, 0.000000000000000000 ) ) ;
#4148 = AXIS2_PLACEMENT_3D ( 'NONE', #4228, #5672, #2502 ) ;
#4149 = ORIENTED_EDGE ( 'NONE', *, *, #4611, .F. ) ;
#4150 = ORIENTED_EDGE ( 'NONE', *, *, #8935, .T. ) ;
#4151 = DIRECTION ( 'NONE',  ( -0.000000000000000000, -0.000000000000000000, -1.000000000000000000 ) ) ;
#4152 = EDGE_CURVE ( 'NONE', #8695, #2478, #1959, .T. ) ;
#4153 = CARTESIAN_POINT ( 'NONE',  ( 3.899999999999999023, 0.000000000000000000, 1.499999999999999556 ) ) ;
#4154 =( NAMED_UNIT ( * ) PLANE_ANGLE_UNIT ( ) SI_UNIT ( $, .RADIAN. ) );
#4155 = CARTESIAN_POINT ( 'NONE',  ( -3.900000000000000799, 0.000000000000000000, 0.6999999999999992895 ) ) ;
#4156 = DIRECTION ( 'NONE',  ( -0.000000000000000000, -0.000000000000000000, -1.000000000000000000 ) ) ;
#4157 = PLANE ( 'NONE',  #6425 ) ;
#4158 = FACE_OUTER_BOUND ( 'NONE', #5338, .T. ) ;
#4159 = EDGE_CURVE ( 'NONE', #3757, #5500, #5289, .T. ) ;
#4160 = FACE_OUTER_BOUND ( 'NONE', #1746, .T. ) ;
#4161 = VERTEX_POINT ( 'NONE', #6275 ) ;
#4162 = ORIENTED_EDGE ( 'NONE', *, *, #1451, .F. ) ;
#4163 = ORIENTED_EDGE ( 'NONE', *, *, #1930, .F. ) ;
#4164 = DIRECTION ( 'NONE',  ( -1.000000000000000000, 0.000000000000000000, 0.000000000000000000 ) ) ;
#4165 = CYLINDRICAL_SURFACE ( 'NONE', #2838, 0.1999999999999996503 ) ;
#4166 = DIRECTION ( 'NONE',  ( 1.000000000000000000, 2.409338161078908548E-16, 0.000000000000000000 ) ) ;
#4167 = ADVANCED_FACE ( 'NONE', ( #8800 ), #8956, .F. ) ;
#4168 = DIRECTION ( 'NONE',  ( 0.000000000000000000, 1.000000000000000000, 0.000000000000000000 ) ) ;
#4169 = VERTEX_POINT ( 'NONE', #8875 ) ;
#4170 = AXIS2_PLACEMENT_3D ( 'NONE', #7629, #5134, #300 ) ;
#4171 = VERTEX_POINT ( 'NONE', #8186 ) ;
#4172 = CARTESIAN_POINT ( 'NONE',  ( 4.799999999999999822, 0.8000000000000000444, 0.4000000000000080158 ) ) ;
#4173 = EDGE_CURVE ( 'NONE', #1020, #10666, #5142, .T. ) ;
#4174 = PRESENTATION_LAYER_ASSIGNMENT (  '', '', ( #8575 ) ) ;
#4175 = DIRECTION ( 'NONE',  ( 0.000000000000000000, 1.000000000000000000, 0.000000000000000000 ) ) ;
#4176 = VECTOR ( 'NONE', #9680, 1000.000000000000000 ) ;
#4177 = VERTEX_POINT ( 'NONE', #3192 ) ;
#4178 = ORIENTED_EDGE ( 'NONE', *, *, #2879, .T. ) ;
#4179 =( LENGTH_UNIT ( ) NAMED_UNIT ( * ) SI_UNIT ( .MILLI., .METRE. ) );
#4180 = DIRECTION ( 'NONE',  ( -2.409338161078899674E-16, -1.000000000000000000, 0.000000000000000000 ) ) ;
#4181 = EDGE_LOOP ( 'NONE', ( #6445, #10667, #5866, #2531 ) ) ;
#4182 = PLANE ( 'NONE',  #6569 ) ;
#4183 = DIRECTION ( 'NONE',  ( 0.000000000000000000, 2.168404344971012812E-15, -1.000000000000000000 ) ) ;
#4184 = VECTOR ( 'NONE', #7604, 1000.000000000000000 ) ;
#4185 = CARTESIAN_POINT ( 'NONE',  ( -4.350000000000000533, 0.4000000000000000222, 4.799999999999998934 ) ) ;
#4186 = EDGE_LOOP ( 'NONE', ( #8814, #1722, #3473, #371 ) ) ;
#4187 = ORIENTED_EDGE ( 'NONE', *, *, #5586, .T. ) ;
#4188 = FACE_OUTER_BOUND ( 'NONE', #7412, .T. ) ;
#4189 = CARTESIAN_POINT ( 'NONE',  ( 3.899999999999999023, 0.4000000000000000222, -0.7000000000000009548 ) ) ;
#4190 = LINE ( 'NONE', #4084, #8080 ) ;
#4191 = CARTESIAN_POINT ( 'NONE',  ( 4.350000000000000533, 0.8010000000000000453, 2.599999999999999201 ) ) ;
#4192 = EDGE_CURVE ( 'NONE', #4711, #4447, #5168, .T. ) ;
#4193 = FACE_OUTER_BOUND ( 'NONE', #7720, .T. ) ;
#4194 = AXIS2_PLACEMENT_3D ( 'NONE', #1493, #6432, #8897 ) ;
#4195 = ORIENTED_EDGE ( 'NONE', *, *, #7365, .T. ) ;
#4196 = VERTEX_POINT ( 'NONE', #10422 ) ;
#4197 = ORIENTED_EDGE ( 'NONE', *, *, #617, .T. ) ;
#4198 =( NAMED_UNIT ( * ) PLANE_ANGLE_UNIT ( ) SI_UNIT ( $, .RADIAN. ) );
#4199 = ADVANCED_FACE ( 'NONE', ( #5270 ), #2103, .F. ) ;
#4200 = EDGE_CURVE ( 'NONE', #5513, #4685, #9248, .T. ) ;
#4201 = DIRECTION ( 'NONE',  ( -0.000000000000000000, 0.000000000000000000, -1.000000000000000000 ) ) ;
#4202 = LINE ( 'NONE', #8513, #4000 ) ;
#4203 = UNCERTAINTY_MEASURE_WITH_UNIT (LENGTH_MEASURE( 1.000000000000000082E-05 ), #4179, 'distance_accuracy_value', 'NONE');
#4204 = DIRECTION ( 'NONE',  ( 0.000000000000000000, 0.000000000000000000, 1.000000000000000000 ) ) ;
#4205 = CARTESIAN_POINT ( 'NONE',  ( 4.800000000000000711, 0.8000000000000000444, 3.999999999999999112 ) ) ;
#4206 = CARTESIAN_POINT ( 'NONE',  ( 4.799999999999998934, 0.8000000000000001554, -4.650000000000002132 ) ) ;
#4207 = CARTESIAN_POINT ( 'NONE',  ( -3.900000000000000799, 0.4000000000000000222, 2.599999999999999201 ) ) ;
#4208 = ORIENTED_EDGE ( 'NONE', *, *, #9728, .T. ) ;
#4209 = EDGE_LOOP ( 'NONE', ( #6684, #10049, #702, #6880 ) ) ;
#4210 = ORIENTED_EDGE ( 'NONE', *, *, #482, .F. ) ;
#4211 = SURFACE_STYLE_FILL_AREA ( #1164 ) ;
#4212 = CARTESIAN_POINT ( 'NONE',  ( -1.399999999999998135, 1.199999999999970646, -4.700000000000005507 ) ) ;
#4213 = EDGE_CURVE ( 'NONE', #4636, #6169, #9297, .T. ) ;
#4214 = LINE ( 'NONE', #7329, #3970 ) ;
#4215 = VERTEX_POINT ( 'NONE', #4990 ) ;
#4216 = EDGE_LOOP ( 'NONE', ( #4397, #8066, #8048, #7987 ) ) ;
#4217 = VERTEX_POINT ( 'NONE', #3265 ) ;
#4218 = EDGE_CURVE ( 'NONE', #5032, #7675, #5674, .T. ) ;
#4219 = ADVANCED_FACE ( 'NONE', ( #9493 ), #4157, .F. ) ;
#4220 = CARTESIAN_POINT ( 'NONE',  ( -3.900000000000000799, 0.000000000000000000, 0.3999999999999993006 ) ) ;
#4221 = DIRECTION ( 'NONE',  ( 0.000000000000000000, 1.000000000000000000, 0.000000000000000000 ) ) ;
#4222 = CARTESIAN_POINT ( 'NONE',  ( 4.350000000000000533, 0.8000000000000000444, 1.799999999999998712 ) ) ;
#4223 = LINE ( 'NONE', #3477, #7668 ) ;
#4224 = PLANE ( 'NONE',  #4271 ) ;
#4225 = ADVANCED_FACE ( 'NONE', ( #2303 ), #9163, .F. ) ;
#4226 = VERTEX_POINT ( 'NONE', #4129 ) ;
#4227 = ORIENTED_EDGE ( 'NONE', *, *, #4105, .F. ) ;
#4228 = CARTESIAN_POINT ( 'NONE',  ( -3.900000000000001688, 0.4000000000000000222, 4.799999999999999822 ) ) ;
#4229 = FACE_OUTER_BOUND ( 'NONE', #1080, .T. ) ;
#4230 = DIRECTION ( 'NONE',  ( -0.000000000000000000, -0.000000000000000000, -1.000000000000000000 ) ) ;
#4231 = ORIENTED_EDGE ( 'NONE', *, *, #6937, .F. ) ;
#4232 = DIRECTION ( 'NONE',  ( -0.000000000000000000, -0.000000000000000000, -1.000000000000000000 ) ) ;
#4233 = CARTESIAN_POINT ( 'NONE',  ( 3.899999999999999023, 0.000000000000000000, 6.004159457879236328 ) ) ;
#4234 = LINE ( 'NONE', #7407, #475 ) ;
#4235 = EDGE_LOOP ( 'NONE', ( #10100, #5551, #9596, #6388 ) ) ;
#4236 = ORIENTED_EDGE ( 'NONE', *, *, #2307, .F. ) ;
#4237 = ORIENTED_EDGE ( 'NONE', *, *, #7603, .T. ) ;
#4238 = EDGE_CURVE ( 'NONE', #5189, #8566, #9315, .T. ) ;
#4239 = LINE ( 'NONE', #10206, #7689 ) ;
#4240 = DIRECTION ( 'NONE',  ( 0.000000000000000000, 1.000000000000000000, 0.000000000000000000 ) ) ;
#4241 = EDGE_CURVE ( 'NONE', #8979, #5628, #5961, .T. ) ;
#4242 =( LENGTH_UNIT ( ) NAMED_UNIT ( * ) SI_UNIT ( .MILLI., .METRE. ) );
#4243 = ORIENTED_EDGE ( 'NONE', *, *, #1182, .F. ) ;
#4244 = ORIENTED_EDGE ( 'NONE', *, *, #3102, .F. ) ;
#4245 = EDGE_CURVE ( 'NONE', #4226, #1191, #9530, .T. ) ;
#4246 = ADVANCED_FACE ( 'NONE', ( #5688 ), #7951, .F. ) ;
#4247 = AXIS2_PLACEMENT_3D ( 'NONE', #752, #1562, #9410 ) ;
#4248 = LINE ( 'NONE', #4441, #7767 ) ;
#4249 = DIRECTION ( 'NONE',  ( -1.000000000000000000, -2.409338161078908548E-16, -9.637352644315598694E-16 ) ) ;
#4250 = VERTEX_POINT ( 'NONE', #7153 ) ;
#4251 = LINE ( 'NONE', #8643, #4399 ) ;
#4252 = CARTESIAN_POINT ( 'NONE',  ( -4.350000000000000533, 0.4000000000000000222, 2.704159457879236506 ) ) ;
#4253 = EDGE_CURVE ( 'NONE', #5369, #848, #5659, .T. ) ;
#4254 = LINE ( 'NONE', #364, #4106 ) ;
#4255 = DIRECTION ( 'NONE',  ( 5.551115123125782702E-17, 1.000000000000000000, 7.888609052210118054E-31 ) ) ;
#4256 = EDGE_LOOP ( 'NONE', ( #10128, #1607, #1818, #5292 ) ) ;
#4257 = VERTEX_POINT ( 'NONE', #248 ) ;
#4258 = DIRECTION ( 'NONE',  ( 0.000000000000000000, 1.000000000000000000, 0.000000000000000000 ) ) ;
#4259 = ORIENTED_EDGE ( 'NONE', *, *, #8997, .T. ) ;
#4260 = DIRECTION ( 'NONE',  ( -0.000000000000000000, -0.000000000000000000, -1.000000000000000000 ) ) ;
#4261 = CARTESIAN_POINT ( 'NONE',  ( 4.099999999999997868, 2.199999999999998845, -4.300000000000001599 ) ) ;
#4262 = VECTOR ( 'NONE', #9791, 1000.000000000000000 ) ;
#4263 = CARTESIAN_POINT ( 'NONE',  ( 4.350000000000000533, 0.7999999999999999334, -0.6999999999999931832 ) ) ;
#4264 = DIRECTION ( 'NONE',  ( 0.000000000000000000, 0.000000000000000000, -1.000000000000000000 ) ) ;
#4265 = ORIENTED_EDGE ( 'NONE', *, *, #2632, .T. ) ;
#4266 = EDGE_CURVE ( 'NONE', #7890, #1269, #1992, .T. ) ;
#4267 = ORIENTED_EDGE ( 'NONE', *, *, #4300, .T. ) ;
#4268 = ORIENTED_EDGE ( 'NONE', *, *, #2347, .F. ) ;
#4269 = CARTESIAN_POINT ( 'NONE',  ( 4.350000000000000533, 0.4000000000000000222, -1.800000000000000711 ) ) ;
#4270 = DIRECTION ( 'NONE',  ( 0.000000000000000000, 0.000000000000000000, 1.000000000000000000 ) ) ;
#4271 = AXIS2_PLACEMENT_3D ( 'NONE', #7572, #4398, #5081 ) ;
#4272 = VECTOR ( 'NONE', #1559, 1000.000000000000000 ) ;
#4273 = ORIENTED_EDGE ( 'NONE', *, *, #4909, .F. ) ;
#4274 = VERTEX_POINT ( 'NONE', #1931 ) ;
#4275 = ORIENTED_EDGE ( 'NONE', *, *, #10097, .T. ) ;
#4276 = CARTESIAN_POINT ( 'NONE',  ( 4.800000000000000711, 0.000000000000000000, -1.734723475976807094E-15 ) ) ;
#4277 = EDGE_CURVE ( 'NONE', #4051, #6451, #2170, .T. ) ;
#4278 = PLANE ( 'NONE',  #164 ) ;
#4279 = FACE_OUTER_BOUND ( 'NONE', #8585, .T. ) ;
#4280 = EDGE_CURVE ( 'NONE', #10513, #2478, #9427, .T. ) ;
#4281 = CARTESIAN_POINT ( 'NONE',  ( 4.350000000000000533, 0.7999999999999999334, -4.800000000000001599 ) ) ;
#4282 = DIRECTION ( 'NONE',  ( 0.000000000000000000, -1.000000000000000000, 0.000000000000000000 ) ) ;
#4283 = CARTESIAN_POINT ( 'NONE',  ( -4.800000000000000711, 0.8000000000000000444, 3.804159457879236150 ) ) ;
#4284 = DIRECTION ( 'NONE',  ( 1.000000000000000000, 2.409338161078908548E-16, 0.000000000000000000 ) ) ;
#4285 = DIRECTION ( 'NONE',  ( 0.000000000000000000, 1.000000000000000000, 0.000000000000000000 ) ) ;
#4286 = ORIENTED_EDGE ( 'NONE', *, *, #1761, .T. ) ;
#4287 = ORIENTED_EDGE ( 'NONE', *, *, #6075, .F. ) ;
#4288 = VECTOR ( 'NONE', #10432, 1000.000000000000000 ) ;
#4289 = ORIENTED_EDGE ( 'NONE', *, *, #5138, .F. ) ;
#4290 = AXIS2_PLACEMENT_3D ( 'NONE', #2912, #2017, #1190 ) ;
#4291 = ADVANCED_FACE ( 'NONE', ( #9261 ), #5104, .F. ) ;
#4292 = CARTESIAN_POINT ( 'NONE',  ( 0.000000000000000000, 0.000000000000000000, 0.6999999999999992895 ) ) ;
#4293 = LINE ( 'NONE', #32, #4349 ) ;
#4294 = LINE ( 'NONE', #6284, #7566 ) ;
#4295 = EDGE_LOOP ( 'NONE', ( #5958, #757, #17, #9738 ) ) ;
#4296 = ORIENTED_EDGE ( 'NONE', *, *, #7246, .T. ) ;
#4297 = EDGE_LOOP ( 'NONE', ( #8274, #1122, #971, #8333, #826, #4648 ) ) ;
#4298 = DIRECTION ( 'NONE',  ( 0.000000000000000000, 0.000000000000000000, 1.000000000000000000 ) ) ;
#4299 = ADVANCED_FACE ( 'NONE', ( #2335 ), #472, .F. ) ;
#4300 = EDGE_CURVE ( 'NONE', #2117, #9170, #5883, .T. ) ;
#4301 = AXIS2_PLACEMENT_3D ( 'NONE', #3504, #4382, #5219 ) ;
#4302 = DIRECTION ( 'NONE',  ( 1.000000000000000000, 0.000000000000000000, -0.000000000000000000 ) ) ;
#4303 = LINE ( 'NONE', #1259, #7893 ) ;
#4304 = EDGE_CURVE ( 'NONE', #8967, #3078, #9281, .T. ) ;
#4305 = ORIENTED_EDGE ( 'NONE', *, *, #9993, .F. ) ;
#4306 = VERTEX_POINT ( 'NONE', #546 ) ;
#4307 =( LENGTH_UNIT ( ) NAMED_UNIT ( * ) SI_UNIT ( .MILLI., .METRE. ) );
#4308 = DIRECTION ( 'NONE',  ( -6.310887241768094443E-30, -7.888609052210118054E-31, -1.000000000000000000 ) ) ;
#4309 = CYLINDRICAL_SURFACE ( 'NONE', #10431, 0.2500000000000002220 ) ;
#4310 = CARTESIAN_POINT ( 'NONE',  ( 0.000000000000000000, 0.7999999999999990452, 4.500000000000005329 ) ) ;
#4311 = ORIENTED_EDGE ( 'NONE', *, *, #6782, .T. ) ;
#4312 = CARTESIAN_POINT ( 'NONE',  ( -4.800000000000000711, 0.000000000000000000, 1.499999999999998668 ) ) ;
#4313 = LINE ( 'NONE', #4977, #4329 ) ;
#4314 = EDGE_LOOP ( 'NONE', ( #3206, #10645, #3132, #2577 ) ) ;
#4315 = ORIENTED_EDGE ( 'NONE', *, *, #8375, .T. ) ;
#4316 = VERTEX_POINT ( 'NONE', #2202 ) ;
#4317 = DIRECTION ( 'NONE',  ( 1.000000000000000000, -0.000000000000000000, -0.000000000000000000 ) ) ;
#4318 = AXIS2_PLACEMENT_3D ( 'NONE', #34, #4107, #9901 ) ;
#4319 = FACE_OUTER_BOUND ( 'NONE', #10571, .T. ) ;
#4320 = PLANE ( 'NONE',  #6268 ) ;
#4321 = CARTESIAN_POINT ( 'NONE',  ( -4.299999999999998934, 2.200000000000000178, 4.300000000000000711 ) ) ;
#4322 = ORIENTED_EDGE ( 'NONE', *, *, #4871, .T. ) ;
#4323 = ORIENTED_EDGE ( 'NONE', *, *, #6725, .F. ) ;
#4324 = DIRECTION ( 'NONE',  ( 0.000000000000000000, 0.000000000000000000, -1.000000000000000000 ) ) ;
#4325 = DIRECTION ( 'NONE',  ( 1.000000000000000000, -0.000000000000000000, -0.000000000000000000 ) ) ;
#4326 = ORIENTED_EDGE ( 'NONE', *, *, #7055, .T. ) ;
#4327 = VECTOR ( 'NONE', #6126, 1000.000000000000000 ) ;
#4328 = CARTESIAN_POINT ( 'NONE',  ( 4.800000000000000711, 0.8000000000000000444, 3.299999999999998046 ) ) ;
#4329 = VECTOR ( 'NONE', #490, 1000.000000000000000 ) ;
#4330 = CARTESIAN_POINT ( 'NONE',  ( -3.900000000000000799, 0.000000000000000000, 1.499999999999999556 ) ) ;
#4331 = ORIENTED_EDGE ( 'NONE', *, *, #4080, .F. ) ;
#4332 = ORIENTED_EDGE ( 'NONE', *, *, #2466, .T. ) ;
#4333 = DIRECTION ( 'NONE',  ( -0.000000000000000000, -1.000000000000000000, -0.000000000000000000 ) ) ;
#4334 = ORIENTED_EDGE ( 'NONE', *, *, #1152, .T. ) ;
#4335 = CARTESIAN_POINT ( 'NONE',  ( -4.800000000000000711, 0.8000000000000000444, 5.000000000000000000 ) ) ;
#4336 = CARTESIAN_POINT ( 'NONE',  ( 4.799999999999998934, 0.8000000000000000444, -3.700000000000001066 ) ) ;
#4337 = VECTOR ( 'NONE', #1398, 1000.000000000000000 ) ;
#4338 = EDGE_CURVE ( 'NONE', #4003, #10258, #9545, .T. ) ;
#4339 = CARTESIAN_POINT ( 'NONE',  ( 4.799999999999998934, 0.4000000000000000222, 1.799999999999998712 ) ) ;
#4340 = EDGE_CURVE ( 'NONE', #8371, #10626, #5936, .T. ) ;
#4341 = CARTESIAN_POINT ( 'NONE',  ( -4.350000000000000533, 0.8010000000000000453, -2.600000000000000977 ) ) ;
#4342 = AXIS2_PLACEMENT_3D ( 'NONE', #2222, #1389, #3115 ) ;
#4343 = ORIENTED_EDGE ( 'NONE', *, *, #30, .T. ) ;
#4344 = ORIENTED_EDGE ( 'NONE', *, *, #7879, .T. ) ;
#4345 = ADVANCED_FACE ( 'NONE', ( #5737 ), #5811, .F. ) ;
#4346 = LINE ( 'NONE', #2859, #7940 ) ;
#4347 = CARTESIAN_POINT ( 'NONE',  ( 4.800000000000000711, 0.000000000000000000, -1.100000000000002087 ) ) ;
#4348 = ORIENTED_EDGE ( 'NONE', *, *, #8339, .T. ) ;
#4349 = VECTOR ( 'NONE', #7797, 1000.000000000000000 ) ;
#4350 = CARTESIAN_POINT ( 'NONE',  ( -1.399999999999998135, 1.200000000000002176, 5.000000000000005329 ) ) ;
#4351 = CARTESIAN_POINT ( 'NONE',  ( 4.350000000000000533, 0.8000000000000000444, 1.799999999999998712 ) ) ;
#4352 = ORIENTED_EDGE ( 'NONE', *, *, #82, .T. ) ;
#4353 = EDGE_LOOP ( 'NONE', ( #9666, #4791 ) ) ;
#4354 = ORIENTED_EDGE ( 'NONE', *, *, #3272, .T. ) ;
#4355 = CARTESIAN_POINT ( 'NONE',  ( 4.299999999999998934, 2.200000000000000178, 4.299999999999999822 ) ) ;
#4356 = CARTESIAN_POINT ( 'NONE',  ( -4.800000000000000711, 0.8000000000000000444, 2.199999999999997957 ) ) ;
#4357 = FILL_AREA_STYLE ('',( #2480 ) ) ;
#4358 = EDGE_CURVE ( 'NONE', #7004, #2990, #9394, .T. ) ;
#4359 = PLANE ( 'NONE',  #6980 ) ;
#4360 = DIRECTION ( 'NONE',  ( 0.000000000000000000, -1.000000000000000000, 0.000000000000000000 ) ) ;
#4361 = CARTESIAN_POINT ( 'NONE',  ( 4.100000000000000533, 2.599999999999999201, 4.299999999999999822 ) ) ;
#4362 = ORIENTED_EDGE ( 'NONE', *, *, #10147, .F. ) ;
#4363 = ORIENTED_EDGE ( 'NONE', *, *, #8630, .F. ) ;
#4364 = EDGE_CURVE ( 'NONE', #848, #9707, #2203, .T. ) ;
#4365 = DIRECTION ( 'NONE',  ( 1.000000000000000000, 0.000000000000000000, 0.000000000000000000 ) ) ;
#4366 = PRESENTATION_STYLE_ASSIGNMENT (( #4749 ) ) ;
#4367 = DIRECTION ( 'NONE',  ( -2.465190328815661892E-32, 0.000000000000000000, -1.000000000000000000 ) ) ;
#4368 = EDGE_CURVE ( 'NONE', #2928, #2083, #2082, .T. ) ;
#4369 = LINE ( 'NONE', #9994, #4600 ) ;
#4370 = CARTESIAN_POINT ( 'NONE',  ( 3.899999999999999023, 0.4000000000000000222, 1.799999999999998712 ) ) ;
#4371 = VERTEX_POINT ( 'NONE', #10317 ) ;
#4372 = EDGE_LOOP ( 'NONE', ( #10403, #774 ) ) ;
#4373 = ORIENTED_EDGE ( 'NONE', *, *, #7775, .T. ) ;
#4374 = DIRECTION ( 'NONE',  ( 0.000000000000000000, -0.000000000000000000, 1.000000000000000000 ) ) ;
#4375 = DIRECTION ( 'NONE',  ( 0.000000000000000000, 1.000000000000000000, 0.000000000000000000 ) ) ;
#4376 = ORIENTED_EDGE ( 'NONE', *, *, #8852, .T. ) ;
#4377 = ORIENTED_EDGE ( 'NONE', *, *, #5721, .F. ) ;
#4378 = DIRECTION ( 'NONE',  ( 0.000000000000000000, -3.491481338843133355E-15, 1.000000000000000000 ) ) ;
#4379 = CARTESIAN_POINT ( 'NONE',  ( -3.900000000000000799, 0.000000000000000000, 0.3999999999999993006 ) ) ;
#4380 = LINE ( 'NONE', #1252, #7979 ) ;
#4381 = AXIS2_PLACEMENT_3D ( 'NONE', #2281, #7894, #10558 ) ;
#4382 = DIRECTION ( 'NONE',  ( 1.000000000000000000, 0.000000000000000000, -0.000000000000000000 ) ) ;
#4383 = LINE ( 'NONE', #9641, #8498 ) ;
#4384 = ORIENTED_EDGE ( 'NONE', *, *, #9483, .F. ) ;
#4385 = EDGE_CURVE ( 'NONE', #212, #2235, #9232, .T. ) ;
#4386 = ORIENTED_EDGE ( 'NONE', *, *, #7743, .T. ) ;
#4387 = EDGE_LOOP ( 'NONE', ( #7846, #3442, #3836, #3191 ) ) ;
#4388 = DIRECTION ( 'NONE',  ( 0.000000000000000000, 1.000000000000000000, 0.000000000000000000 ) ) ;
#4389 = ADVANCED_FACE ( 'NONE', ( #9330 ), #7156, .F. ) ;
#4390 = VECTOR ( 'NONE', #3263, 1000.000000000000000 ) ;
#4391 = AXIS2_PLACEMENT_3D ( 'NONE', #4292, #8522, #987 ) ;
#4392 = CARTESIAN_POINT ( 'NONE',  ( -4.800000000000000711, -5.421010862427522170E-17, -4.650000000000002132 ) ) ;
#4394 = EDGE_CURVE ( 'NONE', #10802, #980, #9409, .T. ) ;
#4393 = DIRECTION ( 'NONE',  ( -1.000000000000000000, 0.000000000000000000, -9.637352644315598694E-16 ) ) ;
#4395 = CARTESIAN_POINT ( 'NONE',  ( 4.350000000000000533, 0.4000000000000000222, -0.4000000000000010214 ) ) ;
#4396 = ORIENTED_EDGE ( 'NONE', *, *, #1114, .T. ) ;
#4397 = ORIENTED_EDGE ( 'NONE', *, *, #10411, .F. ) ;
#4398 = DIRECTION ( 'NONE',  ( -1.000000000000000000, 0.000000000000000000, 0.000000000000000000 ) ) ;
#4399 = VECTOR ( 'NONE', #5275, 1000.000000000000000 ) ;
#4400 = DIRECTION ( 'NONE',  ( -0.000000000000000000, -0.000000000000000000, -1.000000000000000000 ) ) ;
#4401 = FACE_OUTER_BOUND ( 'NONE', #696, .T. ) ;
#4402 = ORIENTED_EDGE ( 'NONE', *, *, #999, .F. ) ;
#4403 = ORIENTED_EDGE ( 'NONE', *, *, #8169, .F. ) ;
#4404 = CARTESIAN_POINT ( 'NONE',  ( 3.899999999999999023, 0.4000000000000000222, 1.799999999999998712 ) ) ;
#4405 = ORIENTED_EDGE ( 'NONE', *, *, #4496, .F. ) ;
#4406 = CARTESIAN_POINT ( 'NONE',  ( 3.899999999999999023, 0.4000000000000000222, 3.999999999999999112 ) ) ;
#4407 = CARTESIAN_POINT ( 'NONE',  ( 4.350000000000000533, 0.4000000000000000222, -4.800000000000001599 ) ) ;
#4408 = CARTESIAN_POINT ( 'NONE',  ( -4.800000000000000711, 0.8000000000000000444, 5.000000000000000000 ) ) ;
#4409 = VECTOR ( 'NONE', #87, 1000.000000000000000 ) ;
#4410 = PLANE ( 'NONE',  #143 ) ;
#4411 = AXIS2_PLACEMENT_3D ( 'NONE', #3443, #10762, #6623 ) ;
#4412 = VERTEX_POINT ( 'NONE', #2819 ) ;
#4413 = VERTEX_POINT ( 'NONE', #2060 ) ;
#4414 = EDGE_CURVE ( 'NONE', #8688, #4837, #5720, .T. ) ;
#4415 = LINE ( 'NONE', #2846, #4486 ) ;
#4416 = EDGE_CURVE ( 'NONE', #1156, #8851, #2120, .T. ) ;
#4417 = DIRECTION ( 'NONE',  ( 0.000000000000000000, 0.000000000000000000, -1.000000000000000000 ) ) ;
#4418 = FACE_OUTER_BOUND ( 'NONE', #8617, .T. ) ;
#4419 = ORIENTED_EDGE ( 'NONE', *, *, #1708, .T. ) ;
#4420 = EDGE_LOOP ( 'NONE', ( #6845, #3531, #3120, #219, #3723, #4244 ) ) ;
#4421 = ORIENTED_EDGE ( 'NONE', *, *, #439, .T. ) ;
#4422 = CARTESIAN_POINT ( 'NONE',  ( 4.799999999999998934, 0.000000000000000000, 3.999999999999999112 ) ) ;
#4423 = CARTESIAN_POINT ( 'NONE',  ( 3.899999999999999023, 0.4000000000000000222, -2.900000000000000799 ) ) ;
#4424 = LINE ( 'NONE', #7982, #4690 ) ;
#4425 = DIRECTION ( 'NONE',  ( -1.000000000000000000, 0.000000000000000000, 0.000000000000000000 ) ) ;
#4426 = PLANE ( 'NONE',  #6200 ) ;
#4427 = DIRECTION ( 'NONE',  ( 0.000000000000000000, 1.000000000000000000, 0.000000000000000000 ) ) ;
#4428 = DIRECTION ( 'NONE',  ( 0.000000000000000000, -1.000000000000000000, 0.000000000000000000 ) ) ;
#4429 = DIRECTION ( 'NONE',  ( -0.000000000000000000, -0.000000000000000000, -1.000000000000000000 ) ) ;
#4430 = EDGE_LOOP ( 'NONE', ( #10480, #8332, #4015, #7073 ) ) ;
#4431 = ORIENTED_EDGE ( 'NONE', *, *, #4105, .T. ) ;
#4432 = ADVANCED_FACE ( 'NONE', ( #2268 ), #5589, .F. ) ;
#4433 = EDGE_CURVE ( 'NONE', #7564, #2863, #2028, .T. ) ;
#4434 = CARTESIAN_POINT ( 'NONE',  ( 4.350000000000000533, 0.8010000000000000453, -0.4000000000000010214 ) ) ;
#4435 = FACE_OUTER_BOUND ( 'NONE', #8503, .T. ) ;
#4436 = PLANE ( 'NONE',  #8270 ) ;
#4437 = LINE ( 'NONE', #7528, #8236 ) ;
#4438 = ORIENTED_EDGE ( 'NONE', *, *, #6763, .F. ) ;
#4439 = ORIENTED_EDGE ( 'NONE', *, *, #6016, .F. ) ;
#4440 = ORIENTED_EDGE ( 'NONE', *, *, #6193, .T. ) ;
#4441 = CARTESIAN_POINT ( 'NONE',  ( -3.900000000000000799, 0.000000000000000000, -0.4000000000000010214 ) ) ;
#4442 = DIRECTION ( 'NONE',  ( 0.000000000000000000, 1.000000000000000000, 0.000000000000000000 ) ) ;
#4443 = DIRECTION ( 'NONE',  ( 0.000000000000000000, 0.000000000000000000, 1.000000000000000000 ) ) ;
#4444 = SURFACE_STYLE_FILL_AREA ( #10420 ) ;
#4445 = ADVANCED_FACE ( 'NONE', ( #9447 ), #6452, .F. ) ;
#4446 = ORIENTED_EDGE ( 'NONE', *, *, #3169, .F. ) ;
#4447 = VERTEX_POINT ( 'NONE', #5456 ) ;
#4448 =( NAMED_UNIT ( * ) SI_UNIT ( $, .STERADIAN. ) SOLID_ANGLE_UNIT ( ) );
#4449 = DIRECTION ( 'NONE',  ( -0.000000000000000000, -0.000000000000000000, -1.000000000000000000 ) ) ;
#4450 = DIRECTION ( 'NONE',  ( 0.000000000000000000, 0.000000000000000000, -1.000000000000000000 ) ) ;
#4451 = LINE ( 'NONE', #1950, #8050 ) ;
#4452 = DIRECTION ( 'NONE',  ( 0.000000000000000000, 0.000000000000000000, 1.000000000000000000 ) ) ;
#4453 = EDGE_CURVE ( 'NONE', #7354, #551, #2351, .T. ) ;
#4454 = AXIS2_PLACEMENT_3D ( 'NONE', #6180, #9649, #479 ) ;
#4455 = VERTEX_POINT ( 'NONE', #7216 ) ;
#4456 = EDGE_LOOP ( 'NONE', ( #8651, #9929, #2464, #733, #7811, #6570 ) ) ;
#4457 = ORIENTED_EDGE ( 'NONE', *, *, #7352, .T. ) ;
#4458 = DIRECTION ( 'NONE',  ( 0.000000000000000000, 0.000000000000000000, 1.000000000000000000 ) ) ;
#4459 = EDGE_CURVE ( 'NONE', #1629, #6958, #9461, .T. ) ;
#4460 = CARTESIAN_POINT ( 'NONE',  ( 4.799999999999998934, 0.8000000000000001554, -2.795840542120763939 ) ) ;
#4461 = CARTESIAN_POINT ( 'NONE',  ( -4.350000000000000533, 0.8010000000000000453, -1.800000000000000711 ) ) ;
#4462 = CARTESIAN_POINT ( 'NONE',  ( -4.800000000000000711, 0.000000000000000000, 2.899999999999999023 ) ) ;
#4463 = ORIENTED_EDGE ( 'NONE', *, *, #1565, .T. ) ;
#4464 = ORIENTED_EDGE ( 'NONE', *, *, #4245, .F. ) ;
#4465 = CARTESIAN_POINT ( 'NONE',  ( 4.099999999999997868, 0.7999999999999997113, -4.700000000000005507 ) ) ;
#4466 = CARTESIAN_POINT ( 'NONE',  ( -3.900000000000000799, 0.4000000000000000222, -0.7000000000000009548 ) ) ;
#4467 = LINE ( 'NONE', #6405, #7750 ) ;
#4468 = CARTESIAN_POINT ( 'NONE',  ( -4.800000000000000711, 0.8000000000000000444, 1.604159457879236195 ) ) ;
#4469 = FACE_OUTER_BOUND ( 'NONE', #7024, .T. ) ;
#4470 = ORIENTED_EDGE ( 'NONE', *, *, #4854, .F. ) ;
#4471 = ORIENTED_EDGE ( 'NONE', *, *, #1152, .F. ) ;
#4472 = CARTESIAN_POINT ( 'NONE',  ( 0.000000000000000000, 1.199999999999970646, -4.700000000000004619 ) ) ;
#4473 = ORIENTED_EDGE ( 'NONE', *, *, #1301, .T. ) ;
#4474 = EDGE_CURVE ( 'NONE', #5293, #5101, #5630, .T. ) ;
#4475 = AXIS2_PLACEMENT_3D ( 'NONE', #2045, #6976, #235 ) ;
#4476 = DIRECTION ( 'NONE',  ( -2.409338161078899674E-16, -1.000000000000000000, 0.000000000000000000 ) ) ;
#4477 = ADVANCED_FACE ( 'NONE', ( #2282 ), #8073, .F. ) ;
#4478 = DIRECTION ( 'NONE',  ( -0.000000000000000000, -0.000000000000000000, -1.000000000000000000 ) ) ;
#4479 = CARTESIAN_POINT ( 'NONE',  ( -3.900000000000000799, 0.000000000000000000, 1.604159457879236195 ) ) ;
#4480 = FACE_OUTER_BOUND ( 'NONE', #7642, .T. ) ;
#4481 = EDGE_CURVE ( 'NONE', #8261, #7068, #9219, .T. ) ;
#4482 = CARTESIAN_POINT ( 'NONE',  ( 3.899999999999999023, 0.3999999999999999667, -3.999999999999994227 ) ) ;
#4483 = DIRECTION ( 'NONE',  ( 0.000000000000000000, 0.000000000000000000, -1.000000000000000000 ) ) ;
#4484 = ORIENTED_EDGE ( 'NONE', *, *, #1634, .T. ) ;
#4485 = VERTEX_POINT ( 'NONE', #1352 ) ;
#4486 = VECTOR ( 'NONE', #3714, 1000.000000000000000 ) ;
#4487 = DIRECTION ( 'NONE',  ( 0.000000000000000000, 0.000000000000000000, -1.000000000000000000 ) ) ;
#4488 = CARTESIAN_POINT ( 'NONE',  ( 0.000000000000000000, 0.000000000000000000, -2.600000000000000977 ) ) ;
#4489 = LINE ( 'NONE', #149, #8065 ) ;
#4490 = ORIENTED_EDGE ( 'NONE', *, *, #866, .F. ) ;
#4491 = EDGE_LOOP ( 'NONE', ( #10557, #9974, #3136, #2889 ) ) ;
#4492 = EDGE_CURVE ( 'NONE', #8261, #8834, #2678, .T. ) ;
#4493 = EDGE_LOOP ( 'NONE', ( #8634, #2622, #3179, #9638 ) ) ;
#4494 = CARTESIAN_POINT ( 'NONE',  ( -4.800000000000000711, 0.000000000000000000, -3.300000000000001599 ) ) ;
#4495 = CARTESIAN_POINT ( 'NONE',  ( -4.350000000000000533, 0.4000000000000000222, -2.900000000000001688 ) ) ;
#4496 = EDGE_CURVE ( 'NONE', #6578, #5468, #9559, .T. ) ;
#4497 = AXIS2_PLACEMENT_3D ( 'NONE', #4488, #2154, #6056 ) ;
#4498 = VECTOR ( 'NONE', #9162, 1000.000000000000000 ) ;
#4499 = DIRECTION ( 'NONE',  ( -1.000000000000000000, 0.000000000000000000, -0.000000000000000000 ) ) ;
#4500 = CARTESIAN_POINT ( 'NONE',  ( -4.800000000000000711, 0.000000000000000000, -0.2500000000000019429 ) ) ;
#4501 = ADVANCED_FACE ( 'NONE', ( #9722 ), #3959, .F. ) ;
#4502 = EDGE_CURVE ( 'NONE', #6009, #8416, #9687, .T. ) ;
#4503 = EDGE_CURVE ( 'NONE', #8962, #10474, #6349, .T. ) ;
#4504 = PLANE ( 'NONE',  #1302 ) ;
#4505 = ORIENTED_EDGE ( 'NONE', *, *, #2122, .F. ) ;
#4506 = ORIENTED_EDGE ( 'NONE', *, *, #3811, .T. ) ;
#4507 =( GEOMETRIC_REPRESENTATION_CONTEXT ( 3 ) GLOBAL_UNCERTAINTY_ASSIGNED_CONTEXT ( ( #2690 ) ) GLOBAL_UNIT_ASSIGNED_CONTEXT ( ( #8586, #2641, #3489 ) ) REPRESENTATION_CONTEXT ( 'NONE', 'WORKASPACE' ) );
#4508 = LINE ( 'NONE', #7929, #8818 ) ;
#4509 = DIRECTION ( 'NONE',  ( 0.000000000000000000, 1.000000000000000000, 0.000000000000000000 ) ) ;
#4510 = ORIENTED_EDGE ( 'NONE', *, *, #1419, .T. ) ;
#4511 = ORIENTED_EDGE ( 'NONE', *, *, #5912, .T. ) ;
#4512 = EDGE_LOOP ( 'NONE', ( #1010, #259, #7244, #5171 ) ) ;
#4513 = EDGE_LOOP ( 'NONE', ( #10800, #8302, #1370, #8170 ) ) ;
#4514 = DIRECTION ( 'NONE',  ( 2.465190328815661892E-32, 0.000000000000000000, 1.000000000000000000 ) ) ;
#4515 = ADVANCED_FACE ( 'NONE', ( #6013 ), #4436, .F. ) ;
#4516 = PLANE ( 'NONE',  #7205 ) ;
#4517 = VECTOR ( 'NONE', #4008, 1000.000000000000000 ) ;
#4518 = MECHANICAL_DESIGN_GEOMETRIC_PRESENTATION_REPRESENTATION (  '', ( #8928 ), #8025 ) ;
#4519 = ORIENTED_EDGE ( 'NONE', *, *, #743, .T. ) ;
#4520 = EDGE_CURVE ( 'NONE', #4945, #6934, #6048, .T. ) ;
#4521 = ORIENTED_EDGE ( 'NONE', *, *, #1847, .T. ) ;
#4522 = CARTESIAN_POINT ( 'NONE',  ( 4.350000000000000533, 0.7999999999999999334, 3.700000000000007283 ) ) ;
#4523 = DIRECTION ( 'NONE',  ( -0.000000000000000000, -0.000000000000000000, -1.000000000000000000 ) ) ;
#4524 = LINE ( 'NONE', #1696, #4540 ) ;
#4525 = DIRECTION ( 'NONE',  ( -0.000000000000000000, -0.000000000000000000, 1.000000000000000000 ) ) ;
#4526 = AXIS2_PLACEMENT_3D ( 'NONE', #6641, #1733, #5252 ) ;
#4527 = VECTOR ( 'NONE', #7619, 1000.000000000000000 ) ;
#4528 = VERTEX_POINT ( 'NONE', #5283 ) ;
#4529 = ORIENTED_EDGE ( 'NONE', *, *, #8384, .T. ) ;
#4530 = ORIENTED_EDGE ( 'NONE', *, *, #6435, .T. ) ;
#4531 = VERTEX_POINT ( 'NONE', #4212 ) ;
#4532 = CARTESIAN_POINT ( 'NONE',  ( 4.799999999999998934, 0.000000000000000000, 1.499999999999998668 ) ) ;
#4533 = LINE ( 'NONE', #3931, #8194 ) ;
#4534 = CARTESIAN_POINT ( 'NONE',  ( -4.800000000000000711, 0.000000000000000000, 5.000000000000000000 ) ) ;
#4535 = CARTESIAN_POINT ( 'NONE',  ( 4.099999999999997868, 2.399999999999998579, -4.300000000000001599 ) ) ;
#4536 = CARTESIAN_POINT ( 'NONE',  ( 3.900000000000000355, 0.000000000000000000, 1.500000000000007327 ) ) ;
#4537 = VERTEX_POINT ( 'NONE', #5869 ) ;
#4538 = EDGE_LOOP ( 'NONE', ( #1868, #5367, #7121, #9202, #7232, #7195 ) ) ;
#4539 = DIRECTION ( 'NONE',  ( 3.491481338843133355E-15, -1.000000000000000000, 0.000000000000000000 ) ) ;
#4540 = VECTOR ( 'NONE', #9949, 1000.000000000000000 ) ;
#4541 = ADVANCED_FACE ( 'NONE', ( #9824 ), #9779, .F. ) ;
#4542 = DIRECTION ( 'NONE',  ( 1.000000000000000000, 0.000000000000000000, -0.000000000000000000 ) ) ;
#4543 = PLANE ( 'NONE',  #1531 ) ;
#4544 = VERTEX_POINT ( 'NONE', #6647 ) ;
#4545 = AXIS2_PLACEMENT_3D ( 'NONE', #1833, #8532, #10223 ) ;
#4546 = ORIENTED_EDGE ( 'NONE', *, *, #10293, .T. ) ;
#4547 = ORIENTED_EDGE ( 'NONE', *, *, #7447, .T. ) ;
#4548 = CARTESIAN_POINT ( 'NONE',  ( 4.350000000000000533, 0.4000000000000000222, 4.799999999999999822 ) ) ;
#4549 = ORIENTED_EDGE ( 'NONE', *, *, #5470, .T. ) ;
#4550 = DIRECTION ( 'NONE',  ( 0.000000000000000000, 0.000000000000000000, 1.000000000000000000 ) ) ;
#4551 = CARTESIAN_POINT ( 'NONE',  ( -4.800000000000000711, 0.7999999999999999334, -2.795840542120763939 ) ) ;
#4552 = CARTESIAN_POINT ( 'NONE',  ( -4.800000000000000711, 0.8000000000000000444, 5.000000000000000000 ) ) ;
#4553 = EDGE_CURVE ( 'NONE', #147, #6601, #9597, .T. ) ;
#4554 = FACE_OUTER_BOUND ( 'NONE', #6939, .T. ) ;
#4555 = DIRECTION ( 'NONE',  ( 0.000000000000000000, -1.000000000000000000, -3.491481338843133355E-15 ) ) ;
#4556 = EDGE_CURVE ( 'NONE', #1423, #1580, #6027, .T. ) ;
#4557 = CARTESIAN_POINT ( 'NONE',  ( 4.799999999999998934, 0.000000000000000000, -1.950000000000001732 ) ) ;
#4558 = DIRECTION ( 'NONE',  ( 0.000000000000000000, 1.000000000000000000, 0.000000000000000000 ) ) ;
#4559 = VERTEX_POINT ( 'NONE', #5704 ) ;
#4560 = VERTEX_POINT ( 'NONE', #8366 ) ;
#4561 = ADVANCED_FACE ( 'NONE', ( #6084 ), #50, .F. ) ;
#4562 = VECTOR ( 'NONE', #9159, 1000.000000000000000 ) ;
#4563 = DIRECTION ( 'NONE',  ( -1.000000000000000000, 0.000000000000000000, 0.000000000000000000 ) ) ;
#4564 = DIRECTION ( 'NONE',  ( 0.000000000000000000, 0.000000000000000000, -1.000000000000000000 ) ) ;
#4565 = FACE_OUTER_BOUND ( 'NONE', #542, .T. ) ;
#4566 = VERTEX_POINT ( 'NONE', #684 ) ;
#4567 = ORIENTED_EDGE ( 'NONE', *, *, #8637, .T. ) ;
#4568 = EDGE_LOOP ( 'NONE', ( #9258, #10105, #2595, #10776, #2772, #3461 ) ) ;
#4569 = ORIENTED_EDGE ( 'NONE', *, *, #6263, .T. ) ;
#4570 = CARTESIAN_POINT ( 'NONE',  ( -4.800000000000000711, 0.8000000000000000444, 1.349999999999998757 ) ) ;
#4571 = ADVANCED_FACE ( 'NONE', ( #2554 ), #3293, .F. ) ;
#4572 = AXIS2_PLACEMENT_3D ( 'NONE', #3002, #1494, #2116 ) ;
#4573 = CARTESIAN_POINT ( 'NONE',  ( 3.899999999999999023, 0.4000000000000000222, -4.800000000000001599 ) ) ;
#4574 = CARTESIAN_POINT ( 'NONE',  ( -4.800000000000000711, 0.8000000000000000444, 0.5041594578792359949 ) ) ;
#4575 = EDGE_CURVE ( 'NONE', #7675, #4544, #6310, .T. ) ;
#4576 = PLANE ( 'NONE',  #494 ) ;
#4577 = DIRECTION ( 'NONE',  ( -1.000000000000000000, 0.000000000000000000, 0.000000000000000000 ) ) ;
#4578 = DIRECTION ( 'NONE',  ( -9.637352644315598694E-16, 0.000000000000000000, 1.000000000000000000 ) ) ;
#4579 = CARTESIAN_POINT ( 'NONE',  ( -4.800000000000000711, 0.000000000000000000, 0.2499999999999985012 ) ) ;
#4580 = CARTESIAN_POINT ( 'NONE',  ( -4.500000000000003553, 1.199999999999999734, 4.300000000000001599 ) ) ;
#4581 = EDGE_CURVE ( 'NONE', #10593, #8308, #9740, .T. ) ;
#4582 = ORIENTED_EDGE ( 'NONE', *, *, #541, .F. ) ;
#4583 = VECTOR ( 'NONE', #3927, 1000.000000000000000 ) ;
#4584 = VECTOR ( 'NONE', #2476, 1000.000000000000000 ) ;
#4585 = EDGE_LOOP ( 'NONE', ( #4753, #8010, #946, #850 ) ) ;
#4586 = EDGE_LOOP ( 'NONE', ( #7857, #275, #779, #4682 ) ) ;
#4587 = ORIENTED_EDGE ( 'NONE', *, *, #9420, .F. ) ;
#4588 = EDGE_LOOP ( 'NONE', ( #7366, #229, #5993, #4118 ) ) ;
#4589 = CARTESIAN_POINT ( 'NONE',  ( -3.399999999999997691, 1.199999999999970646, -4.700000000000005507 ) ) ;
#4590 = CARTESIAN_POINT ( 'NONE',  ( -4.350000000000000533, 0.8000000000000000444, 3.999999999999999112 ) ) ;
#4591 = ADVANCED_FACE ( 'NONE', ( #9579 ), #7446, .F. ) ;
#4592 = PRESENTATION_LAYER_ASSIGNMENT (  '', '', ( #2446 ) ) ;
#4593 = ORIENTED_EDGE ( 'NONE', *, *, #9386, .T. ) ;
#4594 = CARTESIAN_POINT ( 'NONE',  ( -4.350000000000000533, 0.4000000000000000222, -4.800000000000001599 ) ) ;
#4595 = EDGE_CURVE ( 'NONE', #7460, #9083, #2594, .T. ) ;
#4596 = DIRECTION ( 'NONE',  ( -0.000000000000000000, -1.000000000000000000, -0.000000000000000000 ) ) ;
#4597 = DIRECTION ( 'NONE',  ( -0.000000000000000000, -1.000000000000000000, -0.000000000000000000 ) ) ;
#4598 = VECTOR ( 'NONE', #8949, 1000.000000000000000 ) ;
#4599 = DIRECTION ( 'NONE',  ( -0.000000000000000000, -1.000000000000000000, -0.000000000000000000 ) ) ;
#4600 = VECTOR ( 'NONE', #3384, 1000.000000000000000 ) ;
#4601 = ORIENTED_EDGE ( 'NONE', *, *, #103, .T. ) ;
#4602 = ORIENTED_EDGE ( 'NONE', *, *, #461, .T. ) ;
#4603 = ORIENTED_EDGE ( 'NONE', *, *, #10367, .T. ) ;
#4604 = ORIENTED_EDGE ( 'NONE', *, *, #9725, .T. ) ;
#4605 = DIRECTION ( 'NONE',  ( 0.000000000000000000, 1.000000000000000000, 0.000000000000000000 ) ) ;
#4606 = PLANE ( 'NONE',  #10143 ) ;
#4607 = EDGE_CURVE ( 'NONE', #3007, #7318, #9755, .T. ) ;
#4608 = CARTESIAN_POINT ( 'NONE',  ( 3.399999999999995914, 0.8000000000000007105, 5.000000000000006217 ) ) ;
#4609 = DIRECTION ( 'NONE',  ( 0.000000000000000000, -1.000000000000000000, 0.000000000000000000 ) ) ;
#4610 = ORIENTED_EDGE ( 'NONE', *, *, #8229, .T. ) ;
#4611 = EDGE_CURVE ( 'NONE', #7373, #608, #9842, .T. ) ;
#4612 = ADVANCED_FACE ( 'NONE', ( #2477 ), #10116, .T. ) ;
#4613 = CARTESIAN_POINT ( 'NONE',  ( -4.350000000000000533, 0.7999999999999999334, 0.6999999999999992895 ) ) ;
#4614 = CARTESIAN_POINT ( 'NONE',  ( 3.899999999999999023, 0.4000000000000000222, -1.800000000000000711 ) ) ;
#4615 = DIRECTION ( 'NONE',  ( -0.000000000000000000, 0.000000000000000000, -1.000000000000000000 ) ) ;
#4616 = DIRECTION ( 'NONE',  ( 1.000000000000000000, 3.614007241618346010E-15, -0.000000000000000000 ) ) ;
#4617 = VERTEX_POINT ( 'NONE', #5022 ) ;
#4618 = EDGE_LOOP ( 'NONE', ( #4384, #7046, #3496, #10623 ) ) ;
#4619 = ORIENTED_EDGE ( 'NONE', *, *, #6960, .F. ) ;
#4620 = CARTESIAN_POINT ( 'NONE',  ( -4.800000000000000711, 0.8000000000000000444, 4.799999999999999822 ) ) ;
#4621 = VERTEX_POINT ( 'NONE', #5756 ) ;
#4622 = DIRECTION ( 'NONE',  ( -0.000000000000000000, 1.000000000000000000, -0.000000000000000000 ) ) ;
#4623 = DIRECTION ( 'NONE',  ( -2.465190328815661892E-32, 0.000000000000000000, -1.000000000000000000 ) ) ;
#4624 = DIRECTION ( 'NONE',  ( -1.000000000000000000, 2.409338161078899674E-16, 0.000000000000000000 ) ) ;
#4625 = CARTESIAN_POINT ( 'NONE',  ( 3.899999999999999023, 0.4000000000000000222, 0.3999999999999993006 ) ) ;
#4626 = CARTESIAN_POINT ( 'NONE',  ( 3.899999999999999023, 0.4000000000000000222, 2.899999999999999023 ) ) ;
#4627 = EDGE_LOOP ( 'NONE', ( #10090, #7774, #6116, #2443 ) ) ;
#4628 = EDGE_CURVE ( 'NONE', #1720, #10643, #2643, .T. ) ;
#4629 = LINE ( 'NONE', #1543, #4731 ) ;
#4630 = CARTESIAN_POINT ( 'NONE',  ( 4.100000000000000533, 2.199999999999999289, -4.299999999999999822 ) ) ;
#4631 = CARTESIAN_POINT ( 'NONE',  ( 3.399999999999995914, 1.200000000000002176, 5.000000000000005329 ) ) ;
#4632 = VECTOR ( 'NONE', #9849, 1000.000000000000000 ) ;
#4633 = VERTEX_POINT ( 'NONE', #1567 ) ;
#4634 = VERTEX_POINT ( 'NONE', #8890 ) ;
#4635 = ORIENTED_EDGE ( 'NONE', *, *, #4795, .F. ) ;
#4636 = VERTEX_POINT ( 'NONE', #2241 ) ;
#4637 = DIRECTION ( 'NONE',  ( 1.000000000000000000, 0.000000000000000000, -0.000000000000000000 ) ) ;
#4638 = EDGE_CURVE ( 'NONE', #2551, #3278, #6210, .T. ) ;
#4639 = CARTESIAN_POINT ( 'NONE',  ( -4.350000000000000533, 0.8000000000000000444, -3.700000000000001066 ) ) ;
#4640 = FACE_OUTER_BOUND ( 'NONE', #3863, .T. ) ;
#4641 = AXIS2_PLACEMENT_3D ( 'NONE', #8153, #4563, #8434 ) ;
#4642 = DIRECTION ( 'NONE',  ( 0.000000000000000000, 0.000000000000000000, -1.000000000000000000 ) ) ;
#4643 = DIRECTION ( 'NONE',  ( -0.000000000000000000, 0.000000000000000000, -1.000000000000000000 ) ) ;
#4644 = DIRECTION ( 'NONE',  ( 1.000000000000000000, 0.000000000000000000, 0.000000000000000000 ) ) ;
#4645 = DIRECTION ( 'NONE',  ( 1.000000000000000000, 0.000000000000000000, 0.000000000000000000 ) ) ;
#4646 = CARTESIAN_POINT ( 'NONE',  ( 4.350000000000000533, 0.4000000000000000222, 1.604159457879236195 ) ) ;
#4647 = DIRECTION ( 'NONE',  ( 0.000000000000000000, 0.000000000000000000, 1.000000000000000000 ) ) ;
#4648 = ORIENTED_EDGE ( 'NONE', *, *, #4474, .T. ) ;
#4649 = COLOUR_RGB ( '',1.000000000000000000, 0.8117647058823529438, 0.5019607843137254832 ) ;
#4650 = LINE ( 'NONE', #4222, #4695 ) ;
#4651 = EDGE_CURVE ( 'NONE', #7941, #731, #9860, .T. ) ;
#4652 = ORIENTED_EDGE ( 'NONE', *, *, #2244, .T. ) ;
#4653 = ORIENTED_EDGE ( 'NONE', *, *, #8574, .F. ) ;
#4654 = ORIENTED_EDGE ( 'NONE', *, *, #8926, .F. ) ;
#4655 = ORIENTED_EDGE ( 'NONE', *, *, #6780, .F. ) ;
#4656 = DIRECTION ( 'NONE',  ( 0.000000000000000000, -1.000000000000000000, -3.252606517456512119E-15 ) ) ;
#4657 = DIRECTION ( 'NONE',  ( -0.000000000000000000, -0.000000000000000000, -1.000000000000000000 ) ) ;
#4658 = LINE ( 'NONE', #3421, #8245 ) ;
#4659 = AXIS2_PLACEMENT_3D ( 'NONE', #7973, #7256, #9088 ) ;
#4660 = EDGE_LOOP ( 'NONE', ( #7019, #3053, #9689, #2682, #10162, #3025 ) ) ;
#4661 = DIRECTION ( 'NONE',  ( 0.000000000000000000, 0.000000000000000000, -1.000000000000000000 ) ) ;
#4662 = CARTESIAN_POINT ( 'NONE',  ( -3.900000000000000799, 0.4000000000000000222, -3.700000000000001066 ) ) ;
#4663 = CARTESIAN_POINT ( 'NONE',  ( -4.350000000000000533, 0.4000000000000000222, -1.800000000000001599 ) ) ;
#4664 = VECTOR ( 'NONE', #9349, 1000.000000000000000 ) ;
#4665 = PLANE ( 'NONE',  #10613 ) ;
#4666 = FACE_OUTER_BOUND ( 'NONE', #7663, .T. ) ;
#4667 = ORIENTED_EDGE ( 'NONE', *, *, #6780, .T. ) ;
#4668 = ORIENTED_EDGE ( 'NONE', *, *, #6189, .F. ) ;
#4669 = ORIENTED_EDGE ( 'NONE', *, *, #8291, .F. ) ;
#4670 = EDGE_LOOP ( 'NONE', ( #1609, #6822, #8985, #10796 ) ) ;
#4671 = LINE ( 'NONE', #2506, #1055 ) ;
#4672 = DIRECTION ( 'NONE',  ( -0.000000000000000000, -0.000000000000000000, -1.000000000000000000 ) ) ;
#4673 = DIRECTION ( 'NONE',  ( 1.000000000000000000, 0.000000000000000000, 0.000000000000000000 ) ) ;
#4674 = CARTESIAN_POINT ( 'NONE',  ( -4.350000000000000533, 0.7999999999999999334, 3.999999999999999112 ) ) ;
#4675 = AXIS2_PLACEMENT_3D ( 'NONE', #6869, #9462, #9531 ) ;
#4676 = ORIENTED_EDGE ( 'NONE', *, *, #1668, .F. ) ;
#4677 = DIRECTION ( 'NONE',  ( -0.000000000000000000, 0.000000000000000000, -1.000000000000000000 ) ) ;
#4678 = EDGE_CURVE ( 'NONE', #8439, #3625, #2369, .T. ) ;
#4679 = DIRECTION ( 'NONE',  ( -1.000000000000000000, 0.000000000000000000, 0.000000000000000000 ) ) ;
#4680 = FACE_OUTER_BOUND ( 'NONE', #7985, .T. ) ;
#4681 = LINE ( 'NONE', #3161, #8098 ) ;
#4682 = ORIENTED_EDGE ( 'NONE', *, *, #5586, .F. ) ;
#4683 = VERTEX_POINT ( 'NONE', #6359 ) ;
#4684 = EDGE_LOOP ( 'NONE', ( #9049, #2590, #10033, #8138, #7590, #2793 ) ) ;
#4685 = VERTEX_POINT ( 'NONE', #7428 ) ;
#4686 = CARTESIAN_POINT ( 'NONE',  ( 4.799999999999999822, 0.8000000000000000444, 4.800000000000007816 ) ) ;
#4687 = DIRECTION ( 'NONE',  ( -0.000000000000000000, -1.000000000000000000, -0.000000000000000000 ) ) ;
#4688 = DIRECTION ( 'NONE',  ( 1.000000000000000000, 2.775557561562890858E-16, 1.577721810442023260E-30 ) ) ;
#4689 = ADVANCED_FACE ( 'NONE', ( #6327 ), #2462, .F. ) ;
#4690 = VECTOR ( 'NONE', #2295, 1000.000000000000000 ) ;
#4691 = CARTESIAN_POINT ( 'NONE',  ( -4.350000000000000533, 0.7999999999999999334, 2.899999999999999023 ) ) ;
#4692 = EDGE_LOOP ( 'NONE', ( #8732, #5309, #5577, #718 ) ) ;
#4693 = AXIS2_PLACEMENT_3D ( 'NONE', #6587, #8447, #4284 ) ;
#4694 = CARTESIAN_POINT ( 'NONE',  ( 4.799999999999998934, 0.8000000000000000444, -0.2500000000000019429 ) ) ;
#4695 = VECTOR ( 'NONE', #4443, 1000.000000000000000 ) ;
#4696 = AXIS2_PLACEMENT_3D ( 'NONE', #579, #7984, #7910 ) ;
#4697 = DIRECTION ( 'NONE',  ( 0.000000000000000000, -1.000000000000000000, 0.000000000000000000 ) ) ;
#4698 = ORIENTED_EDGE ( 'NONE', *, *, #4502, .T. ) ;
#4699 = EDGE_LOOP ( 'NONE', ( #4667, #812, #4457, #4352, #4363, #5535 ) ) ;
#4700 = ORIENTED_EDGE ( 'NONE', *, *, #2660, .T. ) ;
#4701 = ORIENTED_EDGE ( 'NONE', *, *, #4496, .T. ) ;
#4702 = CARTESIAN_POINT ( 'NONE',  ( -4.800000000000000711, 0.8000000000000000444, 6.004159457879236328 ) ) ;
#4703 = CARTESIAN_POINT ( 'NONE',  ( -4.800000000000000711, 0.000000000000000000, 1.949999999999997735 ) ) ;
#4704 = PLANE ( 'NONE',  #8828 ) ;
#4705 = CARTESIAN_POINT ( 'NONE',  ( 4.799999999999998934, 0.000000000000000000, -0.4000000000000010214 ) ) ;
#4706 = CARTESIAN_POINT ( 'NONE',  ( -3.900000000000000799, 0.4000000000000000222, 0.3999999999999984679 ) ) ;
#4707 = CARTESIAN_POINT ( 'NONE',  ( -3.900000000000000799, 0.000000000000000000, -0.7000000000000009548 ) ) ;
#4708 = DIRECTION ( 'NONE',  ( -0.000000000000000000, -1.000000000000000000, -0.000000000000000000 ) ) ;
#4709 = ORIENTED_EDGE ( 'NONE', *, *, #6263, .F. ) ;
#4710 = LINE ( 'NONE', #4986, #4598 ) ;
#4711 = VERTEX_POINT ( 'NONE', #10758 ) ;
#4712 = ADVANCED_FACE ( 'NONE', ( #2535 ), #10672, .F. ) ;
#4713 = EDGE_CURVE ( 'NONE', #6240, #7372, #9913, .T. ) ;
#4714 = VECTOR ( 'NONE', #8107, 1000.000000000000000 ) ;
#4715 = CLOSED_SHELL ( 'NONE', ( #1214, #6512, #10034, #3358, #8193, #9431, #10678, #6604, #6664, #7240, #9304, #9495, #1824, #4167, #6847, #9472, #4246, #1, #3854, #10054, #7812, #8909, #1949, #7759, #7855, #1996, #4821, #9642, #852, #9368, #7926, #6940, #4541, #3383, #9228, #8368, #3966, #1912, #3919, #432, #5354, #9089, #10412, #1743, #6178, #1324, #2318, #3840, #1076, #8251, #5232, #8874, #10380, #6136, #4561, #10251, #5510, #5606, #9685, #667, #5960, #2172, #211, #2079, #4042, #7828, #1521, #2237, #1382, #1170, #10387, #7494, #3770, #8282, #3695, #1148, #10712, #8168, #9798, #10738, #6355, #7885, #6756, #158, #8948, #4571, #9980, #5391, #6047, #5159, #7039, #26, #1973, #6411, #4225, #9192, #2404, #8932, #7231, #10292, #8301, #3471, #1104, #2485, #2521, #3106, #8580, #3239, #7334, #10778, #7300, #6202, #8022, #7212 ) ) ;
#4716 = ORIENTED_EDGE ( 'NONE', *, *, #9588, .F. ) ;
#4717 = ORIENTED_EDGE ( 'NONE', *, *, #1535, .F. ) ;
#4718 = ORIENTED_EDGE ( 'NONE', *, *, #7968, .F. ) ;
#4719 = EDGE_CURVE ( 'NONE', #9278, #915, #9774, .T. ) ;
#4720 = FILL_AREA_STYLE_COLOUR ( '', #7860 ) ;
#4721 = AXIS2_PLACEMENT_3D ( 'NONE', #10368, #7850, #10440 ) ;
#4722 = CARTESIAN_POINT ( 'NONE',  ( 4.799999999999998934, 0.000000000000000000, -0.7000000000000018430 ) ) ;
#4723 = LINE ( 'NONE', #8737, #4985 ) ;
#4724 = EDGE_CURVE ( 'NONE', #1127, #2551, #2405, .T. ) ;
#4725 = DIRECTION ( 'NONE',  ( 1.000000000000000000, -4.336808689942013792E-16, 0.000000000000000000 ) ) ;
#4726 = VERTEX_POINT ( 'NONE', #3571 ) ;
#4727 = CARTESIAN_POINT ( 'NONE',  ( 3.899999999999999023, 0.000000000000000000, 6.004159457879236328 ) ) ;
#4728 = CARTESIAN_POINT ( 'NONE',  ( -3.900000000000000799, -5.421010862427522170E-17, -4.000000000000000888 ) ) ;
#4729 = CARTESIAN_POINT ( 'NONE',  ( 4.799999999999998934, 0.000000000000000000, 1.349999999999998757 ) ) ;
#4730 = DIRECTION ( 'NONE',  ( 1.000000000000000000, 0.000000000000000000, 0.000000000000000000 ) ) ;
#4731 = VECTOR ( 'NONE', #5807, 1000.000000000000000 ) ;
#4732 = ORIENTED_EDGE ( 'NONE', *, *, #5636, .F. ) ;
#4733 = CARTESIAN_POINT ( 'NONE',  ( 4.099999999999997868, 0.7999999999999997113, 4.700000000000005507 ) ) ;
#4734 = VECTOR ( 'NONE', #10132, 1000.000000000000000 ) ;
#4735 = ORIENTED_EDGE ( 'NONE', *, *, #6529, .F. ) ;
#4736 = VERTEX_POINT ( 'NONE', #795 ) ;
#4737 = ORIENTED_EDGE ( 'NONE', *, *, #3505, .T. ) ;
#4738 = EDGE_LOOP ( 'NONE', ( #9377, #5404, #2248, #3773 ) ) ;
#4739 = DIRECTION ( 'NONE',  ( 0.000000000000000000, 1.000000000000000000, 0.000000000000000000 ) ) ;
#4740 = ADVANCED_FACE ( 'NONE', ( #2423 ), #9078, .F. ) ;
#4741 = EDGE_CURVE ( 'NONE', #5641, #8781, #2611, .T. ) ;
#4742 = AXIS2_PLACEMENT_3D ( 'NONE', #7025, #10338, #8709 ) ;
#4743 = VECTOR ( 'NONE', #1575, 1000.000000000000000 ) ;
#4744 = EDGE_CURVE ( 'NONE', #9244, #4736, #2516, .T. ) ;
#4745 = SURFACE_SIDE_STYLE ('',( #10435 ) ) ;
#4746 = CARTESIAN_POINT ( 'NONE',  ( 4.799999999999998934, 0.8000000000000001554, -3.999999999999992450 ) ) ;
#4747 = ORIENTED_EDGE ( 'NONE', *, *, #8096, .F. ) ;
#4748 = DIRECTION ( 'NONE',  ( 1.000000000000000000, 0.000000000000000000, 0.000000000000000000 ) ) ;
#4749 = SURFACE_STYLE_USAGE ( .BOTH. , #2331 ) ;
#4750 = EDGE_LOOP ( 'NONE', ( #506, #7993, #8221, #8205, #8430, #8250 ) ) ;
#4751 = DIRECTION ( 'NONE',  ( 0.000000000000000000, 0.000000000000000000, -1.000000000000000000 ) ) ;
#4752 = VECTOR ( 'NONE', #9658, 1000.000000000000000 ) ;
#4753 = ORIENTED_EDGE ( 'NONE', *, *, #9690, .T. ) ;
#4754 = EDGE_LOOP ( 'NONE', ( #571, #1386, #5109, #8526 ) ) ;
#4755 = ORIENTED_EDGE ( 'NONE', *, *, #1779, .T. ) ;
#4756 = EDGE_LOOP ( 'NONE', ( #7145, #6418, #7789, #4065 ) ) ;
#4757 = CARTESIAN_POINT ( 'NONE',  ( -3.299999999999997602, 2.549999999999999822, -3.200000000000000178 ) ) ;
#4758 = EDGE_CURVE ( 'NONE', #782, #10656, #6137, .T. ) ;
#4759 = DIRECTION ( 'NONE',  ( 0.000000000000000000, 1.000000000000000000, 0.000000000000000000 ) ) ;
#4760 = CARTESIAN_POINT ( 'NONE',  ( -1.399999999999998579, 0.7999999999999990452, -4.500000000000005329 ) ) ;
#4761 = LINE ( 'NONE', #5086, #8353 ) ;
#4762 = AXIS2_PLACEMENT_3D ( 'NONE', #2498, #6005, #3328 ) ;
#4763 = DIRECTION ( 'NONE',  ( -9.637352644315598694E-16, 0.000000000000000000, 1.000000000000000000 ) ) ;
#4764 = EDGE_CURVE ( 'NONE', #4250, #9459, #6150, .T. ) ;
#4765 = ORIENTED_EDGE ( 'NONE', *, *, #1827, .F. ) ;
#4766 = DIRECTION ( 'NONE',  ( -1.000000000000000000, 0.000000000000000000, 0.000000000000000000 ) ) ;
#4767 = DIRECTION ( 'NONE',  ( 1.000000000000000000, 0.000000000000000000, 0.000000000000000000 ) ) ;
#4768 = AXIS2_PLACEMENT_3D ( 'NONE', #1056, #1898, #3564 ) ;
#4769 = VECTOR ( 'NONE', #10333, 1000.000000000000000 ) ;
#4770 = DIRECTION ( 'NONE',  ( -2.465190328815661892E-32, 0.000000000000000000, -1.000000000000000000 ) ) ;
#4771 = VERTEX_POINT ( 'NONE', #515 ) ;
#4772 = ORIENTED_EDGE ( 'NONE', *, *, #3737, .F. ) ;
#4773 = ORIENTED_EDGE ( 'NONE', *, *, #6303, .F. ) ;
#4774 = VERTEX_POINT ( 'NONE', #7049 ) ;
#4775 = CARTESIAN_POINT ( 'NONE',  ( 4.799999999999998934, 0.000000000000000000, 3.700000000000008171 ) ) ;
#4776 = EDGE_CURVE ( 'NONE', #2329, #7868, #6241, .T. ) ;
#4777 = CARTESIAN_POINT ( 'NONE',  ( -3.900000000000000799, 0.000000000000000000, -2.600000000000000977 ) ) ;
#4778 = CIRCLE ( 'NONE', #1687, 0.3999999999999993006 ) ;
#4779 = CARTESIAN_POINT ( 'NONE',  ( -1.399999999999998135, 1.200000000000002176, 5.000000000000005329 ) ) ;
#4780 = CARTESIAN_POINT ( 'NONE',  ( 4.099999999999996092, 1.200000000000001288, 4.700000000000004619 ) ) ;
#4781 = CARTESIAN_POINT ( 'NONE',  ( 4.500000000000000000, 2.200000000000001066, 4.299999999999999822 ) ) ;
#4782 = CARTESIAN_POINT ( 'NONE',  ( 3.899999999999999023, 0.4000000000000000222, 4.799999999999999822 ) ) ;
#4783 = PLANE ( 'NONE',  #311 ) ;
#4784 =( NAMED_UNIT ( * ) PLANE_ANGLE_UNIT ( ) SI_UNIT ( $, .RADIAN. ) );
#4785 = ORIENTED_EDGE ( 'NONE', *, *, #3309, .F. ) ;
#4786 = EDGE_CURVE ( 'NONE', #7868, #8734, #6281, .T. ) ;
#4787 = FACE_OUTER_BOUND ( 'NONE', #3598, .T. ) ;
#4788 = LINE ( 'NONE', #2152, #4769 ) ;
#4789 = VERTEX_POINT ( 'NONE', #4022 ) ;
#4790 = AXIS2_PLACEMENT_3D ( 'NONE', #4276, #1435, #3230 ) ;
#4791 = ORIENTED_EDGE ( 'NONE', *, *, #8038, .F. ) ;
#4792 = ORIENTED_EDGE ( 'NONE', *, *, #5127, .T. ) ;
#4793 = ORIENTED_EDGE ( 'NONE', *, *, #3028, .F. ) ;
#4794 = DIRECTION ( 'NONE',  ( 1.000000000000000000, 0.000000000000000000, 9.637352644315598694E-16 ) ) ;
#4795 = EDGE_CURVE ( 'NONE', #7772, #5881, #9895, .T. ) ;
#4796 = PLANE ( 'NONE',  #5038 ) ;
#4797 = LINE ( 'NONE', #3818, #5061 ) ;
#4798 = EDGE_CURVE ( 'NONE', #5317, #7625, #2715, .T. ) ;
#4799 = ORIENTED_EDGE ( 'NONE', *, *, #7584, .F. ) ;
#4800 = CARTESIAN_POINT ( 'NONE',  ( 4.099999999999997868, 2.399999999999999911, 4.300000000000001599 ) ) ;
#4801 = DIRECTION ( 'NONE',  ( 0.000000000000000000, -0.000000000000000000, 1.000000000000000000 ) ) ;
#4802 = DIRECTION ( 'NONE',  ( -0.000000000000000000, -1.000000000000000000, -0.000000000000000000 ) ) ;
#4803 = VECTOR ( 'NONE', #6746, 1000.000000000000000 ) ;
#4804 = FILL_AREA_STYLE ('',( #10601 ) ) ;
#4805 = CARTESIAN_POINT ( 'NONE',  ( 3.899999999999999023, 0.000000000000000000, 2.704159457879236506 ) ) ;
#4806 = STYLED_ITEM ( 'NONE', ( #384 ), #1026 ) ;
#4807 = ORIENTED_EDGE ( 'NONE', *, *, #9725, .F. ) ;
#4808 = ORIENTED_EDGE ( 'NONE', *, *, #7563, .T. ) ;
#4809 = ORIENTED_EDGE ( 'NONE', *, *, #5742, .F. ) ;
#4810 = ORIENTED_EDGE ( 'NONE', *, *, #9916, .T. ) ;
#4811 = CARTESIAN_POINT ( 'NONE',  ( -3.900000000000000799, 0.4000000000000000222, -4.000000000000001776 ) ) ;
#4812 = FACE_OUTER_BOUND ( 'NONE', #1467, .T. ) ;
#4813 = CARTESIAN_POINT ( 'NONE',  ( -4.800000000000000711, 0.8000000000000000444, -1.695840542120764072 ) ) ;
#4814 = EDGE_CURVE ( 'NONE', #10307, #3801, #6494, .T. ) ;
#4815 = AXIS2_PLACEMENT_3D ( 'NONE', #3583, #2801, #4452 ) ;
#4816 = CARTESIAN_POINT ( 'NONE',  ( -4.800000000000000711, 0.000000000000000000, 2.599999999999998312 ) ) ;
#4817 = CARTESIAN_POINT ( 'NONE',  ( 4.350000000000000533, 0.4000000000000000222, 3.699999999999999289 ) ) ;
#4818 = EDGE_CURVE ( 'NONE', #7710, #8365, #6562, .T. ) ;
#4819 = ORIENTED_EDGE ( 'NONE', *, *, #8877, .T. ) ;
#4820 = CARTESIAN_POINT ( 'NONE',  ( -3.900000000000000799, 0.4000000000000000222, 4.799999999999998934 ) ) ;
#4821 = ADVANCED_FACE ( 'NONE', ( #3029 ), #6285, .F. ) ;
#4822 = VECTOR ( 'NONE', #5215, 1000.000000000000000 ) ;
#4823 = DIRECTION ( 'NONE',  ( 0.000000000000000000, 1.000000000000000000, 0.000000000000000000 ) ) ;
#4824 = VECTOR ( 'NONE', #2010, 1000.000000000000000 ) ;
#4825 = DIRECTION ( 'NONE',  ( 1.000000000000000000, 0.000000000000000000, -0.000000000000000000 ) ) ;
#4826 = EDGE_LOOP ( 'NONE', ( #10056, #6675, #6962, #16 ) ) ;
#4827 = ORIENTED_EDGE ( 'NONE', *, *, #10458, .T. ) ;
#4828 = ORIENTED_EDGE ( 'NONE', *, *, #3428, .F. ) ;
#4829 = VERTEX_POINT ( 'NONE', #6215 ) ;
#4830 = DIRECTION ( 'NONE',  ( 0.000000000000000000, 0.000000000000000000, -1.000000000000000000 ) ) ;
#4831 = ADVANCED_FACE ( 'NONE', ( #10239 ), #10592, .F. ) ;
#4832 = DIRECTION ( 'NONE',  ( 1.000000000000000000, -1.301042606982607530E-14, 0.000000000000000000 ) ) ;
#4833 = CARTESIAN_POINT ( 'NONE',  ( -4.099999999999997868, 1.199999999999971312, -4.500000000000004441 ) ) ;
#4834 = DIRECTION ( 'NONE',  ( 0.000000000000000000, 0.000000000000000000, -1.000000000000000000 ) ) ;
#4835 = EDGE_CURVE ( 'NONE', #6398, #9491, #3046, .T. ) ;
#4836 = AXIS2_PLACEMENT_3D ( 'NONE', #891, #3448, #827 ) ;
#4837 = VERTEX_POINT ( 'NONE', #8811 ) ;
#4838 = LINE ( 'NONE', #6220, #8432 ) ;
#4839 = CARTESIAN_POINT ( 'NONE',  ( 4.499999999999999112, 2.400000000000000799, 4.299999999999999822 ) ) ;
#4840 = CARTESIAN_POINT ( 'NONE',  ( -3.899999999999999467, 0.4000000000000000222, 1.499999999999999556 ) ) ;
#4841 = VERTEX_POINT ( 'NONE', #8966 ) ;
#4842 = VERTEX_POINT ( 'NONE', #8132 ) ;
#4843 = EDGE_LOOP ( 'NONE', ( #9082, #6468, #6087, #5627 ) ) ;
#4844 = ORIENTED_EDGE ( 'NONE', *, *, #4719, .T. ) ;
#4845 = DIRECTION ( 'NONE',  ( 1.000000000000000000, 3.614007241618346010E-15, -0.000000000000000000 ) ) ;
#4846 = CARTESIAN_POINT ( 'NONE',  ( 4.350000000000000533, 0.7999999999999999334, 3.804159457879236150 ) ) ;
#4847 = LINE ( 'NONE', #8666, #1229 ) ;
#4848 = PLANE ( 'NONE',  #4148 ) ;
#4849 = PLANE ( 'NONE',  #1926 ) ;
#4850 = CARTESIAN_POINT ( 'NONE',  ( 3.899999999999999023, 0.4000000000000000222, -2.600000000000000977 ) ) ;
#4851 = CARTESIAN_POINT ( 'NONE',  ( -4.350000000000000533, 0.8010000000000000453, 3.699999999999999289 ) ) ;
#4852 = CARTESIAN_POINT ( 'NONE',  ( 3.899999999999999023, 0.000000000000000000, -0.4000000000000010214 ) ) ;
#4853 = ORIENTED_EDGE ( 'NONE', *, *, #4719, .F. ) ;
#4854 = EDGE_CURVE ( 'NONE', #768, #9083, #10003, .T. ) ;
#4855 = CARTESIAN_POINT ( 'NONE',  ( 3.899999999999999023, 0.000000000000000000, -4.800000000000001599 ) ) ;
#4856 = VECTOR ( 'NONE', #296, 1000.000000000000000 ) ;
#4857 = EDGE_CURVE ( 'NONE', #160, #8944, #3066, .T. ) ;
#4858 = ORIENTED_EDGE ( 'NONE', *, *, #4983, .F. ) ;
#4859 = ORIENTED_EDGE ( 'NONE', *, *, #8637, .F. ) ;
#4860 = ORIENTED_EDGE ( 'NONE', *, *, #9393, .T. ) ;
#4861 = VERTEX_POINT ( 'NONE', #4590 ) ;
#4862 = PLANE ( 'NONE',  #3012 ) ;
#4863 = FILL_AREA_STYLE ('',( #9476 ) ) ;
#4864 = FACE_OUTER_BOUND ( 'NONE', #5139, .T. ) ;
#4865 = UNCERTAINTY_MEASURE_WITH_UNIT (LENGTH_MEASURE( 1.000000000000000082E-05 ), #5583, 'distance_accuracy_value', 'NONE');
#4866 = ORIENTED_EDGE ( 'NONE', *, *, #7942, .F. ) ;
#4867 = EDGE_CURVE ( 'NONE', #8294, #366, #10279, .T. ) ;
#4868 = CARTESIAN_POINT ( 'NONE',  ( -4.099999999999997868, 1.200000000000001288, 4.700000000000004619 ) ) ;
#4869 = CARTESIAN_POINT ( 'NONE',  ( 4.099999999999997868, 2.200000000000000178, 4.300000000000001599 ) ) ;
#4870 = DIRECTION ( 'NONE',  ( 0.000000000000000000, 1.000000000000000000, 0.000000000000000000 ) ) ;
#4871 = EDGE_CURVE ( 'NONE', #4051, #819, #10256, .T. ) ;
#4872 = FACE_OUTER_BOUND ( 'NONE', #8925, .T. ) ;
#4873 = AXIS2_PLACEMENT_3D ( 'NONE', #7475, #7544, #9152 ) ;
#4874 = VECTOR ( 'NONE', #4975, 1000.000000000000000 ) ;
#4875 = ORIENTED_EDGE ( 'NONE', *, *, #187, .T. ) ;
#4876 = EDGE_CURVE ( 'NONE', #6396, #5272, #2924, .T. ) ;
#4877 = ORIENTED_EDGE ( 'NONE', *, *, #2071, .F. ) ;
#4878 = ORIENTED_EDGE ( 'NONE', *, *, #10612, .T. ) ;
#4879 = VERTEX_POINT ( 'NONE', #4722 ) ;
#4880 = PLANE ( 'NONE',  #25 ) ;
#4881 = VECTOR ( 'NONE', #7286, 1000.000000000000000 ) ;
#4882 = CARTESIAN_POINT ( 'NONE',  ( -4.350000000000000533, 0.7999999999999999334, 3.804159457879236150 ) ) ;
#4883 = CARTESIAN_POINT ( 'NONE',  ( 3.899999999999999023, 0.000000000000000000, -1.500000000000001332 ) ) ;
#4884 = DIRECTION ( 'NONE',  ( 9.637352644315598694E-16, -0.000000000000000000, 1.000000000000000000 ) ) ;
#4885 = ORIENTED_EDGE ( 'NONE', *, *, #1827, .T. ) ;
#4886 = EDGE_CURVE ( 'NONE', #1069, #1541, #6431, .T. ) ;
#4887 = CARTESIAN_POINT ( 'NONE',  ( -4.800000000000000711, 0.7999999999999999334, -4.800000000000001599 ) ) ;
#4888 = DIRECTION ( 'NONE',  ( 1.000000000000000000, 0.000000000000000000, 0.000000000000000000 ) ) ;
#4889 = VECTOR ( 'NONE', #10622, 1000.000000000000000 ) ;
#4890 = ADVANCED_FACE ( 'NONE', ( #2956 ), #4796, .F. ) ;
#4891 = EDGE_CURVE ( 'NONE', #8149, #5056, #10172, .T. ) ;
#4892 = AXIS2_PLACEMENT_3D ( 'NONE', #9201, #843, #2334 ) ;
#4893 = EDGE_LOOP ( 'NONE', ( #6932, #1411, #1147, #1428 ) ) ;
#4894 = ORIENTED_EDGE ( 'NONE', *, *, #8042, .T. ) ;
#4895 = ORIENTED_EDGE ( 'NONE', *, *, #3552, .F. ) ;
#4896 = ORIENTED_EDGE ( 'NONE', *, *, #8146, .F. ) ;
#4897 = MANIFOLD_SOLID_BREP ( 'Cut-Extrude6[1]', #7027 ) ;
#4898 = CARTESIAN_POINT ( 'NONE',  ( 4.350000000000000533, 0.4000000000000000222, 2.704159457879236506 ) ) ;
#4899 = EDGE_CURVE ( 'NONE', #8582, #1721, #2861, .T. ) ;
#4900 = DIRECTION ( 'NONE',  ( 0.000000000000000000, 0.000000000000000000, -1.000000000000000000 ) ) ;
#4901 = DIRECTION ( 'NONE',  ( -1.000000000000000000, 0.000000000000000000, 0.000000000000000000 ) ) ;
#4902 = CARTESIAN_POINT ( 'NONE',  ( -4.800000000000000711, 0.8000000000000000444, 4.799999999999998046 ) ) ;
#4903 = LINE ( 'NONE', #154, #4951 ) ;
#4904 = PRESENTATION_LAYER_ASSIGNMENT (  '', '', ( #2251 ) ) ;
#4905 = ORIENTED_EDGE ( 'NONE', *, *, #3587, .F. ) ;
#4906 = ADVANCED_FACE ( 'NONE', ( #2942 ), #3515, .F. ) ;
#4907 = VECTOR ( 'NONE', #3139, 1000.000000000000000 ) ;
#4908 = CARTESIAN_POINT ( 'NONE',  ( 4.799999999999998934, 0.000000000000000000, 3.999999999999999112 ) ) ;
#4909 = EDGE_CURVE ( 'NONE', #6045, #4413, #6461, .T. ) ;
#4910 = DIRECTION ( 'NONE',  ( -1.000000000000000000, -0.000000000000000000, 9.637352644315598694E-16 ) ) ;
#4911 = LINE ( 'NONE', #7326, #1136 ) ;
#4912 = ORIENTED_EDGE ( 'NONE', *, *, #4798, .F. ) ;
#4913 = VERTEX_POINT ( 'NONE', #9967 ) ;
#4914 = ORIENTED_EDGE ( 'NONE', *, *, #6866, .F. ) ;
#4915 = VERTEX_POINT ( 'NONE', #5684 ) ;
#4916 = DIRECTION ( 'NONE',  ( 0.000000000000000000, -0.000000000000000000, -1.000000000000000000 ) ) ;
#4917 = ADVANCED_FACE ( 'NONE', ( #10156 ), #7429, .F. ) ;
#4918 = VECTOR ( 'NONE', #1910, 1000.000000000000000 ) ;
#4919 = PLANE ( 'NONE',  #5835 ) ;
#4920 = DIRECTION ( 'NONE',  ( 0.000000000000000000, 0.000000000000000000, -1.000000000000000000 ) ) ;
#4921 = DIRECTION ( 'NONE',  ( 1.000000000000000000, 0.000000000000000000, 0.000000000000000000 ) ) ;
#4922 = DIRECTION ( 'NONE',  ( 0.000000000000000000, -1.000000000000000000, -3.614007241618346010E-15 ) ) ;
#4923 = MECHANICAL_DESIGN_GEOMETRIC_PRESENTATION_REPRESENTATION (  '', ( #10057 ), #1904 ) ;
#4924 = ORIENTED_EDGE ( 'NONE', *, *, #8630, .T. ) ;
#4925 = LINE ( 'NONE', #3884, #5185 ) ;
#4926 = COLOUR_RGB ( '',1.000000000000000000, 0.8117647058823529438, 0.5019607843137254832 ) ;
#4927 = EDGE_LOOP ( 'NONE', ( #2214, #2328, #1641, #5303 ) ) ;
#4928 = EDGE_CURVE ( 'NONE', #8171, #2845, #6701, .T. ) ;
#4929 = EDGE_LOOP ( 'NONE', ( #1310, #3938, #3321, #4236 ) ) ;
#4930 = ORIENTED_EDGE ( 'NONE', *, *, #3973, .T. ) ;
#4931 = EDGE_LOOP ( 'NONE', ( #230, #7289, #10053, #213 ) ) ;
#4932 = DIRECTION ( 'NONE',  ( 0.000000000000000000, 1.000000000000000000, 0.000000000000000000 ) ) ;
#4933 = CARTESIAN_POINT ( 'NONE',  ( 4.350000000000000533, 0.4000000000000000222, -2.600000000000000977 ) ) ;
#4934 = FACE_OUTER_BOUND ( 'NONE', #7449, .T. ) ;
#4935 = CARTESIAN_POINT ( 'NONE',  ( 4.350000000000000533, 0.8000000000000000444, -2.600000000000000977 ) ) ;
#4936 = ORIENTED_EDGE ( 'NONE', *, *, #9768, .T. ) ;
#4937 = AXIS2_PLACEMENT_3D ( 'NONE', #36, #3213, #2532 ) ;
#4938 = PLANE ( 'NONE',  #10342 ) ;
#4939 = DIRECTION ( 'NONE',  ( -0.000000000000000000, 1.000000000000000000, -0.000000000000000000 ) ) ;
#4940 = FACE_OUTER_BOUND ( 'NONE', #7965, .T. ) ;
#4941 = DIRECTION ( 'NONE',  ( 9.637352644315598694E-16, -0.000000000000000000, 1.000000000000000000 ) ) ;
#4942 = DIRECTION ( 'NONE',  ( -0.000000000000000000, 1.000000000000000000, -0.000000000000000000 ) ) ;
#4943 = EDGE_CURVE ( 'NONE', #7373, #1541, #6480, .T. ) ;
#4944 = PRESENTATION_LAYER_ASSIGNMENT (  '', '', ( #2568 ) ) ;
#4945 = VERTEX_POINT ( 'NONE', #9108 ) ;
#4946 = ORIENTED_EDGE ( 'NONE', *, *, #9247, .F. ) ;
#4947 = EDGE_LOOP ( 'NONE', ( #3845, #7562, #6392, #9042 ) ) ;
#4948 = EDGE_LOOP ( 'NONE', ( #1396, #4035, #4197, #1738 ) ) ;
#4949 = CARTESIAN_POINT ( 'NONE',  ( 3.399999999999995914, 0.7999999999999997113, 4.700000000000005507 ) ) ;
#4950 = CARTESIAN_POINT ( 'NONE',  ( 3.900000000000000355, -5.421010862427522170E-17, -3.999999999999993339 ) ) ;
#4951 = VECTOR ( 'NONE', #5065, 1000.000000000000000 ) ;
#4952 =( NAMED_UNIT ( * ) PLANE_ANGLE_UNIT ( ) SI_UNIT ( $, .RADIAN. ) );
#4953 = DIRECTION ( 'NONE',  ( -1.000000000000000000, 3.614007241618346010E-15, 0.000000000000000000 ) ) ;
#4954 = ORIENTED_EDGE ( 'NONE', *, *, #7584, .T. ) ;
#4955 = CARTESIAN_POINT ( 'NONE',  ( -4.800000000000000711, 0.000000000000000000, -0.5958405421207638719 ) ) ;
#4956 = LINE ( 'NONE', #6560, #8648 ) ;
#4957 = PLANE ( 'NONE',  #7598 ) ;
#4958 = LINE ( 'NONE', #776, #8307 ) ;
#4959 = ORIENTED_EDGE ( 'NONE', *, *, #3930, .T. ) ;
#4960 = ORIENTED_EDGE ( 'NONE', *, *, #1106, .T. ) ;
#4961 = VERTEX_POINT ( 'NONE', #2664 ) ;
#4962 = ORIENTED_EDGE ( 'NONE', *, *, #10795, .T. ) ;
#4963 = EDGE_CURVE ( 'NONE', #2961, #5129, #6509, .T. ) ;
#4964 = DIRECTION ( 'NONE',  ( -1.000000000000000000, 2.409338161078899674E-16, 0.000000000000000000 ) ) ;
#4965 = CARTESIAN_POINT ( 'NONE',  ( -4.350000000000000533, 0.7999999999999999334, -1.800000000000001599 ) ) ;
#4966 = DIRECTION ( 'NONE',  ( -0.000000000000000000, 0.000000000000000000, 1.000000000000000000 ) ) ;
#4967 = CARTESIAN_POINT ( 'NONE',  ( -4.100000000000000533, 2.199999999999999289, -4.299999999999998934 ) ) ;
#4968 = LINE ( 'NONE', #5298, #1213 ) ;
#4969 = EDGE_CURVE ( 'NONE', #9812, #4633, #10071, .T. ) ;
#4970 = ADVANCED_FACE ( 'NONE', ( #10189 ), #1851, .T. ) ;
#4971 = EDGE_LOOP ( 'NONE', ( #8549, #8591, #8838, #6610 ) ) ;
#4972 = VECTOR ( 'NONE', #3308, 1000.000000000000000 ) ;
#4973 = DIRECTION ( 'NONE',  ( 1.000000000000000000, 0.000000000000000000, 0.000000000000000000 ) ) ;
#4974 = ADVANCED_FACE ( 'NONE', ( #3009 ), #7567, .F. ) ;
#4975 = DIRECTION ( 'NONE',  ( 0.000000000000000000, 1.000000000000000000, 0.000000000000000000 ) ) ;
#4976 = FACE_OUTER_BOUND ( 'NONE', #1257, .T. ) ;
#4977 = CARTESIAN_POINT ( 'NONE',  ( 4.799999999999998934, 0.8000000000000000444, 4.904159457879235795 ) ) ;
#4978 = ORIENTED_EDGE ( 'NONE', *, *, #3374, .T. ) ;
#4979 = VERTEX_POINT ( 'NONE', #3203 ) ;
#4980 = ORIENTED_EDGE ( 'NONE', *, *, #1999, .T. ) ;
#4981 = ORIENTED_EDGE ( 'NONE', *, *, #4581, .T. ) ;
#4982 = CARTESIAN_POINT ( 'NONE',  ( -3.899999999999999467, 0.4000000000000000222, 3.699999999999999289 ) ) ;
#4983 = EDGE_CURVE ( 'NONE', #9130, #2385, #6548, .T. ) ;
#4984 = AXIS2_PLACEMENT_3D ( 'NONE', #7493, #4388, #1554 ) ;
#4985 = VECTOR ( 'NONE', #8972, 1000.000000000000000 ) ;
#4986 = CARTESIAN_POINT ( 'NONE',  ( -4.800000000000000711, 0.8000000000000000444, 5.000000000000000000 ) ) ;
#4987 = PLANE ( 'NONE',  #9945 ) ;
#4988 = DIRECTION ( 'NONE',  ( 0.000000000000000000, 0.000000000000000000, 1.000000000000000000 ) ) ;
#4989 = CARTESIAN_POINT ( 'NONE',  ( -3.900000000000000799, 0.4000000000000000222, -2.900000000000001688 ) ) ;
#4990 = CARTESIAN_POINT ( 'NONE',  ( 4.350000000000000533, 0.4000000000000000222, -3.700000000000001066 ) ) ;
#4991 = CARTESIAN_POINT ( 'NONE',  ( 4.100000000000000533, 2.199999999999999289, -4.299999999999999822 ) ) ;
#4992 = EDGE_LOOP ( 'NONE', ( #9744, #5753, #10507, #10254 ) ) ;
#4993 = DIRECTION ( 'NONE',  ( -0.000000000000000000, 1.000000000000000000, -0.000000000000000000 ) ) ;
#4994 = VECTOR ( 'NONE', #9710, 1000.000000000000000 ) ;
#4995 = LINE ( 'NONE', #6262, #1392 ) ;
#4996 = EDGE_LOOP ( 'NONE', ( #2407, #9602, #10688, #10405, #3398, #6297 ) ) ;
#4997 = VERTEX_POINT ( 'NONE', #8198 ) ;
#4998 = ORIENTED_EDGE ( 'NONE', *, *, #739, .T. ) ;
#4999 = ORIENTED_EDGE ( 'NONE', *, *, #9291, .F. ) ;
#5000 = DIRECTION ( 'NONE',  ( -1.000000000000000000, 0.000000000000000000, 0.000000000000000000 ) ) ;
#5001 = UNCERTAINTY_MEASURE_WITH_UNIT (LENGTH_MEASURE( 1.000000000000000082E-05 ), #6609, 'distance_accuracy_value', 'NONE');
#5002 = ADVANCED_FACE ( 'NONE', ( #6614 ), #7641, .F. ) ;
#5003 = EDGE_CURVE ( 'NONE', #8840, #4560, #10222, .T. ) ;
#5004 = DIRECTION ( 'NONE',  ( 0.000000000000000000, 0.000000000000000000, 1.000000000000000000 ) ) ;
#5005 = VECTOR ( 'NONE', #3140, 1000.000000000000000 ) ;
#5006 = EDGE_CURVE ( 'NONE', #7221, #3162, #3096, .T. ) ;
#5007 = AXIS2_PLACEMENT_3D ( 'NONE', #9770, #2320, #9191 ) ;
#5008 = EDGE_CURVE ( 'NONE', #1538, #8504, #9933, .T. ) ;
#5009 = ORIENTED_EDGE ( 'NONE', *, *, #6523, .T. ) ;
#5010 = EDGE_CURVE ( 'NONE', #5394, #4915, #2806, .T. ) ;
#5011 = CARTESIAN_POINT ( 'NONE',  ( 4.799999999999998934, 0.8000000000000000444, -3.700000000000001066 ) ) ;
#5012 = CARTESIAN_POINT ( 'NONE',  ( 3.899999999999999023, 0.4000000000000000222, -2.900000000000000799 ) ) ;
#5013 = VECTOR ( 'NONE', #6364, 1000.000000000000000 ) ;
#5014 = CARTESIAN_POINT ( 'NONE',  ( -3.900000000000000799, 0.4000000000000000222, 0.3999999999999993006 ) ) ;
#5015 = AXIS2_PLACEMENT_3D ( 'NONE', #7174, #6598, #5052 ) ;
#5016 = DIRECTION ( 'NONE',  ( -0.000000000000000000, -0.000000000000000000, -1.000000000000000000 ) ) ;
#5017 = VECTOR ( 'NONE', #9567, 1000.000000000000000 ) ;
#5018 = VECTOR ( 'NONE', #1998, 1000.000000000000000 ) ;
#5019 = EDGE_LOOP ( 'NONE', ( #1277, #8706, #1503, #8391 ) ) ;
#5020 = VERTEX_POINT ( 'NONE', #6555 ) ;
#5021 = VERTEX_POINT ( 'NONE', #10171 ) ;
#5022 = CARTESIAN_POINT ( 'NONE',  ( 4.799999999999998934, 0.8000000000000000444, -2.450000000000001954 ) ) ;
#5023 = CARTESIAN_POINT ( 'NONE',  ( 4.799999999999998934, 0.8000000000000001554, -2.795840542120763939 ) ) ;
#5024 = DIRECTION ( 'NONE',  ( -1.000000000000000000, 2.409338161078899674E-16, 0.000000000000000000 ) ) ;
#5025 = CIRCLE ( 'NONE', #1709, 0.3999999999999993006 ) ;
#5026 = EDGE_CURVE ( 'NONE', #9405, #8055, #2825, .T. ) ;
#5027 = ADVANCED_FACE ( 'NONE', ( #6807 ), #7946, .F. ) ;
#5028 = DIRECTION ( 'NONE',  ( -9.637352644315598694E-16, 0.000000000000000000, 1.000000000000000000 ) ) ;
#5029 = EDGE_CURVE ( 'NONE', #6742, #10252, #10328, .T. ) ;
#5030 = CARTESIAN_POINT ( 'NONE',  ( -4.350000000000000533, 0.4000000000000000222, -0.4000000000000010214 ) ) ;
#5031 = AXIS2_PLACEMENT_3D ( 'NONE', #3252, #4145, #7104 ) ;
#5032 = VERTEX_POINT ( 'NONE', #7788 ) ;
#5033 = EDGE_CURVE ( 'NONE', #8364, #615, #10640, .T. ) ;
#5034 = SURFACE_SIDE_STYLE ('',( #5387 ) ) ;
#5035 = VECTOR ( 'NONE', #6292, 1000.000000000000000 ) ;
#5036 = CYLINDRICAL_SURFACE ( 'NONE', #5431, 0.3999999999999993006 ) ;
#5037 = ORIENTED_EDGE ( 'NONE', *, *, #2648, .T. ) ;
#5038 = AXIS2_PLACEMENT_3D ( 'NONE', #2862, #7839, #7200 ) ;
#5039 = EDGE_LOOP ( 'NONE', ( #40, #5851, #4960, #7967 ) ) ;
#5040 = ORIENTED_EDGE ( 'NONE', *, *, #2466, .F. ) ;
#5041 = ORIENTED_EDGE ( 'NONE', *, *, #6395, .T. ) ;
#5042 = CARTESIAN_POINT ( 'NONE',  ( 3.899999999999999023, 0.4000000000000000222, -1.500000000000001332 ) ) ;
#5043 = DIRECTION ( 'NONE',  ( 1.000000000000000000, -2.775557561562891351E-16, -2.465190328815661892E-32 ) ) ;
#5044 = DIRECTION ( 'NONE',  ( -0.000000000000000000, -0.000000000000000000, 1.000000000000000000 ) ) ;
#5045 = EDGE_CURVE ( 'NONE', #7203, #7138, #10490, .T. ) ;
#5046 = ADVANCED_FACE ( 'NONE', ( #3257 ), #6989, .T. ) ;
#5047 = DIRECTION ( 'NONE',  ( -0.000000000000000000, -0.000000000000000000, -1.000000000000000000 ) ) ;
#5048 = LINE ( 'NONE', #2870, #1418 ) ;
#5049 = PLANE ( 'NONE',  #8933 ) ;
#5050 = ORIENTED_EDGE ( 'NONE', *, *, #2244, .F. ) ;
#5051 = VECTOR ( 'NONE', #7999, 1000.000000000000000 ) ;
#5052 = DIRECTION ( 'NONE',  ( -0.000000000000000000, 0.000000000000000000, -1.000000000000000000 ) ) ;
#5053 = DIRECTION ( 'NONE',  ( -9.637352644315598694E-16, 0.000000000000000000, 1.000000000000000000 ) ) ;
#5054 = CARTESIAN_POINT ( 'NONE',  ( 4.350000000000000533, 0.7999999999999999334, 4.904159457879235795 ) ) ;
#5055 = VERTEX_POINT ( 'NONE', #8546 ) ;
#5056 = VERTEX_POINT ( 'NONE', #8609 ) ;
#5057 = ORIENTED_EDGE ( 'NONE', *, *, #5407, .F. ) ;
#5058 = VERTEX_POINT ( 'NONE', #243 ) ;
#5059 = DIRECTION ( 'NONE',  ( -1.000000000000000000, 0.000000000000000000, -9.637352644315598694E-16 ) ) ;
#5060 = AXIS2_PLACEMENT_3D ( 'NONE', #9306, #1019, #10108 ) ;
#5061 = VECTOR ( 'NONE', #4596, 1000.000000000000000 ) ;
#5062 = EDGE_CURVE ( 'NONE', #10513, #222, #10579, .T. ) ;
#5063 = DIRECTION ( 'NONE',  ( -3.491481338843133355E-15, -1.000000000000000000, 0.000000000000000000 ) ) ;
#5064 = CARTESIAN_POINT ( 'NONE',  ( 4.350000000000000533, 0.8010000000000000453, 0.6999999999999992895 ) ) ;
#5065 = DIRECTION ( 'NONE',  ( 1.000000000000000000, -0.000000000000000000, -0.000000000000000000 ) ) ;
#5066 = ADVANCED_FACE ( 'NONE', ( #3311 ), #3679, .F. ) ;
#5067 = CARTESIAN_POINT ( 'NONE',  ( 0.000000000000000000, 1.200000000000001510, 4.700000000000004619 ) ) ;
#5068 = EDGE_CURVE ( 'NONE', #7372, #4537, #6975, .T. ) ;
#5069 = ORIENTED_EDGE ( 'NONE', *, *, #8181, .F. ) ;
#5070 = DIRECTION ( 'NONE',  ( 0.000000000000000000, -0.000000000000000000, 1.000000000000000000 ) ) ;
#5071 = LINE ( 'NONE', #6448, #8563 ) ;
#5072 = VECTOR ( 'NONE', #4221, 1000.000000000000000 ) ;
#5073 = CLOSED_SHELL ( 'NONE', ( #2030, #6350, #7914, #255, #2359, #9150, #10269, #4890, #1087, #8992 ) ) ;
#5074 = ORIENTED_EDGE ( 'NONE', *, *, #3247, .F. ) ;
#5075 = EDGE_LOOP ( 'NONE', ( #4718, #1066, #4187, #589 ) ) ;
#5076 = ORIENTED_EDGE ( 'NONE', *, *, #5284, .T. ) ;
#5077 = CARTESIAN_POINT ( 'NONE',  ( -1.399999999999998135, 1.200000000000002176, 5.000000000000005329 ) ) ;
#5078 = CARTESIAN_POINT ( 'NONE',  ( 3.399999999999995914, 0.8000000000000007105, 5.000000000000006217 ) ) ;
#5079 = LINE ( 'NONE', #9830, #1181 ) ;
#5080 = AXIS2_PLACEMENT_3D ( 'NONE', #7931, #6294, #7208 ) ;
#5081 = DIRECTION ( 'NONE',  ( 0.000000000000000000, 0.000000000000000000, 1.000000000000000000 ) ) ;
#5082 = EDGE_CURVE ( 'NONE', #5272, #1248, #3275, .T. ) ;
#5083 = AXIS2_PLACEMENT_3D ( 'NONE', #2413, #5715, #3242 ) ;
#5084 = ORIENTED_EDGE ( 'NONE', *, *, #7470, .T. ) ;
#5085 = DIRECTION ( 'NONE',  ( 0.000000000000000000, -1.000000000000000000, 0.000000000000000000 ) ) ;
#5086 = CARTESIAN_POINT ( 'NONE',  ( -4.350000000000000533, 2.600999999999999979, -4.000000000000000888 ) ) ;
#5087 = DIRECTION ( 'NONE',  ( -2.465190328815661892E-32, 0.000000000000000000, -1.000000000000000000 ) ) ;
#5088 = ORIENTED_EDGE ( 'NONE', *, *, #5008, .F. ) ;
#5089 = VECTOR ( 'NONE', #8140, 1000.000000000000000 ) ;
#5090 = CARTESIAN_POINT ( 'NONE',  ( -3.899999999999999467, 0.4000000000000000222, -0.7000000000000009548 ) ) ;
#5091 = FACE_OUTER_BOUND ( 'NONE', #3223, .T. ) ;
#5092 = ORIENTED_EDGE ( 'NONE', *, *, #8242, .T. ) ;
#5093 = VERTEX_POINT ( 'NONE', #3755 ) ;
#5094 = ORIENTED_EDGE ( 'NONE', *, *, #8143, .T. ) ;
#5095 = ORIENTED_EDGE ( 'NONE', *, *, #9147, .T. ) ;
#5096 = CARTESIAN_POINT ( 'NONE',  ( 4.350000000000000533, 0.4000000000000000222, -4.000000000000000888 ) ) ;
#5097 = CARTESIAN_POINT ( 'NONE',  ( 4.350000000000000533, 0.8010000000000000453, -0.7000000000000009548 ) ) ;
#5098 = ORIENTED_EDGE ( 'NONE', *, *, #5068, .T. ) ;
#5099 = EDGE_CURVE ( 'NONE', #5191, #7318, #3389, .T. ) ;
#5100 = AXIS2_PLACEMENT_3D ( 'NONE', #5931, #3982, #4832 ) ;
#5101 = VERTEX_POINT ( 'NONE', #1925 ) ;
#5102 = LINE ( 'NONE', #7382, #4994 ) ;
#5103 = EDGE_CURVE ( 'NONE', #117, #3895, #3201, .T. ) ;
#5104 = PLANE ( 'NONE',  #1351 ) ;
#5105 = LINE ( 'NONE', #3245, #9087 ) ;
#5106 = VECTOR ( 'NONE', #9246, 1000.000000000000000 ) ;
#5107 = ORIENTED_EDGE ( 'NONE', *, *, #4891, .F. ) ;
#5108 = ORIENTED_EDGE ( 'NONE', *, *, #3981, .F. ) ;
#5109 = ORIENTED_EDGE ( 'NONE', *, *, #2522, .T. ) ;
#5110 = CARTESIAN_POINT ( 'NONE',  ( -3.900000000000000799, 0.4000000000000000222, -2.900000000000000799 ) ) ;
#5111 = DIRECTION ( 'NONE',  ( -0.000000000000000000, 0.000000000000000000, -1.000000000000000000 ) ) ;
#5112 = CARTESIAN_POINT ( 'NONE',  ( 3.899999999999999023, 0.000000000000000000, 2.899999999999999023 ) ) ;
#5113 = DIRECTION ( 'NONE',  ( -0.000000000000000000, -1.000000000000000000, -0.000000000000000000 ) ) ;
#5114 = CARTESIAN_POINT ( 'NONE',  ( 3.899999999999999023, 0.4000000000000000222, 3.699999999999999289 ) ) ;
#5115 = VECTOR ( 'NONE', #3985, 1000.000000000000000 ) ;
#5116 = FACE_OUTER_BOUND ( 'NONE', #1782, .T. ) ;
#5117 = CARTESIAN_POINT ( 'NONE',  ( 0.000000000000000000, 1.199999999999970646, -4.700000000000004619 ) ) ;
#5118 = ORIENTED_EDGE ( 'NONE', *, *, #8788, .F. ) ;
#5119 = EDGE_CURVE ( 'NONE', #6828, #3411, #3236, .T. ) ;
#5120 = ORIENTED_EDGE ( 'NONE', *, *, #4253, .T. ) ;
#5121 = LINE ( 'NONE', #9113, #4907 ) ;
#5122 = PLANE ( 'NONE',  #724 ) ;
#5123 = AXIS2_PLACEMENT_3D ( 'NONE', #2536, #9834, #6706 ) ;
#5124 = FACE_OUTER_BOUND ( 'NONE', #8723, .T. ) ;
#5125 = DIRECTION ( 'NONE',  ( -0.000000000000000000, 0.000000000000000000, -1.000000000000000000 ) ) ;
#5126 = VERTEX_POINT ( 'NONE', #9562 ) ;
#5127 = EDGE_CURVE ( 'NONE', #8566, #2873, #3134, .T. ) ;
#5128 = ORIENTED_EDGE ( 'NONE', *, *, #5151, .F. ) ;
#5129 = VERTEX_POINT ( 'NONE', #3596 ) ;
#5130 = ORIENTED_EDGE ( 'NONE', *, *, #7473, .F. ) ;
#5131 = VECTOR ( 'NONE', #6033, 1000.000000000000000 ) ;
#5132 = DIRECTION ( 'NONE',  ( 0.000000000000000000, 3.252606517456518824E-15, -1.000000000000000000 ) ) ;
#5133 = PLANE ( 'NONE',  #3181 ) ;
#5134 = DIRECTION ( 'NONE',  ( 0.000000000000000000, 0.000000000000000000, 1.000000000000000000 ) ) ;
#5135 = CYLINDRICAL_SURFACE ( 'NONE', #5764, 0.2500000000000002220 ) ;
#5136 = CARTESIAN_POINT ( 'NONE',  ( 4.350000000000000533, 0.7999999999999999334, 4.904159457879235795 ) ) ;
#5137 = ORIENTED_EDGE ( 'NONE', *, *, #1754, .T. ) ;
#5138 = EDGE_CURVE ( 'NONE', #8215, #7552, #3167, .T. ) ;
#5139 = EDGE_LOOP ( 'NONE', ( #7102, #1583, #5286, #9050, #5401, #1767 ) ) ;
#5140 = CARTESIAN_POINT ( 'NONE',  ( 4.350000000000000533, 0.8010000000000000453, 1.499999999999999556 ) ) ;
#5141 = FACE_OUTER_BOUND ( 'NONE', #8189, .T. ) ;
#5142 = LINE ( 'NONE', #2363, #1524 ) ;
#5143 = EDGE_CURVE ( 'NONE', #438, #3262, #3369, .T. ) ;
#5144 = STYLED_ITEM ( 'NONE', ( #8343 ), #6628 ) ;
#5145 = VERTEX_POINT ( 'NONE', #4462 ) ;
#5146 = ORIENTED_EDGE ( 'NONE', *, *, #3247, .T. ) ;
#5147 = VERTEX_POINT ( 'NONE', #4674 ) ;
#5148 = ORIENTED_EDGE ( 'NONE', *, *, #3710, .T. ) ;
#5149 = DIRECTION ( 'NONE',  ( -1.000000000000000000, -0.000000000000000000, 0.000000000000000000 ) ) ;
#5150 = EDGE_CURVE ( 'NONE', #2928, #5511, #6825, .T. ) ;
#5151 = EDGE_CURVE ( 'NONE', #7685, #10477, #3331, .T. ) ;
#5152 = CARTESIAN_POINT ( 'NONE',  ( 4.099999999999997868, 2.200000000000000178, 4.500000000000001776 ) ) ;
#5153 = FACE_OUTER_BOUND ( 'NONE', #5019, .T. ) ;
#5154 = CARTESIAN_POINT ( 'NONE',  ( -4.350000000000000533, 0.8010000000000000453, 3.999999999999999112 ) ) ;
#5155 = EDGE_CURVE ( 'NONE', #7519, #9707, #6842, .T. ) ;
#5156 = AXIS2_PLACEMENT_3D ( 'NONE', #4350, #5180, #5977 ) ;
#5158 = CARTESIAN_POINT ( 'NONE',  ( -3.900000000000000799, 0.4000000000000000222, 2.599999999999999201 ) ) ;
#5157 = LINE ( 'NONE', #6074, #5475 ) ;
#5159 = ADVANCED_FACE ( 'NONE', ( #6935 ), #540, .F. ) ;
#5160 = ORIENTED_EDGE ( 'NONE', *, *, #7167, .F. ) ;
#5161 = PLANE ( 'NONE',  #5060 ) ;
#5162 = CARTESIAN_POINT ( 'NONE',  ( -4.800000000000000711, 0.000000000000000000, 1.604159457879236195 ) ) ;
#5163 = EDGE_LOOP ( 'NONE', ( #2791, #10594, #6710, #10360 ) ) ;
#5164 = CIRCLE ( 'NONE', #9699, 0.2999999999999999334 ) ;
#5165 = DIRECTION ( 'NONE',  ( 0.000000000000000000, -1.000000000000000000, 3.252606517456512119E-15 ) ) ;
#5166 = ADVANCED_FACE ( 'NONE', ( #3183 ), #2326, .F. ) ;
#5167 = CARTESIAN_POINT ( 'NONE',  ( 3.899999999999999023, 0.3999999999999999667, -4.800000000000001599 ) ) ;
#5168 = LINE ( 'NONE', #2095, #5246 ) ;
#5169 = ORIENTED_EDGE ( 'NONE', *, *, #7406, .T. ) ;
#5170 = EDGE_LOOP ( 'NONE', ( #383, #6167, #4275, #9773, #6221, #8483 ) ) ;
#5171 = ORIENTED_EDGE ( 'NONE', *, *, #4213, .F. ) ;
#5172 = VERTEX_POINT ( 'NONE', #5852 ) ;
#5173 = EDGE_CURVE ( 'NONE', #1111, #758, #10424, .T. ) ;
#5174 = CARTESIAN_POINT ( 'NONE',  ( 3.899999999999999023, 0.4000000000000000222, -2.600000000000000977 ) ) ;
#5175 = CARTESIAN_POINT ( 'NONE',  ( 4.350000000000000533, 0.4000000000000000222, 0.4000000000000071276 ) ) ;
#5176 = VECTOR ( 'NONE', #3526, 1000.000000000000000 ) ;
#5177 = EDGE_CURVE ( 'NONE', #5056, #3625, #3116, .T. ) ;
#5178 = VECTOR ( 'NONE', #5149, 1000.000000000000000 ) ;
#5179 = DIRECTION ( 'NONE',  ( -0.000000000000000000, 1.000000000000000000, -0.000000000000000000 ) ) ;
#5180 = DIRECTION ( 'NONE',  ( 0.000000000000000000, 1.000000000000000000, -3.252606517456512513E-15 ) ) ;
#5181 = AXIS2_PLACEMENT_3D ( 'NONE', #6936, #10265, #2907 ) ;
#5182 = VERTEX_POINT ( 'NONE', #772 ) ;
#5183 = CARTESIAN_POINT ( 'NONE',  ( 3.899999999999999023, 0.4000000000000000222, -0.4000000000000010214 ) ) ;
#5184 = ORIENTED_EDGE ( 'NONE', *, *, #7204, .F. ) ;
#5185 = VECTOR ( 'NONE', #672, 1000.000000000000000 ) ;
#5186 = CIRCLE ( 'NONE', #1110, 0.2500000000000002220 ) ;
#5187 = VERTEX_POINT ( 'NONE', #4049 ) ;
#5188 = EDGE_CURVE ( 'NONE', #6883, #6578, #6996, .T. ) ;
#5189 = VERTEX_POINT ( 'NONE', #8914 ) ;
#5190 = ORIENTED_EDGE ( 'NONE', *, *, #6483, .F. ) ;
#5191 = VERTEX_POINT ( 'NONE', #4817 ) ;
#5192 = DIRECTION ( 'NONE',  ( -0.000000000000000000, -3.252606517456512119E-15, -1.000000000000000000 ) ) ;
#5193 = DIRECTION ( 'NONE',  ( 1.000000000000000000, 0.000000000000000000, 9.637352644315598694E-16 ) ) ;
#5194 = DIRECTION ( 'NONE',  ( 0.000000000000000000, 0.000000000000000000, 1.000000000000000000 ) ) ;
#5195 = CARTESIAN_POINT ( 'NONE',  ( 4.799999999999998934, 0.000000000000000000, 6.004159457879236328 ) ) ;
#5196 = CARTESIAN_POINT ( 'NONE',  ( -3.900000000000000799, 0.4000000000000000222, -4.000000000000000888 ) ) ;
#5197 = DIRECTION ( 'NONE',  ( 1.000000000000000000, 0.000000000000000000, 0.000000000000000000 ) ) ;
#5198 = VECTOR ( 'NONE', #4240, 1000.000000000000000 ) ;
#5199 = AXIS2_PLACEMENT_3D ( 'NONE', #3611, #4476, #5322 ) ;
#5200 = CARTESIAN_POINT ( 'NONE',  ( -3.900000000000000799, 0.4000000000000000222, -2.795840542120763939 ) ) ;
#5201 = VERTEX_POINT ( 'NONE', #5030 ) ;
#5202 = AXIS2_PLACEMENT_3D ( 'NONE', #4252, #105, #3284 ) ;
#5203 = ORIENTED_EDGE ( 'NONE', *, *, #10190, .F. ) ;
#5204 = LINE ( 'NONE', #3948, #5035 ) ;
#5205 = CARTESIAN_POINT ( 'NONE',  ( 0.000000000000000000, 0.4000000000000000222, 8.800000000000000711 ) ) ;
#5206 = CARTESIAN_POINT ( 'NONE',  ( -3.900000000000000799, 0.4000000000000000222, 3.999999999999999112 ) ) ;
#5207 = EDGE_CURVE ( 'NONE', #9376, #118, #3412, .T. ) ;
#5208 = VECTOR ( 'NONE', #10255, 1000.000000000000000 ) ;
#5209 = DIRECTION ( 'NONE',  ( -0.000000000000000000, 1.000000000000000000, -0.000000000000000000 ) ) ;
#5210 = ORIENTED_EDGE ( 'NONE', *, *, #2858, .F. ) ;
#5211 = VERTEX_POINT ( 'NONE', #7523 ) ;
#5212 = VERTEX_POINT ( 'NONE', #8081 ) ;
#5213 = ORIENTED_EDGE ( 'NONE', *, *, #9273, .T. ) ;
#5214 = LINE ( 'NONE', #4472, #8845 ) ;
#5215 = DIRECTION ( 'NONE',  ( -0.000000000000000000, -0.000000000000000000, 1.000000000000000000 ) ) ;
#5216 = CARTESIAN_POINT ( 'NONE',  ( 4.800000000000000711, 0.8000000000000000444, -2.900000000000000799 ) ) ;
#5217 = DIRECTION ( 'NONE',  ( 1.665334536937734811E-16, -1.000000000000000000, -1.577721810442023611E-30 ) ) ;
#5218 = VECTOR ( 'NONE', #6233, 1000.000000000000000 ) ;
#5219 = DIRECTION ( 'NONE',  ( -0.000000000000000000, 0.000000000000000000, -1.000000000000000000 ) ) ;
#5220 = VERTEX_POINT ( 'NONE', #6377 ) ;
#5221 = ORIENTED_EDGE ( 'NONE', *, *, #6393, .T. ) ;
#5222 = CARTESIAN_POINT ( 'NONE',  ( -4.800000000000000711, 0.8000000000000000444, 2.599999999999999201 ) ) ;
#5223 = VECTOR ( 'NONE', #5505, 1000.000000000000000 ) ;
#5224 = AXIS2_PLACEMENT_3D ( 'NONE', #649, #9532, #3792 ) ;
#5225 = VECTOR ( 'NONE', #1380, 1000.000000000000000 ) ;
#5226 = ORIENTED_EDGE ( 'NONE', *, *, #8788, .T. ) ;
#5227 = ORIENTED_EDGE ( 'NONE', *, *, #5947, .T. ) ;
#5228 = ORIENTED_EDGE ( 'NONE', *, *, #6670, .F. ) ;
#5229 = ORIENTED_EDGE ( 'NONE', *, *, #5250, .T. ) ;
#5230 = EDGE_CURVE ( 'NONE', #8861, #1528, #6955, .T. ) ;
#5231 = CARTESIAN_POINT ( 'NONE',  ( 4.099999999999997868, 2.199999999999998845, -4.300000000000001599 ) ) ;
#5232 = ADVANCED_FACE ( 'NONE', ( #6738 ), #6505, .F. ) ;
#5233 = DIRECTION ( 'NONE',  ( 0.000000000000000000, -1.000000000000000000, 0.000000000000000000 ) ) ;
#5234 = LINE ( 'NONE', #6997, #5115 ) ;
#5235 = EDGE_CURVE ( 'NONE', #2733, #3452, #7020, .T. ) ;
#5237 = CARTESIAN_POINT ( 'NONE',  ( -3.900000000000000799, 0.000000000000000000, 4.799999999999999822 ) ) ;
#5236 = VECTOR ( 'NONE', #7296, 1000.000000000000000 ) ;
#5238 = PLANE ( 'NONE',  #9786 ) ;
#5239 = VERTEX_POINT ( 'NONE', #4746 ) ;
#5240 = CARTESIAN_POINT ( 'NONE',  ( -4.800000000000000711, 0.8000000000000000444, -0.4000000000000010214 ) ) ;
#5241 = ORIENTED_EDGE ( 'NONE', *, *, #2076, .F. ) ;
#5242 = LINE ( 'NONE', #6010, #1563 ) ;
#5243 = DIRECTION ( 'NONE',  ( -1.000000000000000000, 0.000000000000000000, -0.000000000000000000 ) ) ;
#5244 = DIRECTION ( 'NONE',  ( 1.000000000000000000, -0.000000000000000000, -0.000000000000000000 ) ) ;
#5245 = PLANE ( 'NONE',  #5618 ) ;
#5246 = VECTOR ( 'NONE', #5488, 1000.000000000000000 ) ;
#5247 = ORIENTED_EDGE ( 'NONE', *, *, #2110, .F. ) ;
#5248 = ORIENTED_EDGE ( 'NONE', *, *, #622, .F. ) ;
#5249 = VERTEX_POINT ( 'NONE', #7378 ) ;
#5250 = EDGE_CURVE ( 'NONE', #2300, #309, #10471, .T. ) ;
#5251 = ORIENTED_EDGE ( 'NONE', *, *, #4200, .F. ) ;
#5252 = DIRECTION ( 'NONE',  ( -0.000000000000000000, 0.000000000000000000, -1.000000000000000000 ) ) ;
#5253 = DIRECTION ( 'NONE',  ( 1.000000000000000000, 0.000000000000000000, 9.637352644315598694E-16 ) ) ;
#5254 = EDGE_CURVE ( 'NONE', #10477, #5411, #3494, .T. ) ;
#5255 = CARTESIAN_POINT ( 'NONE',  ( 4.799999999999998934, 0.000000000000000000, -2.795840542120763939 ) ) ;
#5256 = PRESENTATION_LAYER_ASSIGNMENT (  '', '', ( #5877 ) ) ;
#5257 = FACE_OUTER_BOUND ( 'NONE', #7042, .T. ) ;
#5258 = EDGE_CURVE ( 'NONE', #5058, #4447, #3434, .T. ) ;
#5259 = LINE ( 'NONE', #8409, #9127 ) ;
#5260 = DIRECTION ( 'NONE',  ( -0.000000000000000000, -0.000000000000000000, -1.000000000000000000 ) ) ;
#5261 = ADVANCED_FACE ( 'NONE', ( #7105 ), #9126, .F. ) ;
#5262 = CARTESIAN_POINT ( 'NONE',  ( 3.899999999999999023, 0.4000000000000000222, 2.599999999999999201 ) ) ;
#5263 = CARTESIAN_POINT ( 'NONE',  ( 4.799999999999998934, 0.8000000000000000444, 2.899999999999999023 ) ) ;
#5264 = ORIENTED_EDGE ( 'NONE', *, *, #10789, .T. ) ;
#5265 = DIRECTION ( 'NONE',  ( -0.000000000000000000, 1.000000000000000000, -0.000000000000000000 ) ) ;
#5266 = VERTEX_POINT ( 'NONE', #3086 ) ;
#5267 = LINE ( 'NONE', #4054, #1461 ) ;
#5268 = ADVANCED_FACE ( 'NONE', ( #10699 ), #6752, .F. ) ;
#5269 = DIRECTION ( 'NONE',  ( -0.000000000000000000, -0.000000000000000000, -1.000000000000000000 ) ) ;
#5270 = FACE_OUTER_BOUND ( 'NONE', #3926, .T. ) ;
#5271 = VERTEX_POINT ( 'NONE', #2471 ) ;
#5272 = VERTEX_POINT ( 'NONE', #3305 ) ;
#5273 = ORIENTED_EDGE ( 'NONE', *, *, #2925, .T. ) ;
#5274 = EDGE_LOOP ( 'NONE', ( #10495, #6385, #3198, #5427 ) ) ;
#5275 = DIRECTION ( 'NONE',  ( -1.000000000000000000, 0.000000000000000000, -9.637352644315598694E-16 ) ) ;
#5276 = PLANE ( 'NONE',  #5347 ) ;
#5277 = DIRECTION ( 'NONE',  ( 0.000000000000000000, 1.000000000000000000, 0.000000000000000000 ) ) ;
#5278 = CARTESIAN_POINT ( 'NONE',  ( 3.899999999999999023, 0.000000000000000000, 3.999999999999999112 ) ) ;
#5279 = CARTESIAN_POINT ( 'NONE',  ( 3.899999999999999023, 0.000000000000000000, -0.5958405421207638719 ) ) ;
#5280 = VECTOR ( 'NONE', #10002, 1000.000000000000000 ) ;
#5281 = EDGE_CURVE ( 'NONE', #3711, #7582, #10362, .T. ) ;
#5282 = LINE ( 'NONE', #9428, #1966 ) ;
#5283 = CARTESIAN_POINT ( 'NONE',  ( -3.900000000000000799, 0.4000000000000000222, 1.799999999999998712 ) ) ;
#5284 = EDGE_CURVE ( 'NONE', #820, #8761, #10382, .T. ) ;
#5285 = ORIENTED_EDGE ( 'NONE', *, *, #5010, .F. ) ;
#5286 = ORIENTED_EDGE ( 'NONE', *, *, #10028, .F. ) ;
#5287 = ADVANCED_FACE ( 'NONE', ( #7408 ), #7301, .F. ) ;
#5288 = CARTESIAN_POINT ( 'NONE',  ( -4.800000000000000711, 0.8000000000000000444, -2.600000000000000977 ) ) ;
#5289 = LINE ( 'NONE', #4646, #9188 ) ;
#5290 = CARTESIAN_POINT ( 'NONE',  ( -4.800000000000000711, 0.8000000000000000444, -5.000000000000000000 ) ) ;
#5291 = VECTOR ( 'NONE', #8373, 1000.000000000000000 ) ;
#5292 = ORIENTED_EDGE ( 'NONE', *, *, #6449, .T. ) ;
#5293 = VERTEX_POINT ( 'NONE', #9452 ) ;
#5294 = EDGE_LOOP ( 'NONE', ( #4959, #8494, #10506, #6838 ) ) ;
#5295 = LINE ( 'NONE', #9506, #8673 ) ;
#5296 = EDGE_CURVE ( 'NONE', #9407, #1030, #49, .T. ) ;
#5297 = CARTESIAN_POINT ( 'NONE',  ( -4.350000000000000533, 0.7999999999999999334, 0.6999999999999992895 ) ) ;
#5298 = CARTESIAN_POINT ( 'NONE',  ( -3.399999999999997691, 0.8000000000000007105, 5.000000000000006217 ) ) ;
#5299 = FACE_OUTER_BOUND ( 'NONE', #1141, .T. ) ;
#5300 = DIRECTION ( 'NONE',  ( -0.000000000000000000, -0.000000000000000000, -1.000000000000000000 ) ) ;
#5301 = EDGE_LOOP ( 'NONE', ( #8309, #4237, #6100, #1569 ) ) ;
#5302 = EDGE_CURVE ( 'NONE', #10770, #6104, #155, .T. ) ;
#5303 = ORIENTED_EDGE ( 'NONE', *, *, #10125, .F. ) ;
#5304 = DIRECTION ( 'NONE',  ( -1.000000000000000000, -5.551115123125781470E-17, 6.310887241768094443E-30 ) ) ;
#5305 = VECTOR ( 'NONE', #2487, 1000.000000000000000 ) ;
#5306 = AXIS2_PLACEMENT_3D ( 'NONE', #4347, #5179, #7666 ) ;
#5307 = ORIENTED_EDGE ( 'NONE', *, *, #4891, .T. ) ;
#5308 = VERTEX_POINT ( 'NONE', #967 ) ;
#5309 = ORIENTED_EDGE ( 'NONE', *, *, #8451, .F. ) ;
#5310 = CARTESIAN_POINT ( 'NONE',  ( -3.399999999999997691, 0.7999999999999997113, -4.700000000000005507 ) ) ;
#5311 = CARTESIAN_POINT ( 'NONE',  ( -4.350000000000000533, 0.8010000000000000453, 0.6999999999999992895 ) ) ;
#5312 = DIRECTION ( 'NONE',  ( -0.000000000000000000, -0.000000000000000000, 1.000000000000000000 ) ) ;
#5313 = VECTOR ( 'NONE', #1235, 1000.000000000000000 ) ;
#5315 = DIRECTION ( 'NONE',  ( 0.000000000000000000, -6.505213034913037648E-15, -1.000000000000000000 ) ) ;
#5314 = VECTOR ( 'NONE', #2520, 1000.000000000000000 ) ;
#5316 = DIRECTION ( 'NONE',  ( -0.000000000000000000, -0.000000000000000000, -1.000000000000000000 ) ) ;
#5317 = VERTEX_POINT ( 'NONE', #7667 ) ;
#5318 = CARTESIAN_POINT ( 'NONE',  ( -3.900000000000000799, 0.000000000000000000, 1.499999999999999556 ) ) ;
#5319 = CARTESIAN_POINT ( 'NONE',  ( 4.799999999999998934, 0.8000000000000000444, -1.695840542120764072 ) ) ;
#5320 = ORIENTED_EDGE ( 'NONE', *, *, #7764, .T. ) ;
#5321 = VECTOR ( 'NONE', #6195, 1000.000000000000000 ) ;
#5322 = DIRECTION ( 'NONE',  ( 1.000000000000000000, -2.409338161078899674E-16, 0.000000000000000000 ) ) ;
#5323 = EDGE_CURVE ( 'NONE', #7688, #9825, #233, .T. ) ;
#5324 = CARTESIAN_POINT ( 'NONE',  ( -4.350000000000000533, 0.8000000000000000444, -0.7000000000000009548 ) ) ;
#5325 = LINE ( 'NONE', #6412, #8775 ) ;
#5326 = PRODUCT_DEFINITION_FORMATION_WITH_SPECIFIED_SOURCE ( 'ANY', '', #1619, .NOT_KNOWN. ) ;
#5327 = LINE ( 'NONE', #2272, #8882 ) ;
#5328 = ORIENTED_EDGE ( 'NONE', *, *, #4899, .F. ) ;
#5329 = ORIENTED_EDGE ( 'NONE', *, *, #4744, .F. ) ;
#5330 = ORIENTED_EDGE ( 'NONE', *, *, #241, .F. ) ;
#5331 = CARTESIAN_POINT ( 'NONE',  ( -4.350000000000000533, 0.8000000000000000444, -2.900000000000000799 ) ) ;
#5332 = AXIS2_PLACEMENT_3D ( 'NONE', #10174, #3838, #4677 ) ;
#5333 = DIRECTION ( 'NONE',  ( -0.000000000000000000, -0.000000000000000000, 1.000000000000000000 ) ) ;
#5334 = FACE_OUTER_BOUND ( 'NONE', #9015, .T. ) ;
#5335 = DIRECTION ( 'NONE',  ( -1.000000000000000000, 0.000000000000000000, -0.000000000000000000 ) ) ;
#5336 = EDGE_CURVE ( 'NONE', #7050, #6578, #7237, .T. ) ;
#5337 = DIRECTION ( 'NONE',  ( 0.000000000000000000, 1.000000000000000000, 0.000000000000000000 ) ) ;
#5338 = EDGE_LOOP ( 'NONE', ( #1242, #8601, #4914, #4471 ) ) ;
#5339 = DIRECTION ( 'NONE',  ( -9.637352644315598694E-16, 0.000000000000000000, 1.000000000000000000 ) ) ;
#5340 = ORIENTED_EDGE ( 'NONE', *, *, #9990, .F. ) ;
#5341 = VECTOR ( 'NONE', #3470, 1000.000000000000000 ) ;
#5342 = LINE ( 'NONE', #3126, #1566 ) ;
#5343 = LINE ( 'NONE', #7090, #5579 ) ;
#5344 = VERTEX_POINT ( 'NONE', #1034 ) ;
#5345 = ORIENTED_EDGE ( 'NONE', *, *, #2353, .T. ) ;
#5346 = VERTEX_POINT ( 'NONE', #1878 ) ;
#5347 = AXIS2_PLACEMENT_3D ( 'NONE', #6060, #6871, #352 ) ;
#5348 = CARTESIAN_POINT ( 'NONE',  ( -4.350000000000000533, 0.7999999999999999334, -4.000000000000000888 ) ) ;
#5349 = CARTESIAN_POINT ( 'NONE',  ( 4.799999999999998934, 0.4000000000000000222, 0.3999999999999984679 ) ) ;
#5350 = DIRECTION ( 'NONE',  ( 0.000000000000000000, 1.000000000000000000, 0.000000000000000000 ) ) ;
#5351 = VECTOR ( 'NONE', #7576, 1000.000000000000000 ) ;
#5352 = AXIS2_PLACEMENT_3D ( 'NONE', #9664, #3860, #6124 ) ;
#5353 = EDGE_CURVE ( 'NONE', #7792, #9423, #3654, .T. ) ;
#5354 = ADVANCED_FACE ( 'NONE', ( #3734 ), #6050, .F. ) ;
#5355 = VERTEX_POINT ( 'NONE', #10127 ) ;
#5356 = ORIENTED_EDGE ( 'NONE', *, *, #1075, .T. ) ;
#5357 = LINE ( 'NONE', #1806, #1893 ) ;
#5358 = CARTESIAN_POINT ( 'NONE',  ( -4.800000000000000711, 0.8000000000000000444, 3.999999999999999112 ) ) ;
#5359 = ADVANCED_FACE ( 'NONE', ( #7389 ), #287, .F. ) ;
#5360 = VECTOR ( 'NONE', #6323, 1000.000000000000000 ) ;
#5361 =( NAMED_UNIT ( * ) SI_UNIT ( $, .STERADIAN. ) SOLID_ANGLE_UNIT ( ) );
#5362 = ORIENTED_EDGE ( 'NONE', *, *, #1686, .T. ) ;
#5363 = VERTEX_POINT ( 'NONE', #6716 ) ;
#5364 = ORIENTED_EDGE ( 'NONE', *, *, #9024, .F. ) ;
#5365 = CARTESIAN_POINT ( 'NONE',  ( 3.899999999999999023, 0.000000000000000000, -1.500000000000001332 ) ) ;
#5366 = DIRECTION ( 'NONE',  ( 1.000000000000000000, 4.336808689942013792E-16, 0.000000000000000000 ) ) ;
#5367 = ORIENTED_EDGE ( 'NONE', *, *, #1138, .F. ) ;
#5368 = EDGE_CURVE ( 'NONE', #4177, #5317, #3911, .T. ) ;
#5369 = VERTEX_POINT ( 'NONE', #3542 ) ;
#5370 = CARTESIAN_POINT ( 'NONE',  ( 3.899999999999999023, 0.4000000000000000222, -0.7000000000000009548 ) ) ;
#5371 = LINE ( 'NONE', #7594, #9115 ) ;
#5372 = LINE ( 'NONE', #5654, #8902 ) ;
#5373 = EDGE_LOOP ( 'NONE', ( #1102, #7048, #7278, #6559 ) ) ;
#5374 = ORIENTED_EDGE ( 'NONE', *, *, #3505, .F. ) ;
#5375 = ORIENTED_EDGE ( 'NONE', *, *, #10230, .F. ) ;
#5376 = DIRECTION ( 'NONE',  ( 1.000000000000000000, -0.000000000000000000, 9.637352644315598694E-16 ) ) ;
#5377 = CARTESIAN_POINT ( 'NONE',  ( 4.799999999999998934, 0.000000000000000000, 5.000000000000000000 ) ) ;
#5378 = VECTOR ( 'NONE', #7875, 1000.000000000000000 ) ;
#5379 = DIRECTION ( 'NONE',  ( 0.000000000000000000, 0.000000000000000000, -1.000000000000000000 ) ) ;
#5380 = DIRECTION ( 'NONE',  ( 0.000000000000000000, -1.000000000000000000, 3.252606517456512119E-15 ) ) ;
#5381 = VERTEX_POINT ( 'NONE', #7015 ) ;
#5382 = DIRECTION ( 'NONE',  ( 0.000000000000000000, 0.000000000000000000, 1.000000000000000000 ) ) ;
#5383 = CARTESIAN_POINT ( 'NONE',  ( -3.900000000000000799, 0.4000000000000000222, 4.799999999999999822 ) ) ;
#5384 = CARTESIAN_POINT ( 'NONE',  ( -4.099999999999997868, 1.200000000000002176, 5.000000000000005329 ) ) ;
#5385 = EDGE_CURVE ( 'NONE', #1720, #3233, #3620, .T. ) ;
#5386 = ORIENTED_EDGE ( 'NONE', *, *, #4764, .T. ) ;
#5387 = SURFACE_STYLE_FILL_AREA ( #5585 ) ;
#5388 = AXIS2_PLACEMENT_3D ( 'NONE', #4335, #3529, #10046 ) ;
#5389 = CARTESIAN_POINT ( 'NONE',  ( -4.350000000000000533, 0.8010000000000000453, -0.4000000000000010214 ) ) ;
#5390 = CARTESIAN_POINT ( 'NONE',  ( 3.899999999999999023, 0.000000000000000000, 0.6999999999999992895 ) ) ;
#5391 = ADVANCED_FACE ( 'NONE', ( #7274 ), #8631, .F. ) ;
#5392 = FACE_OUTER_BOUND ( 'NONE', #8028, .T. ) ;
#5393 = EDGE_CURVE ( 'NONE', #9557, #5201, #70, .T. ) ;
#5394 = VERTEX_POINT ( 'NONE', #4269 ) ;
#5395 = VERTEX_POINT ( 'NONE', #270 ) ;
#5396 = ORIENTED_EDGE ( 'NONE', *, *, #2408, .T. ) ;
#5397 = DIRECTION ( 'NONE',  ( 0.000000000000000000, 0.000000000000000000, -1.000000000000000000 ) ) ;
#5398 = LINE ( 'NONE', #6843, #8786 ) ;
#5399 = CARTESIAN_POINT ( 'NONE',  ( 3.899999999999999023, 0.4000000000000000222, 0.3999999999999993006 ) ) ;
#5400 = CARTESIAN_POINT ( 'NONE',  ( -4.100000000000000533, 2.199999999999999289, -4.299999999999999822 ) ) ;
#5401 = ORIENTED_EDGE ( 'NONE', *, *, #7472, .T. ) ;
#5402 = EDGE_CURVE ( 'NONE', #4913, #1587, #7424, .T. ) ;
#5403 = CARTESIAN_POINT ( 'NONE',  ( -4.350000000000000533, 0.4000000000000000222, -2.900000000000001688 ) ) ;
#5404 = ORIENTED_EDGE ( 'NONE', *, *, #8167, .F. ) ;
#5405 = LINE ( 'NONE', #8177, #1783 ) ;
#5406 = CARTESIAN_POINT ( 'NONE',  ( -4.350000000000000533, 0.4000000000000000222, -4.800000000000001599 ) ) ;
#5407 = EDGE_CURVE ( 'NONE', #2938, #10159, #7123, .T. ) ;
#5408 = AXIS2_PLACEMENT_3D ( 'NONE', #690, #8501, #2322 ) ;
#5409 = LINE ( 'NONE', #5933, #9213 ) ;
#5410 = ORIENTED_EDGE ( 'NONE', *, *, #4043, .F. ) ;
#5411 = VERTEX_POINT ( 'NONE', #1183 ) ;
#5412 = VERTEX_POINT ( 'NONE', #7892 ) ;
#5413 = DIRECTION ( 'NONE',  ( 1.000000000000000000, 0.000000000000000000, 0.000000000000000000 ) ) ;
#5414 = CARTESIAN_POINT ( 'NONE',  ( -3.900000000000000799, 0.4000000000000000222, 1.499999999999999556 ) ) ;
#5415 = DIRECTION ( 'NONE',  ( -0.000000000000000000, 1.000000000000000000, -0.000000000000000000 ) ) ;
#5416 = EDGE_CURVE ( 'NONE', #3986, #938, #7141, .T. ) ;
#5417 = CARTESIAN_POINT ( 'NONE',  ( -3.900000000000000799, 0.000000000000000000, -2.900000000000000799 ) ) ;
#5418 = EDGE_CURVE ( 'NONE', #1343, #4082, #138, .T. ) ;
#5419 = DIRECTION ( 'NONE',  ( 0.000000000000000000, -1.000000000000000000, -3.252606517456512119E-15 ) ) ;
#5420 = FACE_OUTER_BOUND ( 'NONE', #5975, .T. ) ;
#5421 = ADVANCED_FACE ( 'NONE', ( #7331 ), #3466, .F. ) ;
#5422 = ORIENTED_EDGE ( 'NONE', *, *, #2910, .T. ) ;
#5423 = ORIENTED_EDGE ( 'NONE', *, *, #8641, .T. ) ;
#5424 = PLANE ( 'NONE',  #9047 ) ;
#5425 = EDGE_CURVE ( 'NONE', #1293, #4633, #10780, .T. ) ;
#5426 = DIRECTION ( 'NONE',  ( 0.000000000000000000, 1.000000000000000000, 0.000000000000000000 ) ) ;
#5427 = ORIENTED_EDGE ( 'NONE', *, *, #5916, .F. ) ;
#5428 = ORIENTED_EDGE ( 'NONE', *, *, #3228, .F. ) ;
#5429 = EDGE_LOOP ( 'NONE', ( #4178, #8139, #3497, #8456, #7589, #10371 ) ) ;
#5430 = EDGE_CURVE ( 'NONE', #8905, #5211, #3752, .T. ) ;
#5431 = AXIS2_PLACEMENT_3D ( 'NONE', #5400, #7017, #5473 ) ;
#5432 = COLOUR_RGB ( '',1.000000000000000000, 0.8117647058823529438, 0.5019607843137254832 ) ;
#5433 = EDGE_CURVE ( 'NONE', #732, #160, #7290, .T. ) ;
#5434 = CARTESIAN_POINT ( 'NONE',  ( 4.799999999999998934, 0.000000000000000000, -1.695840542120764072 ) ) ;
#5435 = PLANE ( 'NONE',  #2941 ) ;
#5436 = CARTESIAN_POINT ( 'NONE',  ( 4.799999999999998934, 0.8000000000000000444, -0.5958405421207638719 ) ) ;
#5437 = DIRECTION ( 'NONE',  ( 0.000000000000000000, 0.000000000000000000, 1.000000000000000000 ) ) ;
#5438 = CARTESIAN_POINT ( 'NONE',  ( -4.799999999999999822, 0.000000000000000000, -1.800000000000001599 ) ) ;
#5439 = AXIS2_PLACEMENT_3D ( 'NONE', #6112, #6779, #7662 ) ;
#5440 = VERTEX_POINT ( 'NONE', #4908 ) ;
#5441 = EDGE_LOOP ( 'NONE', ( #1480, #9595, #2606, #3943 ) ) ;
#5442 = CARTESIAN_POINT ( 'NONE',  ( -4.350000000000000533, 0.4000000000000000222, -2.900000000000000799 ) ) ;
#5443 = LINE ( 'NONE', #8440, #9196 ) ;
#5444 = ADVANCED_FACE ( 'NONE', ( #104 ), #3784, .F. ) ;
#5445 = LINE ( 'NONE', #5167, #9064 ) ;
#5446 = EDGE_CURVE ( 'NONE', #4771, #8337, #90, .T. ) ;
#5447 = ORIENTED_EDGE ( 'NONE', *, *, #8225, .T. ) ;
#5448 = VERTEX_POINT ( 'NONE', #8105 ) ;
#5449 = VERTEX_POINT ( 'NONE', #4694 ) ;
#5450 = CARTESIAN_POINT ( 'NONE',  ( -3.399999999999997691, 0.8000000000000007105, 5.000000000000006217 ) ) ;
#5451 = CARTESIAN_POINT ( 'NONE',  ( 4.799999999999998934, 0.000000000000000000, -0.5958405421207638719 ) ) ;
#5452 = LINE ( 'NONE', #5319, #9035 ) ;
#5453 = DIRECTION ( 'NONE',  ( 1.000000000000000000, 5.551115123125781470E-17, 9.637352644315673636E-16 ) ) ;
#5454 = CARTESIAN_POINT ( 'NONE',  ( 3.899999999999999023, 0.000000000000000000, 1.499999999999999556 ) ) ;
#5455 = ORIENTED_EDGE ( 'NONE', *, *, #1811, .T. ) ;
#5456 = CARTESIAN_POINT ( 'NONE',  ( -4.350000000000000533, 0.4000000000000000222, 3.699999999999999289 ) ) ;
#5457 = PRESENTATION_LAYER_ASSIGNMENT (  '', '', ( #2144 ) ) ;
#5458 = DIRECTION ( 'NONE',  ( -0.000000000000000000, -3.252606517456512119E-15, -1.000000000000000000 ) ) ;
#5459 = VERTEX_POINT ( 'NONE', #10556 ) ;
#5460 = LINE ( 'NONE', #5780, #5514 ) ;
#5461 = CARTESIAN_POINT ( 'NONE',  ( 4.800000000000000711, 0.8000000000000000444, 3.699999999999999289 ) ) ;
#5462 = CARTESIAN_POINT ( 'NONE',  ( -3.900000000000000799, 0.4000000000000000222, -3.700000000000001066 ) ) ;
#5463 = FILL_AREA_STYLE ('',( #260 ) ) ;
#5464 = EDGE_CURVE ( 'NONE', #10593, #5293, #7311, .T. ) ;
#5465 = FACE_OUTER_BOUND ( 'NONE', #4512, .T. ) ;
#5466 = ORIENTED_EDGE ( 'NONE', *, *, #1220, .T. ) ;
#5467 = ORIENTED_EDGE ( 'NONE', *, *, #6483, .T. ) ;
#5468 = VERTEX_POINT ( 'NONE', #2421 ) ;
#5469 = CARTESIAN_POINT ( 'NONE',  ( -4.350000000000000533, 0.8010000000000000453, 1.799999999999998712 ) ) ;
#5470 = EDGE_CURVE ( 'NONE', #1260, #4014, #196, .T. ) ;
#5471 = PLANE ( 'NONE',  #3431 ) ;
#5472 = DIRECTION ( 'NONE',  ( 1.000000000000000000, -1.301042606982607530E-14, 0.000000000000000000 ) ) ;
#5473 = DIRECTION ( 'NONE',  ( -1.000000000000000000, 3.252606517456518824E-15, 0.000000000000000000 ) ) ;
#5474 = EDGE_LOOP ( 'NONE', ( #10615, #6767, #6481, #2613, #3693, #93 ) ) ;
#5475 = VECTOR ( 'NONE', #2714, 1000.000000000000000 ) ;
#5476 = DIRECTION ( 'NONE',  ( -0.000000000000000000, 0.000000000000000000, -1.000000000000000000 ) ) ;
#5477 = ORIENTED_EDGE ( 'NONE', *, *, #9950, .T. ) ;
#5478 = AXIS2_PLACEMENT_3D ( 'NONE', #5633, #4870, #5690 ) ;
#5479 = DIRECTION ( 'NONE',  ( -1.000000000000000000, 2.409338161078899674E-16, 0.000000000000000000 ) ) ;
#5480 = LINE ( 'NONE', #7315, #9151 ) ;
#5481 = EDGE_LOOP ( 'NONE', ( #7610, #6528, #2420, #9841, #10083, #8539 ) ) ;
#5482 = ORIENTED_EDGE ( 'NONE', *, *, #4394, .T. ) ;
#5483 = VERTEX_POINT ( 'NONE', #7325 ) ;
#5484 = EDGE_CURVE ( 'NONE', #8188, #4634, #7349, .T. ) ;
#5485 = PLANE ( 'NONE',  #2418 ) ;
#5486 = CARTESIAN_POINT ( 'NONE',  ( -4.800000000000000711, 0.8000000000000000444, 5.000000000000000000 ) ) ;
#5487 = DIRECTION ( 'NONE',  ( 0.000000000000000000, -0.000000000000000000, -1.000000000000000000 ) ) ;
#5488 = DIRECTION ( 'NONE',  ( -1.000000000000000000, 0.000000000000000000, -9.637352644315598694E-16 ) ) ;
#5489 = CARTESIAN_POINT ( 'NONE',  ( -3.299999999999997602, 2.600000000000000089, -3.799999999999999822 ) ) ;
#5490 = DIRECTION ( 'NONE',  ( 1.000000000000000000, -3.491481338843133355E-15, 7.006492321624085355E-46 ) ) ;
#5491 = LINE ( 'NONE', #7755, #9090 ) ;
#5492 = ORIENTED_EDGE ( 'NONE', *, *, #7473, .T. ) ;
#5493 = VECTOR ( 'NONE', #20, 1000.000000000000000 ) ;
#5494 = ORIENTED_EDGE ( 'NONE', *, *, #5119, .T. ) ;
#5495 = LINE ( 'NONE', #198, #8958 ) ;
#5496 = DIRECTION ( 'NONE',  ( 0.000000000000000000, -1.000000000000000000, 0.000000000000000000 ) ) ;
#5497 = DIRECTION ( 'NONE',  ( -1.000000000000000000, 0.000000000000000000, 0.000000000000000000 ) ) ;
#5498 = VECTOR ( 'NONE', #7881, 1000.000000000000000 ) ;
#5499 = VERTEX_POINT ( 'NONE', #4075 ) ;
#5500 = VERTEX_POINT ( 'NONE', #9863 ) ;
#5501 =( GEOMETRIC_REPRESENTATION_CONTEXT ( 3 ) GLOBAL_UNCERTAINTY_ASSIGNED_CONTEXT ( ( #6554 ) ) GLOBAL_UNIT_ASSIGNED_CONTEXT ( ( #10395, #9578, #1440 ) ) REPRESENTATION_CONTEXT ( 'NONE', 'WORKASPACE' ) );
#5502 = VERTEX_POINT ( 'NONE', #5723 ) ;
#5503 = EDGE_CURVE ( 'NONE', #6507, #8124, #3553, .T. ) ;
#5504 = AXIS2_PLACEMENT_3D ( 'NONE', #2271, #849, #917 ) ;
#5505 = DIRECTION ( 'NONE',  ( 0.000000000000000000, 1.000000000000000000, 0.000000000000000000 ) ) ;
#5506 = PLANE ( 'NONE',  #8199 ) ;
#5507 = EDGE_CURVE ( 'NONE', #1942, #4171, #7158, .T. ) ;
#5508 = CARTESIAN_POINT ( 'NONE',  ( 4.350000000000000533, 0.7999999999999999334, 2.600000000000006750 ) ) ;
#5509 = CARTESIAN_POINT ( 'NONE',  ( 4.799999999999998934, 0.8000000000000000444, -1.500000000000001332 ) ) ;
#5510 = ADVANCED_FACE ( 'NONE', ( #249 ), #6260, .F. ) ;
#5511 = VERTEX_POINT ( 'NONE', #8040 ) ;
#5512 = LINE ( 'NONE', #10096, #5529 ) ;
#5513 = VERTEX_POINT ( 'NONE', #721 ) ;
#5514 = VECTOR ( 'NONE', #2552, 1000.000000000000000 ) ;
#5515 = LINE ( 'NONE', #9858, #8859 ) ;
#5516 = EDGE_LOOP ( 'NONE', ( #4793, #1444, #1617, #1648 ) ) ;
#5517 = ORIENTED_EDGE ( 'NONE', *, *, #2858, .T. ) ;
#5518 = CARTESIAN_POINT ( 'NONE',  ( -4.800000000000000711, 0.4000000000000000222, 2.899999999999999023 ) ) ;
#5519 = AXIS2_PLACEMENT_3D ( 'NONE', #4408, #1095, #7514 ) ;
#5520 = LINE ( 'NONE', #1552, #1544 ) ;
#5521 = FILL_AREA_STYLE ('',( #2259 ) ) ;
#5522 = LINE ( 'NONE', #6521, #9285 ) ;
#5523 = AXIS2_PLACEMENT_3D ( 'NONE', #7421, #9102, #7709 ) ;
#5524 = CARTESIAN_POINT ( 'NONE',  ( -4.800000000000000711, 0.8000000000000000444, -0.4000000000000010214 ) ) ;
#5525 = PLANE ( 'NONE',  #2287 ) ;
#5526 = ADVANCED_FACE ( 'NONE', ( #3813 ), #3996, .T. ) ;
#5527 = CARTESIAN_POINT ( 'NONE',  ( -3.299999999999997602, 2.600000000000000089, -3.500000000000000000 ) ) ;
#5528 = DIRECTION ( 'NONE',  ( 1.000000000000000000, -0.000000000000000000, 9.637352644315598694E-16 ) ) ;
#5529 = VECTOR ( 'NONE', #7638, 1000.000000000000000 ) ;
#5530 = ORIENTED_EDGE ( 'NONE', *, *, #1914, .T. ) ;
#5531 = LINE ( 'NONE', #2768, #8855 ) ;
#5532 = SURFACE_SIDE_STYLE ('',( #1682 ) ) ;
#5533 = LINE ( 'NONE', #3313, #1940 ) ;
#5534 = ORIENTED_EDGE ( 'NONE', *, *, #9005, .F. ) ;
#5535 = ORIENTED_EDGE ( 'NONE', *, *, #8940, .F. ) ;
#5536 = DIRECTION ( 'NONE',  ( -0.000000000000000000, -1.000000000000000000, -0.000000000000000000 ) ) ;
#5537 = LINE ( 'NONE', #6476, #1463 ) ;
#5538 = DIRECTION ( 'NONE',  ( -0.000000000000000000, 1.000000000000000000, -0.000000000000000000 ) ) ;
#5539 = EDGE_CURVE ( 'NONE', #1290, #6561, #10745, .T. ) ;
#5540 = EDGE_CURVE ( 'NONE', #118, #7040, #3849, .T. ) ;
#5541 = CARTESIAN_POINT ( 'NONE',  ( -4.800000000000000711, 0.8000000000000000444, -1.100000000000002087 ) ) ;
#5542 = AXIS2_PLACEMENT_3D ( 'NONE', #271, #2689, #1741 ) ;
#5543 = CARTESIAN_POINT ( 'NONE',  ( -4.800000000000000711, 0.000000000000000000, 3.549999999999998490 ) ) ;
#5544 = LINE ( 'NONE', #940, #5178 ) ;
#5545 = DIRECTION ( 'NONE',  ( 0.000000000000000000, -1.000000000000000000, 0.000000000000000000 ) ) ;
#5546 = EDGE_CURVE ( 'NONE', #10118, #8416, #3533, .T. ) ;
#5547 = ORIENTED_EDGE ( 'NONE', *, *, #2593, .T. ) ;
#5548 = FACE_OUTER_BOUND ( 'NONE', #1797, .T. ) ;
#5549 = DIRECTION ( 'NONE',  ( -0.000000000000000000, -1.000000000000000000, -0.000000000000000000 ) ) ;
#5550 = VECTOR ( 'NONE', #5113, 1000.000000000000000 ) ;
#5551 = ORIENTED_EDGE ( 'NONE', *, *, #3158, .T. ) ;
#5552 = VERTEX_POINT ( 'NONE', #3918 ) ;
#5553 = CARTESIAN_POINT ( 'NONE',  ( 3.899999999999999023, 0.000000000000000000, 2.704159457879236506 ) ) ;
#5554 = DIRECTION ( 'NONE',  ( -0.000000000000000000, -3.252606517456512119E-15, -1.000000000000000000 ) ) ;
#5555 = CARTESIAN_POINT ( 'NONE',  ( 3.899999999999999023, 0.000000000000000000, 4.904159457879235795 ) ) ;
#5556 = VECTOR ( 'NONE', #5538, 1000.000000000000000 ) ;
#5557 = DIRECTION ( 'NONE',  ( -0.000000000000000000, -1.000000000000000000, -0.000000000000000000 ) ) ;
#5558 = EDGE_CURVE ( 'NONE', #3432, #4217, #3882, .T. ) ;
#5559 = AXIS2_PLACEMENT_3D ( 'NONE', #8945, #3921, #3109 ) ;
#5560 = LINE ( 'NONE', #7148, #5236 ) ;
#5561 = ORIENTED_EDGE ( 'NONE', *, *, #5895, .T. ) ;
#5562 = LINE ( 'NONE', #5183, #5341 ) ;
#5563 = EDGE_CURVE ( 'NONE', #1517, #768, #272, .T. ) ;
#5564 = CARTESIAN_POINT ( 'NONE',  ( 4.799999999999998934, 0.000000000000000000, -2.899999999999991918 ) ) ;
#5565 = PRESENTATION_STYLE_ASSIGNMENT (( #8095 ) ) ;
#5566 = ORIENTED_EDGE ( 'NONE', *, *, #3112, .F. ) ;
#5567 = ORIENTED_EDGE ( 'NONE', *, *, #7167, .T. ) ;
#5568 = AXIS2_PLACEMENT_3D ( 'NONE', #10538, #6994, #1991 ) ;
#5569 = FACE_OUTER_BOUND ( 'NONE', #3317, .T. ) ;
#5570 = DIRECTION ( 'NONE',  ( -0.000000000000000000, -1.000000000000000000, -0.000000000000000000 ) ) ;
#5571 = CARTESIAN_POINT ( 'NONE',  ( -4.350000000000000533, 0.4000000000000000222, -4.000000000000000888 ) ) ;
#5572 = CARTESIAN_POINT ( 'NONE',  ( 4.300000000000003375, 1.199999999999999067, 4.299999999999995381 ) ) ;
#5573 = CARTESIAN_POINT ( 'NONE',  ( 4.799999999999998934, 0.8000000000000000444, 5.000000000000000000 ) ) ;
#5574 = DIRECTION ( 'NONE',  ( -2.465190328815661892E-32, 0.000000000000000000, -1.000000000000000000 ) ) ;
#5575 = CARTESIAN_POINT ( 'NONE',  ( -3.900000000000000799, 0.4000000000000000222, 0.6999999999999992895 ) ) ;
#5576 = CIRCLE ( 'NONE', #3826, 0.2500000000000004441 ) ;
#5577 = ORIENTED_EDGE ( 'NONE', *, *, #2168, .T. ) ;
#5578 = CARTESIAN_POINT ( 'NONE',  ( -3.900000000000000799, 0.4000000000000000222, -1.500000000000001332 ) ) ;
#5579 = VECTOR ( 'NONE', #2207, 1000.000000000000000 ) ;
#5580 = ORIENTED_EDGE ( 'NONE', *, *, #660, .T. ) ;
#5581 = ORIENTED_EDGE ( 'NONE', *, *, #455, .F. ) ;
#5582 = VECTOR ( 'NONE', #7613, 1000.000000000000000 ) ;
#5583 =( LENGTH_UNIT ( ) NAMED_UNIT ( * ) SI_UNIT ( .MILLI., .METRE. ) );
#5584 = DIRECTION ( 'NONE',  ( -2.409338161078899674E-16, -1.000000000000000000, 0.000000000000000000 ) ) ;
#5585 = FILL_AREA_STYLE ('',( #3382 ) ) ;
#5586 = EDGE_CURVE ( 'NONE', #8345, #7004, #3574, .T. ) ;
#5587 = CARTESIAN_POINT ( 'NONE',  ( 3.899999999999999023, 0.4000000000000000222, 0.5041594578792359949 ) ) ;
#5588 = ADVANCED_FACE ( 'NONE', ( #3593 ), #2151, .F. ) ;
#5589 = PLANE ( 'NONE',  #976 ) ;
#5590 = LINE ( 'NONE', #8749, #5218 ) ;
#5591 = FACE_OUTER_BOUND ( 'NONE', #8770, .T. ) ;
#5592 = DIRECTION ( 'NONE',  ( -1.000000000000000000, 0.000000000000000000, 0.000000000000000000 ) ) ;
#5593 = CARTESIAN_POINT ( 'NONE',  ( 4.350000000000000533, 0.4000000000000000222, 3.804159457879236150 ) ) ;
#5594 = CARTESIAN_POINT ( 'NONE',  ( 4.799999999999998934, 0.8000000000000000444, -3.050000000000001599 ) ) ;
#5595 = ORIENTED_EDGE ( 'NONE', *, *, #5250, .F. ) ;
#5596 = ORIENTED_EDGE ( 'NONE', *, *, #7447, .F. ) ;
#5597 = CIRCLE ( 'NONE', #3988, 0.2500000000000006661 ) ;
#5598 = AXIS2_PLACEMENT_3D ( 'NONE', #2062, #7728, #1993 ) ;
#5599 = DIRECTION ( 'NONE',  ( -1.000000000000000000, 0.000000000000000000, 0.000000000000000000 ) ) ;
#5600 = DIRECTION ( 'NONE',  ( -0.000000000000000000, 0.000000000000000000, 1.000000000000000000 ) ) ;
#5601 = EDGE_CURVE ( 'NONE', #4306, #10625, #7197, .T. ) ;
#5602 = AXIS2_PLACEMENT_3D ( 'NONE', #1679, #986, #1753 ) ;
#5603 = LINE ( 'NONE', #312, #9210 ) ;
#5604 = PLANE ( 'NONE',  #1369 ) ;
#5605 = CYLINDRICAL_SURFACE ( 'NONE', #474, 0.2500000000000002220 ) ;
#5606 = ADVANCED_FACE ( 'NONE', ( #7713 ), #5122, .F. ) ;
#5607 = VECTOR ( 'NONE', #7003, 1000.000000000000000 ) ;
#5608 = ORIENTED_EDGE ( 'NONE', *, *, #9056, .F. ) ;
#5609 = VERTEX_POINT ( 'NONE', #9343 ) ;
#5610 = PLANE ( 'NONE',  #10453 ) ;
#5611 = DIRECTION ( 'NONE',  ( -1.000000000000000000, -5.551115123125781470E-17, -9.637352644315673636E-16 ) ) ;
#5612 = APPLICATION_PROTOCOL_DEFINITION ( 'draft international standard', 'automotive_design', 1998, #1546 ) ;
#5613 = VECTOR ( 'NONE', #5937, 1000.000000000000000 ) ;
#5614 = DIRECTION ( 'NONE',  ( -3.614007241618346010E-15, -1.000000000000000000, 1.445602896647338522E-15 ) ) ;
#5615 = CARTESIAN_POINT ( 'NONE',  ( -4.800000000000000711, 0.8000000000000000444, -3.700000000000001066 ) ) ;
#5616 = DIRECTION ( 'NONE',  ( 0.000000000000000000, 0.000000000000000000, -1.000000000000000000 ) ) ;
#5617 = DIRECTION ( 'NONE',  ( 1.000000000000000000, 0.000000000000000000, 0.000000000000000000 ) ) ;
#5618 = AXIS2_PLACEMENT_3D ( 'NONE', #5905, #184, #2826 ) ;
#5619 = LINE ( 'NONE', #5518, #9177 ) ;
#5620 = EDGE_CURVE ( 'NONE', #7201, #10747, #7882, .T. ) ;
#5621 = VECTOR ( 'NONE', #8638, 1000.000000000000000 ) ;
#5622 = PLANE ( 'NONE',  #6026 ) ;
#5623 = AXIS2_PLACEMENT_3D ( 'NONE', #9444, #329, #8766 ) ;
#5624 = DIRECTION ( 'NONE',  ( 0.000000000000000000, 0.000000000000000000, 1.000000000000000000 ) ) ;
#5625 = LINE ( 'NONE', #9792, #1855 ) ;
#5626 = EDGE_CURVE ( 'NONE', #4685, #3041, #4248, .T. ) ;
#5627 = ORIENTED_EDGE ( 'NONE', *, *, #9116, .F. ) ;
#5628 = VERTEX_POINT ( 'NONE', #10010 ) ;
#5629 = DIRECTION ( 'NONE',  ( 0.000000000000000000, 0.000000000000000000, 1.000000000000000000 ) ) ;
#5630 = LINE ( 'NONE', #8006, #9477 ) ;
#5631 = DIRECTION ( 'NONE',  ( 0.000000000000000000, -1.000000000000000000, 0.000000000000000000 ) ) ;
#5632 = CARTESIAN_POINT ( 'NONE',  ( 3.399999999999995914, 1.199999999999971312, -4.500000000000006217 ) ) ;
#5633 = CARTESIAN_POINT ( 'NONE',  ( -4.800000000000000711, 0.000000000000000000, 3.804159457879236150 ) ) ;
#5634 = CARTESIAN_POINT ( 'NONE',  ( 4.799999999999998934, 0.000000000000000000, 5.000000000000000000 ) ) ;
#5635 = FACE_OUTER_BOUND ( 'NONE', #10390, .T. ) ;
#5636 = EDGE_CURVE ( 'NONE', #2039, #1156, #583, .T. ) ;
#5637 = CARTESIAN_POINT ( 'NONE',  ( 4.350000000000000533, 0.7999999999999999334, -0.6999999999999931832 ) ) ;
#5638 = LINE ( 'NONE', #1723, #2277 ) ;
#5639 = AXIS2_PLACEMENT_3D ( 'NONE', #7499, #8336, #9172 ) ;
#5640 = LINE ( 'NONE', #8514, #5291 ) ;
#5641 = VERTEX_POINT ( 'NONE', #4220 ) ;
#5642 = ORIENTED_EDGE ( 'NONE', *, *, #8240, .F. ) ;
#5643 = CARTESIAN_POINT ( 'NONE',  ( 4.799999999999998934, 0.8000000000000000444, 5.000000000000000000 ) ) ;
#5644 = EDGE_CURVE ( 'NONE', #3453, #5448, #637, .T. ) ;
#5645 = DIRECTION ( 'NONE',  ( 0.000000000000000000, 0.000000000000000000, -1.000000000000000000 ) ) ;
#5646 = DIRECTION ( 'NONE',  ( -0.000000000000000000, -1.000000000000000000, -0.000000000000000000 ) ) ;
#5647 = DIRECTION ( 'NONE',  ( 0.000000000000000000, 0.000000000000000000, 1.000000000000000000 ) ) ;
#5648 = CARTESIAN_POINT ( 'NONE',  ( 0.000000000000000000, 0.000000000000000000, -3.700000000000001066 ) ) ;
#5649 = FACE_OUTER_BOUND ( 'NONE', #3647, .T. ) ;
#5650 = FACE_OUTER_BOUND ( 'NONE', #8362, .T. ) ;
#5651 = PLANE ( 'NONE',  #7785 ) ;
#5652 = EDGE_CURVE ( 'NONE', #4945, #3453, #7530, .T. ) ;
#5653 = CARTESIAN_POINT ( 'NONE',  ( -4.500000000000007105, 1.696132885505121211E-14, 0.000000000000000000 ) ) ;
#5654 = CARTESIAN_POINT ( 'NONE',  ( -4.800000000000000711, 0.8000000000000000444, 5.000000000000000000 ) ) ;
#5656 = LINE ( 'NONE', #5196, #2054 ) ;
#5655 = PLANE ( 'NONE',  #4039 ) ;
#5657 = ORIENTED_EDGE ( 'NONE', *, *, #7263, .T. ) ;
#5658 = EDGE_LOOP ( 'NONE', ( #8782, #1739, #10203, #8676 ) ) ;
#5659 = LINE ( 'NONE', #10459, #9365 ) ;
#5660 = EDGE_CURVE ( 'NONE', #8149, #2840, #563, .T. ) ;
#5661 = COLOUR_RGB ( '',0.7921568627450980005, 0.8196078431372548767, 0.9333333333333333481 ) ;
#5662 = CARTESIAN_POINT ( 'NONE',  ( -4.350000000000000533, 0.4000000000000000222, 6.004159457879236328 ) ) ;
#5663 = EDGE_CURVE ( 'NONE', #1659, #4169, #3989, .T. ) ;
#5664 = CARTESIAN_POINT ( 'NONE',  ( 1.399999999999998135, 1.598554689981426128E-14, 4.700000000000008171 ) ) ;
#5665 = DIRECTION ( 'NONE',  ( 0.000000000000000000, -1.000000000000000000, 0.000000000000000000 ) ) ;
#5666 = VECTOR ( 'NONE', #6052, 1000.000000000000000 ) ;
#5667 = CARTESIAN_POINT ( 'NONE',  ( -3.900000000000000799, 0.4000000000000000222, 3.804159457879236150 ) ) ;
#5668 = LINE ( 'NONE', #9869, #2161 ) ;
#5669 = VECTOR ( 'NONE', #7849, 1000.000000000000000 ) ;
#5670 = ORIENTED_EDGE ( 'NONE', *, *, #9203, .F. ) ;
#5671 = ORIENTED_EDGE ( 'NONE', *, *, #6488, .T. ) ;
#5672 = DIRECTION ( 'NONE',  ( -9.637352644315598694E-16, 0.000000000000000000, 1.000000000000000000 ) ) ;
#5673 = DIRECTION ( 'NONE',  ( -0.000000000000000000, -0.000000000000000000, -1.000000000000000000 ) ) ;
#5674 = LINE ( 'NONE', #5884, #5914 ) ;
#5675 = DIRECTION ( 'NONE',  ( 1.000000000000000000, 0.000000000000000000, 0.000000000000000000 ) ) ;
#5676 = ADVANCED_FACE ( 'NONE', ( #4229 ), #990, .T. ) ;
#5677 =( LENGTH_UNIT ( ) NAMED_UNIT ( * ) SI_UNIT ( .MILLI., .METRE. ) );
#5678 = LINE ( 'NONE', #3721, #9516 ) ;
#5679 = VECTOR ( 'NONE', #683, 1000.000000000000000 ) ;
#5680 = LINE ( 'NONE', #5237, #5929 ) ;
#5681 = DIRECTION ( 'NONE',  ( -1.000000000000000000, -2.409338161078908548E-16, 0.000000000000000000 ) ) ;
#5682 = ADVANCED_FACE ( 'NONE', ( #4188 ), #4309, .F. ) ;
#5683 = EDGE_CURVE ( 'NONE', #8713, #840, #7599, .T. ) ;
#5684 = CARTESIAN_POINT ( 'NONE',  ( 4.350000000000000533, 0.4000000000000000222, -2.600000000000000977 ) ) ;
#5685 = LINE ( 'NONE', #2037, #9490 ) ;
#5686 = VERTEX_POINT ( 'NONE', #1059 ) ;
#5687 = VERTEX_POINT ( 'NONE', #1823 ) ;
#5688 = FACE_OUTER_BOUND ( 'NONE', #1568, .T. ) ;
#5689 = DIRECTION ( 'NONE',  ( 1.000000000000000000, -0.000000000000000000, -0.000000000000000000 ) ) ;
#5690 = DIRECTION ( 'NONE',  ( 0.000000000000000000, -0.000000000000000000, 1.000000000000000000 ) ) ;
#5691 = LINE ( 'NONE', #6951, #2256 ) ;
#5692 =( LENGTH_UNIT ( ) NAMED_UNIT ( * ) SI_UNIT ( .MILLI., .METRE. ) );
#5693 = LINE ( 'NONE', #1151, #5887 ) ;
#5694 = DIRECTION ( 'NONE',  ( -0.000000000000000000, -1.000000000000000000, -0.000000000000000000 ) ) ;
#5695 = VECTOR ( 'NONE', #9898, 1000.000000000000000 ) ;
#5696 = CARTESIAN_POINT ( 'NONE',  ( -4.350000000000000533, 0.7999999999999999334, 2.899999999999999023 ) ) ;
#5697 = LINE ( 'NONE', #9827, #9229 ) ;
#5698 = ORIENTED_EDGE ( 'NONE', *, *, #5856, .T. ) ;
#5699 = VERTEX_POINT ( 'NONE', #3407 ) ;
#5700 = CARTESIAN_POINT ( 'NONE',  ( -4.800000000000000711, 0.000000000000000000, -2.900000000000001688 ) ) ;
#5701 =( GEOMETRIC_REPRESENTATION_CONTEXT ( 3 ) GLOBAL_UNCERTAINTY_ASSIGNED_CONTEXT ( ( #305 ) ) GLOBAL_UNIT_ASSIGNED_CONTEXT ( ( #5692, #676, #1495 ) ) REPRESENTATION_CONTEXT ( 'NONE', 'WORKASPACE' ) );
#5702 = VECTOR ( 'NONE', #6314, 1000.000000000000000 ) ;
#5703 = DIRECTION ( 'NONE',  ( 1.000000000000000000, 0.000000000000000000, -9.637352644315598694E-16 ) ) ;
#5704 = CARTESIAN_POINT ( 'NONE',  ( 4.799999999999998934, 0.000000000000000000, 0.8499999999999983125 ) ) ;
#5705 = CARTESIAN_POINT ( 'NONE',  ( -4.350000000000000533, 0.7999999999999999334, -1.695840542120764072 ) ) ;
#5706 = CARTESIAN_POINT ( 'NONE',  ( -4.350000000000000533, 0.4000000000000000222, -1.800000000000000711 ) ) ;
#5707 = LINE ( 'NONE', #4361, #2106 ) ;
#5708 = CARTESIAN_POINT ( 'NONE',  ( -4.800000000000000711, 0.000000000000000000, 1.499999999999998668 ) ) ;
#5709 = DIRECTION ( 'NONE',  ( -0.000000000000000000, -0.000000000000000000, -1.000000000000000000 ) ) ;
#5710 = VECTOR ( 'NONE', #4672, 1000.000000000000000 ) ;
#5711 = FACE_OUTER_BOUND ( 'NONE', #1159, .T. ) ;
#5712 = CARTESIAN_POINT ( 'NONE',  ( 3.399999999999995914, 1.598554689981426128E-14, 4.700000000000008171 ) ) ;
#5713 = DIRECTION ( 'NONE',  ( 0.000000000000000000, 0.000000000000000000, -1.000000000000000000 ) ) ;
#5714 = ADVANCED_FACE ( 'NONE', ( #342 ), #2492, .F. ) ;
#5716 = VECTOR ( 'NONE', #3885, 1000.000000000000000 ) ;
#5715 = DIRECTION ( 'NONE',  ( -1.000000000000000000, 0.000000000000000000, 0.000000000000000000 ) ) ;
#5717 = ORIENTED_EDGE ( 'NONE', *, *, #1305, .F. ) ;
#5718 = EDGE_LOOP ( 'NONE', ( #4946, #2865, #5248, #6025, #6209, #769 ) ) ;
#5719 = VERTEX_POINT ( 'NONE', #8314 ) ;
#5720 = LINE ( 'NONE', #2886, #2319 ) ;
#5721 = EDGE_CURVE ( 'NONE', #10451, #1048, #4101, .T. ) ;
#5722 = CIRCLE ( 'NONE', #9837, 0.1999999999999996503 ) ;
#5723 = CARTESIAN_POINT ( 'NONE',  ( 4.799999999999998934, 0.000000000000000000, -2.900000000000001688 ) ) ;
#5724 = CARTESIAN_POINT ( 'NONE',  ( 4.350000000000001421, 0.4000000000000000222, -2.899999999999992806 ) ) ;
#5725 = CARTESIAN_POINT ( 'NONE',  ( 0.000000000000000000, 0.4000000000000000222, 5.500000000000000888 ) ) ;
#5726 = FACE_OUTER_BOUND ( 'NONE', #496, .T. ) ;
#5727 = MANIFOLD_SOLID_BREP ( 'LPattern2[7]', #7396 ) ;
#5728 = VECTOR ( 'NONE', #3923, 1000.000000000000000 ) ;
#5729 = LINE ( 'NONE', #1815, #9326 ) ;
#5730 = VERTEX_POINT ( 'NONE', #858 ) ;
#5731 = VERTEX_POINT ( 'NONE', #1690 ) ;
#5732 = PLANE ( 'NONE',  #614 ) ;
#5733 = ORIENTED_EDGE ( 'NONE', *, *, #1114, .F. ) ;
#5734 = DIRECTION ( 'NONE',  ( 1.000000000000000000, 0.000000000000000000, -0.000000000000000000 ) ) ;
#5735 = CARTESIAN_POINT ( 'NONE',  ( -4.350000000000000533, 0.4000000000000000222, -0.4000000000000010214 ) ) ;
#5736 = EDGE_CURVE ( 'NONE', #100, #9812, #4007, .T. ) ;
#5737 = FACE_OUTER_BOUND ( 'NONE', #1091, .T. ) ;
#5738 = DIRECTION ( 'NONE',  ( 0.000000000000000000, 3.252606517456512119E-15, -1.000000000000000000 ) ) ;
#5739 = CARTESIAN_POINT ( 'NONE',  ( -3.900000000000000799, 0.3999999999999999667, -4.800000000000001599 ) ) ;
#5740 = DIRECTION ( 'NONE',  ( 0.000000000000000000, 1.000000000000000000, -0.000000000000000000 ) ) ;
#5741 = DIRECTION ( 'NONE',  ( 1.000000000000000000, 0.000000000000000000, -9.637352644315598694E-16 ) ) ;
#5742 = EDGE_CURVE ( 'NONE', #989, #2551, #4025, .T. ) ;
#5743 = CARTESIAN_POINT ( 'NONE',  ( 3.899999999999999023, 0.4000000000000000222, -4.000000000000000888 ) ) ;
#5744 = LINE ( 'NONE', #9208, #2067 ) ;
#5745 = ADVANCED_FACE ( 'NONE', ( #416 ), #5424, .F. ) ;
#5746 = EDGE_CURVE ( 'NONE', #4861, #1505, #4047, .T. ) ;
#5747 = LINE ( 'NONE', #5920, #5969 ) ;
#5748 = LINE ( 'NONE', #8045, #5857 ) ;
#5749 = CARTESIAN_POINT ( 'NONE',  ( 4.099999999999997868, 2.199999999999998845, -4.300000000000001599 ) ) ;
#5750 = DIRECTION ( 'NONE',  ( 0.000000000000000000, 0.000000000000000000, 1.000000000000000000 ) ) ;
#5751 = DIRECTION ( 'NONE',  ( -0.000000000000000000, -0.000000000000000000, -1.000000000000000000 ) ) ;
#5752 = VECTOR ( 'NONE', #7466, 1000.000000000000000 ) ;
#5753 = ORIENTED_EDGE ( 'NONE', *, *, #770, .T. ) ;
#5754 = ORIENTED_EDGE ( 'NONE', *, *, #9129, .T. ) ;
#5755 = ORIENTED_EDGE ( 'NONE', *, *, #5446, .F. ) ;
#5756 = CARTESIAN_POINT ( 'NONE',  ( 4.799999999999998934, 0.8000000000000000444, 1.949999999999997735 ) ) ;
#5757 = VECTOR ( 'NONE', #395, 1000.000000000000000 ) ;
#5758 = CARTESIAN_POINT ( 'NONE',  ( -3.900000000000000799, 0.000000000000000000, 1.799999999999998712 ) ) ;
#5759 = EDGE_CURVE ( 'NONE', #5827, #6893, #7637, .T. ) ;
#5760 = DIRECTION ( 'NONE',  ( 1.000000000000000000, 2.409338161078908548E-16, 0.000000000000000000 ) ) ;
#5761 = DIRECTION ( 'NONE',  ( 0.000000000000000000, 1.000000000000000000, 0.000000000000000000 ) ) ;
#5762 = EDGE_CURVE ( 'NONE', #9772, #9327, #488, .T. ) ;
#5763 = FACE_OUTER_BOUND ( 'NONE', #9114, .T. ) ;
#5764 = AXIS2_PLACEMENT_3D ( 'NONE', #2126, #10306, #10234 ) ;
#5765 = DIRECTION ( 'NONE',  ( 1.000000000000000000, -0.000000000000000000, -0.000000000000000000 ) ) ;
#5766 = CARTESIAN_POINT ( 'NONE',  ( 4.350000000000000533, 0.7999999999999999334, -1.799999999999992939 ) ) ;
#5767 = FACE_OUTER_BOUND ( 'NONE', #7758, .T. ) ;
#5768 = EDGE_CURVE ( 'NONE', #1819, #7169, #4087, .T. ) ;
#5769 = DIRECTION ( 'NONE',  ( 0.000000000000000000, 0.000000000000000000, 1.000000000000000000 ) ) ;
#5770 = VECTOR ( 'NONE', #10807, 1000.000000000000000 ) ;
#5771 = ADVANCED_FACE ( 'NONE', ( #7676 ), #511, .T. ) ;
#5772 = VECTOR ( 'NONE', #520, 1000.000000000000000 ) ;
#5773 = ORIENTED_EDGE ( 'NONE', *, *, #6339, .T. ) ;
#5774 = ORIENTED_EDGE ( 'NONE', *, *, #7322, .T. ) ;
#5775 = ORIENTED_EDGE ( 'NONE', *, *, #377, .T. ) ;
#5776 = VECTOR ( 'NONE', #1706, 1000.000000000000000 ) ;
#5777 = PLANE ( 'NONE',  #6553 ) ;
#5778 = DIRECTION ( 'NONE',  ( 5.551115123125782702E-17, 1.000000000000000000, 7.888609052210118054E-31 ) ) ;
#5779 = CARTESIAN_POINT ( 'NONE',  ( 4.099999999999997868, 2.599999999999998757, -4.300000000000001599 ) ) ;
#5780 = CARTESIAN_POINT ( 'NONE',  ( 4.799999999999998934, 0.8000000000000000444, 5.000000000000000000 ) ) ;
#5781 = PRESENTATION_STYLE_ASSIGNMENT (( #8717 ) ) ;
#5782 = DIRECTION ( 'NONE',  ( 0.000000000000000000, 1.000000000000000000, 0.000000000000000000 ) ) ;
#5783 = LINE ( 'NONE', #7816, #2360 ) ;
#5784 = LINE ( 'NONE', #1316, #2309 ) ;
#5785 = UNCERTAINTY_MEASURE_WITH_UNIT (LENGTH_MEASURE( 1.000000000000000082E-05 ), #10501, 'distance_accuracy_value', 'NONE');
#5786 = CARTESIAN_POINT ( 'NONE',  ( -4.800000000000000711, 0.000000000000000000, -4.800000000000001599 ) ) ;
#5787 = EDGE_CURVE ( 'NONE', #7792, #10159, #7803, .T. ) ;
#5788 = DIRECTION ( 'NONE',  ( -1.000000000000000000, 0.000000000000000000, 0.000000000000000000 ) ) ;
#5790 = LINE ( 'NONE', #3606, #9310 ) ;
#5789 = DIRECTION ( 'NONE',  ( -0.000000000000000000, -1.000000000000000000, -3.252606517456512119E-15 ) ) ;
#5791 = ORIENTED_EDGE ( 'NONE', *, *, #1853, .F. ) ;
#5792 = VERTEX_POINT ( 'NONE', #8725 ) ;
#5793 = ORIENTED_EDGE ( 'NONE', *, *, #2204, .F. ) ;
#5794 = AXIS2_PLACEMENT_3D ( 'NONE', #8696, #9318, #7808 ) ;
#5795 = CARTESIAN_POINT ( 'NONE',  ( 4.799999999999998934, 0.000000000000000000, -0.5958405421207638719 ) ) ;
#5796 = LINE ( 'NONE', #5114, #9337 ) ;
#5797 = CARTESIAN_POINT ( 'NONE',  ( 0.000000000000000000, 0.000000000000000000, -0.4000000000000010214 ) ) ;
#5798 = DIRECTION ( 'NONE',  ( -1.000000000000000000, 0.000000000000000000, 0.000000000000000000 ) ) ;
#5799 = PLANE ( 'NONE',  #5031 ) ;
#5800 = CYLINDRICAL_SURFACE ( 'NONE', #3250, 0.1999999999999996503 ) ;
#5801 = CARTESIAN_POINT ( 'NONE',  ( 4.500000000000003553, 1.199999999999999734, -4.299999999999999822 ) ) ;
#5802 = VECTOR ( 'NONE', #3114, 1000.000000000000000 ) ;
#5803 = LINE ( 'NONE', #7575, #5992 ) ;
#5804 = ORIENTED_EDGE ( 'NONE', *, *, #8074, .F. ) ;
#5805 = EDGE_CURVE ( 'NONE', #7103, #4537, #4120, .T. ) ;
#5806 = ORIENTED_EDGE ( 'NONE', *, *, #5736, .T. ) ;
#5807 = DIRECTION ( 'NONE',  ( 0.000000000000000000, -1.000000000000000000, 0.000000000000000000 ) ) ;
#5808 = VERTEX_POINT ( 'NONE', #8808 ) ;
#5809 = DIRECTION ( 'NONE',  ( 0.000000000000000000, -0.000000000000000000, 1.000000000000000000 ) ) ;
#5810 = CARTESIAN_POINT ( 'NONE',  ( 3.899999999999999023, 0.4000000000000000222, 1.499999999999999556 ) ) ;
#5811 = CYLINDRICAL_SURFACE ( 'NONE', #59, 0.1999999999999996503 ) ;
#5812 = CARTESIAN_POINT ( 'NONE',  ( 4.800000000000000711, 0.8000000000000000444, 1.499999999999999556 ) ) ;
#5813 = CARTESIAN_POINT ( 'NONE',  ( -4.349999999999999645, 0.7999999999999999334, 0.3999999999999984679 ) ) ;
#5814 = CARTESIAN_POINT ( 'NONE',  ( 4.799999999999998934, 0.000000000000000000, -0.5958405421207638719 ) ) ;
#5815 = CARTESIAN_POINT ( 'NONE',  ( -3.900000000000000799, 0.000000000000000000, -1.695840542120764072 ) ) ;
#5816 = AXIS2_PLACEMENT_3D ( 'NONE', #9501, #4539, #3905 ) ;
#5817 = MANIFOLD_SOLID_BREP ( 'LPattern2[8]', #9873 ) ;
#5818 = EDGE_CURVE ( 'NONE', #8046, #8364, #762, .T. ) ;
#5819 = DIRECTION ( 'NONE',  ( 1.000000000000000000, 0.000000000000000000, -9.637352644315598694E-16 ) ) ;
#5820 = LINE ( 'NONE', #5978, #9435 ) ;
#5821 = EDGE_CURVE ( 'NONE', #3244, #413, #4346, .T. ) ;
#5822 = CARTESIAN_POINT ( 'NONE',  ( -4.350000000000000533, 0.8000000000000000444, -1.500000000000001332 ) ) ;
#5823 = FACE_OUTER_BOUND ( 'NONE', #863, .T. ) ;
#5824 = CARTESIAN_POINT ( 'NONE',  ( -4.800000000000000711, 0.000000000000000000, 3.299999999999998046 ) ) ;
#5825 = VECTOR ( 'NONE', #2868, 1000.000000000000000 ) ;
#5826 = ORIENTED_EDGE ( 'NONE', *, *, #10212, .T. ) ;
#5827 = VERTEX_POINT ( 'NONE', #4589 ) ;
#5828 = ORIENTED_EDGE ( 'NONE', *, *, #7055, .F. ) ;
#5829 = VECTOR ( 'NONE', #1231, 1000.000000000000000 ) ;
#5830 = DIRECTION ( 'NONE',  ( -0.000000000000000000, 0.000000000000000000, 1.000000000000000000 ) ) ;
#5831 = AXIS2_PLACEMENT_3D ( 'NONE', #2534, #6315, #4550 ) ;
#5832 = ADVANCED_FACE ( 'NONE', ( #4160 ), #5622, .T. ) ;
#5833 = CARTESIAN_POINT ( 'NONE',  ( -3.900000000000000799, 0.4000000000000000222, -0.7000000000000009548 ) ) ;
#5834 = CARTESIAN_POINT ( 'NONE',  ( 4.800000000000000711, 0.000000000000000000, -4.400000000000002132 ) ) ;
#5835 = AXIS2_PLACEMENT_3D ( 'NONE', #9809, #9877, #7553 ) ;
#5836 = DIRECTION ( 'NONE',  ( 0.000000000000000000, -1.000000000000000000, 0.000000000000000000 ) ) ;
#5837 = DIRECTION ( 'NONE',  ( 1.000000000000000000, 0.000000000000000000, -2.465190328815661892E-32 ) ) ;
#5838 = SURFACE_STYLE_FILL_AREA ( #429 ) ;
#5839 = CARTESIAN_POINT ( 'NONE',  ( 4.799999999999998934, 0.000000000000000000, 3.049999999999998046 ) ) ;
#5840 = DIRECTION ( 'NONE',  ( 0.000000000000000000, 1.000000000000000000, 0.000000000000000000 ) ) ;
#5841 = DIRECTION ( 'NONE',  ( 0.000000000000000000, 0.000000000000000000, -1.000000000000000000 ) ) ;
#5842 = EDGE_CURVE ( 'NONE', #152, #820, #434, .T. ) ;
#5843 =( GEOMETRIC_REPRESENTATION_CONTEXT ( 3 ) GLOBAL_UNCERTAINTY_ASSIGNED_CONTEXT ( ( #5001 ) ) GLOBAL_UNIT_ASSIGNED_CONTEXT ( ( #6609, #4784, #7491 ) ) REPRESENTATION_CONTEXT ( 'NONE', 'WORKASPACE' ) );
#5844 = LINE ( 'NONE', #2257, #2159 ) ;
#5845 = VECTOR ( 'NONE', #10106, 1000.000000000000000 ) ;
#5846 = CIRCLE ( 'NONE', #7401, 0.1999999999999996503 ) ;
#5847 = ORIENTED_EDGE ( 'NONE', *, *, #9859, .T. ) ;
#5848 = ORIENTED_EDGE ( 'NONE', *, *, #4713, .F. ) ;
#5849 = ORIENTED_EDGE ( 'NONE', *, *, #2034, .T. ) ;
#5850 = VECTOR ( 'NONE', #2884, 1000.000000000000000 ) ;
#5851 = ORIENTED_EDGE ( 'NONE', *, *, #1535, .T. ) ;
#5852 = CARTESIAN_POINT ( 'NONE',  ( -4.099999999999997868, 2.199999999999999734, -4.700000000000001066 ) ) ;
#5853 = LINE ( 'NONE', #2561, #5967 ) ;
#5854 = DIRECTION ( 'NONE',  ( -2.409338161078899674E-16, -1.000000000000000000, 0.000000000000000000 ) ) ;
#5855 = VECTOR ( 'NONE', #4270, 1000.000000000000000 ) ;
#5856 = EDGE_CURVE ( 'NONE', #1721, #3315, #531, .T. ) ;
#5857 = VECTOR ( 'NONE', #6469, 1000.000000000000000 ) ;
#5858 = AXIS2_PLACEMENT_3D ( 'NONE', #3844, #4759, #2957 ) ;
#5859 =( LENGTH_UNIT ( ) NAMED_UNIT ( * ) SI_UNIT ( .MILLI., .METRE. ) );
#5860 = CARTESIAN_POINT ( 'NONE',  ( -1.399999999999998135, 0.8000000000000000444, 5.000000000000006217 ) ) ;
#5862 = LINE ( 'NONE', #4728, #9344 ) ;
#5861 = DIRECTION ( 'NONE',  ( 3.614007241618346010E-15, -1.000000000000000000, -0.000000000000000000 ) ) ;
#5863 = EDGE_CURVE ( 'NONE', #2970, #8760, #4294, .T. ) ;
#5864 = ORIENTED_EDGE ( 'NONE', *, *, #5947, .F. ) ;
#5865 = EDGE_LOOP ( 'NONE', ( #1240, #8476, #4569, #8058 ) ) ;
#5866 = ORIENTED_EDGE ( 'NONE', *, *, #6708, .T. ) ;
#5867 = VECTOR ( 'NONE', #8161, 1000.000000000000000 ) ;
#5868 = CARTESIAN_POINT ( 'NONE',  ( 3.899999999999999023, 0.4000000000000000222, 3.699999999999999289 ) ) ;
#5869 = CARTESIAN_POINT ( 'NONE',  ( 3.899999999999999023, 0.000000000000000000, -2.600000000000000977 ) ) ;
#5870 = CARTESIAN_POINT ( 'NONE',  ( 4.099999999999997868, 0.7999999999999997113, 4.700000000000005507 ) ) ;
#5871 = DIRECTION ( 'NONE',  ( 0.000000000000000000, 0.000000000000000000, 1.000000000000000000 ) ) ;
#5872 = LINE ( 'NONE', #9704, #2323 ) ;
#5873 = EDGE_CURVE ( 'NONE', #9425, #1570, #4070, .T. ) ;
#5874 = CARTESIAN_POINT ( 'NONE',  ( 4.350000000000000533, 0.7999999999999999334, -3.700000000000001066 ) ) ;
#5875 = LINE ( 'NONE', #2526, #9238 ) ;
#5876 = EDGE_CURVE ( 'NONE', #1111, #458, #7661, .T. ) ;
#5877 = STYLED_ITEM ( 'NONE', ( #6403 ), #7924 ) ;
#5878 = LINE ( 'NONE', #6222, #2327 ) ;
#5879 = VERTEX_POINT ( 'NONE', #1405 ) ;
#5880 = CARTESIAN_POINT ( 'NONE',  ( 4.799999999999998934, -5.421010862427522170E-17, -4.650000000000002132 ) ) ;
#5881 = VERTEX_POINT ( 'NONE', #2239 ) ;
#5882 = CARTESIAN_POINT ( 'NONE',  ( 4.799999999999998934, 0.000000000000000000, 5.000000000000000000 ) ) ;
#5883 = LINE ( 'NONE', #8995, #5702 ) ;
#5884 = CARTESIAN_POINT ( 'NONE',  ( -4.350000000000000533, 0.7999999999999999334, 4.904159457879235795 ) ) ;
#5885 = CARTESIAN_POINT ( 'NONE',  ( -4.350000000000000533, 0.4000000000000000222, -0.7000000000000018430 ) ) ;
#5886 = VECTOR ( 'NONE', #503, 1000.000000000000000 ) ;
#5887 = VECTOR ( 'NONE', #6440, 1000.000000000000000 ) ;
#5888 = PLANE ( 'NONE',  #1854 ) ;
#5889 = LINE ( 'NONE', #8480, #9488 ) ;
#5890 = EDGE_CURVE ( 'NONE', #5344, #1528, #7753, .T. ) ;
#5891 = DIRECTION ( 'NONE',  ( -0.000000000000000000, -1.000000000000000000, -0.000000000000000000 ) ) ;
#5892 = LINE ( 'NONE', #8349, #2164 ) ;
#5893 = ORIENTED_EDGE ( 'NONE', *, *, #336, .F. ) ;
#5894 = ORIENTED_EDGE ( 'NONE', *, *, #6211, .T. ) ;
#5895 = EDGE_CURVE ( 'NONE', #4485, #1011, #4254, .T. ) ;
#5896 = VECTOR ( 'NONE', #10605, 1000.000000000000000 ) ;
#5897 = DIRECTION ( 'NONE',  ( 1.000000000000000000, 0.000000000000000000, 0.000000000000000000 ) ) ;
#5898 = EDGE_CURVE ( 'NONE', #8690, #10169, #379, .T. ) ;
#5899 = CARTESIAN_POINT ( 'NONE',  ( 3.899999999999999023, 0.4000000000000000222, 1.799999999999998712 ) ) ;
#5900 = EDGE_CURVE ( 'NONE', #5731, #9557, #418, .T. ) ;
#5901 = DIRECTION ( 'NONE',  ( -0.000000000000000000, -1.000000000000000000, -0.000000000000000000 ) ) ;
#5902 = CARTESIAN_POINT ( 'NONE',  ( -3.900000000000000799, 0.4000000000000000222, -1.500000000000001332 ) ) ;
#5903 = LINE ( 'NONE', #2984, #5886 ) ;
#5904 = CARTESIAN_POINT ( 'NONE',  ( 3.899999999999999023, 0.000000000000000000, 1.799999999999998712 ) ) ;
#5905 = CARTESIAN_POINT ( 'NONE',  ( -4.099999999999997868, 0.7999999999999997113, 4.700000000000005507 ) ) ;
#5906 = FACE_OUTER_BOUND ( 'NONE', #3385, .T. ) ;
#5907 = CARTESIAN_POINT ( 'NONE',  ( 3.899999999999999023, 0.4000000000000000222, 2.899999999999999023 ) ) ;
#5908 = CARTESIAN_POINT ( 'NONE',  ( 4.799999999999998934, 0.000000000000000000, -0.2500000000000019429 ) ) ;
#5909 = FACE_OUTER_BOUND ( 'NONE', #5039, .T. ) ;
#5910 = FACE_OUTER_BOUND ( 'NONE', #7878, .T. ) ;
#5911 = ORIENTED_EDGE ( 'NONE', *, *, #951, .T. ) ;
#5912 = EDGE_CURVE ( 'NONE', #4726, #2198, #704, .T. ) ;
#5913 = ORIENTED_EDGE ( 'NONE', *, *, #2425, .T. ) ;
#5914 = VECTOR ( 'NONE', #4232, 1000.000000000000000 ) ;
#5915 = CARTESIAN_POINT ( 'NONE',  ( -4.800000000000000711, 0.000000000000000000, -5.000000000000000000 ) ) ;
#5916 = EDGE_CURVE ( 'NONE', #8781, #9557, #4013, .T. ) ;
#5917 = ADVANCED_FACE ( 'NONE', ( #4193 ), #2372, .F. ) ;
#5918 = DIRECTION ( 'NONE',  ( -0.000000000000000000, -0.000000000000000000, -1.000000000000000000 ) ) ;
#5919 = AXIS2_PLACEMENT_3D ( 'NONE', #5749, #1784, #10670 ) ;
#5920 = CARTESIAN_POINT ( 'NONE',  ( 4.799999999999998934, 0.000000000000000000, -2.795840542120763939 ) ) ;
#5921 = UNCERTAINTY_MEASURE_WITH_UNIT (LENGTH_MEASURE( 1.000000000000000082E-05 ), #2981, 'distance_accuracy_value', 'NONE');
#5922 = EDGE_CURVE ( 'NONE', #8444, #4829, #345, .T. ) ;
#5923 = CARTESIAN_POINT ( 'NONE',  ( -3.900000000000000799, 0.000000000000000000, -2.900000000000000799 ) ) ;
#5924 = FACE_OUTER_BOUND ( 'NONE', #4297, .T. ) ;
#5925 = CARTESIAN_POINT ( 'NONE',  ( 3.899999999999999023, 0.000000000000000000, 0.5041594578792359949 ) ) ;
#5926 = LINE ( 'NONE', #6503, #9552 ) ;
#5927 = AXIS2_PLACEMENT_3D ( 'NONE', #8358, #2146, #10121 ) ;
#5928 = CARTESIAN_POINT ( 'NONE',  ( 4.799999999999998934, 0.8000000000000000444, 3.999999999999999112 ) ) ;
#5929 = VECTOR ( 'NONE', #7647, 1000.000000000000000 ) ;
#5930 = PLANE ( 'NONE',  #78 ) ;
#5931 = CARTESIAN_POINT ( 'NONE',  ( 4.100000000000000533, 2.199999999999999289, -4.299999999999999822 ) ) ;
#5932 = CARTESIAN_POINT ( 'NONE',  ( -3.900000000000000799, 0.4000000000000000222, -1.695840542120764072 ) ) ;
#5933 = CARTESIAN_POINT ( 'NONE',  ( 4.799999999999998934, 0.8000000000000000444, -3.700000000000001066 ) ) ;
#5934 = ORIENTED_EDGE ( 'NONE', *, *, #5138, .T. ) ;
#5935 = ORIENTED_EDGE ( 'NONE', *, *, #7678, .T. ) ;
#5936 = LINE ( 'NONE', #2267, #2238 ) ;
#5937 = DIRECTION ( 'NONE',  ( 1.000000000000000000, 0.000000000000000000, 0.000000000000000000 ) ) ;
#5938 = DIRECTION ( 'NONE',  ( 0.000000000000000000, -1.000000000000000000, -3.252606517456512119E-15 ) ) ;
#5939 = DIRECTION ( 'NONE',  ( 0.000000000000000000, 0.000000000000000000, 1.000000000000000000 ) ) ;
#5940 = PLANE ( 'NONE',  #3397 ) ;
#5941 = LINE ( 'NONE', #200, #2258 ) ;
#5942 = LINE ( 'NONE', #10677, #9274 ) ;
#5943 = AXIS2_PLACEMENT_3D ( 'NONE', #9781, #10197, #3787 ) ;
#5944 = VECTOR ( 'NONE', #10794, 1000.000000000000000 ) ;
#5945 = ORIENTED_EDGE ( 'NONE', *, *, #10147, .T. ) ;
#5946 = ORIENTED_EDGE ( 'NONE', *, *, #3956, .T. ) ;
#5947 = EDGE_CURVE ( 'NONE', #5271, #3432, #324, .T. ) ;
#5948 = DIRECTION ( 'NONE',  ( 1.000000000000000000, -3.491481338843133355E-15, 0.000000000000000000 ) ) ;
#5949 = VECTOR ( 'NONE', #620, 1000.000000000000000 ) ;
#5950 = CARTESIAN_POINT ( 'NONE',  ( -3.900000000000000799, 0.4000000000000000222, -4.800000000000001599 ) ) ;
#5951 = EDGE_CURVE ( 'NONE', #2316, #6082, #492, .T. ) ;
#5952 = FACE_OUTER_BOUND ( 'NONE', #3410, .T. ) ;
#5953 = DIRECTION ( 'NONE',  ( -1.000000000000000000, -0.000000000000000000, 9.637352644315598694E-16 ) ) ;
#5954 = LINE ( 'NONE', #2378, #5845 ) ;
#5955 = FACE_OUTER_BOUND ( 'NONE', #146, .T. ) ;
#5956 = AXIS2_PLACEMENT_3D ( 'NONE', #1891, #2560, #7605 ) ;
#5957 = VERTEX_POINT ( 'NONE', #1015 ) ;
#5958 = ORIENTED_EDGE ( 'NONE', *, *, #321, .T. ) ;
#5959 = DIRECTION ( 'NONE',  ( -0.000000000000000000, -1.000000000000000000, -0.000000000000000000 ) ) ;
#5960 = ADVANCED_FACE ( 'NONE', ( #7606 ), #3133, .F. ) ;
#5961 = LINE ( 'NONE', #2816, #2186 ) ;
#5962 = DIRECTION ( 'NONE',  ( -0.000000000000000000, -3.252606517456512119E-15, -1.000000000000000000 ) ) ;
#5963 = EDGE_CURVE ( 'NONE', #366, #8402, #4050, .T. ) ;
#5964 = CARTESIAN_POINT ( 'NONE',  ( 4.350000000000000533, 0.8010000000000000453, 4.799999999999999822 ) ) ;
#5965 = DIRECTION ( 'NONE',  ( -1.000000000000000000, 0.000000000000000000, -9.637352644315598694E-16 ) ) ;
#5966 = DIRECTION ( 'NONE',  ( -1.000000000000000000, 0.000000000000000000, 0.000000000000000000 ) ) ;
#5967 = VECTOR ( 'NONE', #10139, 1000.000000000000000 ) ;
#5968 = CARTESIAN_POINT ( 'NONE',  ( -4.350000000000000533, 0.8000000000000000444, 1.799999999999998712 ) ) ;
#5969 = VECTOR ( 'NONE', #6717, 1000.000000000000000 ) ;
#5970 =( LENGTH_UNIT ( ) NAMED_UNIT ( * ) SI_UNIT ( .MILLI., .METRE. ) );
#5971 = LINE ( 'NONE', #4982, #9437 ) ;
#5972 = DIRECTION ( 'NONE',  ( 0.000000000000000000, -1.000000000000000000, 0.000000000000000000 ) ) ;
#5973 = LINE ( 'NONE', #9761, #9574 ) ;
#5974 = EDGE_LOOP ( 'NONE', ( #647, #9856, #6371, #9998, #1291, #497 ) ) ;
#5975 = EDGE_LOOP ( 'NONE', ( #6596, #9776, #2877, #2213, #9346, #286 ) ) ;
#5976 = VECTOR ( 'NONE', #8064, 1000.000000000000000 ) ;
#5977 = DIRECTION ( 'NONE',  ( 0.000000000000000000, 3.252606517456512513E-15, 1.000000000000000000 ) ) ;
#5978 = CARTESIAN_POINT ( 'NONE',  ( 3.900000000000000355, 0.000000000000000000, -0.6999999999999931832 ) ) ;
#5979 = EDGE_CURVE ( 'NONE', #4861, #6009, #7587, .T. ) ;
#5980 = CARTESIAN_POINT ( 'NONE',  ( -1.399999999999998135, 1.200000000000001288, 4.700000000000004619 ) ) ;
#5981 = FACE_OUTER_BOUND ( 'NONE', #901, .T. ) ;
#5982 = EDGE_CURVE ( 'NONE', #7201, #6963, #587, .T. ) ;
#5983 = CARTESIAN_POINT ( 'NONE',  ( 0.000000000000000000, 1.200000000000001510, 4.700000000000004619 ) ) ;
#5984 = LINE ( 'NONE', #4339, #9608 ) ;
#5985 = CARTESIAN_POINT ( 'NONE',  ( 4.099999999999997868, 0.7999999999999997113, -4.700000000000005507 ) ) ;
#5986 = VECTOR ( 'NONE', #5379, 1000.000000000000000 ) ;
#5987 = DIRECTION ( 'NONE',  ( -0.000000000000000000, -0.000000000000000000, -1.000000000000000000 ) ) ;
#5988 = CARTESIAN_POINT ( 'NONE',  ( -3.900000000000000799, 0.4000000000000000222, -4.000000000000000888 ) ) ;
#5989 = CARTESIAN_POINT ( 'NONE',  ( -3.900000000000000799, 0.4000000000000000222, -3.700000000000001066 ) ) ;
#5990 = DIRECTION ( 'NONE',  ( -0.000000000000000000, -1.000000000000000000, -0.000000000000000000 ) ) ;
#5992 = VECTOR ( 'NONE', #7437, 1000.000000000000000 ) ;
#5991 = CARTESIAN_POINT ( 'NONE',  ( -3.900000000000000799, 0.000000000000000000, 1.499999999999999556 ) ) ;
#5993 = ORIENTED_EDGE ( 'NONE', *, *, #7464, .T. ) ;
#5994 = ORIENTED_EDGE ( 'NONE', *, *, #9616, .F. ) ;
#5995 = ADVANCED_FACE ( 'NONE', ( #4091 ), #4862, .F. ) ;
#5996 = DIRECTION ( 'NONE',  ( 2.409338161078908548E-16, -1.000000000000000000, 0.000000000000000000 ) ) ;
#5997 = DIRECTION ( 'NONE',  ( 0.000000000000000000, 1.000000000000000000, 0.000000000000000000 ) ) ;
#5998 = EDGE_CURVE ( 'NONE', #963, #7468, #4214, .T. ) ;
#5999 = EDGE_CURVE ( 'NONE', #6561, #6868, #400, .T. ) ;
#6000 = VECTOR ( 'NONE', #232, 1000.000000000000000 ) ;
#6001 = DIRECTION ( 'NONE',  ( 1.000000000000000000, -4.336808689942013792E-16, 0.000000000000000000 ) ) ;
#6002 = AXIS2_PLACEMENT_3D ( 'NONE', #6063, #7036, #6130 ) ;
#6003 = ADVANCED_FACE ( 'NONE', ( #7683 ), #9016, .F. ) ;
#6004 = FILL_AREA_STYLE_COLOUR ( '', #4926 ) ;
#6005 = DIRECTION ( 'NONE',  ( -1.000000000000000000, 0.000000000000000000, 0.000000000000000000 ) ) ;
#6006 = VECTOR ( 'NONE', #5769, 1000.000000000000000 ) ;
#6007 = LINE ( 'NONE', #4613, #9818 ) ;
#6008 = LINE ( 'NONE', #9570, #6362 ) ;
#6009 = VERTEX_POINT ( 'NONE', #8044 ) ;
#6010 = CARTESIAN_POINT ( 'NONE',  ( 4.350000000000000533, 0.4000000000000000222, -1.500000000000001332 ) ) ;
#6011 = ORIENTED_EDGE ( 'NONE', *, *, #6544, .T. ) ;
#6012 = CARTESIAN_POINT ( 'NONE',  ( -3.900000000000000799, 0.000000000000000000, 3.999999999999999112 ) ) ;
#6013 = FACE_OUTER_BOUND ( 'NONE', #8438, .T. ) ;
#6014 = DIRECTION ( 'NONE',  ( -2.409338161078899674E-16, -1.000000000000000000, 0.000000000000000000 ) ) ;
#6015 = ORIENTED_EDGE ( 'NONE', *, *, #7522, .F. ) ;
#6016 = EDGE_CURVE ( 'NONE', #6974, #5212, #4028, .T. ) ;
#6017 = PLANE ( 'NONE',  #6744 ) ;
#6018 = LINE ( 'NONE', #7778, #9607 ) ;
#6019 = EDGE_CURVE ( 'NONE', #1412, #3986, #7698, .T. ) ;
#6020 = PLANE ( 'NONE',  #1453 ) ;
#6021 = VECTOR ( 'NONE', #7079, 1000.000000000000000 ) ;
#6022 = CARTESIAN_POINT ( 'NONE',  ( -4.800000000000000711, 0.8000000000000000444, -4.000000000000002665 ) ) ;
#6023 = LINE ( 'NONE', #9465, #6289 ) ;
#6024 = ORIENTED_EDGE ( 'NONE', *, *, #10714, .F. ) ;
#6025 = ORIENTED_EDGE ( 'NONE', *, *, #5393, .F. ) ;
#6026 = AXIS2_PLACEMENT_3D ( 'NONE', #7276, #8060, #588 ) ;
#6027 = LINE ( 'NONE', #5779, #9876 ) ;
#6028 = EDGE_LOOP ( 'NONE', ( #10024, #10273, #9823, #8524 ) ) ;
#6029 = CARTESIAN_POINT ( 'NONE',  ( -4.350000000000000533, 0.4000000000000000222, 0.6999999999999992895 ) ) ;
#6030 = ORIENTED_EDGE ( 'NONE', *, *, #6399, .T. ) ;
#6031 = PLANE ( 'NONE',  #1265 ) ;
#6032 = DIRECTION ( 'NONE',  ( -1.000000000000000000, 3.614007241618346799E-15, -3.542475999323581541E-31 ) ) ;
#6033 = DIRECTION ( 'NONE',  ( 0.000000000000000000, 0.000000000000000000, -1.000000000000000000 ) ) ;
#6034 = VECTOR ( 'NONE', #1913, 1000.000000000000000 ) ;
#6035 = DIRECTION ( 'NONE',  ( 0.000000000000000000, 3.252606517456512119E-15, 1.000000000000000000 ) ) ;
#6036 = DIRECTION ( 'NONE',  ( 0.000000000000000000, -0.000000000000000000, 1.000000000000000000 ) ) ;
#6037 = FACE_OUTER_BOUND ( 'NONE', #8093, .T. ) ;
#6038 = EDGE_CURVE ( 'NONE', #9170, #5500, #682, .T. ) ;
#6039 = CARTESIAN_POINT ( 'NONE',  ( 4.799999999999998934, 0.8000000000000000444, 2.704159457879236506 ) ) ;
#6040 = LINE ( 'NONE', #10170, #2653 ) ;
#6041 = PRESENTATION_LAYER_ASSIGNMENT (  '', '', ( #7071 ) ) ;
#6042 = CARTESIAN_POINT ( 'NONE',  ( 3.399999999999995914, 1.199999999999970646, -4.700000000000005507 ) ) ;
#6043 = LINE ( 'NONE', #7342, #2605 ) ;
#6044 = EDGE_CURVE ( 'NONE', #1191, #5468, #4234, .T. ) ;
#6045 = VERTEX_POINT ( 'NONE', #5543 ) ;
#6046 = ORIENTED_EDGE ( 'NONE', *, *, #5916, .T. ) ;
#6047 = ADVANCED_FACE ( 'NONE', ( #548 ), #7254, .F. ) ;
#6048 = LINE ( 'NONE', #9340, #9635 ) ;
#6049 = ORIENTED_EDGE ( 'NONE', *, *, #9203, .T. ) ;
#6050 = PLANE ( 'NONE',  #1477 ) ;
#6051 = VERTEX_POINT ( 'NONE', #9086 ) ;
#6052 = DIRECTION ( 'NONE',  ( -0.000000000000000000, -0.000000000000000000, -1.000000000000000000 ) ) ;
#6053 = CARTESIAN_POINT ( 'NONE',  ( -4.800000000000000711, 0.8000000000000000444, -2.450000000000001954 ) ) ;
#6054 = EDGE_CURVE ( 'NONE', #7552, #7672, #7867, .T. ) ;
#6055 = VECTOR ( 'NONE', #4599, 1000.000000000000000 ) ;
#6056 = DIRECTION ( 'NONE',  ( 1.000000000000000000, 0.000000000000000000, 0.000000000000000000 ) ) ;
#6057 = VECTOR ( 'NONE', #1870, 1000.000000000000000 ) ;
#6058 = PLANE ( 'NONE',  #4675 ) ;
#6059 = VECTOR ( 'NONE', #1859, 1000.000000000000000 ) ;
#6060 = CARTESIAN_POINT ( 'NONE',  ( -3.900000000000000799, 0.4000000000000000222, -2.600000000000000977 ) ) ;
#6061 = CARTESIAN_POINT ( 'NONE',  ( 3.899999999999999023, 0.4000000000000000222, -2.900000000000000799 ) ) ;
#6062 = CARTESIAN_POINT ( 'NONE',  ( 4.800000000000000711, 0.000000000000000000, 3.299999999999998046 ) ) ;
#6063 = CARTESIAN_POINT ( 'NONE',  ( 4.350000000000000533, 0.7999999999999999334, -1.695840542120764072 ) ) ;
#6065 = LINE ( 'NONE', #2229, #2456 ) ;
#6064 = CARTESIAN_POINT ( 'NONE',  ( 3.899999999999999023, 0.4000000000000000222, -0.7000000000000009548 ) ) ;
#6066 = ORIENTED_EDGE ( 'NONE', *, *, #10429, .T. ) ;
#6067 = ORIENTED_EDGE ( 'NONE', *, *, #6435, .F. ) ;
#6068 = VECTOR ( 'NONE', #9316, 1000.000000000000000 ) ;
#6069 = EDGE_LOOP ( 'NONE', ( #10691, #1140, #6885, #4403 ) ) ;
#6070 = VERTEX_POINT ( 'NONE', #9802 ) ;
#6071 = AXIS2_PLACEMENT_3D ( 'NONE', #8660, #10157, #5132 ) ;
#6072 = LINE ( 'NONE', #5067, #6283 ) ;
#6073 = DIRECTION ( 'NONE',  ( -0.000000000000000000, -0.000000000000000000, -1.000000000000000000 ) ) ;
#6074 = CARTESIAN_POINT ( 'NONE',  ( -4.350000000000000533, 0.8000000000000000444, -0.4000000000000010214 ) ) ;
#6075 = EDGE_CURVE ( 'NONE', #5459, #7169, #7827, .T. ) ;
#6076 = DIRECTION ( 'NONE',  ( -0.000000000000000000, 0.000000000000000000, -1.000000000000000000 ) ) ;
#6077 = VECTOR ( 'NONE', #8076, 1000.000000000000000 ) ;
#6078 = FACE_OUTER_BOUND ( 'NONE', #7848, .T. ) ;
#6079 = VECTOR ( 'NONE', #3125, 1000.000000000000000 ) ;
#6080 = ORIENTED_EDGE ( 'NONE', *, *, #7624, .F. ) ;
#6081 = DIRECTION ( 'NONE',  ( -0.000000000000000000, -1.000000000000000000, -0.000000000000000000 ) ) ;
#6082 = VERTEX_POINT ( 'NONE', #10731 ) ;
#6083 = CARTESIAN_POINT ( 'NONE',  ( -3.900000000000000799, 0.3999999999999999667, -4.800000000000001599 ) ) ;
#6084 = FACE_OUTER_BOUND ( 'NONE', #76, .T. ) ;
#6085 = DIRECTION ( 'NONE',  ( -0.000000000000000000, -3.252606517456512119E-15, -1.000000000000000000 ) ) ;
#6086 = FILL_AREA_STYLE_COLOUR ( '', #6550 ) ;
#6087 = ORIENTED_EDGE ( 'NONE', *, *, #10212, .F. ) ;
#6088 = ORIENTED_EDGE ( 'NONE', *, *, #9247, .T. ) ;
#6089 = CARTESIAN_POINT ( 'NONE',  ( -3.899999999999999467, 0.4000000000000000777, -4.000000000000000888 ) ) ;
#6090 = CARTESIAN_POINT ( 'NONE',  ( 4.350000000000000533, 0.8010000000000000453, -1.800000000000000711 ) ) ;
#6091 = VECTOR ( 'NONE', #2119, 1000.000000000000000 ) ;
#6092 = VECTOR ( 'NONE', #7444, 1000.000000000000000 ) ;
#6093 = DIRECTION ( 'NONE',  ( 2.409338161078908548E-16, -1.000000000000000000, 0.000000000000000000 ) ) ;
#6094 = EDGE_CURVE ( 'NONE', #10169, #1423, #643, .T. ) ;
#6095 = LINE ( 'NONE', #10457, #2486 ) ;
#6096 = DIRECTION ( 'NONE',  ( 0.000000000000000000, 0.000000000000000000, 1.000000000000000000 ) ) ;
#6097 = DIRECTION ( 'NONE',  ( 1.000000000000000000, -0.000000000000000000, 9.637352644315598694E-16 ) ) ;
#6098 = VECTOR ( 'NONE', #9096, 1000.000000000000000 ) ;
#6099 = ORIENTED_EDGE ( 'NONE', *, *, #8339, .F. ) ;
#6100 = ORIENTED_EDGE ( 'NONE', *, *, #8616, .T. ) ;
#6101 = ORIENTED_EDGE ( 'NONE', *, *, #408, .F. ) ;
#6102 = DIRECTION ( 'NONE',  ( 0.000000000000000000, -1.000000000000000000, -3.491481338843133355E-15 ) ) ;
#6103 = CARTESIAN_POINT ( 'NONE',  ( -4.350000000000000533, 0.4000000000000000222, 0.6999999999999992895 ) ) ;
#6104 = VERTEX_POINT ( 'NONE', #1537 ) ;
#6105 = DIRECTION ( 'NONE',  ( -0.000000000000000000, -0.000000000000000000, -1.000000000000000000 ) ) ;
#6106 = CARTESIAN_POINT ( 'NONE',  ( 4.799999999999998934, 0.000000000000000000, -1.350000000000002309 ) ) ;
#6107 = CIRCLE ( 'NONE', #562, 0.2500000000000002220 ) ;
#6108 = CARTESIAN_POINT ( 'NONE',  ( 4.350000000000000533, 0.4000000000000000222, -1.799999999999992939 ) ) ;
#6109 = FACE_OUTER_BOUND ( 'NONE', #1802, .T. ) ;
#6110 = ADVANCED_FACE ( 'NONE', ( #7886 ), #565, .F. ) ;
#6111 = EDGE_CURVE ( 'NONE', #7634, #4485, #4313, .T. ) ;
#6112 = CARTESIAN_POINT ( 'NONE',  ( 4.799999999999998934, 0.8000000000000000444, 5.000000000000000000 ) ) ;
#6113 = AXIS2_PLACEMENT_3D ( 'NONE', #10599, #675, #4801 ) ;
#6114 = FACE_OUTER_BOUND ( 'NONE', #7609, .T. ) ;
#6115 = ORIENTED_EDGE ( 'NONE', *, *, #2034, .F. ) ;
#6116 = ORIENTED_EDGE ( 'NONE', *, *, #5033, .T. ) ;
#6117 = EDGE_CURVE ( 'NONE', #5355, #7511, #363, .T. ) ;
#6118 = VECTOR ( 'NONE', #5629, 1000.000000000000000 ) ;
#6119 = VERTEX_POINT ( 'NONE', #2352 ) ;
#6120 = DIRECTION ( 'NONE',  ( -1.000000000000000000, -1.301042606982607530E-14, 0.000000000000000000 ) ) ;
#6121 = EDGE_LOOP ( 'NONE', ( #4149, #521, #856, #2639 ) ) ;
#6122 = DIRECTION ( 'NONE',  ( -0.000000000000000000, -0.000000000000000000, -1.000000000000000000 ) ) ;
#6123 = VECTOR ( 'NONE', #6682, 1000.000000000000000 ) ;
#6124 = DIRECTION ( 'NONE',  ( 0.000000000000000000, 0.000000000000000000, 1.000000000000000000 ) ) ;
#6125 = LINE ( 'NONE', #8428, #2708 ) ;
#6126 = DIRECTION ( 'NONE',  ( -0.000000000000000000, -0.000000000000000000, -1.000000000000000000 ) ) ;
#6127 = FACE_OUTER_BOUND ( 'NONE', #1608, .T. ) ;
#6128 = EDGE_CURVE ( 'NONE', #687, #1111, #3949, .T. ) ;
#6129 = DIRECTION ( 'NONE',  ( -1.000000000000000000, 2.409338161078899674E-16, 0.000000000000000000 ) ) ;
#6130 = DIRECTION ( 'NONE',  ( -0.000000000000000000, 0.000000000000000000, -1.000000000000000000 ) ) ;
#6132 = VECTOR ( 'NONE', #2559, 1000.000000000000000 ) ;
#6131 =( LENGTH_UNIT ( ) NAMED_UNIT ( * ) SI_UNIT ( .MILLI., .METRE. ) );
#6133 = ORIENTED_EDGE ( 'NONE', *, *, #8042, .F. ) ;
#6134 = ORIENTED_EDGE ( 'NONE', *, *, #9361, .F. ) ;
#6135 = EDGE_CURVE ( 'NONE', #10493, #8551, #3992, .T. ) ;
#6136 = ADVANCED_FACE ( 'NONE', ( #4469 ), #7972, .F. ) ;
#6137 = CIRCLE ( 'NONE', #9296, 0.2500000000000004441 ) ;
#6138 = ORIENTED_EDGE ( 'NONE', *, *, #5177, .T. ) ;
#6139 = EDGE_LOOP ( 'NONE', ( #6011, #1837, #7626, #9362, #2979, #7062 ) ) ;
#6140 = FACE_OUTER_BOUND ( 'NONE', #621, .T. ) ;
#6141 = SURFACE_SIDE_STYLE ('',( #2771 ) ) ;
#6142 = VECTOR ( 'NONE', #834, 1000.000000000000000 ) ;
#6143 = VECTOR ( 'NONE', #387, 1000.000000000000000 ) ;
#6144 = ADVANCED_FACE ( 'NONE', ( #959 ), #5799, .F. ) ;
#6145 = CYLINDRICAL_SURFACE ( 'NONE', #5598, 0.2500000000000002220 ) ;
#6146 = ORIENTED_EDGE ( 'NONE', *, *, #4038, .T. ) ;
#6147 = DIRECTION ( 'NONE',  ( 0.000000000000000000, 1.000000000000000000, 0.000000000000000000 ) ) ;
#6148 = ORIENTED_EDGE ( 'NONE', *, *, #2699, .F. ) ;
#6149 = CARTESIAN_POINT ( 'NONE',  ( -3.900000000000000799, 0.4000000000000000222, -1.800000000000000711 ) ) ;
#6150 = LINE ( 'NONE', #2174, #9808 ) ;
#6151 = DIRECTION ( 'NONE',  ( 5.551115123125782702E-17, 1.000000000000000000, 7.888609052210118054E-31 ) ) ;
#6152 = ORIENTED_EDGE ( 'NONE', *, *, #9647, .T. ) ;
#6153 = EDGE_LOOP ( 'NONE', ( #28, #403, #3570, #7719, #486, #6532 ) ) ;
#6154 = DIRECTION ( 'NONE',  ( 0.000000000000000000, 1.000000000000000000, -3.252606517456512119E-15 ) ) ;
#6155 = ADVANCED_FACE ( 'NONE', ( #4401 ), #9280, .F. ) ;
#6156 = EDGE_CURVE ( 'NONE', #6579, #7176, #816, .T. ) ;
#6157 = CARTESIAN_POINT ( 'NONE',  ( 4.799999999999998934, 0.8000000000000000444, 4.904159457879235795 ) ) ;
#6158 = EDGE_CURVE ( 'NONE', #1638, #7685, #8289, .T. ) ;
#6159 = PRESENTATION_STYLE_ASSIGNMENT (( #8560 ) ) ;
#6160 = AXIS2_PLACEMENT_3D ( 'NONE', #2162, #2982, #2436 ) ;
#6161 = DIRECTION ( 'NONE',  ( 1.000000000000000000, 4.336808689942013792E-16, 0.000000000000000000 ) ) ;
#6162 = LINE ( 'NONE', #392, #5986 ) ;
#6164 = EDGE_CURVE ( 'NONE', #3537, #1659, #7996, .T. ) ;
#6163 = CARTESIAN_POINT ( 'NONE',  ( -4.800000000000000711, 0.000000000000000000, -0.4000000000000010214 ) ) ;
#6165 = CARTESIAN_POINT ( 'NONE',  ( -4.800000000000000711, 0.000000000000000000, 5.000000000000000000 ) ) ;
#6166 = ORIENTED_EDGE ( 'NONE', *, *, #6245, .T. ) ;
#6167 = ORIENTED_EDGE ( 'NONE', *, *, #3655, .T. ) ;
#6168 = VECTOR ( 'NONE', #10218, 1000.000000000000000 ) ;
#6169 = VERTEX_POINT ( 'NONE', #9155 ) ;
#6170 = CARTESIAN_POINT ( 'NONE',  ( -4.099999999999997868, 2.399999999999999911, 4.300000000000001599 ) ) ;
#6171 = DIRECTION ( 'NONE',  ( 0.000000000000000000, 1.000000000000000000, 0.000000000000000000 ) ) ;
#6172 = ADVANCED_FACE ( 'NONE', ( #8053 ), #4516, .F. ) ;
#6173 = EDGE_LOOP ( 'NONE', ( #10015, #2533, #6293, #6637 ) ) ;
#6174 = EDGE_CURVE ( 'NONE', #9423, #7387, #8135, .T. ) ;
#6175 = DIRECTION ( 'NONE',  ( 0.000000000000000000, -1.000000000000000000, 0.000000000000000000 ) ) ;
#6176 = CIRCLE ( 'NONE', #4815, 0.2999999999999999334 ) ;
#6177 = DIRECTION ( 'NONE',  ( -0.000000000000000000, -1.000000000000000000, -0.000000000000000000 ) ) ;
#6178 = ADVANCED_FACE ( 'NONE', ( #912 ), #8589, .F. ) ;
#6179 = EDGE_CURVE ( 'NONE', #5189, #7974, #4489, .T. ) ;
#6180 = CARTESIAN_POINT ( 'NONE',  ( -4.099999999999997868, 0.7999999999999997113, -4.700000000000005507 ) ) ;
#6181 = DIRECTION ( 'NONE',  ( 0.000000000000000000, 1.000000000000000000, -2.891205793294677044E-15 ) ) ;
#6182 = FACE_OUTER_BOUND ( 'NONE', #2279, .T. ) ;
#6183 = AXIS2_PLACEMENT_3D ( 'NONE', #7507, #5830, #5897 ) ;
#6184 = MANIFOLD_SOLID_BREP ( 'LPattern2[1]', #2776 ) ;
#6185 = PLANE ( 'NONE',  #5794 ) ;
#6186 = VECTOR ( 'NONE', #9373, 1000.000000000000000 ) ;
#6187 = ORIENTED_EDGE ( 'NONE', *, *, #5998, .T. ) ;
#6188 = ORIENTED_EDGE ( 'NONE', *, *, #3186, .F. ) ;
#6189 = EDGE_CURVE ( 'NONE', #5369, #7519, #1044, .T. ) ;
#6190 = VECTOR ( 'NONE', #6812, 1000.000000000000000 ) ;
#6191 = DIRECTION ( 'NONE',  ( 1.000000000000000000, -0.000000000000000000, 9.637352644315598694E-16 ) ) ;
#6192 = ORIENTED_EDGE ( 'NONE', *, *, #2387, .T. ) ;
#6193 = EDGE_CURVE ( 'NONE', #7261, #2300, #4650, .T. ) ;
#6194 = DIRECTION ( 'NONE',  ( -0.000000000000000000, 0.000000000000000000, -1.000000000000000000 ) ) ;
#6195 = DIRECTION ( 'NONE',  ( 0.000000000000000000, 1.000000000000000000, 0.000000000000000000 ) ) ;
#6196 = LINE ( 'NONE', #8329, #6334 ) ;
#6197 = CARTESIAN_POINT ( 'NONE',  ( -3.299999999999997602, 2.549999999999999822, -3.500000000000000000 ) ) ;
#6198 = LINE ( 'NONE', #9697, #2665 ) ;
#6199 = DIRECTION ( 'NONE',  ( 0.000000000000000000, 1.000000000000000000, 3.252606517456512119E-15 ) ) ;
#6200 = AXIS2_PLACEMENT_3D ( 'NONE', #8792, #8870, #576 ) ;
#6201 = LINE ( 'NONE', #1981, #2636 ) ;
#6202 = ADVANCED_FACE ( 'NONE', ( #4565 ), #10013, .F. ) ;
#6203 = CARTESIAN_POINT ( 'NONE',  ( -4.800000000000000711, 0.8000000000000000444, 6.004159457879236328 ) ) ;
#6204 = PLANE ( 'NONE',  #6501 ) ;
#6206 = FACE_OUTER_BOUND ( 'NONE', #2264, .T. ) ;
#6205 = DIRECTION ( 'NONE',  ( -0.000000000000000000, -0.000000000000000000, -1.000000000000000000 ) ) ;
#6207 = AXIS2_PLACEMENT_3D ( 'NONE', #10158, #803, #8253 ) ;
#6208 = ORIENTED_EDGE ( 'NONE', *, *, #9950, .F. ) ;
#6209 = ORIENTED_EDGE ( 'NONE', *, *, #5900, .F. ) ;
#6210 = LINE ( 'NONE', #2375, #5976 ) ;
#6211 = EDGE_CURVE ( 'NONE', #818, #3338, #7945, .T. ) ;
#6212 = ORIENTED_EDGE ( 'NONE', *, *, #2630, .F. ) ;
#6213 = LINE ( 'NONE', #5136, #9796 ) ;
#6214 = SURFACE_SIDE_STYLE ('',( #7735 ) ) ;
#6215 = CARTESIAN_POINT ( 'NONE',  ( -4.350000000000000533, 0.7999999999999999334, -3.700000000000001066 ) ) ;
#6216 = SURFACE_STYLE_FILL_AREA ( #10184 ) ;
#6217 = VECTOR ( 'NONE', #6242, 1000.000000000000000 ) ;
#6218 = VECTOR ( 'NONE', #1814, 1000.000000000000000 ) ;
#6219 = EDGE_LOOP ( 'NONE', ( #10497, #4142, #7147, #3802 ) ) ;
#6220 = CARTESIAN_POINT ( 'NONE',  ( 4.800000000000000711, 0.8000000000000000444, 3.699999999999999289 ) ) ;
#6221 = ORIENTED_EDGE ( 'NONE', *, *, #24, .T. ) ;
#6222 = CARTESIAN_POINT ( 'NONE',  ( -4.800000000000000711, 0.8000000000000000444, 0.5041594578792359949 ) ) ;
#6223 = ADVANCED_FACE ( 'NONE', ( #4418 ), #225, .F. ) ;
#6224 = AXIS2_PLACEMENT_3D ( 'NONE', #6062, #1197, #2778 ) ;
#6225 = VECTOR ( 'NONE', #9694, 1000.000000000000000 ) ;
#6226 = DIRECTION ( 'NONE',  ( -6.310887241768094443E-30, -7.888609052210118054E-31, -1.000000000000000000 ) ) ;
#6227 = ORIENTED_EDGE ( 'NONE', *, *, #3102, .T. ) ;
#6228 = CARTESIAN_POINT ( 'NONE',  ( -4.350000000000000533, 0.8000000000000000444, -1.500000000000001332 ) ) ;
#6229 = STYLED_ITEM ( 'NONE', ( #5781 ), #9581 ) ;
#6230 = CARTESIAN_POINT ( 'NONE',  ( 4.799999999999998934, 0.8000000000000000444, -1.500000000000001332 ) ) ;
#6231 = LINE ( 'NONE', #8187, #2597 ) ;
#6232 = VECTOR ( 'NONE', #9317, 1000.000000000000000 ) ;
#6233 = DIRECTION ( 'NONE',  ( 1.000000000000000000, 0.000000000000000000, 0.000000000000000000 ) ) ;
#6234 = LINE ( 'NONE', #7865, #2415 ) ;
#6235 = PLANE ( 'NONE',  #8163 ) ;
#6236 = ADVANCED_FACE ( 'NONE', ( #8014 ), #1063, .F. ) ;
#6237 = DIRECTION ( 'NONE',  ( 0.000000000000000000, 0.000000000000000000, 1.000000000000000000 ) ) ;
#6238 = LINE ( 'NONE', #9436, #9771 ) ;
#6239 = ORIENTED_EDGE ( 'NONE', *, *, #7298, .F. ) ;
#6240 = VERTEX_POINT ( 'NONE', #1134 ) ;
#6241 = LINE ( 'NONE', #10357, #2658 ) ;
#6242 = DIRECTION ( 'NONE',  ( 1.000000000000000000, -0.000000000000000000, 9.637352644315598694E-16 ) ) ;
#6243 = DIRECTION ( 'NONE',  ( -0.000000000000000000, -0.000000000000000000, -1.000000000000000000 ) ) ;
#6244 = ORIENTED_EDGE ( 'NONE', *, *, #9958, .T. ) ;
#6245 = EDGE_CURVE ( 'NONE', #6805, #1429, #746, .T. ) ;
#6246 = CARTESIAN_POINT ( 'NONE',  ( -4.800000000000000711, 0.8000000000000000444, 6.004159457879236328 ) ) ;
#6247 = PLANE ( 'NONE',  #237 ) ;
#6248 = CARTESIAN_POINT ( 'NONE',  ( 4.350000000000000533, 0.4000000000000000222, -1.695840542120764072 ) ) ;
#6249 = LINE ( 'NONE', #10161, #9828 ) ;
#6250 = AXIS2_PLACEMENT_3D ( 'NONE', #1954, #6950, #10277 ) ;
#6251 = DIRECTION ( 'NONE',  ( 0.000000000000000000, 1.000000000000000000, 0.000000000000000000 ) ) ;
#6252 = CARTESIAN_POINT ( 'NONE',  ( 4.799999999999998934, 0.4000000000000000222, 3.699999999999998401 ) ) ;
#6253 = CARTESIAN_POINT ( 'NONE',  ( -3.900000000000000799, 0.4000000000000000222, 1.499999999999999556 ) ) ;
#6254 = EDGE_CURVE ( 'NONE', #5395, #3711, #797, .T. ) ;
#6255 = CARTESIAN_POINT ( 'NONE',  ( -4.800000000000000711, 0.8000000000000000444, -0.7000000000000009548 ) ) ;
#6256 = CIRCLE ( 'NONE', #3306, 0.2500000000000002220 ) ;
#6257 = ORIENTED_EDGE ( 'NONE', *, *, #7506, .F. ) ;
#6258 = EDGE_LOOP ( 'NONE', ( #9509, #4396, #9060, #8111, #10014, #1988 ) ) ;
#6259 = VECTOR ( 'NONE', #603, 1000.000000000000000 ) ;
#6260 = PLANE ( 'NONE',  #9918 ) ;
#6261 = EDGE_LOOP ( 'NONE', ( #5146, #2346, #1101, #6429 ) ) ;
#6262 = CARTESIAN_POINT ( 'NONE',  ( 3.899999999999999023, 0.4000000000000000222, 2.600000000000006750 ) ) ;
#6263 = EDGE_CURVE ( 'NONE', #10456, #5147, #4437, .T. ) ;
#6264 = CARTESIAN_POINT ( 'NONE',  ( 4.799999999999998934, 0.000000000000000000, 2.599999999999998312 ) ) ;
#6265 = FACE_OUTER_BOUND ( 'NONE', #9068, .T. ) ;
#6266 = DIRECTION ( 'NONE',  ( 0.000000000000000000, 0.000000000000000000, -1.000000000000000000 ) ) ;
#6267 = EDGE_CURVE ( 'NONE', #5220, #9668, #845, .T. ) ;
#6268 = AXIS2_PLACEMENT_3D ( 'NONE', #8605, #6093, #4166 ) ;
#6269 = FACE_OUTER_BOUND ( 'NONE', #6258, .T. ) ;
#6270 = CARTESIAN_POINT ( 'NONE',  ( -4.800000000000000711, 0.8000000000000000444, -1.800000000000002487 ) ) ;
#6271 = VECTOR ( 'NONE', #9561, 1000.000000000000000 ) ;
#6272 = CARTESIAN_POINT ( 'NONE',  ( -1.399999999999998135, 0.7999999999999685141, -4.700000000000004619 ) ) ;
#6273 = CARTESIAN_POINT ( 'NONE',  ( -4.800000000000000711, 0.8000000000000000444, -0.7000000000000027311 ) ) ;
#6274 = CARTESIAN_POINT ( 'NONE',  ( -4.350000000000000533, 0.7999999999999999334, 2.704159457879236506 ) ) ;
#6275 = CARTESIAN_POINT ( 'NONE',  ( -4.800000000000000711, 0.000000000000000000, -0.7000000000000018430 ) ) ;
#6276 = CARTESIAN_POINT ( 'NONE',  ( 1.399999999999998135, 1.200000000000001288, 4.700000000000004619 ) ) ;
#6278 = LINE ( 'NONE', #8446, #9698 ) ;
#6277 = DIRECTION ( 'NONE',  ( -1.000000000000000000, 0.000000000000000000, 0.000000000000000000 ) ) ;
#6279 = VERTEX_POINT ( 'NONE', #5708 ) ;
#6280 = ORIENTED_EDGE ( 'NONE', *, *, #3142, .T. ) ;
#6281 = LINE ( 'NONE', #8888, #6295 ) ;
#6282 = EDGE_LOOP ( 'NONE', ( #10586, #4547, #6944, #10718, #1798, #3651 ) ) ;
#6283 = VECTOR ( 'NONE', #6413, 1000.000000000000000 ) ;
#6284 = CARTESIAN_POINT ( 'NONE',  ( -3.900000000000000799, 0.4000000000000000222, 3.804159457879236150 ) ) ;
#6285 = PLANE ( 'NONE',  #2773 ) ;
#6286 = FACE_OUTER_BOUND ( 'NONE', #8467, .T. ) ;
#6287 = EDGE_CURVE ( 'NONE', #8188, #8416, #862, .T. ) ;
#6288 = LINE ( 'NONE', #10309, #9836 ) ;
#6289 = VECTOR ( 'NONE', #10275, 1000.000000000000000 ) ;
#6290 = EDGE_CURVE ( 'NONE', #6627, #1775, #4369, .T. ) ;
#6291 = ORIENTED_EDGE ( 'NONE', *, *, #5546, .T. ) ;
#6292 = DIRECTION ( 'NONE',  ( -0.000000000000000000, -0.000000000000000000, -1.000000000000000000 ) ) ;
#6293 = ORIENTED_EDGE ( 'NONE', *, *, #9110, .T. ) ;
#6294 = DIRECTION ( 'NONE',  ( 1.000000000000000000, 0.000000000000000000, -0.000000000000000000 ) ) ;
#6295 = VECTOR ( 'NONE', #2032, 1000.000000000000000 ) ;
#6296 = CARTESIAN_POINT ( 'NONE',  ( 4.350000000000000533, 0.7999999999999999334, 2.899999999999999023 ) ) ;
#6297 = ORIENTED_EDGE ( 'NONE', *, *, #789, .T. ) ;
#6298 = SURFACE_SIDE_STYLE ('',( #6603 ) ) ;
#6299 = AXIS2_PLACEMENT_3D ( 'NONE', #3777, #2683, #8562 ) ;
#6300 = DIRECTION ( 'NONE',  ( 2.409338161078908548E-16, -1.000000000000000000, 0.000000000000000000 ) ) ;
#6301 = PRESENTATION_STYLE_ASSIGNMENT (( #3267 ) ) ;
#6302 = LINE ( 'NONE', #8493, #9568 ) ;
#6303 = EDGE_CURVE ( 'NONE', #4109, #1549, #4681, .T. ) ;
#6304 = LINE ( 'NONE', #4461, #6143 ) ;
#6305 = DIRECTION ( 'NONE',  ( -1.000000000000000000, 0.000000000000000000, 0.000000000000000000 ) ) ;
#6306 = CARTESIAN_POINT ( 'NONE',  ( 3.899999999999999023, 0.4000000000000000222, -2.600000000000000977 ) ) ;
#6307 = VECTOR ( 'NONE', #2702, 1000.000000000000000 ) ;
#6308 = ORIENTED_EDGE ( 'NONE', *, *, #6287, .T. ) ;
#6309 = ORIENTED_EDGE ( 'NONE', *, *, #2048, .T. ) ;
#6310 = LINE ( 'NONE', #5696, #2574 ) ;
#6311 = DIRECTION ( 'NONE',  ( 0.000000000000000000, 0.000000000000000000, -1.000000000000000000 ) ) ;
#6312 = DIRECTION ( 'NONE',  ( 0.000000000000000000, 0.000000000000000000, 1.000000000000000000 ) ) ;
#6313 = ORIENTED_EDGE ( 'NONE', *, *, #1612, .F. ) ;
#6314 = DIRECTION ( 'NONE',  ( -0.000000000000000000, -0.000000000000000000, -1.000000000000000000 ) ) ;
#6315 = DIRECTION ( 'NONE',  ( -1.000000000000000000, 0.000000000000000000, 0.000000000000000000 ) ) ;
#6316 = CARTESIAN_POINT ( 'NONE',  ( -3.900000000000000799, 0.4000000000000000222, -2.900000000000000799 ) ) ;
#6317 = DIRECTION ( 'NONE',  ( -1.000000000000000000, 2.775557561562891351E-16, -9.637352644315596722E-16 ) ) ;
#6318 = EDGE_CURVE ( 'NONE', #1248, #9013, #898, .T. ) ;
#6319 = LINE ( 'NONE', #2753, #9905 ) ;
#6320 = CARTESIAN_POINT ( 'NONE',  ( -4.800000000000000711, 0.000000000000000000, -5.000000000000000000 ) ) ;
#6321 = LINE ( 'NONE', #8020, #2565 ) ;
#6322 = EDGE_CURVE ( 'NONE', #8035, #6352, #978, .T. ) ;
#6323 = DIRECTION ( 'NONE',  ( -0.000000000000000000, -0.000000000000000000, 1.000000000000000000 ) ) ;
#6324 = CIRCLE ( 'NONE', #6224, 0.2500000000000002220 ) ;
#6325 = VERTEX_POINT ( 'NONE', #908 ) ;
#6326 = ORIENTED_EDGE ( 'NONE', *, *, #9769, .F. ) ;
#6327 = FACE_OUTER_BOUND ( 'NONE', #658, .T. ) ;
#6328 = DIRECTION ( 'NONE',  ( -0.000000000000000000, -1.000000000000000000, -0.000000000000000000 ) ) ;
#6329 = ORIENTED_EDGE ( 'NONE', *, *, #5652, .F. ) ;
#6330 = CARTESIAN_POINT ( 'NONE',  ( 1.399999999999998135, 1.200000000000000622, 4.500000000000004441 ) ) ;
#6331 = DIRECTION ( 'NONE',  ( -1.000000000000000000, 0.000000000000000000, 0.000000000000000000 ) ) ;
#6332 = ORIENTED_EDGE ( 'NONE', *, *, #5393, .T. ) ;
#6333 = CARTESIAN_POINT ( 'NONE',  ( 4.350000000000000533, 0.8000000000000000444, 4.799999999999999822 ) ) ;
#6334 = VECTOR ( 'NONE', #7270, 1000.000000000000000 ) ;
#6335 = AXIS2_PLACEMENT_3D ( 'NONE', #977, #3906, #2628 ) ;
#6336 = DIRECTION ( 'NONE',  ( 0.000000000000000000, 1.000000000000000000, 0.000000000000000000 ) ) ;
#6337 = LINE ( 'NONE', #10048, #9848 ) ;
#6338 = CARTESIAN_POINT ( 'NONE',  ( 4.799999999999998934, 0.8000000000000000444, 3.804159457879236150 ) ) ;
#6339 = EDGE_CURVE ( 'NONE', #8904, #10772, #777, .T. ) ;
#6340 = VECTOR ( 'NONE', #6835, 1000.000000000000000 ) ;
#6341 = CARTESIAN_POINT ( 'NONE',  ( -4.800000000000000711, -5.421010862427522170E-17, -4.650000000000002132 ) ) ;
#6342 = PLANE ( 'NONE',  #3322 ) ;
#6343 = DIRECTION ( 'NONE',  ( -0.000000000000000000, -0.000000000000000000, -1.000000000000000000 ) ) ;
#6344 = DIRECTION ( 'NONE',  ( 0.000000000000000000, -0.000000000000000000, 1.000000000000000000 ) ) ;
#6346 = LINE ( 'NONE', #7191, #9927 ) ;
#6345 = CARTESIAN_POINT ( 'NONE',  ( 0.000000000000000000, 0.4000000000000000222, 0.000000000000000000 ) ) ;
#6347 = ORIENTED_EDGE ( 'NONE', *, *, #8143, .F. ) ;
#6348 = ORIENTED_EDGE ( 'NONE', *, *, #6900, .F. ) ;
#6349 = LINE ( 'NONE', #922, #9793 ) ;
#6350 = ADVANCED_FACE ( 'NONE', ( #1008 ), #4278, .F. ) ;
#6351 = ORIENTED_EDGE ( 'NONE', *, *, #2501, .T. ) ;
#6352 = VERTEX_POINT ( 'NONE', #3546 ) ;
#6353 = LINE ( 'NONE', #5950, #2881 ) ;
#6354 = DIRECTION ( 'NONE',  ( -0.000000000000000000, -0.000000000000000000, -1.000000000000000000 ) ) ;
#6355 = ADVANCED_FACE ( 'NONE', ( #4666 ), #495, .F. ) ;
#6356 = CARTESIAN_POINT ( 'NONE',  ( 4.799999999999998934, 0.8000000000000000444, 1.604159457879236195 ) ) ;
#6357 = LINE ( 'NONE', #2828, #2723 ) ;
#6358 = LINE ( 'NONE', #3683, #2435 ) ;
#6359 = CARTESIAN_POINT ( 'NONE',  ( 4.799999999999998934, 0.000000000000000000, 0.2499999999999985012 ) ) ;
#6360 = EDGE_CURVE ( 'NONE', #5792, #1202, #8256, .T. ) ;
#6361 =( GEOMETRIC_REPRESENTATION_CONTEXT ( 3 ) GLOBAL_UNCERTAINTY_ASSIGNED_CONTEXT ( ( #6426 ) ) GLOBAL_UNIT_ASSIGNED_CONTEXT ( ( #8794, #9026, #9882 ) ) REPRESENTATION_CONTEXT ( 'NONE', 'WORKASPACE' ) );
#6362 = VECTOR ( 'NONE', #952, 1000.000000000000000 ) ;
#6363 = VERTEX_POINT ( 'NONE', #276 ) ;
#6364 = DIRECTION ( 'NONE',  ( -0.000000000000000000, -0.000000000000000000, -1.000000000000000000 ) ) ;
#6365 = ORIENTED_EDGE ( 'NONE', *, *, #8768, .T. ) ;
#6366 = DIRECTION ( 'NONE',  ( -2.465190328815661892E-32, 0.000000000000000000, -1.000000000000000000 ) ) ;
#6367 = DIRECTION ( 'NONE',  ( -0.000000000000000000, -0.000000000000000000, -1.000000000000000000 ) ) ;
#6368 = VERTEX_POINT ( 'NONE', #4495 ) ;
#6369 = CARTESIAN_POINT ( 'NONE',  ( -3.900000000000000799, 0.4000000000000000222, 0.6999999999999992895 ) ) ;
#6370 = DIRECTION ( 'NONE',  ( -0.000000000000000000, -1.000000000000000000, -0.000000000000000000 ) ) ;
#6371 = ORIENTED_EDGE ( 'NONE', *, *, #4678, .T. ) ;
#6372 = CARTESIAN_POINT ( 'NONE',  ( -4.800000000000000711, 0.8000000000000000444, 3.804159457879236150 ) ) ;
#6373 = LINE ( 'NONE', #6369, #6470 ) ;
#6374 = LINE ( 'NONE', #7633, #3018 ) ;
#6375 = DIRECTION ( 'NONE',  ( 1.000000000000000000, -0.000000000000000000, 0.000000000000000000 ) ) ;
#6376 = FACE_OUTER_BOUND ( 'NONE', #4893, .T. ) ;
#6377 = CARTESIAN_POINT ( 'NONE',  ( -4.800000000000000711, 0.000000000000000000, 4.649999999999998579 ) ) ;
#6378 = ORIENTED_EDGE ( 'NONE', *, *, #6111, .T. ) ;
#6379 = ORIENTED_EDGE ( 'NONE', *, *, #8158, .T. ) ;
#6380 = EDGE_CURVE ( 'NONE', #2807, #4566, #1065, .T. ) ;
#6381 = MECHANICAL_DESIGN_GEOMETRIC_PRESENTATION_REPRESENTATION (  '', ( #5877 ), #9500 ) ;
#6382 = VECTOR ( 'NONE', #9234, 1000.000000000000000 ) ;
#6383 =( NAMED_UNIT ( * ) SI_UNIT ( $, .STERADIAN. ) SOLID_ANGLE_UNIT ( ) );
#6384 = DIRECTION ( 'NONE',  ( -0.000000000000000000, -0.000000000000000000, -1.000000000000000000 ) ) ;
#6385 = ORIENTED_EDGE ( 'NONE', *, *, #2646, .T. ) ;
#6386 = EDGE_CURVE ( 'NONE', #7307, #2367, #4383, .T. ) ;
#6387 = CARTESIAN_POINT ( 'NONE',  ( 4.799999999999998934, 0.000000000000000000, 2.704159457879236506 ) ) ;
#6388 = ORIENTED_EDGE ( 'NONE', *, *, #5173, .F. ) ;
#6389 = DIRECTION ( 'NONE',  ( -0.000000000000000000, -0.000000000000000000, 1.000000000000000000 ) ) ;
#6390 = CARTESIAN_POINT ( 'NONE',  ( 4.799999999999998934, 0.8000000000000000444, -0.8500000000000017542 ) ) ;
#6391 = PLANE ( 'NONE',  #1408 ) ;
#6392 = ORIENTED_EDGE ( 'NONE', *, *, #4173, .T. ) ;
#6393 = EDGE_CURVE ( 'NONE', #153, #4177, #8359, .T. ) ;
#6394 = ORIENTED_EDGE ( 'NONE', *, *, #3327, .F. ) ;
#6395 = EDGE_CURVE ( 'NONE', #6720, #994, #8649, .T. ) ;
#6396 = VERTEX_POINT ( 'NONE', #3019 ) ;
#6397 = CARTESIAN_POINT ( 'NONE',  ( -4.800000000000000711, -5.421010862427522170E-17, -4.800000000000001599 ) ) ;
#6398 = VERTEX_POINT ( 'NONE', #3684 ) ;
#6399 = EDGE_CURVE ( 'NONE', #8760, #7554, #1306, .T. ) ;
#6400 = PLANE ( 'NONE',  #4659 ) ;
#6401 = LINE ( 'NONE', #7651, #9991 ) ;
#6402 = DIRECTION ( 'NONE',  ( -0.000000000000000000, -0.000000000000000000, -1.000000000000000000 ) ) ;
#6403 = PRESENTATION_STYLE_ASSIGNMENT (( #3346 ) ) ;
#6404 = AXIS2_PLACEMENT_3D ( 'NONE', #5541, #8858, #1532 ) ;
#6405 = CARTESIAN_POINT ( 'NONE',  ( -4.800000000000000711, 0.000000000000000000, 2.899999999999999023 ) ) ;
#6406 = PRESENTATION_STYLE_ASSIGNMENT (( #3154 ) ) ;
#6407 = DIRECTION ( 'NONE',  ( 1.000000000000000000, 0.000000000000000000, 9.637352644315598694E-16 ) ) ;
#6408 = DIRECTION ( 'NONE',  ( 1.000000000000000000, 0.000000000000000000, -0.000000000000000000 ) ) ;
#6409 = FILL_AREA_STYLE_COLOUR ( '', #821 ) ;
#6410 = DIRECTION ( 'NONE',  ( -9.637352644315598694E-16, 0.000000000000000000, 1.000000000000000000 ) ) ;
#6411 = ADVANCED_FACE ( 'NONE', ( #8548 ), #5238, .F. ) ;
#6412 = CARTESIAN_POINT ( 'NONE',  ( 3.899999999999999023, 0.4000000000000000222, 1.499999999999999556 ) ) ;
#6413 = DIRECTION ( 'NONE',  ( -1.000000000000000000, 0.000000000000000000, 0.000000000000000000 ) ) ;
#6414 = VERTEX_POINT ( 'NONE', #10707 ) ;
#6415 = ORIENTED_EDGE ( 'NONE', *, *, #9116, .T. ) ;
#6416 = VECTOR ( 'NONE', #5751, 1000.000000000000000 ) ;
#6417 = EDGE_CURVE ( 'NONE', #5021, #3538, #1116, .T. ) ;
#6418 = ORIENTED_EDGE ( 'NONE', *, *, #2707, .T. ) ;
#6419 = ORIENTED_EDGE ( 'NONE', *, *, #10141, .T. ) ;
#6420 = LINE ( 'NONE', #7287, #3085 ) ;
#6421 = DIRECTION ( 'NONE',  ( 0.000000000000000000, 1.000000000000000000, 0.000000000000000000 ) ) ;
#6422 = EDGE_CURVE ( 'NONE', #6279, #4842, #4958, .T. ) ;
#6423 = CARTESIAN_POINT ( 'NONE',  ( 4.800000000000000711, 0.8000000000000000444, -1.100000000000002087 ) ) ;
#6424 = VECTOR ( 'NONE', #9915, 1000.000000000000000 ) ;
#6425 = AXIS2_PLACEMENT_3D ( 'NONE', #5814, #7489, #1630 ) ;
#6426 = UNCERTAINTY_MEASURE_WITH_UNIT (LENGTH_MEASURE( 1.000000000000000082E-05 ), #8794, 'distance_accuracy_value', 'NONE');
#6427 = ORIENTED_EDGE ( 'NONE', *, *, #6019, .F. ) ;
#6428 = CARTESIAN_POINT ( 'NONE',  ( 3.899999999999999023, 0.000000000000000000, 2.599999999999999201 ) ) ;
#6429 = ORIENTED_EDGE ( 'NONE', *, *, #3555, .T. ) ;
#6430 = CARTESIAN_POINT ( 'NONE',  ( 4.350000000000000533, 0.4000000000000000222, -0.6999999999999931832 ) ) ;
#6431 = LINE ( 'NONE', #10286, #2992 ) ;
#6432 = DIRECTION ( 'NONE',  ( 0.000000000000000000, 1.000000000000000000, 0.000000000000000000 ) ) ;
#6433 = ADVANCED_FACE ( 'NONE', ( #8536 ), #3232, .F. ) ;
#6434 = ORIENTED_EDGE ( 'NONE', *, *, #6966, .T. ) ;
#6435 = EDGE_CURVE ( 'NONE', #7804, #2807, #1321, .T. ) ;
#6436 = EDGE_LOOP ( 'NONE', ( #4296, #7903, #7006, #8036, #627, #7129 ) ) ;
#6437 = CARTESIAN_POINT ( 'NONE',  ( 4.800000000000000711, 0.8000000000000000444, 0.3999999999999993006 ) ) ;
#6438 = LINE ( 'NONE', #10247, #10541 ) ;
#6439 = ADVANCED_FACE ( 'NONE', ( #1273 ), #4957, .T. ) ;
#6440 = DIRECTION ( 'NONE',  ( -0.000000000000000000, -0.000000000000000000, -1.000000000000000000 ) ) ;
#6441 = AXIS2_PLACEMENT_3D ( 'NONE', #131, #979, #5193 ) ;
#6442 = CARTESIAN_POINT ( 'NONE',  ( 4.350000000000000533, 0.4000000000000000222, -2.899999999999992806 ) ) ;
#6443 = DIRECTION ( 'NONE',  ( 5.551115123125782702E-17, 1.000000000000000000, 7.888609052210118054E-31 ) ) ;
#6444 = AXIS2_PLACEMENT_3D ( 'NONE', #10339, #7902, #3637 ) ;
#6445 = ORIENTED_EDGE ( 'NONE', *, *, #2795, .T. ) ;
#6446 = ORIENTED_EDGE ( 'NONE', *, *, #5787, .F. ) ;
#6447 = VECTOR ( 'NONE', #6621, 1000.000000000000000 ) ;
#6448 = CARTESIAN_POINT ( 'NONE',  ( 3.899999999999999023, 0.4000000000000000222, 3.699999999999999289 ) ) ;
#6449 = EDGE_CURVE ( 'NONE', #9840, #8365, #1189, .T. ) ;
#6450 = CARTESIAN_POINT ( 'NONE',  ( -4.800000000000000711, 0.8000000000000000444, -5.000000000000000000 ) ) ;
#6451 = VERTEX_POINT ( 'NONE', #9587 ) ;
#6452 = PLANE ( 'NONE',  #7358 ) ;
#6453 = CARTESIAN_POINT ( 'NONE',  ( 4.799999999999998934, 0.000000000000000000, 0.5041594578792359949 ) ) ;
#6454 = ORIENTED_EDGE ( 'NONE', *, *, #1686, .F. ) ;
#6455 = LINE ( 'NONE', #1652, #2866 ) ;
#6456 = DIRECTION ( 'NONE',  ( 9.637352644315598694E-16, -0.000000000000000000, 1.000000000000000000 ) ) ;
#6457 = DIRECTION ( 'NONE',  ( 1.000000000000000000, 0.000000000000000000, 0.000000000000000000 ) ) ;
#6458 = ORIENTED_EDGE ( 'NONE', *, *, #4059, .F. ) ;
#6459 = ORIENTED_EDGE ( 'NONE', *, *, #7263, .F. ) ;
#6460 = PRESENTATION_LAYER_ASSIGNMENT (  '', '', ( #3780 ) ) ;
#6461 = CIRCLE ( 'NONE', #8145, 0.2500000000000002220 ) ;
#6462 = CARTESIAN_POINT ( 'NONE',  ( -4.350000000000000533, 0.4000000000000000222, 1.799999999999998712 ) ) ;
#6463 = ORIENTED_EDGE ( 'NONE', *, *, #6179, .F. ) ;
#6464 = CARTESIAN_POINT ( 'NONE',  ( -4.800000000000000711, 0.8000000000000000444, -0.8500000000000017542 ) ) ;
#6465 = EDGE_CURVE ( 'NONE', #1361, #4789, #8481, .T. ) ;
#6466 =( GEOMETRIC_REPRESENTATION_CONTEXT ( 3 ) GLOBAL_UNCERTAINTY_ASSIGNED_CONTEXT ( ( #4203 ) ) GLOBAL_UNIT_ASSIGNED_CONTEXT ( ( #4179, #9181, #1021 ) ) REPRESENTATION_CONTEXT ( 'NONE', 'WORKASPACE' ) );
#6467 = DIRECTION ( 'NONE',  ( -0.000000000000000000, -0.000000000000000000, -1.000000000000000000 ) ) ;
#6468 = ORIENTED_EDGE ( 'NONE', *, *, #8431, .F. ) ;
#6469 = DIRECTION ( 'NONE',  ( 1.000000000000000000, 0.000000000000000000, 0.000000000000000000 ) ) ;
#6470 = VECTOR ( 'NONE', #5765, 1000.000000000000000 ) ;
#6471 = FACE_OUTER_BOUND ( 'NONE', #278, .T. ) ;
#6472 = DIRECTION ( 'NONE',  ( 0.000000000000000000, 1.000000000000000000, 0.000000000000000000 ) ) ;
#6473 = LINE ( 'NONE', #8497, #6524 ) ;
#6474 = CARTESIAN_POINT ( 'NONE',  ( -4.800000000000000711, 0.000000000000000000, -1.500000000000001332 ) ) ;
#6475 = CARTESIAN_POINT ( 'NONE',  ( -3.399999999999997691, 1.200000000000002176, 5.000000000000005329 ) ) ;
#6476 = CARTESIAN_POINT ( 'NONE',  ( 3.899999999999999023, 0.4000000000000000222, -0.4000000000000010214 ) ) ;
#6477 = CARTESIAN_POINT ( 'NONE',  ( -4.800000000000000711, 0.8000000000000000444, 4.149999999999998579 ) ) ;
#6478 = VERTEX_POINT ( 'NONE', #10478 ) ;
#6479 = ORIENTED_EDGE ( 'NONE', *, *, #10702, .F. ) ;
#6480 = LINE ( 'NONE', #10673, #9986 ) ;
#6481 = ORIENTED_EDGE ( 'NONE', *, *, #5922, .F. ) ;
#6482 = ORIENTED_EDGE ( 'NONE', *, *, #3298, .T. ) ;
#6483 = EDGE_CURVE ( 'NONE', #10701, #10802, #1339, .T. ) ;
#6484 = FACE_OUTER_BOUND ( 'NONE', #4586, .T. ) ;
#6485 = DIRECTION ( 'NONE',  ( -0.000000000000000000, 1.000000000000000000, 3.252606517456512119E-15 ) ) ;
#6486 = DIRECTION ( 'NONE',  ( -0.000000000000000000, -0.000000000000000000, -1.000000000000000000 ) ) ;
#6487 = LINE ( 'NONE', #5885, #6694 ) ;
#6488 = EDGE_CURVE ( 'NONE', #7476, #8215, #4788, .T. ) ;
#6489 = COLOUR_RGB ( '',1.000000000000000000, 0.8117647058823529438, 0.5019607843137254832 ) ;
#6490 = CARTESIAN_POINT ( 'NONE',  ( -4.350000000000000533, 0.8000000000000000444, -1.800000000000000711 ) ) ;
#6491 = EDGE_LOOP ( 'NONE', ( #9723, #2823, #864, #3224 ) ) ;
#6492 = PLANE ( 'NONE',  #889 ) ;
#6493 = ORIENTED_EDGE ( 'NONE', *, *, #660, .F. ) ;
#6494 = LINE ( 'NONE', #2926, #10210 ) ;
#6495 = CARTESIAN_POINT ( 'NONE',  ( 4.350000000000000533, 0.4000000000000000222, -0.7000000000000009548 ) ) ;
#6496 = EDGE_LOOP ( 'NONE', ( #7260, #4267, #7317, #289 ) ) ;
#6497 = SURFACE_STYLE_USAGE ( .BOTH. , #6298 ) ;
#6498 = ADVANCED_FACE ( 'NONE', ( #1409 ), #10261, .F. ) ;
#6499 = ORIENTED_EDGE ( 'NONE', *, *, #3254, .T. ) ;
#6500 = DIRECTION ( 'NONE',  ( -6.310887241768094443E-30, -7.888609052210118054E-31, -1.000000000000000000 ) ) ;
#6501 = AXIS2_PLACEMENT_3D ( 'NONE', #3799, #10138, #4647 ) ;
#6502 = FACE_OUTER_BOUND ( 'NONE', #838, .T. ) ;
#6503 = CARTESIAN_POINT ( 'NONE',  ( -4.350000000000000533, 0.8010000000000000453, 2.899999999999999023 ) ) ;
#6504 = LINE ( 'NONE', #771, #6557 ) ;
#6505 = PLANE ( 'NONE',  #2635 ) ;
#6506 = EDGE_LOOP ( 'NONE', ( #7339, #3356, #646, #3724, #8403, #4127 ) ) ;
#6507 = VERTEX_POINT ( 'NONE', #6330 ) ;
#6508 = CARTESIAN_POINT ( 'NONE',  ( 3.899999999999999023, 0.4000000000000000222, 4.799999999999999822 ) ) ;
#6509 = LINE ( 'NONE', #3276, #6629 ) ;
#6510 = CARTESIAN_POINT ( 'NONE',  ( 4.350000000000000533, 0.8000000000000000444, 1.499999999999999556 ) ) ;
#6511 = DIRECTION ( 'NONE',  ( -1.000000000000000000, -2.409338161078908548E-16, 0.000000000000000000 ) ) ;
#6512 = ADVANCED_FACE ( 'NONE', ( #5091 ), #8778, .F. ) ;
#6513 = ORIENTED_EDGE ( 'NONE', *, *, #8607, .F. ) ;
#6514 = ORIENTED_EDGE ( 'NONE', *, *, #9780, .T. ) ;
#6515 = FACE_OUTER_BOUND ( 'NONE', #9073, .T. ) ;
#6516 = CARTESIAN_POINT ( 'NONE',  ( 4.799999999999998934, 0.000000000000000000, 6.004159457879236328 ) ) ;
#6517 = ADVANCED_FACE ( 'NONE', ( #4976 ), #341, .F. ) ;
#6518 = EDGE_CURVE ( 'NONE', #608, #5182, #8597, .T. ) ;
#6519 = PLANE ( 'NONE',  #3094 ) ;
#6520 = CARTESIAN_POINT ( 'NONE',  ( -4.800000000000000711, 0.8000000000000000444, 5.000000000000000000 ) ) ;
#6521 = CARTESIAN_POINT ( 'NONE',  ( -4.099999999999997868, 1.528725063204563461E-14, -4.500000000000007994 ) ) ;
#6522 = VECTOR ( 'NONE', #6801, 1000.000000000000000 ) ;
#6523 = EDGE_CURVE ( 'NONE', #10375, #7804, #1289, .T. ) ;
#6524 = VECTOR ( 'NONE', #2686, 1000.000000000000000 ) ;
#6525 = DIRECTION ( 'NONE',  ( 1.000000000000000000, 0.000000000000000000, 9.637352644315598694E-16 ) ) ;
#6526 = EDGE_CURVE ( 'NONE', #10769, #10513, #8433, .T. ) ;
#6527 = VERTEX_POINT ( 'NONE', #8860 ) ;
#6528 = ORIENTED_EDGE ( 'NONE', *, *, #4503, .T. ) ;
#6529 = EDGE_CURVE ( 'NONE', #9391, #768, #1357, .T. ) ;
#6530 = FACE_OUTER_BOUND ( 'NONE', #8763, .T. ) ;
#6531 = DIRECTION ( 'NONE',  ( 0.000000000000000000, 0.000000000000000000, 1.000000000000000000 ) ) ;
#6532 = ORIENTED_EDGE ( 'NONE', *, *, #2864, .F. ) ;
#6533 = CARTESIAN_POINT ( 'NONE',  ( 3.899999999999999023, 0.4000000000000000222, 0.4000000000000062395 ) ) ;
#6534 = AXIS2_PLACEMENT_3D ( 'NONE', #747, #3200, #99 ) ;
#6535 = EDGE_LOOP ( 'NONE', ( #6978, #4473, #8262, #569 ) ) ;
#6536 = LINE ( 'NONE', #4733, #2756 ) ;
#6537 = DIRECTION ( 'NONE',  ( 1.000000000000000000, 0.000000000000000000, -0.000000000000000000 ) ) ;
#6538 = LINE ( 'NONE', #7170, #6589 ) ;
#6539 = CARTESIAN_POINT ( 'NONE',  ( 4.799999999999998934, 0.000000000000000000, 3.549999999999998490 ) ) ;
#6540 = VECTOR ( 'NONE', #6715, 1000.000000000000000 ) ;
#6541 = CARTESIAN_POINT ( 'NONE',  ( -4.099999999999997868, 1.200000000000000622, 4.500000000000004441 ) ) ;
#6542 = CARTESIAN_POINT ( 'NONE',  ( 4.350000000000000533, 0.4000000000000000222, -2.900000000000000799 ) ) ;
#6543 = CARTESIAN_POINT ( 'NONE',  ( 3.899999999999999023, 0.000000000000000000, -3.700000000000001066 ) ) ;
#6544 = EDGE_CURVE ( 'NONE', #458, #3569, #4911, .T. ) ;
#6545 = CARTESIAN_POINT ( 'NONE',  ( 3.899999999999999023, 0.4000000000000000222, -1.500000000000001332 ) ) ;
#6546 = ORIENTED_EDGE ( 'NONE', *, *, #5895, .F. ) ;
#6547 = ORIENTED_EDGE ( 'NONE', *, *, #8729, .F. ) ;
#6548 = LINE ( 'NONE', #884, #10140 ) ;
#6549 = PLANE ( 'NONE',  #5523 ) ;
#6550 = COLOUR_RGB ( '',0.000000000000000000, 0.5019607843137254832, 0.000000000000000000 ) ;
#6551 = ORIENTED_EDGE ( 'NONE', *, *, #3981, .T. ) ;
#6552 = EDGE_LOOP ( 'NONE', ( #837, #7093, #7948, #404 ) ) ;
#6553 = AXIS2_PLACEMENT_3D ( 'NONE', #8288, #3225, #9055 ) ;
#6554 = UNCERTAINTY_MEASURE_WITH_UNIT (LENGTH_MEASURE( 1.000000000000000082E-05 ), #10395, 'distance_accuracy_value', 'NONE');
#6555 = CARTESIAN_POINT ( 'NONE',  ( 4.350000000000000533, 0.4000000000000000222, -2.600000000000000977 ) ) ;
#6556 = LINE ( 'NONE', #2705, #10151 ) ;
#6557 = VECTOR ( 'NONE', #7299, 1000.000000000000000 ) ;
#6558 = CARTESIAN_POINT ( 'NONE',  ( -4.800000000000000711, 0.7999999999999999334, -4.400000000000002132 ) ) ;
#6559 = ORIENTED_EDGE ( 'NONE', *, *, #2381, .F. ) ;
#6560 = CARTESIAN_POINT ( 'NONE',  ( -4.800000000000000711, 0.8000000000000000444, 2.599999999999998312 ) ) ;
#6561 = VERTEX_POINT ( 'NONE', #6464 ) ;
#6562 = LINE ( 'NONE', #441, #10052 ) ;
#6563 = DIRECTION ( 'NONE',  ( 0.000000000000000000, -0.000000000000000000, 1.000000000000000000 ) ) ;
#6564 = DIRECTION ( 'NONE',  ( 0.000000000000000000, 0.000000000000000000, 1.000000000000000000 ) ) ;
#6565 = FACE_OUTER_BOUND ( 'NONE', #5170, .T. ) ;
#6566 = ORIENTED_EDGE ( 'NONE', *, *, #7183, .F. ) ;
#6567 = DIRECTION ( 'NONE',  ( 1.000000000000000000, 0.000000000000000000, 0.000000000000000000 ) ) ;
#6568 = DIRECTION ( 'NONE',  ( 0.000000000000000000, 3.252606517456512119E-15, 1.000000000000000000 ) ) ;
#6569 = AXIS2_PLACEMENT_3D ( 'NONE', #6705, #3449, #1167 ) ;
#6570 = ORIENTED_EDGE ( 'NONE', *, *, #10080, .F. ) ;
#6571 = CARTESIAN_POINT ( 'NONE',  ( 4.350000000000000533, 2.600999999999999979, -4.800000000000001599 ) ) ;
#6572 = VECTOR ( 'NONE', #9288, 1000.000000000000000 ) ;
#6573 = LINE ( 'NONE', #1263, #6713 ) ;
#6574 = EDGE_CURVE ( 'NONE', #9327, #7187, #4995, .T. ) ;
#6575 = CARTESIAN_POINT ( 'NONE',  ( -4.800000000000000711, 0.8000000000000000444, 1.499999999999997780 ) ) ;
#6576 = ADVANCED_FACE ( 'NONE', ( #1153 ), #5036, .T. ) ;
#6577 = DIRECTION ( 'NONE',  ( 1.000000000000000000, -2.409338161078899674E-16, 0.000000000000000000 ) ) ;
#6578 = VERTEX_POINT ( 'NONE', #6397 ) ;
#6579 = VERTEX_POINT ( 'NONE', #3108 ) ;
#6580 = VECTOR ( 'NONE', #593, 1000.000000000000000 ) ;
#6581 = DIRECTION ( 'NONE',  ( -1.000000000000000000, -2.409338161078908548E-16, 0.000000000000000000 ) ) ;
#6582 = ORIENTED_EDGE ( 'NONE', *, *, #3977, .T. ) ;
#6583 = ADVANCED_FACE ( 'NONE', ( #8613 ), #7175, .F. ) ;
#6584 = ORIENTED_EDGE ( 'NONE', *, *, #4556, .F. ) ;
#6585 = DIRECTION ( 'NONE',  ( 1.000000000000000000, 0.000000000000000000, 0.000000000000000000 ) ) ;
#6586 = PLANE ( 'NONE',  #5504 ) ;
#6587 = CARTESIAN_POINT ( 'NONE',  ( 4.799999999999998934, 0.8000000000000000444, 3.804159457879236150 ) ) ;
#6588 = DIRECTION ( 'NONE',  ( -0.000000000000000000, -0.000000000000000000, -1.000000000000000000 ) ) ;
#6589 = VECTOR ( 'NONE', #8031, 1000.000000000000000 ) ;
#6590 = AXIS2_PLACEMENT_3D ( 'NONE', #2529, #2311, #4029 ) ;
#6591 = LINE ( 'NONE', #8013, #10095 ) ;
#6592 = EDGE_CURVE ( 'NONE', #3319, #5513, #8377, .T. ) ;
#6593 = CARTESIAN_POINT ( 'NONE',  ( -4.099999999999997868, 2.400000000000000799, 4.700000000000000178 ) ) ;
#6594 = AXIS2_PLACEMENT_3D ( 'NONE', #1198, #2852, #2023 ) ;
#6595 = EDGE_LOOP ( 'NONE', ( #1234, #4954, #1897, #1196 ) ) ;
#6596 = ORIENTED_EDGE ( 'NONE', *, *, #2681, .T. ) ;
#6597 = LINE ( 'NONE', #10600, #10383 ) ;
#6598 = DIRECTION ( 'NONE',  ( 1.000000000000000000, 0.000000000000000000, -0.000000000000000000 ) ) ;
#6599 = ORIENTED_EDGE ( 'NONE', *, *, #6075, .T. ) ;
#6600 = CARTESIAN_POINT ( 'NONE',  ( 4.799999999999998934, 0.4000000000000000222, -4.800000000000001599 ) ) ;
#6601 = VERTEX_POINT ( 'NONE', #9454 ) ;
#6602 = DIRECTION ( 'NONE',  ( 0.000000000000000000, -1.000000000000000000, 0.000000000000000000 ) ) ;
#6603 = SURFACE_STYLE_FILL_AREA ( #4804 ) ;
#6604 = ADVANCED_FACE ( 'NONE', ( #8415 ), #1247, .F. ) ;
#6605 = VECTOR ( 'NONE', #9292, 1000.000000000000000 ) ;
#6606 = CARTESIAN_POINT ( 'NONE',  ( -4.800000000000000711, 0.000000000000000000, 5.000000000000000000 ) ) ;
#6607 = DIRECTION ( 'NONE',  ( 0.000000000000000000, -1.000000000000000000, 1.445602896647338522E-15 ) ) ;
#6608 = CARTESIAN_POINT ( 'NONE',  ( -3.900000000000000799, 0.4000000000000000222, 1.799999999999998712 ) ) ;
#6609 =( LENGTH_UNIT ( ) NAMED_UNIT ( * ) SI_UNIT ( .MILLI., .METRE. ) );
#6610 = ORIENTED_EDGE ( 'NONE', *, *, #9768, .F. ) ;
#6611 = ORIENTED_EDGE ( 'NONE', *, *, #169, .T. ) ;
#6612 = ORIENTED_EDGE ( 'NONE', *, *, #4122, .F. ) ;
#6613 = EDGE_CURVE ( 'NONE', #758, #534, #1427, .T. ) ;
#6614 = FACE_OUTER_BOUND ( 'NONE', #8662, .T. ) ;
#6615 = LINE ( 'NONE', #7577, #6844 ) ;
#6616 = ORIENTED_EDGE ( 'NONE', *, *, #8813, .F. ) ;
#6617 = EDGE_CURVE ( 'NONE', #10534, #54, #1097, .T. ) ;
#6618 = VERTEX_POINT ( 'NONE', #5206 ) ;
#6619 = PLANE ( 'NONE',  #5639 ) ;
#6620 = LINE ( 'NONE', #3005, #3071 ) ;
#6621 = DIRECTION ( 'NONE',  ( -0.000000000000000000, 0.000000000000000000, -1.000000000000000000 ) ) ;
#6622 = LINE ( 'NONE', #4018, #10198 ) ;
#6623 = DIRECTION ( 'NONE',  ( 0.000000000000000000, 0.000000000000000000, 1.000000000000000000 ) ) ;
#6624 = ORIENTED_EDGE ( 'NONE', *, *, #596, .F. ) ;
#6625 = ORIENTED_EDGE ( 'NONE', *, *, #6117, .F. ) ;
#6626 = DIRECTION ( 'NONE',  ( 0.000000000000000000, 0.000000000000000000, -1.000000000000000000 ) ) ;
#6627 = VERTEX_POINT ( 'NONE', #2350 ) ;
#6628 = MANIFOLD_SOLID_BREP ( 'LPattern2[4]', #7398 ) ;
#6629 = VECTOR ( 'NONE', #7501, 1000.000000000000000 ) ;
#6630 = CARTESIAN_POINT ( 'NONE',  ( -4.800000000000000711, 0.000000000000000000, 1.604159457879236195 ) ) ;
#6631 = CARTESIAN_POINT ( 'NONE',  ( -4.800000000000000711, 0.8000000000000000444, -2.200000000000001954 ) ) ;
#6632 = EDGE_CURVE ( 'NONE', #905, #7050, #7172, .T. ) ;
#6633 = CIRCLE ( 'NONE', #98, 0.2500000000000002220 ) ;
#6634 = ORIENTED_EDGE ( 'NONE', *, *, #6156, .F. ) ;
#6635 = CARTESIAN_POINT ( 'NONE',  ( 3.899999999999999023, 0.000000000000000000, -2.600000000000000977 ) ) ;
#6636 = DIRECTION ( 'NONE',  ( 0.000000000000000000, -0.000000000000000000, 1.000000000000000000 ) ) ;
#6637 = ORIENTED_EDGE ( 'NONE', *, *, #7704, .F. ) ;
#6638 = EDGE_CURVE ( 'NONE', #10445, #5449, #10502, .T. ) ;
#6639 = CARTESIAN_POINT ( 'NONE',  ( 3.899999999999999023, 0.4000000000000000222, -2.600000000000000977 ) ) ;
#6640 = LINE ( 'NONE', #8071, #9936 ) ;
#6641 = CARTESIAN_POINT ( 'NONE',  ( -4.800000000000000711, 0.8000000000000000444, 1.604159457879236195 ) ) ;
#6642 = ADVANCED_FACE ( 'NONE', ( #10790 ), #9012, .T. ) ;
#6643 = LINE ( 'NONE', #5140, #6605 ) ;
#6644 = ORIENTED_EDGE ( 'NONE', *, *, #2660, .F. ) ;
#6645 = ORIENTED_EDGE ( 'NONE', *, *, #8559, .F. ) ;
#6646 = ORIENTED_EDGE ( 'NONE', *, *, #7636, .F. ) ;
#6647 = CARTESIAN_POINT ( 'NONE',  ( -4.800000000000000711, 0.8000000000000000444, 2.899999999999999023 ) ) ;
#6648 = VECTOR ( 'NONE', #5426, 1000.000000000000000 ) ;
#6649 = DIRECTION ( 'NONE',  ( -1.000000000000000000, 0.000000000000000000, 0.000000000000000000 ) ) ;
#6650 = LINE ( 'NONE', #5012, #3118 ) ;
#6651 = ORIENTED_EDGE ( 'NONE', *, *, #8137, .T. ) ;
#6652 = EDGE_CURVE ( 'NONE', #6070, #6805, #10566, .T. ) ;
#6653 = AXIS2_PLACEMENT_3D ( 'NONE', #1902, #2716, #6076 ) ;
#6654 = VERTEX_POINT ( 'NONE', #2573 ) ;
#6655 = FACE_OUTER_BOUND ( 'NONE', #9718, .T. ) ;
#6656 =( NAMED_UNIT ( * ) PLANE_ANGLE_UNIT ( ) SI_UNIT ( $, .RADIAN. ) );
#6657 = EDGE_CURVE ( 'NONE', #6169, #2845, #3649, .T. ) ;
#6658 = DIRECTION ( 'NONE',  ( -1.000000000000000000, 0.000000000000000000, 0.000000000000000000 ) ) ;
#6659 = PLANE ( 'NONE',  #4693 ) ;
#6660 = DIRECTION ( 'NONE',  ( 0.000000000000000000, 0.000000000000000000, -1.000000000000000000 ) ) ;
#6661 = VECTOR ( 'NONE', #8473, 1000.000000000000000 ) ;
#6662 = EDGE_CURVE ( 'NONE', #6958, #10456, #7011, .T. ) ;
#6663 = AXIS2_PLACEMENT_3D ( 'NONE', #6423, #9615, #10433 ) ;
#6664 = ADVANCED_FACE ( 'NONE', ( #60 ), #2494, .F. ) ;
#6665 = CARTESIAN_POINT ( 'NONE',  ( 4.350000000000000533, 0.8010000000000000453, 0.3999999999999993006 ) ) ;
#6666 = DIRECTION ( 'NONE',  ( 0.000000000000000000, 0.000000000000000000, 1.000000000000000000 ) ) ;
#6667 = EDGE_LOOP ( 'NONE', ( #710, #9790, #6379, #37 ) ) ;
#6668 = ORIENTED_EDGE ( 'NONE', *, *, #9515, .F. ) ;
#6669 = ORIENTED_EDGE ( 'NONE', *, *, #3390, .F. ) ;
#6670 = EDGE_CURVE ( 'NONE', #4621, #6974, #3426, .T. ) ;
#6671 = FACE_OUTER_BOUND ( 'NONE', #3437, .T. ) ;
#6672 = DIRECTION ( 'NONE',  ( 0.000000000000000000, 0.000000000000000000, -1.000000000000000000 ) ) ;
#6673 = ORIENTED_EDGE ( 'NONE', *, *, #5026, .F. ) ;
#6674 = CARTESIAN_POINT ( 'NONE',  ( -4.300000000000007816, 3.830847676115493439E-15, -4.299999999999992717 ) ) ;
#6675 = ORIENTED_EDGE ( 'NONE', *, *, #9110, .F. ) ;
#6676 = LINE ( 'NONE', #10442, #10091 ) ;
#6677 = FACE_OUTER_BOUND ( 'NONE', #3070, .T. ) ;
#6678 = CARTESIAN_POINT ( 'NONE',  ( 0.000000000000000000, 0.4000000000000000222, 6.599999999999999645 ) ) ;
#6679 = CARTESIAN_POINT ( 'NONE',  ( -4.800000000000000711, 0.8000000000000000444, -1.800000000000000711 ) ) ;
#6680 = PLANE ( 'NONE',  #2562 ) ;
#6681 = EDGE_CURVE ( 'NONE', #6974, #4016, #3687, .T. ) ;
#6682 = DIRECTION ( 'NONE',  ( 0.000000000000000000, 0.000000000000000000, 1.000000000000000000 ) ) ;
#6683 = AXIS2_PLACEMENT_3D ( 'NONE', #2736, #8545, #8677 ) ;
#6684 = ORIENTED_EDGE ( 'NONE', *, *, #3060, .T. ) ;
#6685 = ORIENTED_EDGE ( 'NONE', *, *, #9859, .F. ) ;
#6686 = UNCERTAINTY_MEASURE_WITH_UNIT (LENGTH_MEASURE( 1.000000000000000082E-05 ), #5859, 'distance_accuracy_value', 'NONE');
#6687 = VECTOR ( 'NONE', #1014, 1000.000000000000000 ) ;
#6688 = EDGE_CURVE ( 'NONE', #7554, #7833, #7035, .T. ) ;
#6689 = DIRECTION ( 'NONE',  ( 9.637352644315598694E-16, -0.000000000000000000, 1.000000000000000000 ) ) ;
#6690 = LINE ( 'NONE', #5573, #9964 ) ;
#6691 = ORIENTED_EDGE ( 'NONE', *, *, #10376, .T. ) ;
#6692 = ORIENTED_EDGE ( 'NONE', *, *, #3544, .T. ) ;
#6693 = DIRECTION ( 'NONE',  ( -0.000000000000000000, 0.000000000000000000, -1.000000000000000000 ) ) ;
#6694 = VECTOR ( 'NONE', #2441, 1000.000000000000000 ) ;
#6695 = PLANE ( 'NONE',  #7769 ) ;
#6696 = MECHANICAL_DESIGN_GEOMETRIC_PRESENTATION_REPRESENTATION (  '', ( #4806 ), #2283 ) ;
#6697 = ORIENTED_EDGE ( 'NONE', *, *, #1085, .F. ) ;
#6698 = PLANE ( 'NONE',  #10076 ) ;
#6699 = ORIENTED_EDGE ( 'NONE', *, *, #3861, .T. ) ;
#6700 = PRESENTATION_LAYER_ASSIGNMENT (  '', '', ( #3894 ) ) ;
#6701 = LINE ( 'NONE', #4321, #6447 ) ;
#6702 = PLANE ( 'NONE',  #3658 ) ;
#6703 = LINE ( 'NONE', #892, #10312 ) ;
#6704 = VERTEX_POINT ( 'NONE', #3177 ) ;
#6705 = CARTESIAN_POINT ( 'NONE',  ( 4.799999999999998934, 0.000000000000000000, 1.604159457879236195 ) ) ;
#6706 = DIRECTION ( 'NONE',  ( 0.000000000000000000, -0.000000000000000000, 1.000000000000000000 ) ) ;
#6707 = PLANE ( 'NONE',  #2582 ) ;
#6708 = EDGE_CURVE ( 'NONE', #7221, #7688, #8889, .T. ) ;
#6709 = AXIS2_PLACEMENT_3D ( 'NONE', #6821, #2872, #7707 ) ;
#6710 = ORIENTED_EDGE ( 'NONE', *, *, #3403, .T. ) ;
#6711 = FACE_OUTER_BOUND ( 'NONE', #10530, .T. ) ;
#6712 = EDGE_CURVE ( 'NONE', #3580, #153, #1596, .T. ) ;
#6713 = VECTOR ( 'NONE', #8517, 1000.000000000000000 ) ;
#6714 = PRODUCT_DEFINITION_CONTEXT ( 'detailed design', #7, 'design' ) ;
#6715 = DIRECTION ( 'NONE',  ( -1.000000000000000000, -0.000000000000000000, -0.000000000000000000 ) ) ;
#6716 = CARTESIAN_POINT ( 'NONE',  ( -4.350000000000000533, 0.7999999999999999334, -4.800000000000001599 ) ) ;
#6717 = DIRECTION ( 'NONE',  ( -6.310887241768094443E-30, -7.888609052210118054E-31, -1.000000000000000000 ) ) ;
#6718 = EDGE_LOOP ( 'NONE', ( #2988, #5160, #3430, #1673 ) ) ;
#6719 = CARTESIAN_POINT ( 'NONE',  ( -3.900000000000000799, 0.4000000000000000222, 3.699999999999999289 ) ) ;
#6720 = VERTEX_POINT ( 'NONE', #145 ) ;
#6721 = AXIS2_PLACEMENT_3D ( 'NONE', #7960, #8847, #8030 ) ;
#6722 = DIRECTION ( 'NONE',  ( -0.000000000000000000, -0.000000000000000000, 1.000000000000000000 ) ) ;
#6723 = VERTEX_POINT ( 'NONE', #6533 ) ;
#6724 = CARTESIAN_POINT ( 'NONE',  ( -4.800000000000000711, 0.8000000000000000444, -1.695840542120764072 ) ) ;
#6725 = EDGE_CURVE ( 'NONE', #8606, #5220, #1903, .T. ) ;
#6726 = VECTOR ( 'NONE', #7876, 1000.000000000000000 ) ;
#6727 = AXIS2_PLACEMENT_3D ( 'NONE', #1727, #4333, #1651 ) ;
#6728 = CARTESIAN_POINT ( 'NONE',  ( -3.299999999999997602, 2.549999999999999822, -3.200000000000000178 ) ) ;
#6729 = DIRECTION ( 'NONE',  ( -0.000000000000000000, -3.252606517456512119E-15, -1.000000000000000000 ) ) ;
#6730 = CARTESIAN_POINT ( 'NONE',  ( -3.399999999999997691, 0.7999999999999697353, -4.500000000000005329 ) ) ;
#6731 = PLANE ( 'NONE',  #5956 ) ;
#6732 = ADVANCED_FACE ( 'NONE', ( #1514 ), #5940, .F. ) ;
#6733 = CARTESIAN_POINT ( 'NONE',  ( 0.000000000000000000, 0.000000000000000000, 1.799999999999998712 ) ) ;
#6734 = LINE ( 'NONE', #2123, #7117 ) ;
#6735 = CARTESIAN_POINT ( 'NONE',  ( 4.800000000000000711, 0.8000000000000000444, 2.199999999999997957 ) ) ;
#6736 = EDGE_LOOP ( 'NONE', ( #7821, #10297, #346, #3459, #6227, #2539 ) ) ;
#6737 = VERTEX_POINT ( 'NONE', #1825 ) ;
#6738 = FACE_OUTER_BOUND ( 'NONE', #9543, .T. ) ;
#6739 = ORIENTED_EDGE ( 'NONE', *, *, #3467, .F. ) ;
#6740 = FILL_AREA_STYLE ('',( #6004 ) ) ;
#6741 = DIRECTION ( 'NONE',  ( -0.000000000000000000, -1.000000000000000000, -0.000000000000000000 ) ) ;
#6742 = VERTEX_POINT ( 'NONE', #2642 ) ;
#6743 = VECTOR ( 'NONE', #8489, 1000.000000000000000 ) ;
#6744 = AXIS2_PLACEMENT_3D ( 'NONE', #8603, #5304, #9555 ) ;
#6745 = LINE ( 'NONE', #3747, #6990 ) ;
#6746 = DIRECTION ( 'NONE',  ( -0.000000000000000000, -0.000000000000000000, -1.000000000000000000 ) ) ;
#6747 = CARTESIAN_POINT ( 'NONE',  ( -4.800000000000000711, 0.8000000000000000444, 3.049999999999998046 ) ) ;
#6748 = PLANE ( 'NONE',  #8593 ) ;
#6749 = CARTESIAN_POINT ( 'NONE',  ( 4.800000000000000711, 0.7999999999999999334, -4.000000000000000888 ) ) ;
#6750 = VERTEX_POINT ( 'NONE', #1901 ) ;
#6751 = FACE_OUTER_BOUND ( 'NONE', #4843, .T. ) ;
#6752 = CYLINDRICAL_SURFACE ( 'NONE', #9906, 0.2500000000000002220 ) ;
#6753 = PLANE ( 'NONE',  #1585 ) ;
#6754 = FACE_OUTER_BOUND ( 'NONE', #10614, .T. ) ;
#6755 = ORIENTED_EDGE ( 'NONE', *, *, #4651, .T. ) ;
#6756 = ADVANCED_FACE ( 'NONE', ( #1846 ), #220, .F. ) ;
#6757 = EDGE_LOOP ( 'NONE', ( #1133, #6959, #8103, #1029, #8323, #4348 ) ) ;
#6758 = DIRECTION ( 'NONE',  ( 1.000000000000000000, -0.000000000000000000, -0.000000000000000000 ) ) ;
#6759 = LINE ( 'NONE', #3769, #10391 ) ;
#6760 = EDGE_CURVE ( 'NONE', #8777, #927, #8812, .T. ) ;
#6761 = VECTOR ( 'NONE', #9092, 1000.000000000000000 ) ;
#6762 = CARTESIAN_POINT ( 'NONE',  ( 4.800000000000000711, 0.8000000000000000444, 2.899999999999999023 ) ) ;
#6763 = EDGE_CURVE ( 'NONE', #7545, #4683, #1672, .T. ) ;
#6764 = CARTESIAN_POINT ( 'NONE',  ( -4.350000000000000533, 0.4000000000000000222, -2.600000000000000977 ) ) ;
#6765 = EDGE_CURVE ( 'NONE', #8979, #3319, #5157, .T. ) ;
#6766 = CARTESIAN_POINT ( 'NONE',  ( 4.799999999999998934, 0.000000000000000000, 0.6999999999999992895 ) ) ;
#6767 = ORIENTED_EDGE ( 'NONE', *, *, #789, .F. ) ;
#6768 = VECTOR ( 'NONE', #3015, 1000.000000000000000 ) ;
#6769 = VECTOR ( 'NONE', #9917, 1000.000000000000000 ) ;
#6770 = CARTESIAN_POINT ( 'NONE',  ( -4.099999999999997868, 2.199999999999998845, -4.300000000000001599 ) ) ;
#6771 = ADVANCED_FACE ( 'NONE', ( #9195 ), #290, .F. ) ;
#6772 = ORIENTED_EDGE ( 'NONE', *, *, #722, .T. ) ;
#6773 = DIRECTION ( 'NONE',  ( -1.000000000000000000, -2.409338161078908548E-16, -9.637352644315598694E-16 ) ) ;
#6774 = ORIENTED_EDGE ( 'NONE', *, *, #6290, .F. ) ;
#6775 = ORIENTED_EDGE ( 'NONE', *, *, #945, .T. ) ;
#6776 = CARTESIAN_POINT ( 'NONE',  ( 4.799999999999998934, 0.8000000000000000444, 5.000000000000000000 ) ) ;
#6777 = VECTOR ( 'NONE', #7730, 1000.000000000000000 ) ;
#6778 = ADVANCED_FACE ( 'NONE', ( #9058 ), #4320, .F. ) ;
#6779 = DIRECTION ( 'NONE',  ( -1.000000000000000000, 0.000000000000000000, 0.000000000000000000 ) ) ;
#6780 = EDGE_CURVE ( 'NONE', #5239, #3452, #1979, .T. ) ;
#6781 = CARTESIAN_POINT ( 'NONE',  ( 4.350000000000000533, 0.7999999999999999334, 3.804159457879236150 ) ) ;
#6782 = EDGE_CURVE ( 'NONE', #1020, #10455, #1534, .T. ) ;
#6783 = CARTESIAN_POINT ( 'NONE',  ( 4.799999999999998934, 0.000000000000000000, 5.000000000000000000 ) ) ;
#6784 = DIRECTION ( 'NONE',  ( 1.000000000000000000, 0.000000000000000000, 0.000000000000000000 ) ) ;
#6785 = ORIENTED_EDGE ( 'NONE', *, *, #8929, .T. ) ;
#6786 = FACE_OUTER_BOUND ( 'NONE', #581, .T. ) ;
#6787 = EDGE_CURVE ( 'NONE', #9376, #493, #8790, .T. ) ;
#6788 = VECTOR ( 'NONE', #8361, 1000.000000000000000 ) ;
#6789 = DIRECTION ( 'NONE',  ( 0.000000000000000000, 0.000000000000000000, -1.000000000000000000 ) ) ;
#6790 = ORIENTED_EDGE ( 'NONE', *, *, #7033, .T. ) ;
#6791 = CARTESIAN_POINT ( 'NONE',  ( -4.800000000000000711, 0.4000000000000000222, 2.599999999999998312 ) ) ;
#6792 = ORIENTED_EDGE ( 'NONE', *, *, #6174, .T. ) ;
#6793 = AXIS2_PLACEMENT_3D ( 'NONE', #10624, #7873, #8023 ) ;
#6794 = DIRECTION ( 'NONE',  ( -0.000000000000000000, 0.000000000000000000, 1.000000000000000000 ) ) ;
#6795 = ORIENTED_EDGE ( 'NONE', *, *, #1860, .F. ) ;
#6796 = VECTOR ( 'NONE', #1748, 1000.000000000000000 ) ;
#6797 = DIRECTION ( 'NONE',  ( -0.000000000000000000, 1.000000000000000000, -0.000000000000000000 ) ) ;
#6798 = CARTESIAN_POINT ( 'NONE',  ( -4.800000000000000711, 0.000000000000000000, 1.349999999999998757 ) ) ;
#6799 = DIRECTION ( 'NONE',  ( -1.000000000000000000, 0.000000000000000000, 0.000000000000000000 ) ) ;
#6800 = EDGE_CURVE ( 'NONE', #2198, #10770, #8829, .T. ) ;
#6801 = DIRECTION ( 'NONE',  ( -0.000000000000000000, -0.000000000000000000, 1.000000000000000000 ) ) ;
#6802 = CARTESIAN_POINT ( 'NONE',  ( -4.500000000000000000, 2.200000000000001066, 0.000000000000000000 ) ) ;
#6803 = VECTOR ( 'NONE', #6896, 1000.000000000000000 ) ;
#6804 = EDGE_CURVE ( 'NONE', #2807, #8124, #1888, .T. ) ;
#6805 = VERTEX_POINT ( 'NONE', #7784 ) ;
#6806 = ORIENTED_EDGE ( 'NONE', *, *, #8592, .T. ) ;
#6807 = FACE_OUTER_BOUND ( 'NONE', #8650, .T. ) ;
#6808 = EDGE_LOOP ( 'NONE', ( #9724, #6446, #7309, #5595, #6806, #2497 ) ) ;
#6809 =( LENGTH_UNIT ( ) NAMED_UNIT ( * ) SI_UNIT ( .MILLI., .METRE. ) );
#6810 = CARTESIAN_POINT ( 'NONE',  ( -4.800000000000000711, 0.4000000000000000222, 0.6999999999999992895 ) ) ;
#6811 = ORIENTED_EDGE ( 'NONE', *, *, #5898, .F. ) ;
#6812 = DIRECTION ( 'NONE',  ( -1.000000000000000000, 0.000000000000000000, 0.000000000000000000 ) ) ;
#6813 = ORIENTED_EDGE ( 'NONE', *, *, #7981, .F. ) ;
#6814 = VECTOR ( 'NONE', #1303, 1000.000000000000000 ) ;
#6815 = AXIS2_PLACEMENT_3D ( 'NONE', #5801, #3330, #4147 ) ;
#6816 = VECTOR ( 'NONE', #1074, 1000.000000000000000 ) ;
#6817 = CARTESIAN_POINT ( 'NONE',  ( 4.799999999999998934, 0.000000000000000000, 2.899999999999999023 ) ) ;
#6818 = DIRECTION ( 'NONE',  ( 1.000000000000000000, -0.000000000000000000, -0.000000000000000000 ) ) ;
#6819 = DIRECTION ( 'NONE',  ( 0.000000000000000000, 0.000000000000000000, -1.000000000000000000 ) ) ;
#6820 = DIRECTION ( 'NONE',  ( -0.000000000000000000, -3.252606517456512119E-15, -1.000000000000000000 ) ) ;
#6821 = CARTESIAN_POINT ( 'NONE',  ( -8.673617379884035472E-16, 1.084202172485504434E-16, -4.800000000000001599 ) ) ;
#6822 = ORIENTED_EDGE ( 'NONE', *, *, #2076, .T. ) ;
#6823 = ORIENTED_EDGE ( 'NONE', *, *, #2333, .T. ) ;
#6824 = LINE ( 'NONE', #4341, #3234 ) ;
#6825 = LINE ( 'NONE', #10310, #7083 ) ;
#6826 = CARTESIAN_POINT ( 'NONE',  ( -3.299999999999997602, 2.600000000000000089, -3.500000000000000000 ) ) ;
#6827 = ORIENTED_EDGE ( 'NONE', *, *, #10063, .T. ) ;
#6828 = VERTEX_POINT ( 'NONE', #1078 ) ;
#6829 = ORIENTED_EDGE ( 'NONE', *, *, #7065, .F. ) ;
#6830 = DIRECTION ( 'NONE',  ( 0.000000000000000000, -0.000000000000000000, 1.000000000000000000 ) ) ;
#6831 = VECTOR ( 'NONE', #9309, 1000.000000000000000 ) ;
#6832 = DIRECTION ( 'NONE',  ( -1.000000000000000000, 0.000000000000000000, 0.000000000000000000 ) ) ;
#6833 = CARTESIAN_POINT ( 'NONE',  ( 3.899999999999999023, 0.4000000000000000222, 3.999999999999999112 ) ) ;
#6834 = LINE ( 'NONE', #5370, #10465 ) ;
#6835 = DIRECTION ( 'NONE',  ( 0.000000000000000000, 0.000000000000000000, -1.000000000000000000 ) ) ;
#6836 = EDGE_CURVE ( 'NONE', #7757, #4560, #9075, .T. ) ;
#6837 = AXIS2_PLACEMENT_3D ( 'NONE', #1072, #9486, #6891 ) ;
#6838 = ORIENTED_EDGE ( 'NONE', *, *, #3509, .T. ) ;
#6839 = CARTESIAN_POINT ( 'NONE',  ( -3.900000000000000799, 0.000000000000000000, 0.6999999999999992895 ) ) ;
#6840 = ORIENTED_EDGE ( 'NONE', *, *, #5652, .T. ) ;
#6841 = VECTOR ( 'NONE', #2193, 1000.000000000000000 ) ;
#6842 = LINE ( 'NONE', #388, #3513 ) ;
#6843 = CARTESIAN_POINT ( 'NONE',  ( -4.800000000000000711, 0.8000000000000000444, -0.7000000000000009548 ) ) ;
#6844 = VECTOR ( 'NONE', #10685, 1000.000000000000000 ) ;
#6845 = ORIENTED_EDGE ( 'NONE', *, *, #1299, .T. ) ;
#6846 = DIRECTION ( 'NONE',  ( -0.000000000000000000, -0.000000000000000000, 1.000000000000000000 ) ) ;
#6847 = ADVANCED_FACE ( 'NONE', ( #1655 ), #5888, .F. ) ;
#6848 = PLANE ( 'NONE',  #5123 ) ;
#6849 = CARTESIAN_POINT ( 'NONE',  ( -3.900000000000000799, 0.4000000000000000222, 0.3999999999999993006 ) ) ;
#6850 = EDGE_LOOP ( 'NONE', ( #4098, #8019, #1083, #4582, #7888, #4405 ) ) ;
#6851 = ORIENTED_EDGE ( 'NONE', *, *, #8574, .T. ) ;
#6852 = DIRECTION ( 'NONE',  ( -0.000000000000000000, -1.000000000000000000, -0.000000000000000000 ) ) ;
#6853 = FACE_OUTER_BOUND ( 'NONE', #4387, .T. ) ;
#6854 = CARTESIAN_POINT ( 'NONE',  ( 3.899999999999999023, 0.4000000000000000222, -1.800000000000000711 ) ) ;
#6855 = FACE_OUTER_BOUND ( 'NONE', #8383, .T. ) ;
#6856 = PLANE ( 'NONE',  #5927 ) ;
#6857 = DIRECTION ( 'NONE',  ( 0.000000000000000000, 0.000000000000000000, 1.000000000000000000 ) ) ;
#6858 = DIRECTION ( 'NONE',  ( -0.000000000000000000, -1.000000000000000000, -0.000000000000000000 ) ) ;
#6859 = ORIENTED_EDGE ( 'NONE', *, *, #3807, .T. ) ;
#6860 = ORIENTED_EDGE ( 'NONE', *, *, #504, .F. ) ;
#6861 = VECTOR ( 'NONE', #8678, 1000.000000000000000 ) ;
#6862 = DIRECTION ( 'NONE',  ( -0.000000000000000000, -1.000000000000000000, -0.000000000000000000 ) ) ;
#6863 = VECTOR ( 'NONE', #4230, 1000.000000000000000 ) ;
#6864 = ORIENTED_EDGE ( 'NONE', *, *, #6662, .T. ) ;
#6865 = ORIENTED_EDGE ( 'NONE', *, *, #6287, .F. ) ;
#6866 = EDGE_CURVE ( 'NONE', #1118, #8084, #9164, .T. ) ;
#6867 = DIRECTION ( 'NONE',  ( 0.000000000000000000, 0.000000000000000000, 1.000000000000000000 ) ) ;
#6868 = VERTEX_POINT ( 'NONE', #3512 ) ;
#6869 = CARTESIAN_POINT ( 'NONE',  ( -3.900000000000000799, 0.4000000000000000222, -0.4000000000000010214 ) ) ;
#6870 = EDGE_LOOP ( 'NONE', ( #4439, #10752, #749, #129, #1047, #3725 ) ) ;
#6871 = DIRECTION ( 'NONE',  ( 0.000000000000000000, 0.000000000000000000, -1.000000000000000000 ) ) ;
#6872 = CARTESIAN_POINT ( 'NONE',  ( 4.099999999999996092, 1.199999999999970646, -4.700000000000005507 ) ) ;
#6873 = VECTOR ( 'NONE', #5972, 1000.000000000000000 ) ;
#6874 = FACE_OUTER_BOUND ( 'NONE', #47, .T. ) ;
#6875 = ORIENTED_EDGE ( 'NONE', *, *, #10361, .T. ) ;
#6876 = VECTOR ( 'NONE', #7228, 1000.000000000000000 ) ;
#6877 = LINE ( 'NONE', #9223, #2958 ) ;
#6878 = CARTESIAN_POINT ( 'NONE',  ( -3.900000000000000799, 0.000000000000000000, -2.900000000000000799 ) ) ;
#6879 = ORIENTED_EDGE ( 'NONE', *, *, #560, .F. ) ;
#6880 = ORIENTED_EDGE ( 'NONE', *, *, #9061, .T. ) ;
#6881 = DIRECTION ( 'NONE',  ( -9.637352644315598694E-16, 0.000000000000000000, 1.000000000000000000 ) ) ;
#6882 = DIRECTION ( 'NONE',  ( -1.000000000000000000, 0.000000000000000000, 0.000000000000000000 ) ) ;
#6883 = VERTEX_POINT ( 'NONE', #4392 ) ;
#6884 = ORIENTED_EDGE ( 'NONE', *, *, #1761, .F. ) ;
#6885 = ORIENTED_EDGE ( 'NONE', *, *, #4744, .T. ) ;
#6886 = LINE ( 'NONE', #6635, #3283 ) ;
#6887 = VECTOR ( 'NONE', #2189, 1000.000000000000000 ) ;
#6888 = CARTESIAN_POINT ( 'NONE',  ( 4.299999999999998934, 2.200000000000000178, -4.299999999999999822 ) ) ;
#6889 = DIRECTION ( 'NONE',  ( 0.000000000000000000, 1.000000000000000000, 0.000000000000000000 ) ) ;
#6890 = CARTESIAN_POINT ( 'NONE',  ( -3.900000000000000799, 0.4000000000000000222, 0.6999999999999992895 ) ) ;
#6891 = DIRECTION ( 'NONE',  ( 0.000000000000000000, -0.000000000000000000, -1.000000000000000000 ) ) ;
#6892 = ORIENTED_EDGE ( 'NONE', *, *, #9765, .T. ) ;
#6893 = VERTEX_POINT ( 'NONE', #5310 ) ;
#6894 = VECTOR ( 'NONE', #8753, 1000.000000000000000 ) ;
#6895 = EDGE_CURVE ( 'NONE', #6627, #4711, #8748, .T. ) ;
#6896 = DIRECTION ( 'NONE',  ( 0.000000000000000000, 0.000000000000000000, 1.000000000000000000 ) ) ;
#6897 = LINE ( 'NONE', #8115, #3698 ) ;
#6898 = ORIENTED_EDGE ( 'NONE', *, *, #4218, .F. ) ;
#6899 = EDGE_LOOP ( 'NONE', ( #6244, #6547, #2180, #9636 ) ) ;
#6900 = EDGE_CURVE ( 'NONE', #2537, #4083, #5544, .T. ) ;
#6901 = AXIS2_PLACEMENT_3D ( 'NONE', #10693, #1734, #1581 ) ;
#6902 = ORIENTED_EDGE ( 'NONE', *, *, #8458, .F. ) ;
#6903 = ORIENTED_EDGE ( 'NONE', *, *, #8682, .T. ) ;
#6904 = ORIENTED_EDGE ( 'NONE', *, *, #9819, .T. ) ;
#6905 = CARTESIAN_POINT ( 'NONE',  ( 4.799999999999998934, 0.8000000000000000444, 5.000000000000000000 ) ) ;
#6906 = FACE_OUTER_BOUND ( 'NONE', #1139, .T. ) ;
#6907 = EDGE_CURVE ( 'NONE', #6934, #8286, #1556, .T. ) ;
#6908 = DIRECTION ( 'NONE',  ( -0.000000000000000000, -1.000000000000000000, -0.000000000000000000 ) ) ;
#6909 = EDGE_CURVE ( 'NONE', #10258, #2893, #5512, .T. ) ;
#6910 = VECTOR ( 'NONE', #5333, 1000.000000000000000 ) ;
#6911 = DIRECTION ( 'NONE',  ( 0.000000000000000000, 0.000000000000000000, -1.000000000000000000 ) ) ;
#6912 = AXIS2_PLACEMENT_3D ( 'NONE', #2195, #314, #6237 ) ;
#6913 = DIRECTION ( 'NONE',  ( 1.000000000000000000, 0.000000000000000000, 0.000000000000000000 ) ) ;
#6914 = ORIENTED_EDGE ( 'NONE', *, *, #2168, .F. ) ;
#6915 = DIRECTION ( 'NONE',  ( -1.000000000000000000, 0.000000000000000000, 0.000000000000000000 ) ) ;
#6916 = ORIENTED_EDGE ( 'NONE', *, *, #9446, .T. ) ;
#6917 = DIRECTION ( 'NONE',  ( -0.000000000000000000, 0.000000000000000000, 1.000000000000000000 ) ) ;
#6918 = VECTOR ( 'NONE', #2053, 1000.000000000000000 ) ;
#6919 = FACE_OUTER_BOUND ( 'NONE', #5441, .T. ) ;
#6920 = EDGE_LOOP ( 'NONE', ( #1892, #2513, #7596, #2570 ) ) ;
#6921 = CARTESIAN_POINT ( 'NONE',  ( -3.399999999999997691, 1.598554689981426128E-14, 4.700000000000008171 ) ) ;
#6922 = ORIENTED_EDGE ( 'NONE', *, *, #2408, .F. ) ;
#6923 = EDGE_CURVE ( 'NONE', #9376, #10118, #9112, .T. ) ;
#6924 = CARTESIAN_POINT ( 'NONE',  ( 3.899999999999999023, 0.4000000000000000222, -1.800000000000000711 ) ) ;
#6925 = ORIENTED_EDGE ( 'NONE', *, *, #3997, .F. ) ;
#6926 = ORIENTED_EDGE ( 'NONE', *, *, #4607, .F. ) ;
#6927 = ORIENTED_EDGE ( 'NONE', *, *, #8109, .F. ) ;
#6928 = VECTOR ( 'NONE', #6389, 1000.000000000000000 ) ;
#6929 = AXIS2_PLACEMENT_3D ( 'NONE', #5662, #5599, #1383 ) ;
#6930 = VECTOR ( 'NONE', #9020, 1000.000000000000000 ) ;
#6931 = CARTESIAN_POINT ( 'NONE',  ( -3.900000000000000799, 0.4000000000000000222, 2.899999999999999023 ) ) ;
#6932 = ORIENTED_EDGE ( 'NONE', *, *, #3186, .T. ) ;
#6933 = AXIS2_PLACEMENT_3D ( 'NONE', #1033, #5028, #10126 ) ;
#6934 = VERTEX_POINT ( 'NONE', #9963 ) ;
#6935 = FACE_OUTER_BOUND ( 'NONE', #4181, .T. ) ;
#6936 = CARTESIAN_POINT ( 'NONE',  ( -4.350000000000000533, 0.7999999999999999334, 4.904159457879235795 ) ) ;
#6937 = EDGE_CURVE ( 'NONE', #8401, #9934, #8849, .T. ) ;
#6938 = VECTOR ( 'NONE', #151, 1000.000000000000000 ) ;
#6939 = EDGE_LOOP ( 'NONE', ( #5467, #6148, #7295, #900 ) ) ;
#6940 = ADVANCED_FACE ( 'NONE', ( #5116 ), #6020, .F. ) ;
#6941 = EDGE_LOOP ( 'NONE', ( #10561, #8057, #7721, #2571, #8583, #8741 ) ) ;
#6942 = CARTESIAN_POINT ( 'NONE',  ( 4.799999999999998934, -5.421010862427522170E-17, -3.999999999999992450 ) ) ;
#6943 = CLOSED_SHELL ( 'NONE', ( #4291, #6517, #2429, #2584, #5002, #5027, #2792, #8516, #2737, #7956 ) ) ;
#6944 = ORIENTED_EDGE ( 'NONE', *, *, #2724, .F. ) ;
#6945 = PLANE ( 'NONE',  #7790 ) ;
#6946 = EDGE_LOOP ( 'NONE', ( #7664, #6904 ) ) ;
#6947 = LINE ( 'NONE', #10044, #6831 ) ;
#6948 = DIRECTION ( 'NONE',  ( 0.000000000000000000, 0.000000000000000000, 1.000000000000000000 ) ) ;
#6949 = PLANE ( 'NONE',  #1037 ) ;
#6950 = DIRECTION ( 'NONE',  ( 0.000000000000000000, -1.000000000000000000, 0.000000000000000000 ) ) ;
#6951 = CARTESIAN_POINT ( 'NONE',  ( 4.799999999999998934, 0.8000000000000000444, 4.904159457879235795 ) ) ;
#6952 = FACE_OUTER_BOUND ( 'NONE', #8382, .T. ) ;
#6953 =( GEOMETRIC_REPRESENTATION_CONTEXT ( 3 ) GLOBAL_UNCERTAINTY_ASSIGNED_CONTEXT ( ( #6686 ) ) GLOBAL_UNIT_ASSIGNED_CONTEXT ( ( #5859, #6656, #2336 ) ) REPRESENTATION_CONTEXT ( 'NONE', 'WORKASPACE' ) );
#6954 = ORIENTED_EDGE ( 'NONE', *, *, #9684, .T. ) ;
#6955 = LINE ( 'NONE', #9778, #10552 ) ;
#6956 = LINE ( 'NONE', #8533, #71 ) ;
#6957 = CARTESIAN_POINT ( 'NONE',  ( -3.900000000000001688, 0.4000000000000000222, 0.3999999999999993006 ) ) ;
#6958 = VERTEX_POINT ( 'NONE', #7714 ) ;
#6959 = ORIENTED_EDGE ( 'NONE', *, *, #1976, .F. ) ;
#6960 = EDGE_CURVE ( 'NONE', #2657, #8839, #5259, .T. ) ;
#6961 = CARTESIAN_POINT ( 'NONE',  ( -4.800000000000000711, 0.8000000000000000444, -1.695840542120764072 ) ) ;
#6962 = ORIENTED_EDGE ( 'NONE', *, *, #5821, .T. ) ;
#6963 = VERTEX_POINT ( 'NONE', #2734 ) ;
#6964 = ORIENTED_EDGE ( 'NONE', *, *, #6986, .T. ) ;
#6965 = LINE ( 'NONE', #5014, #10303 ) ;
#6966 = EDGE_CURVE ( 'NONE', #4559, #9013, #5576, .T. ) ;
#6967 = CIRCLE ( 'NONE', #8726, 0.2999999999999999334 ) ;
#6968 = CARTESIAN_POINT ( 'NONE',  ( -4.800000000000000711, 0.8000000000000000444, 5.000000000000000000 ) ) ;
#6969 = CARTESIAN_POINT ( 'NONE',  ( 4.799999999999998934, 0.000000000000000000, 5.000000000000000000 ) ) ;
#6970 = DIRECTION ( 'NONE',  ( 1.000000000000000000, 0.000000000000000000, 0.000000000000000000 ) ) ;
#6971 =( LENGTH_UNIT ( ) NAMED_UNIT ( * ) SI_UNIT ( .MILLI., .METRE. ) );
#6972 = CARTESIAN_POINT ( 'NONE',  ( -3.900000000000000799, 0.000000000000000000, -2.600000000000000977 ) ) ;
#6973 = ORIENTED_EDGE ( 'NONE', *, *, #10583, .F. ) ;
#6974 = VERTEX_POINT ( 'NONE', #1639 ) ;
#6975 = LINE ( 'NONE', #6306, #3476 ) ;
#6976 = DIRECTION ( 'NONE',  ( -0.000000000000000000, 1.000000000000000000, -0.000000000000000000 ) ) ;
#6977 = FACE_OUTER_BOUND ( 'NONE', #7700, .T. ) ;
#6978 = ORIENTED_EDGE ( 'NONE', *, *, #10276, .T. ) ;
#6979 = ORIENTED_EDGE ( 'NONE', *, *, #3060, .F. ) ;
#6980 = AXIS2_PLACEMENT_3D ( 'NONE', #5195, #6799, #3190 ) ;
#6981 = ADVANCED_FACE ( 'NONE', ( #1579 ), #6619, .F. ) ;
#6982 = ORIENTED_EDGE ( 'NONE', *, *, #10182, .F. ) ;
#6983 = ORIENTED_EDGE ( 'NONE', *, *, #3547, .F. ) ;
#6984 = ORIENTED_EDGE ( 'NONE', *, *, #556, .F. ) ;
#6985 = DIRECTION ( 'NONE',  ( -2.409338161078899674E-16, -1.000000000000000000, 0.000000000000000000 ) ) ;
#6986 = EDGE_CURVE ( 'NONE', #8365, #8320, #5590, .T. ) ;
#6987 = VECTOR ( 'NONE', #3690, 1000.000000000000000 ) ;
#6988 = DIRECTION ( 'NONE',  ( 0.000000000000000000, 0.000000000000000000, 1.000000000000000000 ) ) ;
#6989 = PLANE ( 'NONE',  #3573 ) ;
#6990 = VECTOR ( 'NONE', #307, 1000.000000000000000 ) ;
#6991 = PLANE ( 'NONE',  #5816 ) ;
#6992 = DIRECTION ( 'NONE',  ( -0.000000000000000000, -1.000000000000000000, -0.000000000000000000 ) ) ;
#6993 = EDGE_LOOP ( 'NONE', ( #4273, #10226, #3749, #3646 ) ) ;
#6994 = DIRECTION ( 'NONE',  ( 0.000000000000000000, 0.000000000000000000, 1.000000000000000000 ) ) ;
#6995 = EDGE_LOOP ( 'NONE', ( #7091, #2100, #10332, #3188 ) ) ;
#6996 = LINE ( 'NONE', #8220, #10679 ) ;
#6997 = CARTESIAN_POINT ( 'NONE',  ( -4.350000000000000533, 0.7999999999999999334, 3.999999999999999112 ) ) ;
#6998 = FACE_OUTER_BOUND ( 'NONE', #9137, .T. ) ;
#6999 = ORIENTED_EDGE ( 'NONE', *, *, #5062, .T. ) ;
#7000 = DIRECTION ( 'NONE',  ( -0.000000000000000000, 1.000000000000000000, -0.000000000000000000 ) ) ;
#7001 = ORIENTED_EDGE ( 'NONE', *, *, #5620, .F. ) ;
#7002 = CARTESIAN_POINT ( 'NONE',  ( -3.900000000000000799, 0.4000000000000000222, 1.499999999999999556 ) ) ;
#7003 = DIRECTION ( 'NONE',  ( -0.000000000000000000, -0.000000000000000000, -1.000000000000000000 ) ) ;
#7004 = VERTEX_POINT ( 'NONE', #9637 ) ;
#7005 = ORIENTED_EDGE ( 'NONE', *, *, #8024, .F. ) ;
#7006 = ORIENTED_EDGE ( 'NONE', *, *, #5082, .T. ) ;
#7007 = CARTESIAN_POINT ( 'NONE',  ( 4.799999999999998934, 0.000000000000000000, 3.699999999999998401 ) ) ;
#7008 = FACE_OUTER_BOUND ( 'NONE', #6808, .T. ) ;
#7009 = EDGE_CURVE ( 'NONE', #4560, #3837, #5560, .T. ) ;
#7010 = ADVANCED_FACE ( 'NONE', ( #1951 ), #2945, .F. ) ;
#7011 = LINE ( 'NONE', #10011, #43 ) ;
#7012 =( GEOMETRIC_REPRESENTATION_CONTEXT ( 3 ) GLOBAL_UNCERTAINTY_ASSIGNED_CONTEXT ( ( #5921 ) ) GLOBAL_UNIT_ASSIGNED_CONTEXT ( ( #2981, #7268, #3868 ) ) REPRESENTATION_CONTEXT ( 'NONE', 'WORKASPACE' ) );
#7013 = VECTOR ( 'NONE', #5016, 1000.000000000000000 ) ;
#7014 = EDGE_CURVE ( 'NONE', #7644, #5145, #5619, .T. ) ;
#7015 = CARTESIAN_POINT ( 'NONE',  ( -3.399999999999997691, 0.7999999999999997113, 4.700000000000005507 ) ) ;
#7016 = ADVANCED_FACE ( 'NONE', ( #1636 ), #8150, .F. ) ;
#7017 = DIRECTION ( 'NONE',  ( 0.000000000000000000, 0.000000000000000000, -1.000000000000000000 ) ) ;
#7018 = ORIENTED_EDGE ( 'NONE', *, *, #8372, .T. ) ;
#7019 = ORIENTED_EDGE ( 'NONE', *, *, #8436, .F. ) ;
#7020 = LINE ( 'NONE', #1592, #10311 ) ;
#7021 = DIRECTION ( 'NONE',  ( -0.000000000000000000, -1.000000000000000000, -0.000000000000000000 ) ) ;
#7022 = VECTOR ( 'NONE', #176, 1000.000000000000000 ) ;
#7023 = ORIENTED_EDGE ( 'NONE', *, *, #9302, .F. ) ;
#7024 = EDGE_LOOP ( 'NONE', ( #86, #8082, #4431, #316 ) ) ;
#7025 = CARTESIAN_POINT ( 'NONE',  ( 4.350000000000000533, 0.8010000000000000453, 3.999999999999999112 ) ) ;
#7026 = EDGE_LOOP ( 'NONE', ( #6454, #6394, #9947, #6049 ) ) ;
#7027 = CLOSED_SHELL ( 'NONE', ( #1125, #10020, #595, #4299, #4515, #5745, #8459, #8975, #4036, #5359 ) ) ;
#7028 = DIRECTION ( 'NONE',  ( 1.000000000000000000, 0.000000000000000000, -0.000000000000000000 ) ) ;
#7029 = ORIENTED_EDGE ( 'NONE', *, *, #5890, .F. ) ;
#7030 = CARTESIAN_POINT ( 'NONE',  ( 4.100000000000000533, 2.199999999999999289, 4.299999999999999822 ) ) ;
#7031 = FACE_OUTER_BOUND ( 'NONE', #4992, .T. ) ;
#7032 = CARTESIAN_POINT ( 'NONE',  ( 4.799999999999998934, 0.000000000000000000, 2.704159457879236506 ) ) ;
#7033 = EDGE_CURVE ( 'NONE', #8035, #4003, #5282, .T. ) ;
#7034 = CARTESIAN_POINT ( 'NONE',  ( 4.800000000000000711, 0.8000000000000000444, -0.4000000000000010214 ) ) ;
#7035 = LINE ( 'NONE', #925, #3446 ) ;
#7036 = DIRECTION ( 'NONE',  ( 1.000000000000000000, 0.000000000000000000, -0.000000000000000000 ) ) ;
#7037 = LINE ( 'NONE', #4777, #10651 ) ;
#7038 = AXIS2_PLACEMENT_3D ( 'NONE', #4261, #5244, #4183 ) ;
#7039 = ADVANCED_FACE ( 'NONE', ( #5299 ), #4606, .F. ) ;
#7040 = VERTEX_POINT ( 'NONE', #4534 ) ;
#7041 = EDGE_CURVE ( 'NONE', #1819, #5032, #5603, .T. ) ;
#7042 = EDGE_LOOP ( 'NONE', ( #7877, #5828, #9028, #9295 ) ) ;
#7043 = VECTOR ( 'NONE', #9846, 1000.000000000000000 ) ;
#7044 = VECTOR ( 'NONE', #9600, 1000.000000000000000 ) ;
#7045 =( NAMED_UNIT ( * ) SI_UNIT ( $, .STERADIAN. ) SOLID_ANGLE_UNIT ( ) );
#7046 = ORIENTED_EDGE ( 'NONE', *, *, #445, .T. ) ;
#7047 = ADVANCED_FACE ( 'NONE', ( #8674 ), #5135, .F. ) ;
#7048 = ORIENTED_EDGE ( 'NONE', *, *, #2602, .T. ) ;
#7049 = CARTESIAN_POINT ( 'NONE',  ( 4.799999999999998934, 0.000000000000000000, -3.050000000000001599 ) ) ;
#7050 = VERTEX_POINT ( 'NONE', #2047 ) ;
#7051 = CLOSED_SHELL ( 'NONE', ( #8015, #7136, #9626, #3615, #227, #1403, #6732, #9820, #3271, #5268 ) ) ;
#7052 = ORIENTED_EDGE ( 'NONE', *, *, #10287, .F. ) ;
#7053 = LINE ( 'NONE', #6921, #10462 ) ;
#7054 = CYLINDRICAL_SURFACE ( 'NONE', #7303, 0.2500000000000004441 ) ;
#7055 = EDGE_CURVE ( 'NONE', #9066, #8839, #2108, .T. ) ;
#7056 = DIRECTION ( 'NONE',  ( -9.637352644315598694E-16, 0.000000000000000000, 1.000000000000000000 ) ) ;
#7057 = CARTESIAN_POINT ( 'NONE',  ( 4.350000000000000533, 0.7999999999999999334, -0.5958405421207638719 ) ) ;
#7058 = PLANE ( 'NONE',  #7938 ) ;
#7059 = MECHANICAL_DESIGN_GEOMETRIC_PRESENTATION_REPRESENTATION (  '', ( #5144 ), #2895 ) ;
#7060 = CARTESIAN_POINT ( 'NONE',  ( -3.299999999999997602, 1.701471862576142913, -3.500000000000000000 ) ) ;
#7061 = EDGE_LOOP ( 'NONE', ( #1274, #8457, #4853, #1344, #1547, #8669 ) ) ;
#7062 = ORIENTED_EDGE ( 'NONE', *, *, #5876, .T. ) ;
#7063 = EDGE_CURVE ( 'NONE', #7103, #117, #5844, .T. ) ;
#7064 = VECTOR ( 'NONE', #4609, 1000.000000000000000 ) ;
#7065 = EDGE_CURVE ( 'NONE', #10635, #6051, #5693, .T. ) ;
#7066 = CARTESIAN_POINT ( 'NONE',  ( -3.299999999999997602, 1.701471862576142913, -3.799999999999999822 ) ) ;
#7067 = LINE ( 'NONE', #4153, #7085 ) ;
#7068 = VERTEX_POINT ( 'NONE', #462 ) ;
#7069 = ORIENTED_EDGE ( 'NONE', *, *, #8592, .F. ) ;
#7070 = ORIENTED_EDGE ( 'NONE', *, *, #1419, .F. ) ;
#7071 = STYLED_ITEM ( 'NONE', ( #394 ), #5727 ) ;
#7072 = EDGE_LOOP ( 'NONE', ( #412, #6024, #7856, #9984, #8009, #2589 ) ) ;
#7073 = ORIENTED_EDGE ( 'NONE', *, *, #566, .F. ) ;
#7074 = FACE_OUTER_BOUND ( 'NONE', #626, .T. ) ;
#7075 = ADVANCED_FACE ( 'NONE', ( #5952 ), #5800, .F. ) ;
#7076 = DIRECTION ( 'NONE',  ( -1.000000000000000000, 0.000000000000000000, 0.000000000000000000 ) ) ;
#7077 = VECTOR ( 'NONE', #1939, 1000.000000000000000 ) ;
#7078 = DIRECTION ( 'NONE',  ( 0.000000000000000000, 1.000000000000000000, 0.000000000000000000 ) ) ;
#7079 = DIRECTION ( 'NONE',  ( 0.000000000000000000, -1.000000000000000000, 0.000000000000000000 ) ) ;
#7080 = ORIENTED_EDGE ( 'NONE', *, *, #8240, .T. ) ;
#7081 = CARTESIAN_POINT ( 'NONE',  ( -3.900000000000000799, 0.4000000000000000222, -1.500000000000001332 ) ) ;
#7082 = ORIENTED_EDGE ( 'NONE', *, *, #1558, .F. ) ;
#7083 = VECTOR ( 'NONE', #7151, 1000.000000000000000 ) ;
#7084 = CARTESIAN_POINT ( 'NONE',  ( 3.399999999999995914, 1.200000000000001288, 4.700000000000004619 ) ) ;
#7085 = VECTOR ( 'NONE', #1545, 1000.000000000000000 ) ;
#7086 = VERTEX_POINT ( 'NONE', #1288 ) ;
#7087 = CARTESIAN_POINT ( 'NONE',  ( 4.350000000000000533, 0.8000000000000000444, -1.800000000000000711 ) ) ;
#7088 = ORIENTED_EDGE ( 'NONE', *, *, #7611, .F. ) ;
#7089 = EDGE_CURVE ( 'NONE', #1801, #905, #5872, .T. ) ;
#7090 = CARTESIAN_POINT ( 'NONE',  ( 3.899999999999999023, 0.4000000000000000222, -1.500000000000001332 ) ) ;
#7091 = ORIENTED_EDGE ( 'NONE', *, *, #2488, .F. ) ;
#7092 = ORIENTED_EDGE ( 'NONE', *, *, #8413, .T. ) ;
#7093 = ORIENTED_EDGE ( 'NONE', *, *, #6907, .F. ) ;
#7094 = CARTESIAN_POINT ( 'NONE',  ( -4.800000000000000711, 0.8000000000000000444, -1.950000000000001732 ) ) ;
#7095 = LINE ( 'NONE', #179, #3266 ) ;
#7096 = AXIS2_PLACEMENT_3D ( 'NONE', #1417, #2245, #9040 ) ;
#7097 = DIRECTION ( 'NONE',  ( -1.000000000000000000, 0.000000000000000000, 0.000000000000000000 ) ) ;
#7098 = FACE_OUTER_BOUND ( 'NONE', #5481, .T. ) ;
#7099 = CARTESIAN_POINT ( 'NONE',  ( 0.000000000000000000, 1.200000000000000844, 4.500000000000004441 ) ) ;
#7100 = EDGE_CURVE ( 'NONE', #8679, #6561, #2192, .T. ) ;
#7101 = CARTESIAN_POINT ( 'NONE',  ( -4.800000000000000711, 0.8000000000000000444, -1.500000000000001332 ) ) ;
#7102 = ORIENTED_EDGE ( 'NONE', *, *, #1476, .T. ) ;
#7103 = VERTEX_POINT ( 'NONE', #2808 ) ;
#7104 = DIRECTION ( 'NONE',  ( 0.000000000000000000, 3.252606517456512513E-15, 1.000000000000000000 ) ) ;
#7105 = FACE_OUTER_BOUND ( 'NONE', #7922, .T. ) ;
#7106 = FACE_OUTER_BOUND ( 'NONE', #2215, .T. ) ;
#7107 = EDGE_LOOP ( 'NONE', ( #10289, #1330, #9025, #10528, #1657, #46 ) ) ;
#7108 = CARTESIAN_POINT ( 'NONE',  ( -4.350000000000000533, 0.4000000000000000222, 4.799999999999998934 ) ) ;
#7109 = ORIENTED_EDGE ( 'NONE', *, *, #9483, .T. ) ;
#7110 = VERTEX_POINT ( 'NONE', #3013 ) ;
#7111 = CARTESIAN_POINT ( 'NONE',  ( 3.899999999999999023, 0.000000000000000000, 2.899999999999999023 ) ) ;
#7112 = ORIENTED_EDGE ( 'NONE', *, *, #3003, .T. ) ;
#7113 = VECTOR ( 'NONE', #4260, 1000.000000000000000 ) ;
#7114 = DIRECTION ( 'NONE',  ( -2.465190328815661892E-32, 0.000000000000000000, -1.000000000000000000 ) ) ;
#7115 = PLANE ( 'NONE',  #518 ) ;
#7116 = DIRECTION ( 'NONE',  ( -0.000000000000000000, -0.000000000000000000, -1.000000000000000000 ) ) ;
#7117 = VECTOR ( 'NONE', #10447, 1000.000000000000000 ) ;
#7118 = AXIS2_PLACEMENT_3D ( 'NONE', #320, #8947, #9737 ) ;
#7119 = EDGE_CURVE ( 'NONE', #3338, #4913, #9305, .T. ) ;
#7120 = ADVANCED_FACE ( 'NONE', ( #2242 ), #8675, .F. ) ;
#7121 = ORIENTED_EDGE ( 'NONE', *, *, #809, .F. ) ;
#7122 = VERTEX_POINT ( 'NONE', #8911 ) ;
#7123 = LINE ( 'NONE', #9519, #7443 ) ;
#7124 = VECTOR ( 'NONE', #5611, 1000.000000000000000 ) ;
#7125 = DIRECTION ( 'NONE',  ( -0.000000000000000000, -0.000000000000000000, -1.000000000000000000 ) ) ;
#7126 = ORIENTED_EDGE ( 'NONE', *, *, #6339, .F. ) ;
#7127 = ORIENTED_EDGE ( 'NONE', *, *, #5281, .F. ) ;
#7128 = ORIENTED_EDGE ( 'NONE', *, *, #1182, .T. ) ;
#7129 = ORIENTED_EDGE ( 'NONE', *, *, #6179, .T. ) ;
#7130 = SURFACE_STYLE_FILL_AREA ( #4357 ) ;
#7131 = LINE ( 'NONE', #2755, #7193 ) ;
#7132 = VECTOR ( 'NONE', #1731, 1000.000000000000000 ) ;
#7133 = CARTESIAN_POINT ( 'NONE',  ( 4.799999999999998934, 0.4000000000000000222, -1.500000000000001332 ) ) ;
#7134 = DIRECTION ( 'NONE',  ( 0.000000000000000000, 1.000000000000000000, 0.000000000000000000 ) ) ;
#7135 = AXIS2_PLACEMENT_3D ( 'NONE', #2384, #5837, #5087 ) ;
#7136 = ADVANCED_FACE ( 'NONE', ( #5726 ), #3082, .F. ) ;
#7137 = DIRECTION ( 'NONE',  ( -0.000000000000000000, 1.000000000000000000, -0.000000000000000000 ) ) ;
#7138 = VERTEX_POINT ( 'NONE', #8984 ) ;
#7139 = ORIENTED_EDGE ( 'NONE', *, *, #6960, .T. ) ;
#7140 = AXIS2_PLACEMENT_3D ( 'NONE', #5279, #1401, #10349 ) ;
#7141 = LINE ( 'NONE', #2835, #13 ) ;
#7142 = DIRECTION ( 'NONE',  ( -1.000000000000000000, -0.000000000000000000, 9.637352644315598694E-16 ) ) ;
#7143 = LINE ( 'NONE', #7340, #10662 ) ;
#7144 = EDGE_LOOP ( 'NONE', ( #8936, #2078, #8718, #5642 ) ) ;
#7145 = ORIENTED_EDGE ( 'NONE', *, *, #6765, .T. ) ;
#7146 = CLOSED_SHELL ( 'NONE', ( #10470, #5588, #8211, #10608, #6110, #1454, #5261, #436, #1298, #10060 ) ) ;
#7147 = ORIENTED_EDGE ( 'NONE', *, *, #9515, .T. ) ;
#7148 = CARTESIAN_POINT ( 'NONE',  ( 3.899999999999999023, 0.000000000000000000, 4.799999999999999822 ) ) ;
#7149 = LINE ( 'NONE', #1887, #163 ) ;
#7150 = DIRECTION ( 'NONE',  ( -0.000000000000000000, -0.000000000000000000, 1.000000000000000000 ) ) ;
#7151 = DIRECTION ( 'NONE',  ( 0.000000000000000000, 1.000000000000000000, 0.000000000000000000 ) ) ;
#7152 = CARTESIAN_POINT ( 'NONE',  ( -4.350000000000000533, 0.4000000000000000222, -3.700000000000001066 ) ) ;
#7153 = CARTESIAN_POINT ( 'NONE',  ( 3.899999999999999023, 0.000000000000000000, -2.900000000000000799 ) ) ;
#7154 = EDGE_LOOP ( 'NONE', ( #1103, #1166, #8435, #1004, #4344, #984 ) ) ;
#7155 = EDGE_CURVE ( 'NONE', #8551, #5459, #2341, .T. ) ;
#7156 = PLANE ( 'NONE',  #1886 ) ;
#7157 = VERTEX_POINT ( 'NONE', #3468 ) ;
#7158 = LINE ( 'NONE', #9729, #3867 ) ;
#7159 = EDGE_CURVE ( 'NONE', #8308, #2733, #5747, .T. ) ;
#7160 = FACE_OUTER_BOUND ( 'NONE', #4430, .T. ) ;
#7161 = AXIS2_PLACEMENT_3D ( 'NONE', #7556, #9692, #8819 ) ;
#7162 = ORIENTED_EDGE ( 'NONE', *, *, #8475, .T. ) ;
#7163 = CARTESIAN_POINT ( 'NONE',  ( 4.799999999999998934, 0.8000000000000000444, 1.604159457879236195 ) ) ;
#7164 = DIRECTION ( 'NONE',  ( 1.000000000000000000, -0.000000000000000000, 0.000000000000000000 ) ) ;
#7165 = DIRECTION ( 'NONE',  ( -1.000000000000000000, 2.409338161078899674E-16, -9.637352644315598694E-16 ) ) ;
#7166 = ORIENTED_EDGE ( 'NONE', *, *, #8074, .T. ) ;
#7167 = EDGE_CURVE ( 'NONE', #4617, #2878, #2175, .T. ) ;
#7168 = ORIENTED_EDGE ( 'NONE', *, *, #6193, .F. ) ;
#7169 = VERTEX_POINT ( 'NONE', #10129 ) ;
#7170 = CARTESIAN_POINT ( 'NONE',  ( 3.899999999999999023, 0.4000000000000000222, -3.700000000000001066 ) ) ;
#7171 = VECTOR ( 'NONE', #10202, 1000.000000000000000 ) ;
#7172 = LINE ( 'NONE', #8174, #10671 ) ;
#7173 = LINE ( 'NONE', #9510, #7471 ) ;
#7174 = CARTESIAN_POINT ( 'NONE',  ( -4.800000000000000711, 0.8000000000000000444, 2.704159457879236506 ) ) ;
#7175 = PLANE ( 'NONE',  #968 ) ;
#7176 = VERTEX_POINT ( 'NONE', #9323 ) ;
#7177 = ORIENTED_EDGE ( 'NONE', *, *, #5003, .F. ) ;
#7178 = CARTESIAN_POINT ( 'NONE',  ( -4.800000000000000711, 0.000000000000000000, -0.8500000000000017542 ) ) ;
#7179 = VECTOR ( 'NONE', #9585, 1000.000000000000000 ) ;
#7180 = LINE ( 'NONE', #8951, #7044 ) ;
#7181 = ORIENTED_EDGE ( 'NONE', *, *, #6135, .T. ) ;
#7182 = CARTESIAN_POINT ( 'NONE',  ( 3.899999999999999023, 0.000000000000000000, -2.600000000000000977 ) ) ;
#7183 = EDGE_CURVE ( 'NONE', #840, #8295, #9289, .T. ) ;
#7184 = AXIS2_PLACEMENT_3D ( 'NONE', #4813, #7224, #8079 ) ;
#7185 = EDGE_LOOP ( 'NONE', ( #8885, #8561, #10344, #4912 ) ) ;
#7186 = ORIENTED_EDGE ( 'NONE', *, *, #9566, .F. ) ;
#7187 = VERTEX_POINT ( 'NONE', #1804 ) ;
#7188 = DIRECTION ( 'NONE',  ( 1.000000000000000000, 0.000000000000000000, 0.000000000000000000 ) ) ;
#7189 = FACE_OUTER_BOUND ( 'NONE', #7937, .T. ) ;
#7190 = CARTESIAN_POINT ( 'NONE',  ( -4.350000000000000533, 0.7999999999999999334, -2.795840542120763939 ) ) ;
#7191 = CARTESIAN_POINT ( 'NONE',  ( -3.900000000000000799, 0.4000000000000000222, -1.800000000000000711 ) ) ;
#7192 = DIRECTION ( 'NONE',  ( 1.000000000000000000, 0.000000000000000000, 0.000000000000000000 ) ) ;
#7193 = VECTOR ( 'NONE', #7097, 1000.000000000000000 ) ;
#7194 = LINE ( 'NONE', #6924, #10793 ) ;
#7195 = ORIENTED_EDGE ( 'NONE', *, *, #9900, .T. ) ;
#7196 = ORIENTED_EDGE ( 'NONE', *, *, #5416, .T. ) ;
#7197 = LINE ( 'NONE', #7543, #7217 ) ;
#7198 = LINE ( 'NONE', #1834, #3678 ) ;
#7199 = ORIENTED_EDGE ( 'NONE', *, *, #1374, .T. ) ;
#7200 = DIRECTION ( 'NONE',  ( 1.000000000000000000, 0.000000000000000000, 0.000000000000000000 ) ) ;
#7201 = VERTEX_POINT ( 'NONE', #5263 ) ;
#7202 = ORIENTED_EDGE ( 'NONE', *, *, #6923, .F. ) ;
#7203 = VERTEX_POINT ( 'NONE', #5700 ) ;
#7204 = EDGE_CURVE ( 'NONE', #5021, #1361, #5820, .T. ) ;
#7205 = AXIS2_PLACEMENT_3D ( 'NONE', #2576, #3568, #10217 ) ;
#7206 = EDGE_CURVE ( 'NONE', #3758, #5058, #5926, .T. ) ;
#7207 = CARTESIAN_POINT ( 'NONE',  ( -3.900000000000000799, 0.000000000000000000, 0.5041594578792359949 ) ) ;
#7208 = DIRECTION ( 'NONE',  ( -0.000000000000000000, 0.000000000000000000, -1.000000000000000000 ) ) ;
#7209 = PLANE ( 'NONE',  #4194 ) ;
#7210 = CARTESIAN_POINT ( 'NONE',  ( -3.900000000000000799, 0.000000000000000000, 4.904159457879235795 ) ) ;
#7211 = DIRECTION ( 'NONE',  ( 1.000000000000000000, 0.000000000000000000, 0.000000000000000000 ) ) ;
#7212 = ADVANCED_FACE ( 'NONE', ( #9417 ), #9843, .F. ) ;
#7213 = ORIENTED_EDGE ( 'NONE', *, *, #5207, .T. ) ;
#7214 = AXIS2_PLACEMENT_3D ( 'NONE', #670, #10674, #4725 ) ;
#7215 = ORIENTED_EDGE ( 'NONE', *, *, #2864, .T. ) ;
#7216 = CARTESIAN_POINT ( 'NONE',  ( -4.800000000000000711, 0.000000000000000000, 3.999999999999999112 ) ) ;
#7217 = VECTOR ( 'NONE', #9212, 1000.000000000000000 ) ;
#7218 = EDGE_CURVE ( 'NONE', #3994, #8295, #5783, .T. ) ;
#7219 = CARTESIAN_POINT ( 'NONE',  ( -4.800000000000000711, 0.4000000000000000222, -1.800000000000001599 ) ) ;
#7220 = FACE_OUTER_BOUND ( 'NONE', #6069, .T. ) ;
#7221 = VERTEX_POINT ( 'NONE', #3629 ) ;
#7222 = ORIENTED_EDGE ( 'NONE', *, *, #1829, .F. ) ;
#7223 = VERTEX_POINT ( 'NONE', #10695 ) ;
#7224 = DIRECTION ( 'NONE',  ( 1.000000000000000000, 0.000000000000000000, -0.000000000000000000 ) ) ;
#7225 = LINE ( 'NONE', #7190, #10753 ) ;
#7226 = CARTESIAN_POINT ( 'NONE',  ( -4.099999999999997868, 2.200000000000000178, 4.300000000000001599 ) ) ;
#7227 = FACE_OUTER_BOUND ( 'NONE', #3302, .T. ) ;
#7228 = DIRECTION ( 'NONE',  ( 0.000000000000000000, -1.000000000000000000, 0.000000000000000000 ) ) ;
#7229 = VECTOR ( 'NONE', #1578, 1000.000000000000000 ) ;
#7230 = CARTESIAN_POINT ( 'NONE',  ( -3.299999999999997602, 2.549999999999999822, -3.500000000000000000 ) ) ;
#7231 = ADVANCED_FACE ( 'NONE', ( #2276 ), #1880, .F. ) ;
#7232 = ORIENTED_EDGE ( 'NONE', *, *, #1064, .T. ) ;
#7233 = DIRECTION ( 'NONE',  ( -1.000000000000000000, 0.000000000000000000, 0.000000000000000000 ) ) ;
#7234 = ORIENTED_EDGE ( 'NONE', *, *, #8167, .T. ) ;
#7235 = DIRECTION ( 'NONE',  ( -0.000000000000000000, 0.000000000000000000, -1.000000000000000000 ) ) ;
#7236 = AXIS2_PLACEMENT_3D ( 'NONE', #2057, #3760, #5453 ) ;
#7237 = LINE ( 'NONE', #2903, #7516 ) ;
#7238 = LINE ( 'NONE', #10017, #10511 ) ;
#7239 = CARTESIAN_POINT ( 'NONE',  ( -4.800000000000000711, 0.8000000000000000444, 3.699999999999999289 ) ) ;
#7240 = ADVANCED_FACE ( 'NONE', ( #5649 ), #1109, .F. ) ;
#7241 = PLANE ( 'NONE',  #9131 ) ;
#7242 = ORIENTED_EDGE ( 'NONE', *, *, #10115, .F. ) ;
#7243 = ORIENTED_EDGE ( 'NONE', *, *, #692, .F. ) ;
#7244 = ORIENTED_EDGE ( 'NONE', *, *, #6657, .F. ) ;
#7245 = LINE ( 'NONE', #3716, #10788 ) ;
#7246 = EDGE_CURVE ( 'NONE', #7974, #6396, #2227, .T. ) ;
#7247 = CARTESIAN_POINT ( 'NONE',  ( -3.900000000000000799, 0.000000000000000000, -1.800000000000000711 ) ) ;
#7248 = UNCERTAINTY_MEASURE_WITH_UNIT (LENGTH_MEASURE( 1.000000000000000082E-05 ), #1692, 'distance_accuracy_value', 'NONE');
#7249 = DIRECTION ( 'NONE',  ( -0.000000000000000000, -0.000000000000000000, -1.000000000000000000 ) ) ;
#7250 = DIRECTION ( 'NONE',  ( -1.000000000000000000, 0.000000000000000000, 0.000000000000000000 ) ) ;
#7251 = EDGE_LOOP ( 'NONE', ( #3851, #7430, #6651, #7512, #10087, #4045 ) ) ;
#7252 = ORIENTED_EDGE ( 'NONE', *, *, #8059, .T. ) ;
#7253 =( GEOMETRIC_REPRESENTATION_CONTEXT ( 3 ) GLOBAL_UNCERTAINTY_ASSIGNED_CONTEXT ( ( #1916 ) ) GLOBAL_UNIT_ASSIGNED_CONTEXT ( ( #7267, #4154, #9879 ) ) REPRESENTATION_CONTEXT ( 'NONE', 'WORKASPACE' ) );
#7254 = PLANE ( 'NONE',  #3561 ) ;
#7255 = VECTOR ( 'NONE', #2688, 1000.000000000000000 ) ;
#7256 = DIRECTION ( 'NONE',  ( 1.000000000000000000, 0.000000000000000000, -0.000000000000000000 ) ) ;
#7257 = VECTOR ( 'NONE', #4085, 1000.000000000000000 ) ;
#7258 = AXIS2_PLACEMENT_3D ( 'NONE', #3049, #10568, #1462 ) ;
#7259 = CARTESIAN_POINT ( 'NONE',  ( 4.799999999999998934, 0.8000000000000000444, 0.5041594578792359949 ) ) ;
#7260 = ORIENTED_EDGE ( 'NONE', *, *, #2946, .F. ) ;
#7261 = VERTEX_POINT ( 'NONE', #4351 ) ;
#7262 = VERTEX_POINT ( 'NONE', #7375 ) ;
#7263 = EDGE_CURVE ( 'NONE', #1030, #9279, #9321, .T. ) ;
#7264 = CARTESIAN_POINT ( 'NONE',  ( 4.799999999999998934, 0.000000000000000000, -3.700000000000001066 ) ) ;
#7265 = LINE ( 'NONE', #3866, #224 ) ;
#7266 = AXIS2_PLACEMENT_3D ( 'NONE', #7344, #2298, #3425 ) ;
#7267 =( LENGTH_UNIT ( ) NAMED_UNIT ( * ) SI_UNIT ( .MILLI., .METRE. ) );
#7268 =( NAMED_UNIT ( * ) PLANE_ANGLE_UNIT ( ) SI_UNIT ( $, .RADIAN. ) );
#7269 = CARTESIAN_POINT ( 'NONE',  ( 4.350000000000000533, 0.8010000000000000453, 0.6999999999999992895 ) ) ;
#7270 = DIRECTION ( 'NONE',  ( -0.000000000000000000, -0.000000000000000000, -1.000000000000000000 ) ) ;
#7271 = LINE ( 'NONE', #2389, #7229 ) ;
#7272 = ORIENTED_EDGE ( 'NONE', *, *, #4798, .T. ) ;
#7273 = ORIENTED_EDGE ( 'NONE', *, *, #340, .F. ) ;
#7274 = FACE_OUTER_BOUND ( 'NONE', #962, .T. ) ;
#7275 = CIRCLE ( 'NONE', #5224, 0.2500000000000002220 ) ;
#7276 = CARTESIAN_POINT ( 'NONE',  ( -3.900000000000001688, 0.4000000000000000222, 2.599999999999999201 ) ) ;
#7277 = ORIENTED_EDGE ( 'NONE', *, *, #4520, .T. ) ;
#7278 = ORIENTED_EDGE ( 'NONE', *, *, #2204, .T. ) ;
#7279 = ORIENTED_EDGE ( 'NONE', *, *, #8806, .T. ) ;
#7280 = FACE_OUTER_BOUND ( 'NONE', #3955, .T. ) ;
#7281 = EDGE_CURVE ( 'NONE', #54, #7833, #9237, .T. ) ;
#7282 = AXIS2_PLACEMENT_3D ( 'NONE', #5653, #4132, #709 ) ;
#7283 = LINE ( 'NONE', #8491, #263 ) ;
#7284 = DIRECTION ( 'NONE',  ( 0.000000000000000000, 1.000000000000000000, 0.000000000000000000 ) ) ;
#7285 = CARTESIAN_POINT ( 'NONE',  ( -3.900000000000000799, 0.000000000000000000, -3.700000000000001066 ) ) ;
#7286 = DIRECTION ( 'NONE',  ( -0.000000000000000000, -0.000000000000000000, -1.000000000000000000 ) ) ;
#7287 = CARTESIAN_POINT ( 'NONE',  ( 4.350000000000000533, 0.7999999999999999334, -1.500000000000001332 ) ) ;
#7288 = ORIENTED_EDGE ( 'NONE', *, *, #7322, .F. ) ;
#7289 = ORIENTED_EDGE ( 'NONE', *, *, #10115, .T. ) ;
#7290 = LINE ( 'NONE', #10476, #215 ) ;
#7291 = DIRECTION ( 'NONE',  ( 1.000000000000000000, 0.000000000000000000, -0.000000000000000000 ) ) ;
#7292 = VECTOR ( 'NONE', #4378, 1000.000000000000000 ) ;
#7293 = ORIENTED_EDGE ( 'NONE', *, *, #8458, .T. ) ;
#7294 = ORIENTED_EDGE ( 'NONE', *, *, #6111, .F. ) ;
#7295 = ORIENTED_EDGE ( 'NONE', *, *, #8806, .F. ) ;
#7296 = DIRECTION ( 'NONE',  ( 0.000000000000000000, 0.000000000000000000, -1.000000000000000000 ) ) ;
#7297 = LINE ( 'NONE', #2358, #4112 ) ;
#7298 = EDGE_CURVE ( 'NONE', #726, #9407, #2127, .T. ) ;
#7299 = DIRECTION ( 'NONE',  ( -0.000000000000000000, -1.000000000000000000, -0.000000000000000000 ) ) ;
#7300 = ADVANCED_FACE ( 'NONE', ( #9372 ), #969, .F. ) ;
#7301 = PLANE ( 'NONE',  #4641 ) ;
#7302 = LINE ( 'NONE', #3215, #7379 ) ;
#7303 = AXIS2_PLACEMENT_3D ( 'NONE', #380, #3893, #1354 ) ;
#7304 = PLANE ( 'NONE',  #5943 ) ;
#7305 = PLANE ( 'NONE',  #3058 ) ;
#7306 = ADVANCED_FACE ( 'NONE', ( #9521 ), #1944, .F. ) ;
#7307 = VERTEX_POINT ( 'NONE', #4703 ) ;
#7308 = CARTESIAN_POINT ( 'NONE',  ( -4.800000000000000711, 0.8000000000000000444, -1.800000000000000711 ) ) ;
#7309 = ORIENTED_EDGE ( 'NONE', *, *, #1980, .F. ) ;
#7310 = CARTESIAN_POINT ( 'NONE',  ( -4.799999999999999822, 0.000000000000000000, 3.699999999999998401 ) ) ;
#7311 = LINE ( 'NONE', #2216, #10722 ) ;
#7312 = VECTOR ( 'NONE', #7600, 1000.000000000000000 ) ;
#7313 = DIRECTION ( 'NONE',  ( -1.000000000000000000, 0.000000000000000000, 0.000000000000000000 ) ) ;
#7314 = PLANE ( 'NONE',  #8471 ) ;
#7315 = CARTESIAN_POINT ( 'NONE',  ( -4.349999999999999645, 0.7999999999999999334, -4.000000000000001776 ) ) ;
#7316 = CARTESIAN_POINT ( 'NONE',  ( 4.350000000000000533, 0.4000000000000000222, -1.500000000000001332 ) ) ;
#7317 = ORIENTED_EDGE ( 'NONE', *, *, #6038, .T. ) ;
#7318 = VERTEX_POINT ( 'NONE', #347 ) ;
#7319 = ORIENTED_EDGE ( 'NONE', *, *, #3930, .F. ) ;
#7320 = CARTESIAN_POINT ( 'NONE',  ( -3.900000000000000799, 0.4000000000000000222, -3.700000000000001066 ) ) ;
#7321 = LINE ( 'NONE', #7583, #7132 ) ;
#7322 = EDGE_CURVE ( 'NONE', #100, #7941, #9341, .T. ) ;
#7323 = EDGE_CURVE ( 'NONE', #7976, #8113, #9503, .T. ) ;
#7324 = ADVANCED_FACE ( 'NONE', ( #5635 ), #9254, .F. ) ;
#7325 = CARTESIAN_POINT ( 'NONE',  ( 3.899999999999999023, 0.4000000000000000222, 3.699999999999999289 ) ) ;
#7326 = CARTESIAN_POINT ( 'NONE',  ( -4.349999999999999645, 0.7999999999999999334, 1.499999999999998668 ) ) ;
#7327 = ORIENTED_EDGE ( 'NONE', *, *, #2220, .T. ) ;
#7328 = ORIENTED_EDGE ( 'NONE', *, *, #9264, .T. ) ;
#7329 = CARTESIAN_POINT ( 'NONE',  ( 4.799999999999998934, 0.000000000000000000, 4.904159457879235795 ) ) ;
#7330 = EDGE_CURVE ( 'NONE', #726, #9279, #5941, .T. ) ;
#7331 = FACE_OUTER_BOUND ( 'NONE', #1100, .T. ) ;
#7332 = CARTESIAN_POINT ( 'NONE',  ( -4.800000000000000711, 0.000000000000000000, -0.5958405421207638719 ) ) ;
#7333 = VECTOR ( 'NONE', #8485, 1000.000000000000000 ) ;
#7334 = ADVANCED_FACE ( 'NONE', ( #5906 ), #2843, .F. ) ;
#7335 = PLANE ( 'NONE',  #4342 ) ;
#7336 = VERTEX_POINT ( 'NONE', #1885 ) ;
#7337 = VERTEX_POINT ( 'NONE', #8867 ) ;
#7338 = DIRECTION ( 'NONE',  ( 1.000000000000000000, 0.000000000000000000, 0.000000000000000000 ) ) ;
#7339 = ORIENTED_EDGE ( 'NONE', *, *, #498, .F. ) ;
#7340 = CARTESIAN_POINT ( 'NONE',  ( 4.799999999999998934, 0.8000000000000000444, 1.604159457879236195 ) ) ;
#7341 = DIRECTION ( 'NONE',  ( -0.000000000000000000, -3.252606517456512119E-15, -1.000000000000000000 ) ) ;
#7342 = CARTESIAN_POINT ( 'NONE',  ( 4.350000000000000533, 0.4000000000000000222, -1.695840542120764072 ) ) ;
#7343 = DIRECTION ( 'NONE',  ( -0.000000000000000000, -1.000000000000000000, -0.000000000000000000 ) ) ;
#7344 = CARTESIAN_POINT ( 'NONE',  ( -3.900000000000000799, 0.4000000000000000222, 4.799999999999999822 ) ) ;
#7345 = VECTOR ( 'NONE', #4687, 1000.000000000000000 ) ;
#7346 = EDGE_LOOP ( 'NONE', ( #3367, #6823, #3354, #10443 ) ) ;
#7347 = ORIENTED_EDGE ( 'NONE', *, *, #2564, .T. ) ;
#7348 = AXIS2_PLACEMENT_3D ( 'NONE', #8941, #2081, #1533 ) ;
#7349 = LINE ( 'NONE', #9797, #3776 ) ;
#7350 = VECTOR ( 'NONE', #6336, 1000.000000000000000 ) ;
#7351 = CARTESIAN_POINT ( 'NONE',  ( -4.800000000000000711, 0.000000000000000000, -1.695840542120764072 ) ) ;
#7352 = EDGE_CURVE ( 'NONE', #365, #513, #9487, .T. ) ;
#7353 = DIRECTION ( 'NONE',  ( 1.000000000000000000, 0.000000000000000000, -0.000000000000000000 ) ) ;
#7354 = VERTEX_POINT ( 'NONE', #5578 ) ;
#7355 = ORIENTED_EDGE ( 'NONE', *, *, #5746, .T. ) ;
#7356 = VERTEX_POINT ( 'NONE', #9051 ) ;
#7357 = VECTOR ( 'NONE', #4964, 1000.000000000000000 ) ;
#7358 = AXIS2_PLACEMENT_3D ( 'NONE', #6246, #8689, #4615 ) ;
#7359 = CARTESIAN_POINT ( 'NONE',  ( 3.399999999999995914, 1.200000000000002176, 5.000000000000005329 ) ) ;
#7360 = LINE ( 'NONE', #8029, #44 ) ;
#7361 = DIRECTION ( 'NONE',  ( 0.000000000000000000, 0.000000000000000000, -1.000000000000000000 ) ) ;
#7362 = DIRECTION ( 'NONE',  ( -1.000000000000000000, 0.000000000000000000, 0.000000000000000000 ) ) ;
#7363 = DIRECTION ( 'NONE',  ( -0.000000000000000000, -0.000000000000000000, -1.000000000000000000 ) ) ;
#7364 = CARTESIAN_POINT ( 'NONE',  ( -4.800000000000000711, 0.7999999999999999334, -2.795840542120763939 ) ) ;
#7365 = EDGE_CURVE ( 'NONE', #222, #10666, #2050, .T. ) ;
#7366 = ORIENTED_EDGE ( 'NONE', *, *, #8531, .F. ) ;
#7367 = ORIENTED_EDGE ( 'NONE', *, *, #4173, .F. ) ;
#7368 = VECTOR ( 'NONE', #635, 1000.000000000000000 ) ;
#7369 = LINE ( 'NONE', #10244, #362 ) ;
#7370 = DIRECTION ( 'NONE',  ( 1.000000000000000000, 5.551115123125781470E-17, 9.637352644315673636E-16 ) ) ;
#7371 = ADVANCED_FACE ( 'NONE', ( #9272 ), #8982, .F. ) ;
#7372 = VERTEX_POINT ( 'NONE', #6639 ) ;
#7373 = VERTEX_POINT ( 'NONE', #5637 ) ;
#7374 = ORIENTED_EDGE ( 'NONE', *, *, #6681, .F. ) ;
#7375 = CARTESIAN_POINT ( 'NONE',  ( 4.799999999999998934, 0.8000000000000000444, -2.600000000000000533 ) ) ;
#7376 = FACE_OUTER_BOUND ( 'NONE', #3817, .T. ) ;
#7377 = CARTESIAN_POINT ( 'NONE',  ( -4.800000000000000711, 0.000000000000000000, 5.000000000000000000 ) ) ;
#7378 = CARTESIAN_POINT ( 'NONE',  ( -4.800000000000000711, 0.8000000000000000444, 1.799999999999998712 ) ) ;
#7379 = VECTOR ( 'NONE', #4942, 1000.000000000000000 ) ;
#7380 = AXIS2_PLACEMENT_3D ( 'NONE', #6558, #2666, #9109 ) ;
#7381 = DIRECTION ( 'NONE',  ( 0.000000000000000000, 0.000000000000000000, -1.000000000000000000 ) ) ;
#7382 = CARTESIAN_POINT ( 'NONE',  ( -4.800000000000000711, 0.000000000000000000, 4.904159457879235795 ) ) ;
#7383 = EDGE_CURVE ( 'NONE', #1538, #5055, #2070, .T. ) ;
#7384 = PLANE ( 'NONE',  #6335 ) ;
#7385 = ORIENTED_EDGE ( 'NONE', *, *, #6708, .F. ) ;
#7386 = CARTESIAN_POINT ( 'NONE',  ( 3.899999999999999023, 0.4000000000000000222, 0.6999999999999992895 ) ) ;
#7387 = VERTEX_POINT ( 'NONE', #9124 ) ;
#7388 = CARTESIAN_POINT ( 'NONE',  ( 4.800000000000000711, 0.8000000000000000444, 2.599999999999999201 ) ) ;
#7389 = FACE_OUTER_BOUND ( 'NONE', #2008, .T. ) ;
#7390 = CIRCLE ( 'NONE', #1791, 0.2500000000000002220 ) ;
#7391 = UNCERTAINTY_MEASURE_WITH_UNIT (LENGTH_MEASURE( 1.000000000000000082E-05 ), #6131, 'distance_accuracy_value', 'NONE');
#7392 = DIRECTION ( 'NONE',  ( -0.000000000000000000, -0.000000000000000000, -1.000000000000000000 ) ) ;
#7393 = DIRECTION ( 'NONE',  ( -1.000000000000000000, -0.000000000000000000, -0.000000000000000000 ) ) ;
#7394 = DIRECTION ( 'NONE',  ( 0.000000000000000000, 0.000000000000000000, 1.000000000000000000 ) ) ;
#7395 = CARTESIAN_POINT ( 'NONE',  ( 3.899999999999999023, 0.000000000000000000, -3.700000000000001066 ) ) ;
#7396 = CLOSED_SHELL ( 'NONE', ( #368, #507, #4066, #9173, #8039, #6223, #7402, #10449, #8701, #5682 ) ) ;
#7397 = VERTEX_POINT ( 'NONE', #4185 ) ;
#7398 = CLOSED_SHELL ( 'NONE', ( #10227, #3762, #973, #9535, #4831, #8801, #1001, #5714, #5771, #2592 ) ) ;
#7399 = VECTOR ( 'NONE', #7825, 1000.000000000000000 ) ;
#7400 = LINE ( 'NONE', #7002, #7435 ) ;
#7401 = AXIS2_PLACEMENT_3D ( 'NONE', #851, #5044, #7534 ) ;
#7402 = ADVANCED_FACE ( 'NONE', ( #5767 ), #765, .F. ) ;
#7403 = CARTESIAN_POINT ( 'NONE',  ( -4.800000000000000711, 0.000000000000000000, 4.649999999999998579 ) ) ;
#7404 = ORIENTED_EDGE ( 'NONE', *, *, #9851, .T. ) ;
#7405 = ORIENTED_EDGE ( 'NONE', *, *, #2092, .T. ) ;
#7406 = EDGE_CURVE ( 'NONE', #6963, #3591, #9355, .T. ) ;
#7407 = CARTESIAN_POINT ( 'NONE',  ( -3.900000000000000799, -5.421010862427522170E-17, -2.795840542120763939 ) ) ;
#7408 = FACE_OUTER_BOUND ( 'NONE', #3972, .T. ) ;
#7409 = CARTESIAN_POINT ( 'NONE',  ( 4.799999999999998934, 0.000000000000000000, -1.500000000000001332 ) ) ;
#7410 = VECTOR ( 'NONE', #7649, 1000.000000000000000 ) ;
#7411 = ORIENTED_EDGE ( 'NONE', *, *, #1754, .F. ) ;
#7412 = EDGE_LOOP ( 'NONE', ( #9891, #4362, #2692, #2249 ) ) ;
#7413 = DIRECTION ( 'NONE',  ( 0.000000000000000000, 0.000000000000000000, 1.000000000000000000 ) ) ;
#7414 = VERTEX_POINT ( 'NONE', #8354 ) ;
#7415 = LINE ( 'NONE', #7906, #7484 ) ;
#7416 = DIRECTION ( 'NONE',  ( 0.000000000000000000, 0.000000000000000000, 1.000000000000000000 ) ) ;
#7417 = PLANE ( 'NONE',  #1807 ) ;
#7418 = DIRECTION ( 'NONE',  ( 0.000000000000000000, 0.000000000000000000, 1.000000000000000000 ) ) ;
#7419 = CARTESIAN_POINT ( 'NONE',  ( 4.799999999999998934, 0.000000000000000000, -5.000000000000000000 ) ) ;
#7420 = VECTOR ( 'NONE', #7800, 1000.000000000000000 ) ;
#7421 = CARTESIAN_POINT ( 'NONE',  ( -3.900000000000000799, 0.4000000000000000222, -4.800000000000001599 ) ) ;
#7422 = ORIENTED_EDGE ( 'NONE', *, *, #6763, .T. ) ;
#7423 = ORIENTED_EDGE ( 'NONE', *, *, #268, .T. ) ;
#7424 = LINE ( 'NONE', #10259, #10798 ) ;
#7425 = EDGE_CURVE ( 'NONE', #4169, #8760, #9922, .T. ) ;
#7426 = VECTOR ( 'NONE', #3387, 1000.000000000000000 ) ;
#7427 = ADVANCED_FACE ( 'NONE', ( #2393 ), #42, .F. ) ;
#7428 = CARTESIAN_POINT ( 'NONE',  ( -4.800000000000000711, 0.000000000000000000, -0.4000000000000010214 ) ) ;
#7429 = PLANE ( 'NONE',  #1637 ) ;
#7430 = ORIENTED_EDGE ( 'NONE', *, *, #8831, .T. ) ;
#7431 = VERTEX_POINT ( 'NONE', #4811 ) ;
#7432 = ORIENTED_EDGE ( 'NONE', *, *, #1476, .F. ) ;
#7433 = LINE ( 'NONE', #5735, #3604 ) ;
#7434 = DIRECTION ( 'NONE',  ( 1.000000000000000000, -0.000000000000000000, -0.000000000000000000 ) ) ;
#7435 = VECTOR ( 'NONE', #8693, 1000.000000000000000 ) ;
#7436 = CARTESIAN_POINT ( 'NONE',  ( -4.800000000000000711, 0.000000000000000000, 4.904159457879235795 ) ) ;
#7437 = DIRECTION ( 'NONE',  ( -1.000000000000000000, 3.614007241618346799E-15, -1.771237999661790770E-31 ) ) ;
#7438 = DIRECTION ( 'NONE',  ( 0.000000000000000000, 0.000000000000000000, 1.000000000000000000 ) ) ;
#7439 = CARTESIAN_POINT ( 'NONE',  ( 3.899999999999999023, 0.000000000000000000, -0.4000000000000010214 ) ) ;
#7440 = CARTESIAN_POINT ( 'NONE',  ( -4.799999999999999822, 0.000000000000000000, -0.7000000000000018430 ) ) ;
#7441 = ORIENTED_EDGE ( 'NONE', *, *, #5620, .T. ) ;
#7442 = VERTEX_POINT ( 'NONE', #9983 ) ;
#7443 = VECTOR ( 'NONE', #339, 1000.000000000000000 ) ;
#7444 = DIRECTION ( 'NONE',  ( 0.000000000000000000, -1.000000000000000000, 0.000000000000000000 ) ) ;
#7445 = VECTOR ( 'NONE', #9434, 1000.000000000000000 ) ;
#7446 = PLANE ( 'NONE',  #4526 ) ;
#7447 = EDGE_CURVE ( 'NONE', #3600, #818, #6107, .T. ) ;
#7448 = MECHANICAL_DESIGN_GEOMETRIC_PRESENTATION_REPRESENTATION (  '', ( #689 ), #1962 ) ;
#7449 = EDGE_LOOP ( 'NONE', ( #8993, #10187, #9719, #6067, #1800, #9558, #2748, #2913, #3463, #5826, #1987, #9756 ) ) ;
#7450 = ORIENTED_EDGE ( 'NONE', *, *, #1340, .F. ) ;
#7451 = VERTEX_POINT ( 'NONE', #8285 ) ;
#7452 = FACE_OUTER_BOUND ( 'NONE', #1325, .T. ) ;
#7453 = ADVANCED_FACE ( 'NONE', ( #9657 ), #4880, .F. ) ;
#7454 = CARTESIAN_POINT ( 'NONE',  ( -3.900000000000000799, 0.4000000000000000222, -4.000000000000000888 ) ) ;
#7455 = DIRECTION ( 'NONE',  ( 0.000000000000000000, 1.000000000000000000, 0.000000000000000000 ) ) ;
#7456 = DIRECTION ( 'NONE',  ( 1.000000000000000000, 0.000000000000000000, 0.000000000000000000 ) ) ;
#7457 = CARTESIAN_POINT ( 'NONE',  ( -3.900000000000000799, 0.000000000000000000, -1.800000000000000711 ) ) ;
#7458 = ORIENTED_EDGE ( 'NONE', *, *, #10551, .F. ) ;
#7459 = CARTESIAN_POINT ( 'NONE',  ( -3.900000000000000799, 0.4000000000000000222, 4.799999999999999822 ) ) ;
#7460 = VERTEX_POINT ( 'NONE', #4949 ) ;
#7461 = VECTOR ( 'NONE', #9079, 1000.000000000000000 ) ;
#7462 = VECTOR ( 'NONE', #2603, 1000.000000000000000 ) ;
#7463 = DIRECTION ( 'NONE',  ( -0.000000000000000000, 0.000000000000000000, 1.000000000000000000 ) ) ;
#7464 = EDGE_CURVE ( 'NONE', #3874, #6805, #2451, .T. ) ;
#7465 = CARTESIAN_POINT ( 'NONE',  ( 4.799999999999998934, 0.000000000000000000, 2.600000000000007638 ) ) ;
#7466 = DIRECTION ( 'NONE',  ( -0.000000000000000000, -0.000000000000000000, 1.000000000000000000 ) ) ;
#7467 = ORIENTED_EDGE ( 'NONE', *, *, #6909, .T. ) ;
#7468 = VERTEX_POINT ( 'NONE', #9909 ) ;
#7469 = ORIENTED_EDGE ( 'NONE', *, *, #7603, .F. ) ;
#7470 = EDGE_CURVE ( 'NONE', #9491, #10455, #9864, .T. ) ;
#7471 = VECTOR ( 'NONE', #10321, 1000.000000000000000 ) ;
#7472 = EDGE_CURVE ( 'NONE', #938, #6579, #9799, .T. ) ;
#7473 = EDGE_CURVE ( 'NONE', #8967, #1549, #2617, .T. ) ;
#7474 = DIRECTION ( 'NONE',  ( 1.000000000000000000, -0.000000000000000000, -0.000000000000000000 ) ) ;
#7475 = CARTESIAN_POINT ( 'NONE',  ( 4.799999999999998934, 0.8000000000000000444, 5.000000000000000000 ) ) ;
#7476 = VERTEX_POINT ( 'NONE', #8908 ) ;
#7477 = AXIS2_PLACEMENT_3D ( 'NONE', #2572, #9148, #4298 ) ;
#7478 = ORIENTED_EDGE ( 'NONE', *, *, #7920, .F. ) ;
#7479 = DIRECTION ( 'NONE',  ( 0.000000000000000000, -1.000000000000000000, 0.000000000000000000 ) ) ;
#7480 = LINE ( 'NONE', #5833, #7333 ) ;
#7481 = ORIENTED_EDGE ( 'NONE', *, *, #7009, .T. ) ;
#7482 = ORIENTED_EDGE ( 'NONE', *, *, #6866, .T. ) ;
#7483 = ORIENTED_EDGE ( 'NONE', *, *, #2291, .F. ) ;
#7484 = VECTOR ( 'NONE', #7114, 1000.000000000000000 ) ;
#7485 = CARTESIAN_POINT ( 'NONE',  ( -3.900000000000000799, 0.000000000000000000, -2.600000000000000977 ) ) ;
#7486 = CARTESIAN_POINT ( 'NONE',  ( 4.799999999999998934, 0.000000000000000000, 4.649999999999998579 ) ) ;
#7487 = EDGE_CURVE ( 'NONE', #160, #10697, #6198, .T. ) ;
#7488 = ADVANCED_FACE ( 'NONE', ( #2581 ), #3079, .T. ) ;
#7489 = DIRECTION ( 'NONE',  ( -1.000000000000000000, 0.000000000000000000, 0.000000000000000000 ) ) ;
#7490 = AXIS2_PLACEMENT_3D ( 'NONE', #5725, #8247, #9867 ) ;
#7491 =( NAMED_UNIT ( * ) SI_UNIT ( $, .STERADIAN. ) SOLID_ANGLE_UNIT ( ) );
#7492 = EDGE_CURVE ( 'NONE', #4316, #5129, #9749, .T. ) ;
#7493 = CARTESIAN_POINT ( 'NONE',  ( 0.000000000000000000, 0.4000000000000000222, 1.100000000000000089 ) ) ;
#7494 = ADVANCED_FACE ( 'NONE', ( #2685 ), #7736, .F. ) ;
#7495 = EDGE_LOOP ( 'NONE', ( #245, #7441, #2263, #2729 ) ) ;
#7496 = VERTEX_POINT ( 'NONE', #7659 ) ;
#7497 = AXIS2_PLACEMENT_3D ( 'NONE', #2950, #4679, #6312 ) ;
#7498 = VECTOR ( 'NONE', #7969, 1000.000000000000000 ) ;
#7499 = CARTESIAN_POINT ( 'NONE',  ( 4.350000000000000533, 0.7999999999999999334, -0.5958405421207638719 ) ) ;
#7500 = VECTOR ( 'NONE', #2744, 1000.000000000000000 ) ;
#7501 = DIRECTION ( 'NONE',  ( 1.000000000000000000, 0.000000000000000000, 0.000000000000000000 ) ) ;
#7502 = EDGE_LOOP ( 'NONE', ( #5864, #1309, #2165, #10229 ) ) ;
#7503 = EDGE_LOOP ( 'NONE', ( #7597, #3680, #10642, #644, #7467, #10682 ) ) ;
#7504 = VERTEX_POINT ( 'NONE', #6108 ) ;
#7505 = LINE ( 'NONE', #10792, #114 ) ;
#7506 = EDGE_CURVE ( 'NONE', #9066, #7261, #2563, .T. ) ;
#7507 = CARTESIAN_POINT ( 'NONE',  ( 0.000000000000000000, 0.000000000000000000, -3.700000000000001066 ) ) ;
#7508 = CYLINDRICAL_SURFACE ( 'NONE', #7038, 0.1999999999999996503 ) ;
#7509 = CARTESIAN_POINT ( 'NONE',  ( -4.350000000000000533, 0.4000000000000000222, 0.5041594578792359949 ) ) ;
#7510 = DIRECTION ( 'NONE',  ( 0.000000000000000000, 0.000000000000000000, -1.000000000000000000 ) ) ;
#7511 = VERTEX_POINT ( 'NONE', #5331 ) ;
#7512 = ORIENTED_EDGE ( 'NONE', *, *, #5683, .T. ) ;
#7513 = CARTESIAN_POINT ( 'NONE',  ( 0.000000000000000000, 0.4000000000000000222, 6.599999999999999645 ) ) ;
#7514 = DIRECTION ( 'NONE',  ( 0.000000000000000000, 0.000000000000000000, -1.000000000000000000 ) ) ;
#7515 = AXIS2_PLACEMENT_3D ( 'NONE', #9205, #7463, #6585 ) ;
#7516 = VECTOR ( 'NONE', #9253, 1000.000000000000000 ) ;
#7517 = CARTESIAN_POINT ( 'NONE',  ( 4.350000000000000533, 0.8000000000000000444, 2.899999999999999023 ) ) ;
#7518 = VECTOR ( 'NONE', #6511, 1000.000000000000000 ) ;
#7519 = VERTEX_POINT ( 'NONE', #7884 ) ;
#7520 = VERTEX_POINT ( 'NONE', #5096 ) ;
#7521 = ORIENTED_EDGE ( 'NONE', *, *, #5558, .F. ) ;
#7522 = EDGE_CURVE ( 'NONE', #2235, #5827, #6302, .T. ) ;
#7523 = CARTESIAN_POINT ( 'NONE',  ( -4.800000000000000711, 0.000000000000000000, 0.3999999999999984679 ) ) ;
#7524 = DIRECTION ( 'NONE',  ( 1.000000000000000000, 4.336808689942013792E-16, 0.000000000000000000 ) ) ;
#7525 = MANIFOLD_SOLID_BREP ( 'LPattern2[6]', #8125 ) ;
#7526 = DIRECTION ( 'NONE',  ( 1.000000000000000000, -0.000000000000000000, -0.000000000000000000 ) ) ;
#7527 = ORIENTED_EDGE ( 'NONE', *, *, #5296, .F. ) ;
#7528 = CARTESIAN_POINT ( 'NONE',  ( -4.350000000000000533, 0.4000000000000000222, 3.999999999999999112 ) ) ;
#7529 = ORIENTED_EDGE ( 'NONE', *, *, #2980, .T. ) ;
#7530 = LINE ( 'NONE', #9937, #319 ) ;
#7531 = LINE ( 'NONE', #6766, #3883 ) ;
#7532 = DIRECTION ( 'NONE',  ( 0.000000000000000000, 0.000000000000000000, 1.000000000000000000 ) ) ;
#7533 = CARTESIAN_POINT ( 'NONE',  ( 4.350000000000000533, 0.7999999999999999334, 0.6999999999999992895 ) ) ;
#7534 = DIRECTION ( 'NONE',  ( -1.000000000000000000, -1.301042606982607530E-14, 0.000000000000000000 ) ) ;
#7535 = VECTOR ( 'NONE', #4932, 1000.000000000000000 ) ;
#7536 = ORIENTED_EDGE ( 'NONE', *, *, #5503, .F. ) ;
#7537 = AXIS2_PLACEMENT_3D ( 'NONE', #2411, #4966, #10224 ) ;
#7538 = EDGE_LOOP ( 'NONE', ( #3243, #6015, #2390, #4878, #6811, #3732, #3373, #9441, #3492, #6925, #10176, #7082 ) ) ;
#7539 = ORIENTED_EDGE ( 'NONE', *, *, #1473, .F. ) ;
#7540 = EDGE_CURVE ( 'NONE', #9328, #8055, #2599, .T. ) ;
#7541 = CARTESIAN_POINT ( 'NONE',  ( -4.350000000000000533, 0.4000000000000000222, 1.604159457879236195 ) ) ;
#7542 = FACE_OUTER_BOUND ( 'NONE', #1028, .T. ) ;
#7543 = CARTESIAN_POINT ( 'NONE',  ( 4.799999999999998934, 0.4000000000000000222, -0.4000000000000010214 ) ) ;
#7544 = DIRECTION ( 'NONE',  ( -1.000000000000000000, 0.000000000000000000, 0.000000000000000000 ) ) ;
#7545 = VERTEX_POINT ( 'NONE', #5908 ) ;
#7546 = VERTEX_POINT ( 'NONE', #4482 ) ;
#7547 = VECTOR ( 'NONE', #9275, 1000.000000000000000 ) ;
#7548 = CARTESIAN_POINT ( 'NONE',  ( -4.800000000000000711, 0.000000000000000000, -2.900000000000001688 ) ) ;
#7549 = LINE ( 'NONE', #5110, #3913 ) ;
#7550 = VECTOR ( 'NONE', #3858, 1000.000000000000000 ) ;
#7551 = ORIENTED_EDGE ( 'NONE', *, *, #2449, .T. ) ;
#7552 = VERTEX_POINT ( 'NONE', #7007 ) ;
#7553 = DIRECTION ( 'NONE',  ( 1.000000000000000000, 0.000000000000000000, 0.000000000000000000 ) ) ;
#7554 = VERTEX_POINT ( 'NONE', #7805 ) ;
#7555 = DIRECTION ( 'NONE',  ( -1.000000000000000000, 0.000000000000000000, 0.000000000000000000 ) ) ;
#7556 = CARTESIAN_POINT ( 'NONE',  ( 0.000000000000000000, 2.710505431213761085E-16, -4.800000000000001599 ) ) ;
#7557 = CARTESIAN_POINT ( 'NONE',  ( 4.799999999999998934, 0.000000000000000000, -1.800000000000001599 ) ) ;
#7558 = CARTESIAN_POINT ( 'NONE',  ( 3.899999999999999023, 0.000000000000000000, -1.695840542120764072 ) ) ;
#7559 = CIRCLE ( 'NONE', #9852, 0.3999999999999993006 ) ;
#7560 = AXIS2_PLACEMENT_3D ( 'NONE', #1628, #3124, #4922 ) ;
#7561 = CARTESIAN_POINT ( 'NONE',  ( -4.350000000000000533, 0.7999999999999999334, 6.004159457879236328 ) ) ;
#7562 = ORIENTED_EDGE ( 'NONE', *, *, #6782, .F. ) ;
#7563 = EDGE_CURVE ( 'NONE', #584, #3432, #2651, .T. ) ;
#7564 = VERTEX_POINT ( 'NONE', #262 ) ;
#7565 = VECTOR ( 'NONE', #9711, 1000.000000000000000 ) ;
#7566 = VECTOR ( 'NONE', #7125, 1000.000000000000000 ) ;
#7567 = PLANE ( 'NONE',  #7612 ) ;
#7568 = ORIENTED_EDGE ( 'NONE', *, *, #7041, .T. ) ;
#7569 = ORIENTED_EDGE ( 'NONE', *, *, #517, .F. ) ;
#7570 = ORIENTED_EDGE ( 'NONE', *, *, #590, .F. ) ;
#7571 = DIRECTION ( 'NONE',  ( 0.000000000000000000, -1.000000000000000000, 0.000000000000000000 ) ) ;
#7572 = CARTESIAN_POINT ( 'NONE',  ( -4.350000000000000533, 0.4000000000000000222, -1.695840542120764072 ) ) ;
#7573 = LINE ( 'NONE', #8646, #650 ) ;
#7574 = CARTESIAN_POINT ( 'NONE',  ( -3.900000000000000799, 0.000000000000000000, -4.000000000000000888 ) ) ;
#7575 = CARTESIAN_POINT ( 'NONE',  ( -4.500000000000000000, 2.200000000000000622, 4.299999999999999822 ) ) ;
#7576 = DIRECTION ( 'NONE',  ( -0.000000000000000000, -1.000000000000000000, -0.000000000000000000 ) ) ;
#7577 = CARTESIAN_POINT ( 'NONE',  ( 4.500000000000003553, 1.199999999999999734, -4.299999999999999822 ) ) ;
#7578 = EDGE_CURVE ( 'NONE', #1058, #1430, #9833, .T. ) ;
#7579 = DIRECTION ( 'NONE',  ( 0.000000000000000000, 0.000000000000000000, 1.000000000000000000 ) ) ;
#7580 = ADVANCED_FACE ( 'NONE', ( #6269 ), #4410, .T. ) ;
#7581 = ORIENTED_EDGE ( 'NONE', *, *, #5103, .F. ) ;
#7582 = VERTEX_POINT ( 'NONE', #10250 ) ;
#7583 = CARTESIAN_POINT ( 'NONE',  ( -4.350000000000000533, 0.8000000000000000444, 3.999999999999999112 ) ) ;
#7584 = EDGE_CURVE ( 'NONE', #2385, #915, #6337, .T. ) ;
#7585 = DIRECTION ( 'NONE',  ( 2.409338161078908548E-16, -1.000000000000000000, 0.000000000000000000 ) ) ;
#7586 = LINE ( 'NONE', #1650, #4010 ) ;
#7587 = LINE ( 'NONE', #5154, #661 ) ;
#7588 = ORIENTED_EDGE ( 'NONE', *, *, #999, .T. ) ;
#7589 = ORIENTED_EDGE ( 'NONE', *, *, #945, .F. ) ;
#7590 = ORIENTED_EDGE ( 'NONE', *, *, #3577, .F. ) ;
#7591 = CARTESIAN_POINT ( 'NONE',  ( -4.800000000000000711, 0.8000000000000000444, 3.299999999999998046 ) ) ;
#7592 = LINE ( 'NONE', #5712, #4262 ) ;
#7593 = DIRECTION ( 'NONE',  ( -1.000000000000000000, 0.000000000000000000, 0.000000000000000000 ) ) ;
#7594 = CARTESIAN_POINT ( 'NONE',  ( -4.350000000000000533, 0.8010000000000000453, 0.6999999999999992895 ) ) ;
#7595 = ADVANCED_FACE ( 'NONE', ( #6286 ), #2069, .F. ) ;
#7596 = ORIENTED_EDGE ( 'NONE', *, *, #1299, .F. ) ;
#7597 = ORIENTED_EDGE ( 'NONE', *, *, #3022, .T. ) ;
#7598 = AXIS2_PLACEMENT_3D ( 'NONE', #9136, #487, #9731 ) ;
#7599 = LINE ( 'NONE', #6878, #3945 ) ;
#7600 = DIRECTION ( 'NONE',  ( -0.000000000000000000, -0.000000000000000000, -1.000000000000000000 ) ) ;
#7601 = FACE_OUTER_BOUND ( 'NONE', #629, .T. ) ;
#7602 = CARTESIAN_POINT ( 'NONE',  ( -4.800000000000000711, 0.8000000000000000444, 2.704159457879236506 ) ) ;
#7603 = EDGE_CURVE ( 'NONE', #5363, #2329, #6125, .T. ) ;
#7604 = DIRECTION ( 'NONE',  ( 0.000000000000000000, 1.000000000000000000, 3.252606517456512119E-15 ) ) ;
#7605 = DIRECTION ( 'NONE',  ( 0.000000000000000000, 0.000000000000000000, 1.000000000000000000 ) ) ;
#7606 = FACE_OUTER_BOUND ( 'NONE', #4044, .T. ) ;
#7607 = DIRECTION ( 'NONE',  ( -9.637352644315598694E-16, 0.000000000000000000, 1.000000000000000000 ) ) ;
#7608 = ORIENTED_EDGE ( 'NONE', *, *, #8096, .T. ) ;
#7609 = EDGE_LOOP ( 'NONE', ( #10720, #10517, #6785, #3519 ) ) ;
#7610 = ORIENTED_EDGE ( 'NONE', *, *, #911, .T. ) ;
#7611 = EDGE_CURVE ( 'NONE', #4634, #118, #6319, .T. ) ;
#7612 = AXIS2_PLACEMENT_3D ( 'NONE', #1564, #7353, #6693 ) ;
#7613 = DIRECTION ( 'NONE',  ( 0.000000000000000000, -1.000000000000000000, 0.000000000000000000 ) ) ;
#7614 = VECTOR ( 'NONE', #7826, 1000.000000000000000 ) ;
#7615 = FILL_AREA_STYLE ('',( #3567 ) ) ;
#7616 = CARTESIAN_POINT ( 'NONE',  ( 4.350000000000000533, 0.4000000000000000222, -2.795840542120763939 ) ) ;
#7617 = ORIENTED_EDGE ( 'NONE', *, *, #9868, .F. ) ;
#7618 = ORIENTED_EDGE ( 'NONE', *, *, #8750, .F. ) ;
#7619 = DIRECTION ( 'NONE',  ( 1.000000000000000000, 0.000000000000000000, 0.000000000000000000 ) ) ;
#7620 = EDGE_CURVE ( 'NONE', #7122, #9364, #2741, .T. ) ;
#7621 = VECTOR ( 'NONE', #5479, 1000.000000000000000 ) ;
#7622 = VECTOR ( 'NONE', #8964, 1000.000000000000000 ) ;
#7623 = ORIENTED_EDGE ( 'NONE', *, *, #5026, .T. ) ;
#7624 = EDGE_CURVE ( 'NONE', #9633, #1157, #6357, .T. ) ;
#7625 = VERTEX_POINT ( 'NONE', #2615 ) ;
#7626 = ORIENTED_EDGE ( 'NONE', *, *, #2962, .T. ) ;
#7627 = DIRECTION ( 'NONE',  ( -0.000000000000000000, 0.000000000000000000, -1.000000000000000000 ) ) ;
#7628 = CARTESIAN_POINT ( 'NONE',  ( -3.900000000000000799, 0.4000000000000000222, 2.599999999999999201 ) ) ;
#7629 = CARTESIAN_POINT ( 'NONE',  ( 4.100000000000000533, 2.199999999999999289, 4.299999999999999822 ) ) ;
#7630 = DIRECTION ( 'NONE',  ( -0.000000000000000000, -1.000000000000000000, -0.000000000000000000 ) ) ;
#7631 = LINE ( 'NONE', #5860, #425 ) ;
#7632 = EDGE_CURVE ( 'NONE', #9066, #5730, #5984, .T. ) ;
#7633 = CARTESIAN_POINT ( 'NONE',  ( 3.899999999999999023, 0.4000000000000000222, 1.604159457879236195 ) ) ;
#7634 = VERTEX_POINT ( 'NONE', #2142 ) ;
#7635 = ORIENTED_EDGE ( 'NONE', *, *, #2501, .F. ) ;
#7636 = EDGE_CURVE ( 'NONE', #1721, #2198, #2414, .T. ) ;
#7637 = LINE ( 'NONE', #3808, #4067 ) ;
#7638 = DIRECTION ( 'NONE',  ( -1.000000000000000000, 0.000000000000000000, 0.000000000000000000 ) ) ;
#7639 = VECTOR ( 'NONE', #2972, 1000.000000000000000 ) ;
#7640 = VECTOR ( 'NONE', #9471, 1000.000000000000000 ) ;
#7641 = PLANE ( 'NONE',  #1089 ) ;
#7642 = EDGE_LOOP ( 'NONE', ( #9031, #7891, #10205, #2517, #2607, #8961 ) ) ;
#7643 = ORIENTED_EDGE ( 'NONE', *, *, #7470, .F. ) ;
#7644 = VERTEX_POINT ( 'NONE', #2960 ) ;
#7645 = DIRECTION ( 'NONE',  ( -1.000000000000000000, 0.000000000000000000, 0.000000000000000000 ) ) ;
#7646 = SURFACE_STYLE_FILL_AREA ( #10570 ) ;
#7647 = DIRECTION ( 'NONE',  ( -0.000000000000000000, -0.000000000000000000, 1.000000000000000000 ) ) ;
#7648 = LINE ( 'NONE', #62, #4184 ) ;
#7649 = DIRECTION ( 'NONE',  ( 1.000000000000000000, -0.000000000000000000, -0.000000000000000000 ) ) ;
#7650 = PRESENTATION_LAYER_ASSIGNMENT (  '', '', ( #2163 ) ) ;
#7651 = CARTESIAN_POINT ( 'NONE',  ( 3.399999999999995914, 0.7999999999999997113, -4.700000000000005507 ) ) ;
#7652 = VERTEX_POINT ( 'NONE', #6255 ) ;
#7653 = VERTEX_POINT ( 'NONE', #7094 ) ;
#7654 = CARTESIAN_POINT ( 'NONE',  ( -3.900000000000000799, 0.4000000000000000222, 0.6999999999999992895 ) ) ;
#7655 = PLANE ( 'NONE',  #8590 ) ;
#7656 = AXIS2_PLACEMENT_3D ( 'NONE', #3143, #4941, #1422 ) ;
#7657 = VECTOR ( 'NONE', #2788, 1000.000000000000000 ) ;
#7658 = CARTESIAN_POINT ( 'NONE',  ( 3.399999999999995914, 0.8000000000000007105, 5.000000000000006217 ) ) ;
#7659 = CARTESIAN_POINT ( 'NONE',  ( 4.350000000000000533, 0.7999999999999999334, -2.899999999999992806 ) ) ;
#7660 = LINE ( 'NONE', #6942, #7679 ) ;
#7661 = LINE ( 'NONE', #1203, #4124 ) ;
#7662 = DIRECTION ( 'NONE',  ( 0.000000000000000000, 0.000000000000000000, 1.000000000000000000 ) ) ;
#7663 = EDGE_LOOP ( 'NONE', ( #5386, #1826, #10235, #8969 ) ) ;
#7664 = ORIENTED_EDGE ( 'NONE', *, *, #4358, .T. ) ;
#7665 = EDGE_LOOP ( 'NONE', ( #1786, #6774, #6212, #10434, #2465, #2234 ) ) ;
#7666 = DIRECTION ( 'NONE',  ( 0.000000000000000000, 0.000000000000000000, 1.000000000000000000 ) ) ;
#7667 = CARTESIAN_POINT ( 'NONE',  ( 4.799999999999998934, 0.000000000000000000, -2.899999999999991918 ) ) ;
#7668 = VECTOR ( 'NONE', #9534, 1000.000000000000000 ) ;
#7669 = DIRECTION ( 'NONE',  ( 1.000000000000000000, 5.551115123125781470E-17, -6.310887241768094443E-30 ) ) ;
#7670 = DIRECTION ( 'NONE',  ( -0.000000000000000000, -0.000000000000000000, -1.000000000000000000 ) ) ;
#7671 = ADVANCED_FACE ( 'NONE', ( #6037 ), #2468, .F. ) ;
#7672 = VERTEX_POINT ( 'NONE', #10396 ) ;
#7673 = AXIS2_PLACEMENT_3D ( 'NONE', #2140, #3983, #3908 ) ;
#7674 = DIRECTION ( 'NONE',  ( -0.000000000000000000, 0.000000000000000000, -1.000000000000000000 ) ) ;
#7675 = VERTEX_POINT ( 'NONE', #4691 ) ;
#7676 = FACE_OUTER_BOUND ( 'NONE', #6736, .T. ) ;
#7677 = CARTESIAN_POINT ( 'NONE',  ( 1.399999999999998135, 1.528725063204563461E-14, 4.500000000000007994 ) ) ;
#7678 = EDGE_CURVE ( 'NONE', #666, #8905, #2544, .T. ) ;
#7679 = VECTOR ( 'NONE', #8787, 1000.000000000000000 ) ;
#7680 = DIRECTION ( 'NONE',  ( 0.000000000000000000, -1.000000000000000000, 0.000000000000000000 ) ) ;
#7681 = CARTESIAN_POINT ( 'NONE',  ( -4.350000000000000533, 0.4000000000000000222, 0.6999999999999992895 ) ) ;
#7682 = DIRECTION ( 'NONE',  ( 0.000000000000000000, 0.000000000000000000, -1.000000000000000000 ) ) ;
#7683 = FACE_OUTER_BOUND ( 'NONE', #3207, .T. ) ;
#7684 = DIRECTION ( 'NONE',  ( -0.000000000000000000, 0.000000000000000000, 1.000000000000000000 ) ) ;
#7685 = VERTEX_POINT ( 'NONE', #6320 ) ;
#7686 = EDGE_CURVE ( 'NONE', #4837, #927, #6538, .T. ) ;
#7687 = ORIENTED_EDGE ( 'NONE', *, *, #8856, .F. ) ;
#7688 = VERTEX_POINT ( 'NONE', #4625 ) ;
#7689 = VECTOR ( 'NONE', #983, 1000.000000000000000 ) ;
#7690 = DIRECTION ( 'NONE',  ( -0.000000000000000000, 1.000000000000000000, -0.000000000000000000 ) ) ;
#7691 = CARTESIAN_POINT ( 'NONE',  ( -3.900000000000000799, 0.4000000000000000222, 1.499999999999999556 ) ) ;
#7692 = ORIENTED_EDGE ( 'NONE', *, *, #4364, .F. ) ;
#7693 = ORIENTED_EDGE ( 'NONE', *, *, #3467, .T. ) ;
#7694 = FILL_AREA_STYLE_COLOUR ( '', #1079 ) ;
#7695 = VECTOR ( 'NONE', #662, 1000.000000000000000 ) ;
#7696 = FACE_OUTER_BOUND ( 'NONE', #7072, .T. ) ;
#7697 = EDGE_CURVE ( 'NONE', #10258, #1260, #10131, .T. ) ;
#7698 = LINE ( 'NONE', #8783, #7770 ) ;
#7699 = ORIENTED_EDGE ( 'NONE', *, *, #4080, .T. ) ;
#7700 = EDGE_LOOP ( 'NONE', ( #2555, #2896, #8550, #2013 ) ) ;
#7701 = CARTESIAN_POINT ( 'NONE',  ( 0.000000000000000000, 1.199999999999971312, -4.500000000000004441 ) ) ;
#7702 = ORIENTED_EDGE ( 'NONE', *, *, #8616, .F. ) ;
#7703 = CARTESIAN_POINT ( 'NONE',  ( -4.800000000000000711, 0.000000000000000000, -3.550000000000002043 ) ) ;
#7704 = EDGE_CURVE ( 'NONE', #7511, #8083, #10112, .T. ) ;
#7705 = CARTESIAN_POINT ( 'NONE',  ( -4.800000000000000711, 0.8000000000000000444, 5.000000000000000000 ) ) ;
#7706 = CARTESIAN_POINT ( 'NONE',  ( -4.800000000000000711, 0.000000000000000000, 6.004159457879236328 ) ) ;
#7707 = DIRECTION ( 'NONE',  ( 1.000000000000000000, 5.551115123125781470E-17, 6.310887241768093042E-30 ) ) ;
#7708 = VECTOR ( 'NONE', #1049, 1000.000000000000000 ) ;
#7709 = DIRECTION ( 'NONE',  ( -1.000000000000000000, 0.000000000000000000, -0.000000000000000000 ) ) ;
#7710 = VERTEX_POINT ( 'NONE', #7829 ) ;
#7711 = VERTEX_POINT ( 'NONE', #7754 ) ;
#7712 = ADVANCED_FACE ( 'NONE', ( #10045 ), #8578, .F. ) ;
#7713 = FACE_OUTER_BOUND ( 'NONE', #686, .T. ) ;
#7714 = CARTESIAN_POINT ( 'NONE',  ( -3.900000000000000799, 0.4000000000000000222, 3.999999999999999112 ) ) ;
#7715 = VECTOR ( 'NONE', #4400, 1000.000000000000000 ) ;
#7716 = DIRECTION ( 'NONE',  ( 0.000000000000000000, 0.000000000000000000, 1.000000000000000000 ) ) ;
#7717 = VECTOR ( 'NONE', #9733, 1000.000000000000000 ) ;
#7718 = DIRECTION ( 'NONE',  ( 1.000000000000000000, 0.000000000000000000, 9.637352644315598694E-16 ) ) ;
#7719 = ORIENTED_EDGE ( 'NONE', *, *, #717, .F. ) ;
#7720 = EDGE_LOOP ( 'NONE', ( #109, #6616, #8101, #8017 ) ) ;
#7721 = ORIENTED_EDGE ( 'NONE', *, *, #4638, .F. ) ;
#7722 = AXIS2_PLACEMENT_3D ( 'NONE', #9494, #6985, #8011 ) ;
#7723 = DIRECTION ( 'NONE',  ( -1.000000000000000000, 0.000000000000000000, 0.000000000000000000 ) ) ;
#7724 = DIRECTION ( 'NONE',  ( -1.000000000000000000, 0.000000000000000000, 0.000000000000000000 ) ) ;
#7725 = LINE ( 'NONE', #628, #554 ) ;
#7726 = EDGE_CURVE ( 'NONE', #7927, #6720, #10233, .T. ) ;
#7727 = CARTESIAN_POINT ( 'NONE',  ( 3.899999999999999023, 0.4000000000000000222, 0.6999999999999992895 ) ) ;
#7728 = DIRECTION ( 'NONE',  ( -0.000000000000000000, 1.000000000000000000, -0.000000000000000000 ) ) ;
#7729 = PLANE ( 'NONE',  #1536 ) ;
#7730 = DIRECTION ( 'NONE',  ( -1.000000000000000000, 0.000000000000000000, 0.000000000000000000 ) ) ;
#7731 = ORIENTED_EDGE ( 'NONE', *, *, #6189, .T. ) ;
#7732 = ORIENTED_EDGE ( 'NONE', *, *, #9217, .F. ) ;
#7733 = CARTESIAN_POINT ( 'NONE',  ( -4.800000000000000711, 0.8000000000000000444, 3.999999999999999112 ) ) ;
#7734 = CARTESIAN_POINT ( 'NONE',  ( 3.899999999999999023, 0.000000000000000000, -1.695840542120764072 ) ) ;
#7735 = SURFACE_STYLE_FILL_AREA ( #8654 ) ;
#7736 = PLANE ( 'NONE',  #10270 ) ;
#7737 = LINE ( 'NONE', #10652, #530 ) ;
#7738 = VECTOR ( 'NONE', #7645, 1000.000000000000000 ) ;
#7739 = ADVANCED_FACE ( 'NONE', ( #10027 ), #356, .F. ) ;
#7740 = ORIENTED_EDGE ( 'NONE', *, *, #8507, .T. ) ;
#7741 = VERTEX_POINT ( 'NONE', #10348 ) ;
#7742 = ORIENTED_EDGE ( 'NONE', *, *, #5558, .T. ) ;
#7743 = EDGE_CURVE ( 'NONE', #1580, #10770, #6622, .T. ) ;
#7744 = CARTESIAN_POINT ( 'NONE',  ( -3.900000000000000799, 0.4000000000000000222, -0.4000000000000010214 ) ) ;
#7745 = LINE ( 'NONE', #3237, #4020 ) ;
#7746 = EDGE_CURVE ( 'NONE', #9668, #4455, #6573, .T. ) ;
#7747 = DIRECTION ( 'NONE',  ( 0.000000000000000000, 0.000000000000000000, 1.000000000000000000 ) ) ;
#7748 = ORIENTED_EDGE ( 'NONE', *, *, #9021, .F. ) ;
#7749 = ORIENTED_EDGE ( 'NONE', *, *, #786, .T. ) ;
#7750 = VECTOR ( 'NONE', #7338, 1000.000000000000000 ) ;
#7751 = DIRECTION ( 'NONE',  ( 0.000000000000000000, -1.000000000000000000, 0.000000000000000000 ) ) ;
#7752 = CARTESIAN_POINT ( 'NONE',  ( -4.350000000000000533, 0.4000000000000000222, 3.804159457879236150 ) ) ;
#7753 = LINE ( 'NONE', #8128, #7622 ) ;
#7754 = CARTESIAN_POINT ( 'NONE',  ( -4.800000000000000711, 0.8000000000000000444, -4.800000000000001599 ) ) ;
#7755 = CARTESIAN_POINT ( 'NONE',  ( -4.800000000000000711, 0.4000000000000000222, -4.800000000000001599 ) ) ;
#7756 = ORIENTED_EDGE ( 'NONE', *, *, #4595, .T. ) ;
#7757 = VERTEX_POINT ( 'NONE', #283 ) ;
#7758 = EDGE_LOOP ( 'NONE', ( #6458, #10603, #773, #5755 ) ) ;
#7759 = ADVANCED_FACE ( 'NONE', ( #6502 ), #2851, .T. ) ;
#7760 = LINE ( 'NONE', #3554, #7834 ) ;
#7761 = DIRECTION ( 'NONE',  ( -0.000000000000000000, -1.000000000000000000, -0.000000000000000000 ) ) ;
#7762 = ADVANCED_FACE ( 'NONE', ( #2853 ), #4504, .F. ) ;
#7763 = ORIENTED_EDGE ( 'NONE', *, *, #9990, .T. ) ;
#7764 = EDGE_CURVE ( 'NONE', #10455, #8823, #2932, .T. ) ;
#7765 = ORIENTED_EDGE ( 'NONE', *, *, #1708, .F. ) ;
#7766 = CARTESIAN_POINT ( 'NONE',  ( 3.899999999999999023, 0.4000000000000000222, 1.799999999999998712 ) ) ;
#7767 = VECTOR ( 'NONE', #7474, 1000.000000000000000 ) ;
#7768 = VECTOR ( 'NONE', #8710, 1000.000000000000000 ) ;
#7769 = AXIS2_PLACEMENT_3D ( 'NONE', #10040, #8201, #102 ) ;
#7770 = VECTOR ( 'NONE', #2153, 1000.000000000000000 ) ;
#7771 = ORIENTED_EDGE ( 'NONE', *, *, #9745, .T. ) ;
#7772 = VERTEX_POINT ( 'NONE', #1894 ) ;
#7773 = CARTESIAN_POINT ( 'NONE',  ( 4.350000000000000533, 0.8000000000000000444, 2.599999999999999201 ) ) ;
#7774 = ORIENTED_EDGE ( 'NONE', *, *, #5818, .T. ) ;
#7775 = EDGE_CURVE ( 'NONE', #7336, #7519, #2918, .T. ) ;
#7776 = CARTESIAN_POINT ( 'NONE',  ( -4.350000000000000533, 0.7999999999999999334, 1.604159457879236195 ) ) ;
#7777 = FILL_AREA_STYLE ('',( #6086 ) ) ;
#7778 = CARTESIAN_POINT ( 'NONE',  ( 1.399999999999998135, 0.7999999999999997113, -4.700000000000005507 ) ) ;
#7779 = LINE ( 'NONE', #4205, #353 ) ;
#7780 = EDGE_CURVE ( 'NONE', #8371, #5879, #3000, .T. ) ;
#7781 = CARTESIAN_POINT ( 'NONE',  ( -4.350000000000000533, 0.4000000000000000222, -2.600000000000000977 ) ) ;
#7782 = ORIENTED_EDGE ( 'NONE', *, *, #6417, .F. ) ;
#7783 = ORIENTED_EDGE ( 'NONE', *, *, #6638, .F. ) ;
#7784 = CARTESIAN_POINT ( 'NONE',  ( 4.350000000000000533, 0.4000000000000000222, 3.999999999999999112 ) ) ;
#7785 = AXIS2_PLACEMENT_3D ( 'NONE', #10392, #5592, #8026 ) ;
#7786 = VECTOR ( 'NONE', #1115, 1000.000000000000000 ) ;
#7787 = VECTOR ( 'NONE', #7571, 1000.000000000000000 ) ;
#7788 = CARTESIAN_POINT ( 'NONE',  ( -4.350000000000000533, 0.7999999999999999334, 3.699999999999998401 ) ) ;
#7789 = ORIENTED_EDGE ( 'NONE', *, *, #10754, .T. ) ;
#7790 = AXIS2_PLACEMENT_3D ( 'NONE', #1320, #2156, #2774 ) ;
#7791 = VERTEX_POINT ( 'NONE', #5489 ) ;
#7792 = VERTEX_POINT ( 'NONE', #9334 ) ;
#7793 = CARTESIAN_POINT ( 'NONE',  ( -4.350000000000000533, 0.7999999999999999334, -1.500000000000001332 ) ) ;
#7794 = EDGE_CURVE ( 'NONE', #7652, #5513, #3059, .T. ) ;
#7795 = CARTESIAN_POINT ( 'NONE',  ( 4.800000000000000711, 0.8000000000000000444, -3.700000000000001066 ) ) ;
#7796 = VECTOR ( 'NONE', #8714, 1000.000000000000000 ) ;
#7797 = DIRECTION ( 'NONE',  ( -2.465190328815661892E-32, 0.000000000000000000, -1.000000000000000000 ) ) ;
#7798 = ORIENTED_EDGE ( 'NONE', *, *, #6909, .F. ) ;
#7799 = EDGE_LOOP ( 'NONE', ( #8500, #5050, #1488, #1311 ) ) ;
#7800 = DIRECTION ( 'NONE',  ( -0.000000000000000000, -0.000000000000000000, -1.000000000000000000 ) ) ;
#7801 = PLANE ( 'NONE',  #1057 ) ;
#7802 = ADVANCED_FACE ( 'NONE', ( #2757 ), #6204, .F. ) ;
#7803 = LINE ( 'NONE', #1335, #7695 ) ;
#7804 = VERTEX_POINT ( 'NONE', #6276 ) ;
#7805 = CARTESIAN_POINT ( 'NONE',  ( -4.350000000000000533, 0.4000000000000000222, 1.799999999999998712 ) ) ;
#7806 = LINE ( 'NONE', #7111, #7943 ) ;
#7807 = VECTOR ( 'NONE', #6467, 1000.000000000000000 ) ;
#7808 = DIRECTION ( 'NONE',  ( 1.000000000000000000, -2.409338161078899674E-16, 0.000000000000000000 ) ) ;
#7809 = ORIENTED_EDGE ( 'NONE', *, *, #5768, .F. ) ;
#7810 = ORIENTED_EDGE ( 'NONE', *, *, #7246, .F. ) ;
#7811 = ORIENTED_EDGE ( 'NONE', *, *, #5033, .F. ) ;
#7812 = ADVANCED_FACE ( 'NONE', ( #6471 ), #210, .F. ) ;
#7813 = AXIS2_PLACEMENT_3D ( 'NONE', #6253, #10546, #9650 ) ;
#7814 = DIRECTION ( 'NONE',  ( 0.000000000000000000, 1.000000000000000000, 0.000000000000000000 ) ) ;
#7815 = VECTOR ( 'NONE', #10346, 1000.000000000000000 ) ;
#7816 = CARTESIAN_POINT ( 'NONE',  ( -3.900000000000000799, 0.000000000000000000, -3.700000000000001066 ) ) ;
#7817 = EDGE_CURVE ( 'NONE', #5552, #8337, #6556, .T. ) ;
#7818 = AXIS2_PLACEMENT_3D ( 'NONE', #7705, #9352, #3339 ) ;
#7819 = VERTEX_POINT ( 'NONE', #5278 ) ;
#7820 = EDGE_CURVE ( 'NONE', #615, #758, #10061, .T. ) ;
#7821 = ORIENTED_EDGE ( 'NONE', *, *, #9302, .T. ) ;
#7822 =( NAMED_UNIT ( * ) SI_UNIT ( $, .STERADIAN. ) SOLID_ANGLE_UNIT ( ) );
#7823 = VERTEX_POINT ( 'NONE', #1778 ) ;
#7824 = LINE ( 'NONE', #3045, #8012 ) ;
#7825 = DIRECTION ( 'NONE',  ( -0.000000000000000000, -0.000000000000000000, -1.000000000000000000 ) ) ;
#7826 = DIRECTION ( 'NONE',  ( -0.000000000000000000, -0.000000000000000000, -1.000000000000000000 ) ) ;
#7827 = LINE ( 'NONE', #2427, #7844 ) ;
#7828 = ADVANCED_FACE ( 'NONE', ( #2986 ), #6753, .F. ) ;
#7829 = CARTESIAN_POINT ( 'NONE',  ( -4.800000000000000711, 0.000000000000000000, -1.350000000000002309 ) ) ;
#7830 = CARTESIAN_POINT ( 'NONE',  ( -3.900000000000000799, 0.4000000000000000222, -0.4000000000000010214 ) ) ;
#7831 = ORIENTED_EDGE ( 'NONE', *, *, #5006, .T. ) ;
#7832 = CLOSED_SHELL ( 'NONE', ( #1715, #4591, #9250, #73, #6003, #3984, #8848, #6583, #8099, #7952 ) ) ;
#7833 = VERTEX_POINT ( 'NONE', #9960 ) ;
#7834 = VECTOR ( 'NONE', #2849, 1000.000000000000000 ) ;
#7835 = CARTESIAN_POINT ( 'NONE',  ( 3.899999999999999023, 0.000000000000000000, -0.5958405421207638719 ) ) ;
#7836 = AXIS2_PLACEMENT_3D ( 'NONE', #4846, #6537, #8249 ) ;
#7837 = ORIENTED_EDGE ( 'NONE', *, *, #2324, .T. ) ;
#7838 = ORIENTED_EDGE ( 'NONE', *, *, #3572, .F. ) ;
#7839 = DIRECTION ( 'NONE',  ( -0.000000000000000000, 0.000000000000000000, 1.000000000000000000 ) ) ;
#7840 = EDGE_CURVE ( 'NONE', #4774, #147, #2901, .T. ) ;
#7841 = VECTOR ( 'NONE', #6073, 1000.000000000000000 ) ;
#7842 = ORIENTED_EDGE ( 'NONE', *, *, #3416, .F. ) ;
#7843 = LINE ( 'NONE', #2225, #7768 ) ;
#7844 = VECTOR ( 'NONE', #6331, 1000.000000000000000 ) ;
#7845 = ORIENTED_EDGE ( 'NONE', *, *, #5470, .F. ) ;
#7846 = ORIENTED_EDGE ( 'NONE', *, *, #1588, .F. ) ;
#7847 = DIRECTION ( 'NONE',  ( 0.000000000000000000, 0.000000000000000000, 1.000000000000000000 ) ) ;
#7848 = EDGE_LOOP ( 'NONE', ( #7196, #3048, #7234, #2927 ) ) ;
#7849 = DIRECTION ( 'NONE',  ( -1.000000000000000000, 2.409338161078899674E-16, -9.637352644315598694E-16 ) ) ;
#7850 = DIRECTION ( 'NONE',  ( -0.000000000000000000, 1.000000000000000000, -0.000000000000000000 ) ) ;
#7851 = CARTESIAN_POINT ( 'NONE',  ( -4.800000000000000711, 0.8000000000000000444, -1.500000000000001332 ) ) ;
#7852 = CIRCLE ( 'NONE', #5100, 0.3999999999999993006 ) ;
#7853 = EDGE_CURVE ( 'NONE', #2657, #8525, #6643, .T. ) ;
#7854 = DIRECTION ( 'NONE',  ( 1.000000000000000000, 0.000000000000000000, 0.000000000000000000 ) ) ;
#7855 = ADVANCED_FACE ( 'NONE', ( #2883 ), #8264, .F. ) ;
#7856 = ORIENTED_EDGE ( 'NONE', *, *, #3123, .F. ) ;
#7857 = ORIENTED_EDGE ( 'NONE', *, *, #9194, .F. ) ;
#7858 = EDGE_CURVE ( 'NONE', #6723, #6654, #6374, .T. ) ;
#7859 = AXIS2_PLACEMENT_3D ( 'NONE', #7691, #6881, #8529 ) ;
#7860 = COLOUR_RGB ( '',1.000000000000000000, 0.8117647058823529438, 0.5019607843137254832 ) ;
#7861 = DIRECTION ( 'NONE',  ( 0.000000000000000000, 0.000000000000000000, -1.000000000000000000 ) ) ;
#7862 = ORIENTED_EDGE ( 'NONE', *, *, #9899, .T. ) ;
#7863 = VECTOR ( 'NONE', #6199, 1000.000000000000000 ) ;
#7864 = EDGE_CURVE ( 'NONE', #7710, #1290, #10216, .T. ) ;
#7865 = CARTESIAN_POINT ( 'NONE',  ( -4.350000000000000533, 0.8010000000000000453, 1.499999999999999556 ) ) ;
#7866 = EDGE_CURVE ( 'NONE', #8320, #1127, #2797, .T. ) ;
#7867 = LINE ( 'NONE', #8108, #7717 ) ;
#7868 = VERTEX_POINT ( 'NONE', #10749 ) ;
#7869 = ORIENTED_EDGE ( 'NONE', *, *, #1860, .T. ) ;
#7870 = ORIENTED_EDGE ( 'NONE', *, *, #9639, .T. ) ;
#7871 = CARTESIAN_POINT ( 'NONE',  ( 4.799999999999998934, 0.000000000000000000, -1.500000000000001332 ) ) ;
#7872 = FACE_OUTER_BOUND ( 'NONE', #865, .T. ) ;
#7873 = DIRECTION ( 'NONE',  ( -1.000000000000000000, 0.000000000000000000, 2.465190328815661892E-32 ) ) ;
#7874 = DIRECTION ( 'NONE',  ( 1.000000000000000000, -0.000000000000000000, 0.000000000000000000 ) ) ;
#7875 = DIRECTION ( 'NONE',  ( -1.000000000000000000, 0.000000000000000000, -9.637352644315598694E-16 ) ) ;
#7876 = DIRECTION ( 'NONE',  ( -0.000000000000000000, -0.000000000000000000, -1.000000000000000000 ) ) ;
#7877 = ORIENTED_EDGE ( 'NONE', *, *, #1374, .F. ) ;
#7878 = EDGE_LOOP ( 'NONE', ( #5118, #1677, #1780, #1844 ) ) ;
#7879 = EDGE_CURVE ( 'NONE', #7122, #5147, #10248, .T. ) ;
#7880 = PLANE ( 'NONE',  #4454 ) ;
#7881 = DIRECTION ( 'NONE',  ( 1.000000000000000000, 0.000000000000000000, 0.000000000000000000 ) ) ;
#7882 = LINE ( 'NONE', #8386, #376 ) ;
#7883 = ORIENTED_EDGE ( 'NONE', *, *, #10323, .T. ) ;
#7884 = CARTESIAN_POINT ( 'NONE',  ( 4.799999999999998934, 0.000000000000000000, -4.800000000000001599 ) ) ;
#7885 = ADVANCED_FACE ( 'NONE', ( #6677 ), #157, .F. ) ;
#7886 = FACE_OUTER_BOUND ( 'NONE', #4235, .T. ) ;
#7887 = DIRECTION ( 'NONE',  ( 0.000000000000000000, 0.000000000000000000, 1.000000000000000000 ) ) ;
#7888 = ORIENTED_EDGE ( 'NONE', *, *, #399, .F. ) ;
#7889 = EDGE_CURVE ( 'NONE', #7223, #8566, #10266, .T. ) ;
#7890 = VERTEX_POINT ( 'NONE', #1005 ) ;
#7891 = ORIENTED_EDGE ( 'NONE', *, *, #4628, .T. ) ;
#7892 = CARTESIAN_POINT ( 'NONE',  ( 3.899999999999999023, 0.000000000000000000, 1.799999999999998712 ) ) ;
#7893 = VECTOR ( 'NONE', #2093, 1000.000000000000000 ) ;
#7894 = DIRECTION ( 'NONE',  ( 1.000000000000000000, -0.000000000000000000, 0.000000000000000000 ) ) ;
#7895 = AXIS2_PLACEMENT_3D ( 'NONE', #6593, #9142, #855 ) ;
#7896 = DIRECTION ( 'NONE',  ( 1.000000000000000000, 0.000000000000000000, 9.637352644315598694E-16 ) ) ;
#7897 = ORIENTED_EDGE ( 'NONE', *, *, #3123, .T. ) ;
#7898 = DIRECTION ( 'NONE',  ( 2.409338161078908548E-16, -1.000000000000000000, 0.000000000000000000 ) ) ;
#7899 = VERTEX_POINT ( 'NONE', #876 ) ;
#7900 = EDGE_CURVE ( 'NONE', #989, #7110, #6487, .T. ) ;
#7901 = VECTOR ( 'NONE', #2029, 1000.000000000000000 ) ;
#7902 = DIRECTION ( 'NONE',  ( 0.000000000000000000, -1.000000000000000000, 0.000000000000000000 ) ) ;
#7903 = ORIENTED_EDGE ( 'NONE', *, *, #4876, .T. ) ;
#7904 = DIRECTION ( 'NONE',  ( -9.637352644315598694E-16, 0.000000000000000000, 1.000000000000000000 ) ) ;
#7905 = LINE ( 'NONE', #6338, #7786 ) ;
#7906 = CARTESIAN_POINT ( 'NONE',  ( -4.800000000000000711, -5.421010862427522170E-17, -2.795840542120763939 ) ) ;
#7907 = CARTESIAN_POINT ( 'NONE',  ( 4.350000000000000533, 0.8000000000000000444, 0.6999999999999992895 ) ) ;
#7908 = VECTOR ( 'NONE', #1852, 1000.000000000000000 ) ;
#7909 = DIRECTION ( 'NONE',  ( 0.000000000000000000, 0.000000000000000000, -1.000000000000000000 ) ) ;
#7910 = DIRECTION ( 'NONE',  ( 0.000000000000000000, -0.000000000000000000, 1.000000000000000000 ) ) ;
#7911 = ORIENTED_EDGE ( 'NONE', *, *, #6725, .T. ) ;
#7912 = ORIENTED_EDGE ( 'NONE', *, *, #970, .T. ) ;
#7913 = ORIENTED_EDGE ( 'NONE', *, *, #9972, .F. ) ;
#7914 = ADVANCED_FACE ( 'NONE', ( #9961 ), #2591, .F. ) ;
#7915 = VECTOR ( 'NONE', #9071, 1000.000000000000000 ) ;
#7916 = AXIS2_PLACEMENT_3D ( 'NONE', #274, #2014, #1884 ) ;
#7917 = DIRECTION ( 'NONE',  ( 0.000000000000000000, 0.000000000000000000, -1.000000000000000000 ) ) ;
#7918 = ORIENTED_EDGE ( 'NONE', *, *, #10031, .T. ) ;
#7919 = VERTEX_POINT ( 'NONE', #10665 ) ;
#7920 = EDGE_CURVE ( 'NONE', #10260, #5271, #3105, .T. ) ;
#7921 = CARTESIAN_POINT ( 'NONE',  ( -1.399999999999998135, 1.528725063204563461E-14, -4.500000000000007994 ) ) ;
#7922 = EDGE_LOOP ( 'NONE', ( #5107, #3092, #4772, #9120, #1445, #6499 ) ) ;
#7923 = FACE_OUTER_BOUND ( 'NONE', #4256, .T. ) ;
#7924 = MANIFOLD_SOLID_BREP ( 'LPattern2[9]', #9946 ) ;
#7925 = VECTOR ( 'NONE', #1385, 1000.000000000000000 ) ;
#7926 = ADVANCED_FACE ( 'NONE', ( #6952 ), #6549, .F. ) ;
#7927 = VERTEX_POINT ( 'NONE', #6230 ) ;
#7928 = ORIENTED_EDGE ( 'NONE', *, *, #4595, .F. ) ;
#7929 = CARTESIAN_POINT ( 'NONE',  ( 3.899999999999999023, 0.000000000000000000, 1.499999999999999556 ) ) ;
#7930 = ORIENTED_EDGE ( 'NONE', *, *, #7383, .T. ) ;
#7931 = CARTESIAN_POINT ( 'NONE',  ( 3.899999999999999023, 0.4000000000000000222, 4.904159457879235795 ) ) ;
#7932 = CARTESIAN_POINT ( 'NONE',  ( -3.900000000000000799, 0.4000000000000000222, -1.500000000000001332 ) ) ;
#7933 = PLANE ( 'NONE',  #8699 ) ;
#7934 = DIRECTION ( 'NONE',  ( 0.000000000000000000, 1.000000000000000000, 0.000000000000000000 ) ) ;
#7935 = LINE ( 'NONE', #936, #8072 ) ;
#7936 = CARTESIAN_POINT ( 'NONE',  ( -4.800000000000000711, 0.000000000000000000, 5.000000000000000000 ) ) ;
#7937 = EDGE_LOOP ( 'NONE', ( #5148, #5241, #5774, #5137, #8963, #9038 ) ) ;
#7938 = AXIS2_PLACEMENT_3D ( 'NONE', #525, #1349, #8898 ) ;
#7939 = VERTEX_POINT ( 'NONE', #1218 ) ;
#7940 = VECTOR ( 'NONE', #3728, 1000.000000000000000 ) ;
#7941 = VERTEX_POINT ( 'NONE', #10304 ) ;
#7942 = EDGE_CURVE ( 'NONE', #5687, #1315, #3285, .T. ) ;
#7943 = VECTOR ( 'NONE', #5413, 1000.000000000000000 ) ;
#7944 = DIRECTION ( 'NONE',  ( 0.000000000000000000, 3.491481338843133355E-15, -1.000000000000000000 ) ) ;
#7945 = LINE ( 'NONE', #1765, #8152 ) ;
#7946 = PLANE ( 'NONE',  #6912 ) ;
#7947 = ORIENTED_EDGE ( 'NONE', *, *, #8559, .T. ) ;
#7948 = ORIENTED_EDGE ( 'NONE', *, *, #9896, .F. ) ;
#7949 = ORIENTED_EDGE ( 'NONE', *, *, #7775, .F. ) ;
#7950 = PLANE ( 'NONE',  #10185 ) ;
#7951 = PLANE ( 'NONE',  #7497 ) ;
#7952 = ADVANCED_FACE ( 'NONE', ( #10393 ), #7054, .F. ) ;
#7953 = DIRECTION ( 'NONE',  ( -0.000000000000000000, -1.000000000000000000, -0.000000000000000000 ) ) ;
#7954 = DIRECTION ( 'NONE',  ( 0.000000000000000000, 1.000000000000000000, 0.000000000000000000 ) ) ;
#7955 = DIRECTION ( 'NONE',  ( -1.000000000000000000, 0.000000000000000000, 0.000000000000000000 ) ) ;
#7956 = ADVANCED_FACE ( 'NONE', ( #3157 ), #3324, .F. ) ;
#7957 = ORIENTED_EDGE ( 'NONE', *, *, #10714, .T. ) ;
#7958 = EDGE_LOOP ( 'NONE', ( #2674, #3320, #6133, #7527, #9646, #191 ) ) ;
#7959 = DIRECTION ( 'NONE',  ( -0.000000000000000000, -0.000000000000000000, 1.000000000000000000 ) ) ;
#7960 = CARTESIAN_POINT ( 'NONE',  ( -4.100000000000000533, 2.199999999999999289, -4.299999999999998934 ) ) ;
#7961 = CARTESIAN_POINT ( 'NONE',  ( -4.800000000000000711, 0.000000000000000000, -2.200000000000001954 ) ) ;
#7962 = VECTOR ( 'NONE', #8112, 1000.000000000000000 ) ;
#7963 = EDGE_CURVE ( 'NONE', #1858, #6742, #6745, .T. ) ;
#7964 = VECTOR ( 'NONE', #10563, 1000.000000000000000 ) ;
#7965 = EDGE_LOOP ( 'NONE', ( #9989, #2767, #5994, #10107 ) ) ;
#7966 = ORIENTED_EDGE ( 'NONE', *, *, #7578, .T. ) ;
#7967 = ORIENTED_EDGE ( 'NONE', *, *, #9759, .T. ) ;
#7968 = EDGE_CURVE ( 'NONE', #6414, #2990, #10544, .T. ) ;
#7969 = DIRECTION ( 'NONE',  ( -1.000000000000000000, 0.000000000000000000, 0.000000000000000000 ) ) ;
#7970 = FACE_OUTER_BOUND ( 'NONE', #6496, .T. ) ;
#7971 = CARTESIAN_POINT ( 'NONE',  ( 4.799999999999998934, 0.000000000000000000, -0.6999999999999922951 ) ) ;
#7972 = PLANE ( 'NONE',  #7490 ) ;
#7973 = CARTESIAN_POINT ( 'NONE',  ( -4.800000000000000711, 0.8000000000000000444, -0.5958405421207638719 ) ) ;
#7974 = VERTEX_POINT ( 'NONE', #9421 ) ;
#7975 = CARTESIAN_POINT ( 'NONE',  ( 4.350000000000000533, 0.8010000000000000453, -3.700000000000001066 ) ) ;
#7976 = VERTEX_POINT ( 'NONE', #3825 ) ;
#7977 = DIRECTION ( 'NONE',  ( -1.000000000000000000, 0.000000000000000000, 0.000000000000000000 ) ) ;
#7978 = DIRECTION ( 'NONE',  ( 1.000000000000000000, -0.000000000000000000, -0.000000000000000000 ) ) ;
#7979 = VECTOR ( 'NONE', #7977, 1000.000000000000000 ) ;
#7980 = CARTESIAN_POINT ( 'NONE',  ( 4.350000000000000533, 0.7999999999999999334, 2.899999999999999023 ) ) ;
#7981 = EDGE_CURVE ( 'NONE', #1549, #1269, #3269, .T. ) ;
#7982 = CARTESIAN_POINT ( 'NONE',  ( -4.800000000000000711, 0.8000000000000000444, 3.699999999999998401 ) ) ;
#7983 = CARTESIAN_POINT ( 'NONE',  ( 4.799999999999998934, 0.8000000000000000444, 5.000000000000000000 ) ) ;
#7984 = DIRECTION ( 'NONE',  ( 0.000000000000000000, 1.000000000000000000, 0.000000000000000000 ) ) ;
#7985 = EDGE_LOOP ( 'NONE', ( #3329, #2007, #9243, #3255 ) ) ;
#7986 = ORIENTED_EDGE ( 'NONE', *, *, #688, .F. ) ;
#7987 = ORIENTED_EDGE ( 'NONE', *, *, #10644, .F. ) ;
#7988 = EDGE_CURVE ( 'NONE', #5719, #1570, #10591, .T. ) ;
#7989 = AXIS2_PLACEMENT_3D ( 'NONE', #5743, #6689, #5819 ) ;
#7990 = FACE_OUTER_BOUND ( 'NONE', #8292, .T. ) ;
#7991 = CARTESIAN_POINT ( 'NONE',  ( -4.350000000000000533, 0.4000000000000000222, -2.795840542120763939 ) ) ;
#7992 = EDGE_LOOP ( 'NONE', ( #9508, #4208, #1714, #2969 ) ) ;
#7993 = ORIENTED_EDGE ( 'NONE', *, *, #3008, .T. ) ;
#7994 = CARTESIAN_POINT ( 'NONE',  ( 4.350000000000000533, 0.8000000000000000444, -0.4000000000000010214 ) ) ;
#7995 = LINE ( 'NONE', #3791, #564 ) ;
#7996 = LINE ( 'NONE', #9408, #833 ) ;
#7997 = ORIENTED_EDGE ( 'NONE', *, *, #4280, .F. ) ;
#7998 = ORIENTED_EDGE ( 'NONE', *, *, #5045, .F. ) ;
#7999 = DIRECTION ( 'NONE',  ( -0.000000000000000000, -1.000000000000000000, -0.000000000000000000 ) ) ;
#8000 = ORIENTED_EDGE ( 'NONE', *, *, #560, .T. ) ;
#8001 = DIRECTION ( 'NONE',  ( -1.000000000000000000, 0.000000000000000000, -9.637352644315598694E-16 ) ) ;
#8002 = DIRECTION ( 'NONE',  ( -0.000000000000000000, -0.000000000000000000, -1.000000000000000000 ) ) ;
#8003 = AXIS2_PLACEMENT_3D ( 'NONE', #4356, #5854, #8230 ) ;
#8004 = CARTESIAN_POINT ( 'NONE',  ( -4.800000000000000711, 0.000000000000000000, 0.8499999999999983125 ) ) ;
#8005 = SURFACE_STYLE_FILL_AREA ( #10486 ) ;
#8006 = CARTESIAN_POINT ( 'NONE',  ( 3.899999999999999023, -5.421010862427522170E-17, -4.800000000000001599 ) ) ;
#8007 = EDGE_CURVE ( 'NONE', #3963, #7050, #3129, .T. ) ;
#8008 = CARTESIAN_POINT ( 'NONE',  ( -3.900000000000000799, 0.000000000000000000, -2.900000000000000799 ) ) ;
#8009 = ORIENTED_EDGE ( 'NONE', *, *, #6592, .T. ) ;
#8010 = ORIENTED_EDGE ( 'NONE', *, *, #7853, .T. ) ;
#8011 = DIRECTION ( 'NONE',  ( 1.000000000000000000, -2.409338161078899674E-16, 0.000000000000000000 ) ) ;
#8012 = VECTOR ( 'NONE', #6402, 1000.000000000000000 ) ;
#8013 = CARTESIAN_POINT ( 'NONE',  ( -3.899999999999999467, 0.4000000000000000222, 2.599999999999999201 ) ) ;
#8014 = FACE_OUTER_BOUND ( 'NONE', #5373, .T. ) ;
#8015 = ADVANCED_FACE ( 'NONE', ( #3212 ), #6017, .F. ) ;
#8016 = CARTESIAN_POINT ( 'NONE',  ( 3.899999999999999023, 0.4000000000000000222, 4.800000000000007816 ) ) ;
#8017 = ORIENTED_EDGE ( 'NONE', *, *, #4385, .T. ) ;
#8018 = ORIENTED_EDGE ( 'NONE', *, *, #6422, .F. ) ;
#8019 = ORIENTED_EDGE ( 'NONE', *, *, #6632, .F. ) ;
#8020 = CARTESIAN_POINT ( 'NONE',  ( -3.900000000000000799, 0.4000000000000000222, 4.799999999999999822 ) ) ;
#8021 = CARTESIAN_POINT ( 'NONE',  ( -3.900000000000000799, 0.000000000000000000, 2.599999999999999201 ) ) ;
#8022 = ADVANCED_FACE ( 'NONE', ( #10413 ), #532, .F. ) ;
#8023 = DIRECTION ( 'NONE',  ( 2.465190328815661892E-32, 0.000000000000000000, 1.000000000000000000 ) ) ;
#8024 = EDGE_CURVE ( 'NONE', #1557, #2712, #6734, .T. ) ;
#8025 =( GEOMETRIC_REPRESENTATION_CONTEXT ( 3 ) GLOBAL_UNCERTAINTY_ASSIGNED_CONTEXT ( ( #5785 ) ) GLOBAL_UNIT_ASSIGNED_CONTEXT ( ( #10501, #10355, #7045 ) ) REPRESENTATION_CONTEXT ( 'NONE', 'WORKASPACE' ) );
#8026 = DIRECTION ( 'NONE',  ( 0.000000000000000000, 0.000000000000000000, 1.000000000000000000 ) ) ;
#8027 = ORIENTED_EDGE ( 'NONE', *, *, #2269, .T. ) ;
#8028 = EDGE_LOOP ( 'NONE', ( #3590, #2115, #3692, #1571 ) ) ;
#8029 = CARTESIAN_POINT ( 'NONE',  ( -3.900000000000000799, 0.4000000000000000222, -2.900000000000000799 ) ) ;
#8030 = DIRECTION ( 'NONE',  ( -1.000000000000000000, 0.000000000000000000, 0.000000000000000000 ) ) ;
#8031 = DIRECTION ( 'NONE',  ( 1.000000000000000000, 0.000000000000000000, 0.000000000000000000 ) ) ;
#8032 =( GEOMETRIC_REPRESENTATION_CONTEXT ( 3 ) GLOBAL_UNCERTAINTY_ASSIGNED_CONTEXT ( ( #4865 ) ) GLOBAL_UNIT_ASSIGNED_CONTEXT ( ( #5583, #4952, #10777 ) ) REPRESENTATION_CONTEXT ( 'NONE', 'WORKASPACE' ) );
#8033 = VECTOR ( 'NONE', #6741, 1000.000000000000000 ) ;
#8034 = PLANE ( 'NONE',  #1485 ) ;
#8035 = VERTEX_POINT ( 'NONE', #5222 ) ;
#8036 = ORIENTED_EDGE ( 'NONE', *, *, #9179, .T. ) ;
#8037 = ORIENTED_EDGE ( 'NONE', *, *, #8090, .T. ) ;
#8038 = EDGE_CURVE ( 'NONE', #7791, #5808, #6967, .T. ) ;
#8039 = ADVANCED_FACE ( 'NONE', ( #3427 ), #9359, .F. ) ;
#8040 = CARTESIAN_POINT ( 'NONE',  ( 4.799999999999998934, 0.8000000000000000444, 3.700000000000008171 ) ) ;
#8041 = LINE ( 'NONE', #6475, #8283 ) ;
#8042 = EDGE_CURVE ( 'NONE', #1030, #9653, #6834, .T. ) ;
#8043 = DIRECTION ( 'NONE',  ( -0.000000000000000000, 0.000000000000000000, 1.000000000000000000 ) ) ;
#8044 = CARTESIAN_POINT ( 'NONE',  ( -4.350000000000000533, 0.4000000000000000222, 3.999999999999999112 ) ) ;
#8045 = CARTESIAN_POINT ( 'NONE',  ( 3.899999999999999023, 0.000000000000000000, -0.4000000000000010214 ) ) ;
#8046 = VERTEX_POINT ( 'NONE', #1149 ) ;
#8047 = DIRECTION ( 'NONE',  ( -0.000000000000000000, 1.000000000000000000, -0.000000000000000000 ) ) ;
#8048 = ORIENTED_EDGE ( 'NONE', *, *, #7089, .T. ) ;
#8049 = DIRECTION ( 'NONE',  ( -0.000000000000000000, -1.000000000000000000, -0.000000000000000000 ) ) ;
#8050 = VECTOR ( 'NONE', #8049, 1000.000000000000000 ) ;
#8051 = CARTESIAN_POINT ( 'NONE',  ( 4.500000000000003553, 1.199999999999999734, 4.299999999999995381 ) ) ;
#8052 = SURFACE_SIDE_STYLE ('',( #8005 ) ) ;
#8053 = FACE_OUTER_BOUND ( 'NONE', #3011, .T. ) ;
#8054 = DIRECTION ( 'NONE',  ( 1.000000000000000000, 0.000000000000000000, 0.000000000000000000 ) ) ;
#8055 = VERTEX_POINT ( 'NONE', #2876 ) ;
#8056 = AXIS2_PLACEMENT_3D ( 'NONE', #10085, #998, #1211 ) ;
#8057 = ORIENTED_EDGE ( 'NONE', *, *, #223, .F. ) ;
#8058 = ORIENTED_EDGE ( 'NONE', *, *, #7879, .F. ) ;
#8059 = EDGE_CURVE ( 'NONE', #609, #7086, #3361, .T. ) ;
#8060 = DIRECTION ( 'NONE',  ( -9.637352644315598694E-16, 0.000000000000000000, 1.000000000000000000 ) ) ;
#8061 = ORIENTED_EDGE ( 'NONE', *, *, #8661, .F. ) ;
#8062 = ORIENTED_EDGE ( 'NONE', *, *, #4575, .F. ) ;
#8063 = LINE ( 'NONE', #1861, #7715 ) ;
#8064 = DIRECTION ( 'NONE',  ( 0.000000000000000000, 1.000000000000000000, 0.000000000000000000 ) ) ;
#8065 = VECTOR ( 'NONE', #7479, 1000.000000000000000 ) ;
#8066 = ORIENTED_EDGE ( 'NONE', *, *, #522, .T. ) ;
#8067 = ORIENTED_EDGE ( 'NONE', *, *, #8656, .F. ) ;
#8068 = ORIENTED_EDGE ( 'NONE', *, *, #1201, .F. ) ;
#8069 = DIRECTION ( 'NONE',  ( 0.000000000000000000, -0.000000000000000000, 1.000000000000000000 ) ) ;
#8070 = CARTESIAN_POINT ( 'NONE',  ( -4.350000000000000533, 0.8000000000000000444, 0.3999999999999993006 ) ) ;
#8071 = CARTESIAN_POINT ( 'NONE',  ( 4.350000000000001421, 0.4000000000000000222, 4.800000000000007816 ) ) ;
#8072 = VECTOR ( 'NONE', #9953, 1000.000000000000000 ) ;
#8073 = PLANE ( 'NONE',  #3280 ) ;
#8074 = EDGE_CURVE ( 'NONE', #3537, #7582, #3488, .T. ) ;
#8075 = AXIS2_PLACEMENT_3D ( 'NONE', #4207, #7607, #4134 ) ;
#8076 = DIRECTION ( 'NONE',  ( -0.000000000000000000, -1.000000000000000000, -0.000000000000000000 ) ) ;
#8077 = ORIENTED_EDGE ( 'NONE', *, *, #4416, .F. ) ;
#8078 = ORIENTED_EDGE ( 'NONE', *, *, #713, .T. ) ;
#8079 = DIRECTION ( 'NONE',  ( -0.000000000000000000, 0.000000000000000000, -1.000000000000000000 ) ) ;
#8080 = VECTOR ( 'NONE', #4151, 1000.000000000000000 ) ;
#8081 = CARTESIAN_POINT ( 'NONE',  ( 4.799999999999998934, 0.000000000000000000, 1.799999999999998712 ) ) ;
#8082 = ORIENTED_EDGE ( 'NONE', *, *, #1194, .F. ) ;
#8083 = VERTEX_POINT ( 'NONE', #5442 ) ;
#8084 = VERTEX_POINT ( 'NONE', #2731 ) ;
#8085 = DIRECTION ( 'NONE',  ( -1.000000000000000000, -0.000000000000000000, 9.637352644315598694E-16 ) ) ;
#8086 = CARTESIAN_POINT ( 'NONE',  ( -4.800000000000000711, 0.000000000000000000, -2.450000000000001954 ) ) ;
#8087 = LINE ( 'NONE', #1144, #4409 ) ;
#8088 = CARTESIAN_POINT ( 'NONE',  ( 4.799999999999998934, 0.000000000000000000, 0.4000000000000080158 ) ) ;
#8089 = DIRECTION ( 'NONE',  ( -1.000000000000000000, 0.000000000000000000, 0.000000000000000000 ) ) ;
#8090 = EDGE_CURVE ( 'NONE', #8345, #6414, #10483, .T. ) ;
#8091 = AXIS2_PLACEMENT_3D ( 'NONE', #7509, #9977, #7438 ) ;
#8092 = VERTEX_POINT ( 'NONE', #4532 ) ;
#8093 = EDGE_LOOP ( 'NONE', ( #2822, #8130, #2989, #7005 ) ) ;
#8094 = DIRECTION ( 'NONE',  ( -1.000000000000000000, -0.000000000000000000, 9.637352644315598694E-16 ) ) ;
#8095 = SURFACE_STYLE_USAGE ( .BOTH. , #5532 ) ;
#8096 = EDGE_CURVE ( 'NONE', #10407, #5394, #3307, .T. ) ;
#8097 = LINE ( 'NONE', #9741, #896 ) ;
#8098 = VECTOR ( 'NONE', #9259, 1000.000000000000000 ) ;
#8099 = ADVANCED_FACE ( 'NONE', ( #7098 ), #2355, .T. ) ;
#8100 = CARTESIAN_POINT ( 'NONE',  ( -4.800000000000000711, 0.000000000000000000, 1.949999999999997735 ) ) ;
#8101 = ORIENTED_EDGE ( 'NONE', *, *, #2254, .F. ) ;
#8102 = CLOSED_SHELL ( 'NONE', ( #4445, #2935, #1918, #5287, #9887, #5444, #3859, #2085, #6642, #7047 ) ) ;
#8103 = ORIENTED_EDGE ( 'NONE', *, *, #2522, .F. ) ;
#8104 = ORIENTED_EDGE ( 'NONE', *, *, #9881, .T. ) ;
#8105 = CARTESIAN_POINT ( 'NONE',  ( 1.399999999999998135, 0.7999999999999685141, -4.700000000000004619 ) ) ;
#8106 = LINE ( 'NONE', #8954, #4517 ) ;
#8107 = DIRECTION ( 'NONE',  ( 0.000000000000000000, -1.000000000000000000, 0.000000000000000000 ) ) ;
#8108 = CARTESIAN_POINT ( 'NONE',  ( 3.899999999999999023, 0.000000000000000000, 3.699999999999999289 ) ) ;
#8109 = EDGE_CURVE ( 'NONE', #1118, #8994, #10504, .T. ) ;
#8110 = CARTESIAN_POINT ( 'NONE',  ( -4.799999999999999822, 0.000000000000000000, 1.499999999999998668 ) ) ;
#8111 = ORIENTED_EDGE ( 'NONE', *, *, #6465, .T. ) ;
#8112 = DIRECTION ( 'NONE',  ( -0.000000000000000000, -0.000000000000000000, -1.000000000000000000 ) ) ;
#8113 = VERTEX_POINT ( 'NONE', #3182 ) ;
#8114 = CARTESIAN_POINT ( 'NONE',  ( 0.000000000000000000, 0.4000000000000000222, 8.800000000000000711 ) ) ;
#8115 = CARTESIAN_POINT ( 'NONE',  ( -3.399999999999997691, 1.200000000000002176, 5.000000000000005329 ) ) ;
#8116 =( LENGTH_UNIT ( ) NAMED_UNIT ( * ) SI_UNIT ( .MILLI., .METRE. ) );
#8117 = CARTESIAN_POINT ( 'NONE',  ( 4.350000000000000533, 0.7999999999999999334, 1.604159457879236195 ) ) ;
#8118 = DIRECTION ( 'NONE',  ( 1.000000000000000000, 0.000000000000000000, 9.637352644315598694E-16 ) ) ;
#8119 = SURFACE_STYLE_FILL_AREA ( #2644 ) ;
#8120 = CARTESIAN_POINT ( 'NONE',  ( 4.799999999999998934, 0.8000000000000000444, -1.695840542120764072 ) ) ;
#8121 = CARTESIAN_POINT ( 'NONE',  ( 4.350000000000000533, 0.4000000000000000222, 0.5041594578792359949 ) ) ;
#8122 = ORIENTED_EDGE ( 'NONE', *, *, #8940, .T. ) ;
#8123 = EDGE_LOOP ( 'NONE', ( #4073, #1224, #310, #7279 ) ) ;
#8124 = VERTEX_POINT ( 'NONE', #4079 ) ;
#8125 = CLOSED_SHELL ( 'NONE', ( #2059, #1387, #526, #8731, #389, #8129, #8622, #8126, #5832, #4689 ) ) ;
#8126 = ADVANCED_FACE ( 'NONE', ( #10336 ), #7335, .F. ) ;
#8127 = LINE ( 'NONE', #6798, #8265 ) ;
#8128 = CARTESIAN_POINT ( 'NONE',  ( -3.900000000000000799, 0.000000000000000000, 2.599999999999999201 ) ) ;
#8129 = ADVANCED_FACE ( 'NONE', ( #6874 ), #4002, .F. ) ;
#8130 = ORIENTED_EDGE ( 'NONE', *, *, #3830, .F. ) ;
#8131 = VERTEX_POINT ( 'NONE', #8179 ) ;
#8132 = CARTESIAN_POINT ( 'NONE',  ( -4.800000000000000711, 0.000000000000000000, 1.799999999999998712 ) ) ;
#8133 = EDGE_CURVE ( 'NONE', #7819, #5440, #3248, .T. ) ;
#8134 = SURFACE_STYLE_FILL_AREA ( #3498 ) ;
#8135 = LINE ( 'NONE', #7766, #4527 ) ;
#8136 = VERTEX_POINT ( 'NONE', #10734 ) ;
#8137 = EDGE_CURVE ( 'NONE', #2975, #8713, #10525, .T. ) ;
#8138 = ORIENTED_EDGE ( 'NONE', *, *, #9198, .T. ) ;
#8139 = ORIENTED_EDGE ( 'NONE', *, *, #306, .T. ) ;
#8140 = DIRECTION ( 'NONE',  ( 1.000000000000000000, -0.000000000000000000, 9.637352644315598694E-16 ) ) ;
#8141 = ORIENTED_EDGE ( 'NONE', *, *, #1456, .T. ) ;
#8142 = DIRECTION ( 'NONE',  ( 0.000000000000000000, -1.000000000000000000, 3.252606517456512119E-15 ) ) ;
#8143 = EDGE_CURVE ( 'NONE', #8851, #6051, #7037, .T. ) ;
#8144 = LINE ( 'NONE', #9603, #4390 ) ;
#8145 = AXIS2_PLACEMENT_3D ( 'NONE', #5824, #4168, #2448 ) ;
#8146 = EDGE_CURVE ( 'NONE', #5499, #10220, #3381, .T. ) ;
#8147 = DIRECTION ( 'NONE',  ( -1.000000000000000000, 0.000000000000000000, 0.000000000000000000 ) ) ;
#8148 = ORIENTED_EDGE ( 'NONE', *, *, #3662, .F. ) ;
#8149 = VERTEX_POINT ( 'NONE', #10386 ) ;
#8150 = PLANE ( 'NONE',  #8244 ) ;
#8151 = DIRECTION ( 'NONE',  ( -0.000000000000000000, -3.252606517456512119E-15, -1.000000000000000000 ) ) ;
#8152 = VECTOR ( 'NONE', #5209, 1000.000000000000000 ) ;
#8153 = CARTESIAN_POINT ( 'NONE',  ( -3.900000000000000799, 0.000000000000000000, 6.004159457879236328 ) ) ;
#8154 = VERTEX_POINT ( 'NONE', #6029 ) ;
#8155 = ORIENTED_EDGE ( 'NONE', *, *, #3676, .T. ) ;
#8156 = ORIENTED_EDGE ( 'NONE', *, *, #5982, .T. ) ;
#8157 = EDGE_LOOP ( 'NONE', ( #1896, #6459, #4894, #10050 ) ) ;
#8158 = EDGE_CURVE ( 'NONE', #7520, #5055, #3507, .T. ) ;
#8159 = DIRECTION ( 'NONE',  ( -1.000000000000000000, 0.000000000000000000, -9.637352644315598694E-16 ) ) ;
#8160 = PRESENTATION_STYLE_ASSIGNMENT (( #9673 ) ) ;
#8161 = DIRECTION ( 'NONE',  ( -0.000000000000000000, -1.000000000000000000, -0.000000000000000000 ) ) ;
#8162 = DIRECTION ( 'NONE',  ( 0.000000000000000000, -1.000000000000000000, 0.000000000000000000 ) ) ;
#8163 = AXIS2_PLACEMENT_3D ( 'NONE', #5311, #4673, #1848 ) ;
#8164 = CARTESIAN_POINT ( 'NONE',  ( -4.350000000000000533, 0.4000000000000000222, -4.000000000000001776 ) ) ;
#8165 = EDGE_LOOP ( 'NONE', ( #3291, #246, #10740, #6566 ) ) ;
#8166 = CARTESIAN_POINT ( 'NONE',  ( -4.350000000000000533, 0.7999999999999999334, -1.500000000000001332 ) ) ;
#8167 = EDGE_CURVE ( 'NONE', #8154, #7337, #3406, .T. ) ;
#8168 = ADVANCED_FACE ( 'NONE', ( #6855 ), #1948, .F. ) ;
#8169 = EDGE_CURVE ( 'NONE', #7187, #4736, #10448, .T. ) ;
#8170 = ORIENTED_EDGE ( 'NONE', *, *, #9144, .F. ) ;
#8171 = VERTEX_POINT ( 'NONE', #10690 ) ;
#8172 = ORIENTED_EDGE ( 'NONE', *, *, #6592, .F. ) ;
#8173 = EDGE_LOOP ( 'NONE', ( #632, #5894, #7842, #8306 ) ) ;
#8174 = CARTESIAN_POINT ( 'NONE',  ( -4.350000000000000533, 0.7999999999999999334, -4.800000000000001599 ) ) ;
#8175 = AXIS2_PLACEMENT_3D ( 'NONE', #3929, #6408, #4006 ) ;
#8176 = DIRECTION ( 'NONE',  ( -1.000000000000000000, 0.000000000000000000, 0.000000000000000000 ) ) ;
#8177 = CARTESIAN_POINT ( 'NONE',  ( -3.900000000000000799, 0.4000000000000000222, -0.7000000000000009548 ) ) ;
#8178 = AXIS2_PLACEMENT_3D ( 'NONE', #7436, #7284, #9826 ) ;
#8179 = CARTESIAN_POINT ( 'NONE',  ( 3.899999999999999023, 0.4000000000000000222, -4.000000000000000888 ) ) ;
#8180 = EDGE_LOOP ( 'NONE', ( #6859, #5264, #2149, #7080, #467, #2101 ) ) ;
#8181 = EDGE_CURVE ( 'NONE', #7261, #7387, #10609, .T. ) ;
#8182 = CARTESIAN_POINT ( 'NONE',  ( -3.899999999999999467, 0.4000000000000000222, -2.900000000000000799 ) ) ;
#8183 = FACE_OUTER_BOUND ( 'NONE', #1460, .T. ) ;
#8184 = STYLED_ITEM ( 'NONE', ( #2915 ), #10043 ) ;
#8185 = VECTOR ( 'NONE', #701, 1000.000000000000000 ) ;
#8186 = CARTESIAN_POINT ( 'NONE',  ( -4.800000000000000711, 0.000000000000000000, -1.800000000000001599 ) ) ;
#8187 = CARTESIAN_POINT ( 'NONE',  ( 4.099999999999997868, 0.7999999999999997113, -4.700000000000005507 ) ) ;
#8188 = VERTEX_POINT ( 'NONE', #4115 ) ;
#8189 = EDGE_LOOP ( 'NONE', ( #3910, #7608, #10173, #7732 ) ) ;
#8190 = ORIENTED_EDGE ( 'NONE', *, *, #2625, .F. ) ;
#8191 = ORIENTED_EDGE ( 'NONE', *, *, #7988, .T. ) ;
#8192 = DIRECTION ( 'NONE',  ( 0.000000000000000000, -0.000000000000000000, 1.000000000000000000 ) ) ;
#8193 = ADVANCED_FACE ( 'NONE', ( #10630 ), #9245, .F. ) ;
#8194 = VECTOR ( 'NONE', #651, 1000.000000000000000 ) ;
#8195 = UNCERTAINTY_MEASURE_WITH_UNIT (LENGTH_MEASURE( 1.000000000000000082E-05 ), #5677, 'distance_accuracy_value', 'NONE');
#8196 = DIRECTION ( 'NONE',  ( 0.000000000000000000, 1.000000000000000000, 0.000000000000000000 ) ) ;
#8197 = ORIENTED_EDGE ( 'NONE', *, *, #5464, .F. ) ;
#8198 = CARTESIAN_POINT ( 'NONE',  ( -4.800000000000000711, 0.000000000000000000, -3.050000000000001599 ) ) ;
#8199 = AXIS2_PLACEMENT_3D ( 'NONE', #9481, #7134, #8069 ) ;
#8200 = LINE ( 'NONE', #3336, #4562 ) ;
#8201 = DIRECTION ( 'NONE',  ( 1.000000000000000000, 0.000000000000000000, 0.000000000000000000 ) ) ;
#8202 = EDGE_CURVE ( 'NONE', #915, #4274, #10713, .T. ) ;
#8203 = VECTOR ( 'NONE', #1513, 1000.000000000000000 ) ;
#8204 = PRESENTATION_LAYER_ASSIGNMENT (  '', '', ( #6229 ) ) ;
#8205 = ORIENTED_EDGE ( 'NONE', *, *, #187, .F. ) ;
#8206 = ORIENTED_EDGE ( 'NONE', *, *, #3847, .F. ) ;
#8207 = ORIENTED_EDGE ( 'NONE', *, *, #9690, .F. ) ;
#8208 = ORIENTED_EDGE ( 'NONE', *, *, #669, .F. ) ;
#8209 = CARTESIAN_POINT ( 'NONE',  ( 4.799999999999998934, 0.8000000000000000444, 3.549999999999998490 ) ) ;
#8210 = DIRECTION ( 'NONE',  ( 0.000000000000000000, 1.000000000000000000, 3.252606517456512119E-15 ) ) ;
#8211 = ADVANCED_FACE ( 'NONE', ( #3746 ), #6848, .F. ) ;
#8212 = CARTESIAN_POINT ( 'NONE',  ( -4.800000000000000711, 0.000000000000000000, -1.695840542120764072 ) ) ;
#8213 = CARTESIAN_POINT ( 'NONE',  ( -3.900000000000000799, 0.000000000000000000, 1.799999999999998712 ) ) ;
#8214 = ADVANCED_FACE ( 'NONE', ( #3786 ), #7508, .F. ) ;
#8215 = VERTEX_POINT ( 'NONE', #3450 ) ;
#8216 = CARTESIAN_POINT ( 'NONE',  ( -3.900000000000000799, 0.4000000000000000222, 4.904159457879235795 ) ) ;
#8217 = LINE ( 'NONE', #7701, #8287 ) ;
#8218 = EDGE_CURVE ( 'NONE', #10428, #4455, #280, .T. ) ;
#8219 = VECTOR ( 'NONE', #4056, 1000.000000000000000 ) ;
#8220 = CARTESIAN_POINT ( 'NONE',  ( -4.800000000000000711, -5.421010862427522170E-17, -2.795840542120763939 ) ) ;
#8221 = ORIENTED_EDGE ( 'NONE', *, *, #8296, .F. ) ;
#8222 = ORIENTED_EDGE ( 'NONE', *, *, #3973, .F. ) ;
#8223 = ORIENTED_EDGE ( 'NONE', *, *, #10361, .F. ) ;
#8224 = EDGE_LOOP ( 'NONE', ( #4875, #8241, #8462, #4421, #8104, #3576 ) ) ;
#8225 = EDGE_CURVE ( 'NONE', #5412, #5730, #226, .T. ) ;
#8226 = AXIS2_PLACEMENT_3D ( 'NONE', #645, #570, #1459 ) ;
#8227 = DIRECTION ( 'NONE',  ( -0.000000000000000000, -0.000000000000000000, -1.000000000000000000 ) ) ;
#8228 = DIRECTION ( 'NONE',  ( 1.000000000000000000, 0.000000000000000000, 0.000000000000000000 ) ) ;
#8229 = EDGE_CURVE ( 'NONE', #10118, #4861, #7321, .T. ) ;
#8230 = DIRECTION ( 'NONE',  ( 1.000000000000000000, -4.336808689942013792E-16, 0.000000000000000000 ) ) ;
#8231 = CARTESIAN_POINT ( 'NONE',  ( -4.350000000000000533, 0.4000000000000000222, 2.599999999999998312 ) ) ;
#8232 = CLOSED_SHELL ( 'NONE', ( #10757, #2860, #6771, #601, #2769, #792, #7010, #1582, #533, #7671 ) ) ;
#8233 = CARTESIAN_POINT ( 'NONE',  ( -4.800000000000000711, 0.000000000000000000, -3.700000000000001066 ) ) ;
#8234 = PLANE ( 'NONE',  #9590 ) ;
#8235 = FACE_OUTER_BOUND ( 'NONE', #8996, .T. ) ;
#8236 = VECTOR ( 'NONE', #5782, 1000.000000000000000 ) ;
#8237 = ORIENTED_EDGE ( 'NONE', *, *, #9399, .F. ) ;
#8238 = ORIENTED_EDGE ( 'NONE', *, *, #5762, .T. ) ;
#8239 = ORIENTED_EDGE ( 'NONE', *, *, #321, .F. ) ;
#8240 = EDGE_CURVE ( 'NONE', #117, #4371, #7271, .T. ) ;
#8241 = ORIENTED_EDGE ( 'NONE', *, *, #3729, .T. ) ;
#8242 = EDGE_CURVE ( 'NONE', #309, #7387, #150, .T. ) ;
#8243 = CARTESIAN_POINT ( 'NONE',  ( 0.000000000000000000, 1.200000000000000844, 4.500000000000004441 ) ) ;
#8244 = AXIS2_PLACEMENT_3D ( 'NONE', #5450, #6375, #1426 ) ;
#8245 = VECTOR ( 'NONE', #6151, 1000.000000000000000 ) ;
#8246 = DIRECTION ( 'NONE',  ( 0.000000000000000000, -1.000000000000000000, 0.000000000000000000 ) ) ;
#8247 = DIRECTION ( 'NONE',  ( 0.000000000000000000, 1.000000000000000000, 0.000000000000000000 ) ) ;
#8248 = EDGE_CURVE ( 'NONE', #4413, #1343, #7302, .T. ) ;
#8249 = DIRECTION ( 'NONE',  ( -0.000000000000000000, 0.000000000000000000, -1.000000000000000000 ) ) ;
#8250 = ORIENTED_EDGE ( 'NONE', *, *, #6632, .T. ) ;
#8251 = ADVANCED_FACE ( 'NONE', ( #3706 ), #1654, .F. ) ;
#8252 = PLANE ( 'NONE',  #10209 ) ;
#8253 = DIRECTION ( 'NONE',  ( 0.000000000000000000, -6.505213034913037648E-15, 1.000000000000000000 ) ) ;
#8254 = PLANE ( 'NONE',  #10503 ) ;
#8255 = CARTESIAN_POINT ( 'NONE',  ( -4.350000000000000533, 0.7999999999999999334, -4.800000000000001599 ) ) ;
#8256 = LINE ( 'NONE', #1317, #8272 ) ;
#8257 = DIRECTION ( 'NONE',  ( 0.000000000000000000, 0.000000000000000000, 1.000000000000000000 ) ) ;
#8258 = DIRECTION ( 'NONE',  ( 9.637352644315598694E-16, -0.000000000000000000, 1.000000000000000000 ) ) ;
#8259 = VERTEX_POINT ( 'NONE', #5766 ) ;
#8260 = VERTEX_POINT ( 'NONE', #10113 ) ;
#8261 = VERTEX_POINT ( 'NONE', #7654 ) ;
#8262 = ORIENTED_EDGE ( 'NONE', *, *, #3861, .F. ) ;
#8263 = EDGE_CURVE ( 'NONE', #3881, #9425, #7283, .T. ) ;
#8264 = PLANE ( 'NONE',  #7989 ) ;
#8265 = VECTOR ( 'NONE', #7680, 1000.000000000000000 ) ;
#8266 = VERTEX_POINT ( 'NONE', #9314 ) ;
#8267 = DIRECTION ( 'NONE',  ( -0.000000000000000000, 1.000000000000000000, -0.000000000000000000 ) ) ;
#8268 = DIRECTION ( 'NONE',  ( 0.000000000000000000, 0.000000000000000000, 1.000000000000000000 ) ) ;
#8269 = VECTOR ( 'NONE', #9283, 1000.000000000000000 ) ;
#8270 = AXIS2_PLACEMENT_3D ( 'NONE', #5200, #2567, #4367 ) ;
#8271 = DIRECTION ( 'NONE',  ( 0.000000000000000000, -1.000000000000000000, 0.000000000000000000 ) ) ;
#8272 = VECTOR ( 'NONE', #5269, 1000.000000000000000 ) ;
#8273 = ADVANCED_FACE ( 'NONE', ( #97 ), #8558, .F. ) ;
#8274 = ORIENTED_EDGE ( 'NONE', *, *, #3811, .F. ) ;
#8275 = ORIENTED_EDGE ( 'NONE', *, *, #1930, .T. ) ;
#8276 = ORIENTED_EDGE ( 'NONE', *, *, #1284, .F. ) ;
#8277 = DIRECTION ( 'NONE',  ( -0.000000000000000000, -0.000000000000000000, -1.000000000000000000 ) ) ;
#8278 = ORIENTED_EDGE ( 'NONE', *, *, #541, .T. ) ;
#8279 = DIRECTION ( 'NONE',  ( -0.000000000000000000, -0.000000000000000000, -1.000000000000000000 ) ) ;
#8280 = CARTESIAN_POINT ( 'NONE',  ( -4.350000000000000533, 0.4000000000000000222, 1.499999999999998668 ) ) ;
#8281 = DIRECTION ( 'NONE',  ( 1.000000000000000000, -0.000000000000000000, 9.637352644315598694E-16 ) ) ;
#8282 = ADVANCED_FACE ( 'NONE', ( #3727 ), #8284, .F. ) ;
#8283 = VECTOR ( 'NONE', #7341, 1000.000000000000000 ) ;
#8284 = PLANE ( 'NONE',  #1060 ) ;
#8285 = CARTESIAN_POINT ( 'NONE',  ( 4.799999999999998934, 0.8000000000000000444, -2.600000000000000977 ) ) ;
#8286 = VERTEX_POINT ( 'NONE', #831 ) ;
#8287 = VECTOR ( 'NONE', #1967, 1000.000000000000000 ) ;
#8288 = CARTESIAN_POINT ( 'NONE',  ( 4.799999999999998934, 0.000000000000000000, -2.795840542120763939 ) ) ;
#8289 = LINE ( 'NONE', #5290, #8033 ) ;
#8290 = DIRECTION ( 'NONE',  ( 0.000000000000000000, 7.888609052210125061E-31, 1.000000000000000000 ) ) ;
#8291 = EDGE_CURVE ( 'NONE', #8823, #9825, #3877, .T. ) ;
#8292 = EDGE_LOOP ( 'NONE', ( #7918, #2419, #4023, #5946 ) ) ;
#8293 = ORIENTED_EDGE ( 'NONE', *, *, #2048, .F. ) ;
#8294 = VERTEX_POINT ( 'NONE', #6390 ) ;
#8295 = VERTEX_POINT ( 'NONE', #5462 ) ;
#8296 = EDGE_CURVE ( 'NONE', #3480, #1375, #166, .T. ) ;
#8297 = LINE ( 'NONE', #450, #8460 ) ;
#8298 = CARTESIAN_POINT ( 'NONE',  ( -4.800000000000000711, 0.8000000000000000444, 0.5041594578792359949 ) ) ;
#8299 = EDGE_CURVE ( 'NONE', #413, #6527, #7360, .T. ) ;
#8300 = SURFACE_SIDE_STYLE ('',( #7130 ) ) ;
#8301 = ADVANCED_FACE ( 'NONE', ( #10733 ), #2139, .F. ) ;
#8302 = ORIENTED_EDGE ( 'NONE', *, *, #965, .T. ) ;
#8303 = CARTESIAN_POINT ( 'NONE',  ( -3.900000000000000799, 0.000000000000000000, 0.5041594578792359949 ) ) ;
#8304 = CARTESIAN_POINT ( 'NONE',  ( 4.799999999999998934, 0.8000000000000000444, 2.704159457879236506 ) ) ;
#8305 = LINE ( 'NONE', #3736, #8340 ) ;
#8306 = ORIENTED_EDGE ( 'NONE', *, *, #1415, .F. ) ;
#8307 = VECTOR ( 'NONE', #6722, 1000.000000000000000 ) ;
#8308 = VERTEX_POINT ( 'NONE', #10394 ) ;
#8309 = ORIENTED_EDGE ( 'NONE', *, *, #517, .T. ) ;
#8310 = ORIENTED_EDGE ( 'NONE', *, *, #1449, .F. ) ;
#8311 = ORIENTED_EDGE ( 'NONE', *, *, #8877, .F. ) ;
#8312 = DIRECTION ( 'NONE',  ( 0.000000000000000000, 0.000000000000000000, 1.000000000000000000 ) ) ;
#8313 = AXIS2_PLACEMENT_3D ( 'NONE', #1000, #3418, #4308 ) ;
#8314 = CARTESIAN_POINT ( 'NONE',  ( -4.350000000000000533, 0.4000000000000000222, -2.600000000000000977 ) ) ;
#8315 = VECTOR ( 'NONE', #4258, 1000.000000000000000 ) ;
#8316 = SURFACE_STYLE_USAGE ( .BOTH. , #793 ) ;
#8317 = EDGE_CURVE ( 'NONE', #1185, #6883, #188, .T. ) ;
#8318 = DIRECTION ( 'NONE',  ( -0.000000000000000000, -1.000000000000000000, -0.000000000000000000 ) ) ;
#8319 = DIRECTION ( 'NONE',  ( -0.000000000000000000, -0.000000000000000000, 1.000000000000000000 ) ) ;
#8320 = VERTEX_POINT ( 'NONE', #1997 ) ;
#8321 = DIRECTION ( 'NONE',  ( -0.000000000000000000, 1.000000000000000000, -0.000000000000000000 ) ) ;
#8322 = FACE_OUTER_BOUND ( 'NONE', #1096, .T. ) ;
#8323 = ORIENTED_EDGE ( 'NONE', *, *, #2347, .T. ) ;
#8324 =( NAMED_UNIT ( * ) PLANE_ANGLE_UNIT ( ) SI_UNIT ( $, .RADIAN. ) );
#8325 = CARTESIAN_POINT ( 'NONE',  ( 3.899999999999999023, 0.4000000000000000222, 0.6999999999999992895 ) ) ;
#8326 = CARTESIAN_POINT ( 'NONE',  ( 4.350000000000000533, 0.4000000000000000222, -3.700000000000001066 ) ) ;
#8327 = SURFACE_STYLE_FILL_AREA ( #6740 ) ;
#8328 = CARTESIAN_POINT ( 'NONE',  ( -4.500000000000003553, 1.199999999999999734, -4.299999999999996270 ) ) ;
#8329 = CARTESIAN_POINT ( 'NONE',  ( -4.800000000000000711, 0.8000000000000000444, 1.604159457879236195 ) ) ;
#8330 = EDGE_LOOP ( 'NONE', ( #10313, #3738, #4119, #7693 ) ) ;
#8331 = EDGE_LOOP ( 'NONE', ( #3337, #6329, #9861, #10537 ) ) ;
#8332 = ORIENTED_EDGE ( 'NONE', *, *, #6800, .T. ) ;
#8333 = ORIENTED_EDGE ( 'NONE', *, *, #4581, .F. ) ;
#8334 = CARTESIAN_POINT ( 'NONE',  ( -4.099999999999997868, 2.200000000000000178, -4.500000000000001776 ) ) ;
#8335 = FACE_OUTER_BOUND ( 'NONE', #372, .T. ) ;
#8336 = DIRECTION ( 'NONE',  ( 1.000000000000000000, 0.000000000000000000, -0.000000000000000000 ) ) ;
#8337 = VERTEX_POINT ( 'NONE', #2891 ) ;
#8338 = DIRECTION ( 'NONE',  ( -0.000000000000000000, 0.000000000000000000, -1.000000000000000000 ) ) ;
#8339 = EDGE_CURVE ( 'NONE', #10352, #7552, #3669, .T. ) ;
#8340 = VECTOR ( 'NONE', #3578, 1000.000000000000000 ) ;
#8341 = ORIENTED_EDGE ( 'NONE', *, *, #2765, .F. ) ;
#8342 = PLANE ( 'NONE',  #2398 ) ;
#8343 = PRESENTATION_STYLE_ASSIGNMENT (( #8316 ) ) ;
#8344 = ORIENTED_EDGE ( 'NONE', *, *, #5546, .F. ) ;
#8345 = VERTEX_POINT ( 'NONE', #9577 ) ;
#8346 = ORIENTED_EDGE ( 'NONE', *, *, #7726, .F. ) ;
#8347 = CARTESIAN_POINT ( 'NONE',  ( -4.800000000000000711, 0.8000000000000000444, 2.899999999999999023 ) ) ;
#8348 = EDGE_LOOP ( 'NONE', ( #3520, #7001, #8156, #7883, #6926, #4603 ) ) ;
#8349 = CARTESIAN_POINT ( 'NONE',  ( -4.800000000000000711, 0.8000000000000000444, 4.799999999999998934 ) ) ;
#8350 = SURFACE_STYLE_USAGE ( .BOTH. , #9239 ) ;
#8351 = DIRECTION ( 'NONE',  ( 0.000000000000000000, -1.000000000000000000, 0.000000000000000000 ) ) ;
#8352 = CARTESIAN_POINT ( 'NONE',  ( -4.350000000000000533, 0.7999999999999999334, -0.4000000000000010214 ) ) ;
#8353 = VECTOR ( 'NONE', #5901, 1000.000000000000000 ) ;
#8354 = CARTESIAN_POINT ( 'NONE',  ( 4.300000000000003375, 1.199999999999999067, -4.299999999999999822 ) ) ;
#8355 = DIRECTION ( 'NONE',  ( 1.000000000000000000, 0.000000000000000000, -9.637352644315598694E-16 ) ) ;
#8356 = ORIENTED_EDGE ( 'NONE', *, *, #9677, .T. ) ;
#8357 = CYLINDRICAL_SURFACE ( 'NONE', #6071, 0.3999999999999993006 ) ;
#8358 = CARTESIAN_POINT ( 'NONE',  ( -4.800000000000000711, 0.8000000000000000444, -1.695840542120764072 ) ) ;
#8359 = LINE ( 'NONE', #1367, #8581 ) ;
#8360 = ADVANCED_FACE ( 'NONE', ( #3631 ), #7880, .T. ) ;
#8361 = DIRECTION ( 'NONE',  ( 0.000000000000000000, -1.000000000000000000, 0.000000000000000000 ) ) ;
#8362 = EDGE_LOOP ( 'NONE', ( #6646, #5698, #440, #750 ) ) ;
#8363 = EDGE_LOOP ( 'NONE', ( #8891, #5221, #8645, #7272, #10655, #3510 ) ) ;
#8364 = VERTEX_POINT ( 'NONE', #2065 ) ;
#8365 = VERTEX_POINT ( 'NONE', #10466 ) ;
#8366 = CARTESIAN_POINT ( 'NONE',  ( 3.899999999999999023, 0.000000000000000000, 4.799999999999999822 ) ) ;
#8367 = PLANE ( 'NONE',  #1509 ) ;
#8368 = ADVANCED_FACE ( 'NONE', ( #3806 ), #7241, .F. ) ;
#8369 = LINE ( 'NONE', #4662, #8623 ) ;
#8370 = DIRECTION ( 'NONE',  ( 1.000000000000000000, 0.000000000000000000, 0.000000000000000000 ) ) ;
#8371 = VERTEX_POINT ( 'NONE', #3771 ) ;
#8372 = EDGE_CURVE ( 'NONE', #7068, #8266, #7400, .T. ) ;
#8373 = DIRECTION ( 'NONE',  ( -0.000000000000000000, -0.000000000000000000, -1.000000000000000000 ) ) ;
#8374 = CARTESIAN_POINT ( 'NONE',  ( 4.799999999999998934, 0.8000000000000000444, 5.000000000000000000 ) ) ;
#8375 = EDGE_CURVE ( 'NONE', #7460, #10375, #22, .T. ) ;
#8376 = FACE_OUTER_BOUND ( 'NONE', #239, .T. ) ;
#8377 = LINE ( 'NONE', #3998, #8629 ) ;
#8378 = CARTESIAN_POINT ( 'NONE',  ( 4.799999999999998934, 0.000000000000000000, 5.000000000000000000 ) ) ;
#8379 = ORIENTED_EDGE ( 'NONE', *, *, #8317, .F. ) ;
#8380 = EDGE_CURVE ( 'NONE', #9772, #9527, #3823, .T. ) ;
#8381 = ORIENTED_EDGE ( 'NONE', *, *, #3577, .T. ) ;
#8382 = EDGE_LOOP ( 'NONE', ( #2401, #7913, #9065, #7469, #292, #7870 ) ) ;
#8383 = EDGE_LOOP ( 'NONE', ( #1465, #1497, #1177, #27 ) ) ;
#8384 = EDGE_CURVE ( 'NONE', #5411, #1484, #7173, .T. ) ;
#8385 = MANIFOLD_SOLID_BREP ( 'LPattern2[13]', #7146 ) ;
#8386 = CARTESIAN_POINT ( 'NONE',  ( 4.799999999999998934, 0.4000000000000000222, 2.899999999999999023 ) ) ;
#8387 = FACE_OUTER_BOUND ( 'NONE', #4929, .T. ) ;
#8388 = CARTESIAN_POINT ( 'NONE',  ( 4.799999999999998934, 0.000000000000000000, 1.949999999999997735 ) ) ;
#8389 = SURFACE_STYLE_USAGE ( .BOTH. , #9942 ) ;
#8390 = CARTESIAN_POINT ( 'NONE',  ( -3.900000000000000799, 0.4000000000000000222, 2.599999999999998312 ) ) ;
#8391 = ORIENTED_EDGE ( 'NONE', *, *, #8399, .F. ) ;
#8392 = EDGE_CURVE ( 'NONE', #9327, #9244, #10756, .T. ) ;
#8393 = DIRECTION ( 'NONE',  ( 1.000000000000000000, -0.000000000000000000, 0.000000000000000000 ) ) ;
#8394 = LINE ( 'NONE', #10363, #1077 ) ;
#8395 = APPLICATION_PROTOCOL_DEFINITION ( 'draft international standard', 'automotive_design', 1998, #7 ) ;
#8396 = DIRECTION ( 'NONE',  ( -1.000000000000000000, -0.000000000000000000, 0.000000000000000000 ) ) ;
#8397 = CARTESIAN_POINT ( 'NONE',  ( 4.799999999999998934, 0.000000000000000000, 0.5041594578792359949 ) ) ;
#8398 = VECTOR ( 'NONE', #9923, 1000.000000000000000 ) ;
#8399 = EDGE_CURVE ( 'NONE', #153, #152, #10774, .T. ) ;
#8400 = PLANE ( 'NONE',  #9706 ) ;
#8401 = VERTEX_POINT ( 'NONE', #5324 ) ;
#8402 = VERTEX_POINT ( 'NONE', #6106 ) ;
#8403 = ORIENTED_EDGE ( 'NONE', *, *, #2307, .T. ) ;
#8404 = EDGE_LOOP ( 'NONE', ( #6697, #4210, #3063, #4162 ) ) ;
#8405 = EDGE_CURVE ( 'NONE', #5394, #5499, #7194, .T. ) ;
#8406 = DIRECTION ( 'NONE',  ( -0.000000000000000000, -0.000000000000000000, -1.000000000000000000 ) ) ;
#8407 = VECTOR ( 'NONE', #3664, 1000.000000000000000 ) ;
#8408 = AXIS2_PLACEMENT_3D ( 'NONE', #7983, #9605, #7418 ) ;
#8409 = CARTESIAN_POINT ( 'NONE',  ( 4.800000000000000711, 0.8000000000000000444, 1.499999999999999556 ) ) ;
#8410 = ORIENTED_EDGE ( 'NONE', *, *, #6267, .F. ) ;
#8411 = DIRECTION ( 'NONE',  ( -0.000000000000000000, -0.000000000000000000, -1.000000000000000000 ) ) ;
#8412 = LINE ( 'NONE', #9480, #1204 ) ;
#8413 = EDGE_CURVE ( 'NONE', #8420, #7356, #3608, .T. ) ;
#8414 = PLANE ( 'NONE',  #6183 ) ;
#8415 = FACE_OUTER_BOUND ( 'NONE', #5658, .T. ) ;
#8416 = VERTEX_POINT ( 'NONE', #8930 ) ;
#8417 = ORIENTED_EDGE ( 'NONE', *, *, #5912, .F. ) ;
#8418 = ORIENTED_EDGE ( 'NONE', *, *, #2593, .F. ) ;
#8419 = CARTESIAN_POINT ( 'NONE',  ( 4.800000000000000711, 0.8000000000000000444, -2.600000000000000977 ) ) ;
#8420 = VERTEX_POINT ( 'NONE', #4965 ) ;
#8421 = PLANE ( 'NONE',  #4318 ) ;
#8422 = DIRECTION ( 'NONE',  ( 0.000000000000000000, 0.000000000000000000, 1.000000000000000000 ) ) ;
#8423 = PLANE ( 'NONE',  #9829 ) ;
#8424 = DIRECTION ( 'NONE',  ( -0.000000000000000000, 1.000000000000000000, -0.000000000000000000 ) ) ;
#8425 = LINE ( 'NONE', #1348, #8441 ) ;
#8426 = DIRECTION ( 'NONE',  ( -0.000000000000000000, -0.000000000000000000, -1.000000000000000000 ) ) ;
#8427 = AXIS2_PLACEMENT_3D ( 'NONE', #5486, #9463, #3551 ) ;
#8428 = CARTESIAN_POINT ( 'NONE',  ( -4.350000000000000533, 2.600999999999999979, -4.800000000000001599 ) ) ;
#8429 = AXIS2_PLACEMENT_3D ( 'NONE', #7230, #8920, #9782 ) ;
#8430 = ORIENTED_EDGE ( 'NONE', *, *, #10644, .T. ) ;
#8431 = EDGE_CURVE ( 'NONE', #3315, #10770, #7559, .T. ) ;
#8432 = VECTOR ( 'NONE', #10295, 1000.000000000000000 ) ;
#8433 = LINE ( 'NONE', #1313, #1172 ) ;
#8434 = DIRECTION ( 'NONE',  ( 0.000000000000000000, 0.000000000000000000, 1.000000000000000000 ) ) ;
#8435 = ORIENTED_EDGE ( 'NONE', *, *, #8596, .F. ) ;
#8436 = EDGE_CURVE ( 'NONE', #5249, #2367, #577, .T. ) ;
#8437 = VERTEX_POINT ( 'NONE', #9930 ) ;
#8438 = EDGE_LOOP ( 'NONE', ( #790, #961, #8278, #924 ) ) ;
#8439 = VERTEX_POINT ( 'NONE', #2410 ) ;
#8440 = CARTESIAN_POINT ( 'NONE',  ( -4.099999999999997868, 2.399999999999998579, -4.300000000000001599 ) ) ;
#8441 = VECTOR ( 'NONE', #2182, 1000.000000000000000 ) ;
#8442 = CARTESIAN_POINT ( 'NONE',  ( 3.899999999999999023, 0.000000000000000000, -2.600000000000000977 ) ) ;
#8443 = CARTESIAN_POINT ( 'NONE',  ( -4.800000000000000711, 0.000000000000000000, 0.3999999999999984679 ) ) ;
#8444 = VERTEX_POINT ( 'NONE', #3097 ) ;
#8445 = CARTESIAN_POINT ( 'NONE',  ( 4.799999999999998934, 0.000000000000000000, 3.804159457879236150 ) ) ;
#8446 = CARTESIAN_POINT ( 'NONE',  ( 4.099999999999997868, 2.399999999999998579, -4.300000000000001599 ) ) ;
#8447 = DIRECTION ( 'NONE',  ( 2.409338161078908548E-16, -1.000000000000000000, 0.000000000000000000 ) ) ;
#8448 = PLANE ( 'NONE',  #9233 ) ;
#8449 = AXIS2_PLACEMENT_3D ( 'NONE', #3954, #2042, #9624 ) ;
#8450 = LINE ( 'NONE', #446, #8269 ) ;
#8451 = EDGE_CURVE ( 'NONE', #7262, #1438, #7725, .T. ) ;
#8452 = CARTESIAN_POINT ( 'NONE',  ( 4.350000000000000533, 0.7999999999999999334, 2.600000000000006750 ) ) ;
#8453 = DIRECTION ( 'NONE',  ( 0.000000000000000000, -0.000000000000000000, 1.000000000000000000 ) ) ;
#8454 = ORIENTED_EDGE ( 'NONE', *, *, #340, .T. ) ;
#8455 = ORIENTED_EDGE ( 'NONE', *, *, #10293, .F. ) ;
#8456 = ORIENTED_EDGE ( 'NONE', *, *, #4416, .T. ) ;
#8457 = ORIENTED_EDGE ( 'NONE', *, *, #8202, .F. ) ;
#8458 = EDGE_CURVE ( 'NONE', #8286, #9104, #7648, .T. ) ;
#8459 = ADVANCED_FACE ( 'NONE', ( #4040 ), #6519, .F. ) ;
#8460 = VECTOR ( 'NONE', #9484, 1000.000000000000000 ) ;
#8461 = DIRECTION ( 'NONE',  ( 0.000000000000000000, 0.000000000000000000, 1.000000000000000000 ) ) ;
#8462 = ORIENTED_EDGE ( 'NONE', *, *, #4245, .T. ) ;
#8463 = CARTESIAN_POINT ( 'NONE',  ( 3.899999999999999023, 0.4000000000000000222, 3.999999999999999112 ) ) ;
#8464 = VECTOR ( 'NONE', #1670, 1000.000000000000000 ) ;
#8465 = CARTESIAN_POINT ( 'NONE',  ( -4.800000000000000711, 0.000000000000000000, 0.5041594578792359949 ) ) ;
#8466 = ORIENTED_EDGE ( 'NONE', *, *, #2899, .T. ) ;
#8467 = EDGE_LOOP ( 'NONE', ( #3673, #4092, #7109, #559, #10211, #3896 ) ) ;
#8468 = ORIENTED_EDGE ( 'NONE', *, *, #10526, .F. ) ;
#8469 = ORIENTED_EDGE ( 'NONE', *, *, #4338, .T. ) ;
#8470 = EDGE_CURVE ( 'NONE', #1202, #3994, #611, .T. ) ;
#8471 = AXIS2_PLACEMENT_3D ( 'NONE', #1518, #9003, #10631 ) ;
#8472 = ADVANCED_FACE ( 'NONE', ( #4319 ), #3391, .T. ) ;
#8473 = DIRECTION ( 'NONE',  ( 0.000000000000000000, 1.000000000000000000, 0.000000000000000000 ) ) ;
#8474 = VECTOR ( 'NONE', #10160, 1000.000000000000000 ) ;
#8475 = EDGE_CURVE ( 'NONE', #9391, #7460, #7592, .T. ) ;
#8476 = ORIENTED_EDGE ( 'NONE', *, *, #2005, .T. ) ;
#8477 = CARTESIAN_POINT ( 'NONE',  ( -3.900000000000000799, 0.000000000000000000, 2.599999999999999201 ) ) ;
#8478 = CARTESIAN_POINT ( 'NONE',  ( -3.900000000000000799, 0.4000000000000000222, 4.904159457879235795 ) ) ;
#8479 = LINE ( 'NONE', #4887, #1271 ) ;
#8480 = CARTESIAN_POINT ( 'NONE',  ( 3.899999999999999023, 0.000000000000000000, -4.000000000000000888 ) ) ;
#8481 = LINE ( 'NONE', #7971, #8521 ) ;
#8482 = ORIENTED_EDGE ( 'NONE', *, *, #5979, .T. ) ;
#8483 = ORIENTED_EDGE ( 'NONE', *, *, #7900, .T. ) ;
#8484 = EDGE_LOOP ( 'NONE', ( #1839, #85, #2056, #5848 ) ) ;
#8485 = DIRECTION ( 'NONE',  ( -1.000000000000000000, 0.000000000000000000, -9.637352644315598694E-16 ) ) ;
#8486 = ORIENTED_EDGE ( 'NONE', *, *, #9529, .F. ) ;
#8487 = CARTESIAN_POINT ( 'NONE',  ( 4.799999999999998934, 0.000000000000000000, 4.904159457879235795 ) ) ;
#8488 = EDGE_CURVE ( 'NONE', #848, #1638, #7745, .T. ) ;
#8489 = DIRECTION ( 'NONE',  ( 0.000000000000000000, -1.000000000000000000, 0.000000000000000000 ) ) ;
#8490 = FACE_OUTER_BOUND ( 'NONE', #6850, .T. ) ;
#8491 = CARTESIAN_POINT ( 'NONE',  ( -3.900000000000000799, 0.4000000000000000222, -1.800000000000000711 ) ) ;
#8492 = DIRECTION ( 'NONE',  ( -5.551115123125782702E-17, -1.000000000000000000, -7.888609052210118054E-31 ) ) ;
#8493 = CARTESIAN_POINT ( 'NONE',  ( 0.000000000000000000, 1.199999999999970646, -4.700000000000004619 ) ) ;
#8494 = ORIENTED_EDGE ( 'NONE', *, *, #895, .F. ) ;
#8495 = DIRECTION ( 'NONE',  ( -1.000000000000000000, 0.000000000000000000, 0.000000000000000000 ) ) ;
#8496 = VECTOR ( 'NONE', #5570, 1000.000000000000000 ) ;
#8497 = CARTESIAN_POINT ( 'NONE',  ( -4.800000000000000711, 0.8000000000000000444, -4.000000000000001776 ) ) ;
#8498 = VECTOR ( 'NONE', #6243, 1000.000000000000000 ) ;
#8499 = DIRECTION ( 'NONE',  ( 0.000000000000000000, 0.000000000000000000, -1.000000000000000000 ) ) ;
#8500 = ORIENTED_EDGE ( 'NONE', *, *, #602, .F. ) ;
#8501 = DIRECTION ( 'NONE',  ( 1.000000000000000000, 0.000000000000000000, 0.000000000000000000 ) ) ;
#8502 = ORIENTED_EDGE ( 'NONE', *, *, #1326, .F. ) ;
#8503 = EDGE_LOOP ( 'NONE', ( #7588, #3971, #2909, #7699, #3944, #4490 ) ) ;
#8504 = VERTEX_POINT ( 'NONE', #9206 ) ;
#8505 = DIRECTION ( 'NONE',  ( 0.000000000000000000, -0.000000000000000000, -1.000000000000000000 ) ) ;
#8506 = FACE_OUTER_BOUND ( 'NONE', #4493, .T. ) ;
#8507 = EDGE_CURVE ( 'NONE', #4566, #2537, #7631, .T. ) ;
#8508 = PRESENTATION_LAYER_ASSIGNMENT (  '', '', ( #2762 ) ) ;
#8509 = PLANE ( 'NONE',  #9563 ) ;
#8510 = DIRECTION ( 'NONE',  ( 1.000000000000000000, 0.000000000000000000, -0.000000000000000000 ) ) ;
#8511 = EDGE_CURVE ( 'NONE', #4215, #152, #4130, .T. ) ;
#8512 = ORIENTED_EDGE ( 'NONE', *, *, #965, .F. ) ;
#8513 = CARTESIAN_POINT ( 'NONE',  ( 4.800000000000000711, 0.8000000000000000444, 2.599999999999999201 ) ) ;
#8514 = CARTESIAN_POINT ( 'NONE',  ( 4.350000000000000533, 0.7999999999999999334, 6.004159457879236328 ) ) ;
#8515 = EDGE_CURVE ( 'NONE', #3937, #10747, #4058, .T. ) ;
#8516 = ADVANCED_FACE ( 'NONE', ( #7542 ), #6586, .F. ) ;
#8517 = DIRECTION ( 'NONE',  ( -0.000000000000000000, -0.000000000000000000, -1.000000000000000000 ) ) ;
#8518 = DIRECTION ( 'NONE',  ( -0.000000000000000000, -0.000000000000000000, -1.000000000000000000 ) ) ;
#8519 = VECTOR ( 'NONE', #907, 1000.000000000000000 ) ;
#8520 = MECHANICAL_DESIGN_GEOMETRIC_PRESENTATION_REPRESENTATION (  '', ( #7071 ), #4507 ) ;
#8521 = VECTOR ( 'NONE', #1455, 1000.000000000000000 ) ;
#8522 = DIRECTION ( 'NONE',  ( -0.000000000000000000, 0.000000000000000000, 1.000000000000000000 ) ) ;
#8523 = ORIENTED_EDGE ( 'NONE', *, *, #3745, .F. ) ;
#8524 = ORIENTED_EDGE ( 'NONE', *, *, #10637, .F. ) ;
#8525 = VERTEX_POINT ( 'NONE', #9999 ) ;
#8526 = ORIENTED_EDGE ( 'NONE', *, *, #9525, .T. ) ;
#8527 = DIRECTION ( 'NONE',  ( 0.000000000000000000, -1.000000000000000000, -3.252606517456512119E-15 ) ) ;
#8528 = LINE ( 'NONE', #4033, #8557 ) ;
#8529 = DIRECTION ( 'NONE',  ( 1.000000000000000000, 0.000000000000000000, 9.637352644315598694E-16 ) ) ;
#8530 = ORIENTED_EDGE ( 'NONE', *, *, #4983, .T. ) ;
#8531 = EDGE_CURVE ( 'NONE', #10554, #6070, #443, .T. ) ;
#8532 = DIRECTION ( 'NONE',  ( 0.000000000000000000, 1.000000000000000000, 0.000000000000000000 ) ) ;
#8533 = CARTESIAN_POINT ( 'NONE',  ( 4.799999999999998934, 0.000000000000000000, 4.800000000000007816 ) ) ;
#8534 = VECTOR ( 'NONE', #7526, 1000.000000000000000 ) ;
#8535 = CARTESIAN_POINT ( 'NONE',  ( 4.800000000000000711, 0.8000000000000001554, -4.400000000000002132 ) ) ;
#8536 = FACE_OUTER_BOUND ( 'NONE', #4588, .T. ) ;
#8537 = PLANE ( 'NONE',  #6837 ) ;
#8538 = VECTOR ( 'NONE', #1169, 1000.000000000000000 ) ;
#8539 = ORIENTED_EDGE ( 'NONE', *, *, #7963, .T. ) ;
#8540 = VERTEX_POINT ( 'NONE', #7465 ) ;
#8541 = VERTEX_POINT ( 'NONE', #3312 ) ;
#8542 = DIRECTION ( 'NONE',  ( -2.465190328815661892E-32, 0.000000000000000000, -1.000000000000000000 ) ) ;
#8543 = FACE_OUTER_BOUND ( 'NONE', #8157, .T. ) ;
#8544 = ORIENTED_EDGE ( 'NONE', *, *, #3619, .F. ) ;
#8545 = DIRECTION ( 'NONE',  ( 1.000000000000000000, -0.000000000000000000, 0.000000000000000000 ) ) ;
#8546 = CARTESIAN_POINT ( 'NONE',  ( 4.350000000000000533, 0.4000000000000000222, -4.800000000000001599 ) ) ;
#8547 = LINE ( 'NONE', #10764, #5089 ) ;
#8548 = FACE_OUTER_BOUND ( 'NONE', #3185, .T. ) ;
#8549 = ORIENTED_EDGE ( 'NONE', *, *, #6393, .F. ) ;
#8550 = ORIENTED_EDGE ( 'NONE', *, *, #6613, .T. ) ;
#8551 = VERTEX_POINT ( 'NONE', #2337 ) ;
#8552 = DIRECTION ( 'NONE',  ( -0.000000000000000000, 0.000000000000000000, -1.000000000000000000 ) ) ;
#8553 = ORIENTED_EDGE ( 'NONE', *, *, #895, .T. ) ;
#8554 = AXIS2_PLACEMENT_3D ( 'NONE', #3021, #8789, #9598 ) ;
#8555 = DIRECTION ( 'NONE',  ( 1.000000000000000000, -2.409338161078899674E-16, 0.000000000000000000 ) ) ;
#8556 = PLANE ( 'NONE',  #1502 ) ;
#8557 = VECTOR ( 'NONE', #6367, 1000.000000000000000 ) ;
#8558 = PLANE ( 'NONE',  #9875 ) ;
#8559 = EDGE_CURVE ( 'NONE', #7476, #8541, #7779, .T. ) ;
#8560 = SURFACE_STYLE_USAGE ( .BOTH. , #1239 ) ;
#8561 = ORIENTED_EDGE ( 'NONE', *, *, #7840, .T. ) ;
#8562 = DIRECTION ( 'NONE',  ( -0.000000000000000000, 0.000000000000000000, -1.000000000000000000 ) ) ;
#8563 = VECTOR ( 'NONE', #8085, 1000.000000000000000 ) ;
#8564 = VECTOR ( 'NONE', #1184, 1000.000000000000000 ) ;
#8565 = DIRECTION ( 'NONE',  ( -1.000000000000000000, 0.000000000000000000, 0.000000000000000000 ) ) ;
#8566 = VERTEX_POINT ( 'NONE', #7533 ) ;
#8567 = ORIENTED_EDGE ( 'NONE', *, *, #7636, .T. ) ;
#8568 = ORIENTED_EDGE ( 'NONE', *, *, #7578, .F. ) ;
#8569 = ORIENTED_EDGE ( 'NONE', *, *, #3509, .F. ) ;
#8570 = CARTESIAN_POINT ( 'NONE',  ( 3.899999999999999023, 0.4000000000000000222, -4.000000000000000888 ) ) ;
#8571 = FACE_OUTER_BOUND ( 'NONE', #3558, .T. ) ;
#8572 = CARTESIAN_POINT ( 'NONE',  ( -3.900000000000000799, 0.000000000000000000, 2.899999999999999023 ) ) ;
#8573 = CARTESIAN_POINT ( 'NONE',  ( 3.899999999999999023, 0.4000000000000000222, -4.800000000000001599 ) ) ;
#8574 = EDGE_CURVE ( 'NONE', #1423, #10345, #7852, .T. ) ;
#8575 = STYLED_ITEM ( 'NONE', ( #6301 ), #9662 ) ;
#8576 = ORIENTED_EDGE ( 'NONE', *, *, #10748, .T. ) ;
#8577 = PLANE ( 'NONE',  #9358 ) ;
#8578 = PLANE ( 'NONE',  #6002 ) ;
#8579 = VECTOR ( 'NONE', #3159, 1000.000000000000000 ) ;
#8580 = ADVANCED_FACE ( 'NONE', ( #4279 ), #7314, .F. ) ;
#8581 = VECTOR ( 'NONE', #8758, 1000.000000000000000 ) ;
#8582 = VERTEX_POINT ( 'NONE', #3168 ) ;
#8583 = ORIENTED_EDGE ( 'NONE', *, *, #7866, .F. ) ;
#8584 = ORIENTED_EDGE ( 'NONE', *, *, #1106, .F. ) ;
#8585 = EDGE_LOOP ( 'NONE', ( #5169, #8466, #1050, #1469 ) ) ;
#8586 =( LENGTH_UNIT ( ) NAMED_UNIT ( * ) SI_UNIT ( .MILLI., .METRE. ) );
#8587 = LINE ( 'NONE', #2313, #5005 ) ;
#8588 = CARTESIAN_POINT ( 'NONE',  ( 4.800000000000000711, 0.000000000000000000, -1.734723475976807094E-15 ) ) ;
#8589 = PLANE ( 'NONE',  #1879 ) ;
#8590 = AXIS2_PLACEMENT_3D ( 'NONE', #7734, #9187, #6036 ) ;
#8591 = ORIENTED_EDGE ( 'NONE', *, *, #8399, .T. ) ;
#8592 = EDGE_CURVE ( 'NONE', #2300, #719, #4202, .T. ) ;
#8593 = AXIS2_PLACEMENT_3D ( 'NONE', #231, #1838, #10088 ) ;
#8594 = CARTESIAN_POINT ( 'NONE',  ( 4.799999999999998934, 0.8000000000000000444, 6.004159457879236328 ) ) ;
#8595 = LINE ( 'NONE', #5705, #4889 ) ;
#8596 = EDGE_CURVE ( 'NONE', #9364, #8606, #715, .T. ) ;
#8597 = LINE ( 'NONE', #636, #8564 ) ;
#8598 = DIRECTION ( 'NONE',  ( 0.000000000000000000, -3.491481338843133355E-15, 1.000000000000000000 ) ) ;
#8599 = VECTOR ( 'NONE', #6773, 1000.000000000000000 ) ;
#8600 = ORIENTED_EDGE ( 'NONE', *, *, #3707, .F. ) ;
#8601 = ORIENTED_EDGE ( 'NONE', *, *, #3274, .T. ) ;
#8602 = ORIENTED_EDGE ( 'NONE', *, *, #6662, .F. ) ;
#8603 = CARTESIAN_POINT ( 'NONE',  ( 4.799999999999998934, 0.000000000000000000, -2.795840542120763939 ) ) ;
#8604 = LINE ( 'NONE', #7057, #1402 ) ;
#8605 = CARTESIAN_POINT ( 'NONE',  ( 4.799999999999998934, 0.8000000000000000444, -1.695840542120764072 ) ) ;
#8606 = VERTEX_POINT ( 'NONE', #1121 ) ;
#8607 = EDGE_CURVE ( 'NONE', #4979, #4082, #4146, .T. ) ;
#8608 = CARTESIAN_POINT ( 'NONE',  ( -3.900000000000000799, 0.000000000000000000, 3.699999999999999289 ) ) ;
#8609 = CARTESIAN_POINT ( 'NONE',  ( -4.800000000000000711, 0.8000000000000000444, 0.6999999999999992895 ) ) ;
#8610 = EDGE_CURVE ( 'NONE', #8504, #9812, #691, .T. ) ;
#8611 = FACE_OUTER_BOUND ( 'NONE', #6261, .T. ) ;
#8612 = CARTESIAN_POINT ( 'NONE',  ( -4.099999999999997868, 0.7999999999999997113, 4.700000000000005507 ) ) ;
#8613 = FACE_OUTER_BOUND ( 'NONE', #5718, .T. ) ;
#8614 = ADVANCED_FACE ( 'NONE', ( #594 ), #3639, .T. ) ;
#8615 = FACE_OUTER_BOUND ( 'NONE', #2575, .T. ) ;
#8616 = EDGE_CURVE ( 'NONE', #2329, #512, #333, .T. ) ;
#8617 = EDGE_LOOP ( 'NONE', ( #9313, #7404, #937, #6983 ) ) ;
#8618 = ORIENTED_EDGE ( 'NONE', *, *, #9356, .F. ) ;
#8619 = PLANE ( 'NONE',  #7118 ) ;
#8620 = ORIENTED_EDGE ( 'NONE', *, *, #9426, .T. ) ;
#8621 = PLANE ( 'NONE',  #10639 ) ;
#8622 = ADVANCED_FACE ( 'NONE', ( #631 ), #6949, .F. ) ;
#8623 = VECTOR ( 'NONE', #3888, 1000.000000000000000 ) ;
#8624 = DIRECTION ( 'NONE',  ( -1.000000000000000000, -0.000000000000000000, 9.637352644315598694E-16 ) ) ;
#8625 = CARTESIAN_POINT ( 'NONE',  ( 4.799999999999999822, 0.8000000000000000444, 3.700000000000008171 ) ) ;
#8626 = CARTESIAN_POINT ( 'NONE',  ( 4.100000000000000533, 2.399999999999999023, 4.299999999999999822 ) ) ;
#8627 = ORIENTED_EDGE ( 'NONE', *, *, #7942, .T. ) ;
#8628 = DIRECTION ( 'NONE',  ( 0.000000000000000000, 1.000000000000000000, -3.252606517456512119E-15 ) ) ;
#8629 = VECTOR ( 'NONE', #7250, 1000.000000000000000 ) ;
#8630 = EDGE_CURVE ( 'NONE', #9130, #9278, #4223, .T. ) ;
#8631 = PLANE ( 'NONE',  #3144 ) ;
#8632 = ORIENTED_EDGE ( 'NONE', *, *, #3619, .T. ) ;
#8633 = CARTESIAN_POINT ( 'NONE',  ( 0.000000000000000000, 0.000000000000000000, -0.4000000000000010214 ) ) ;
#8634 = ORIENTED_EDGE ( 'NONE', *, *, #3003, .F. ) ;
#8635 = EDGE_LOOP ( 'NONE', ( #7912, #7112, #3400, #6964, #5040, #1208 ) ) ;
#8636 = EDGE_LOOP ( 'NONE', ( #5455, #6914, #1457, #8721, #1705, #5037 ) ) ;
#8637 = EDGE_CURVE ( 'NONE', #10345, #10802, #4095, .T. ) ;
#8638 = DIRECTION ( 'NONE',  ( -1.000000000000000000, -0.000000000000000000, 9.637352644315598694E-16 ) ) ;
#8639 = LINE ( 'NONE', #7932, #1434 ) ;
#8640 = DIRECTION ( 'NONE',  ( -1.000000000000000000, 0.000000000000000000, 0.000000000000000000 ) ) ;
#8641 = EDGE_CURVE ( 'NONE', #4371, #2827, #538, .T. ) ;
#8642 = MECHANICAL_DESIGN_GEOMETRIC_PRESENTATION_REPRESENTATION (  '', ( #2251 ), #2377 ) ;
#8643 = CARTESIAN_POINT ( 'NONE',  ( -3.900000000000000799, 0.000000000000000000, -4.000000000000000888 ) ) ;
#8644 = CARTESIAN_POINT ( 'NONE',  ( 4.799999999999998934, 0.000000000000000000, 0.6999999999999992895 ) ) ;
#8645 = ORIENTED_EDGE ( 'NONE', *, *, #5368, .T. ) ;
#8646 = CARTESIAN_POINT ( 'NONE',  ( -3.900000000000000799, 0.000000000000000000, -0.7000000000000009548 ) ) ;
#8647 = EDGE_CURVE ( 'NONE', #4306, #6398, #3979, .T. ) ;
#8648 = VECTOR ( 'NONE', #5631, 1000.000000000000000 ) ;
#8649 = LINE ( 'NONE', #2201, #5017 ) ;
#8650 = EDGE_LOOP ( 'NONE', ( #10144, #308, #6351, #6898 ) ) ;
#8651 = ORIENTED_EDGE ( 'NONE', *, *, #5177, .F. ) ;
#8652 = ORIENTED_EDGE ( 'NONE', *, *, #1965, .F. ) ;
#8653 = EDGE_LOOP ( 'NONE', ( #5793, #9008, #267, #6208, #9363, #8854 ) ) ;
#8654 = FILL_AREA_STYLE ('',( #4720 ) ) ;
#8655 = CYLINDRICAL_SURFACE ( 'NONE', #4721, 0.2500000000000004441 ) ;
#8656 = EDGE_CURVE ( 'NONE', #4093, #1958, #7573, .T. ) ;
#8657 = DIRECTION ( 'NONE',  ( 1.000000000000000000, 2.409338161078908548E-16, 0.000000000000000000 ) ) ;
#8658 = CARTESIAN_POINT ( 'NONE',  ( 3.899999999999999023, 0.4000000000000000222, -0.5958405421207638719 ) ) ;
#8659 = EDGE_LOOP ( 'NONE', ( #2857, #9, #1856, #8922, #2717, #9985 ) ) ;
#8660 = CARTESIAN_POINT ( 'NONE',  ( 4.099999999999997868, 2.199999999999998845, -4.300000000000001599 ) ) ;
#8661 = EDGE_CURVE ( 'NONE', #7545, #7976, #4239, .T. ) ;
#8662 = EDGE_LOOP ( 'NONE', ( #847, #3511, #6599, #7809 ) ) ;
#8663 = CARTESIAN_POINT ( 'NONE',  ( -4.350000000000000533, 0.4000000000000000222, -2.795840542120763939 ) ) ;
#8664 = CIRCLE ( 'NONE', #2812, 0.2500000000000004441 ) ;
#8665 = ADVANCED_FACE ( 'NONE', ( #4116 ), #4165, .F. ) ;
#8666 = CARTESIAN_POINT ( 'NONE',  ( -3.900000000000000799, 0.4000000000000000222, 0.3999999999999993006 ) ) ;
#8667 = PLANE ( 'NONE',  #5478 ) ;
#8668 = VECTOR ( 'NONE', #9883, 1000.000000000000000 ) ;
#8669 = ORIENTED_EDGE ( 'NONE', *, *, #4474, .F. ) ;
#8670 = ORIENTED_EDGE ( 'NONE', *, *, #3404, .F. ) ;
#8671 = ORIENTED_EDGE ( 'NONE', *, *, #6016, .T. ) ;
#8672 = EDGE_LOOP ( 'NONE', ( #1809, #8825, #8620, #8703, #5247, #6624 ) ) ;
#8673 = VECTOR ( 'NONE', #8691, 1000.000000000000000 ) ;
#8674 = FACE_OUTER_BOUND ( 'NONE', #4143, .T. ) ;
#8675 = PLANE ( 'NONE',  #7184 ) ;
#8676 = ORIENTED_EDGE ( 'NONE', *, *, #5045, .T. ) ;
#8677 = DIRECTION ( 'NONE',  ( 0.000000000000000000, 0.000000000000000000, -1.000000000000000000 ) ) ;
#8678 = DIRECTION ( 'NONE',  ( 0.000000000000000000, 0.000000000000000000, -1.000000000000000000 ) ) ;
#8679 = VERTEX_POINT ( 'NONE', #6273 ) ;
#8680 = CYLINDRICAL_SURFACE ( 'NONE', #4790, 0.2500000000000004441 ) ;
#8681 = CARTESIAN_POINT ( 'NONE',  ( -4.350000000000000533, 0.8010000000000000453, 3.999999999999999112 ) ) ;
#8682 = EDGE_CURVE ( 'NONE', #8371, #6750, #7760, .T. ) ;
#8683 = LINE ( 'NONE', #9654, #1662 ) ;
#8684 = CARTESIAN_POINT ( 'NONE',  ( 4.500000000000000000, 2.200000000000000622, -4.299999999999999822 ) ) ;
#8685 = MECHANICAL_DESIGN_GEOMETRIC_PRESENTATION_REPRESENTATION (  '', ( #8575 ), #5843 ) ;
#8686 = LINE ( 'NONE', #894, #5018 ) ;
#8687 = ORIENTED_EDGE ( 'NONE', *, *, #8317, .T. ) ;
#8688 = VERTEX_POINT ( 'NONE', #6061 ) ;
#8689 = DIRECTION ( 'NONE',  ( 1.000000000000000000, 0.000000000000000000, -0.000000000000000000 ) ) ;
#8690 = VERTEX_POINT ( 'NONE', #6872 ) ;
#8691 = DIRECTION ( 'NONE',  ( -0.000000000000000000, -0.000000000000000000, 1.000000000000000000 ) ) ;
#8692 = VECTOR ( 'NONE', #7954, 1000.000000000000000 ) ;
#8693 = DIRECTION ( 'NONE',  ( -0.000000000000000000, -1.000000000000000000, -0.000000000000000000 ) ) ;
#8694 = CARTESIAN_POINT ( 'NONE',  ( 4.350000000000000533, 0.4000000000000000222, 3.999999999999999112 ) ) ;
#8695 = VERTEX_POINT ( 'NONE', #7907 ) ;
#8696 = CARTESIAN_POINT ( 'NONE',  ( -4.350000000000000533, 0.7999999999999999334, 6.004159457879236328 ) ) ;
#8697 = ORIENTED_EDGE ( 'NONE', *, *, #4137, .T. ) ;
#8698 = LINE ( 'NONE', #2930, #5223 ) ;
#8699 = AXIS2_PLACEMENT_3D ( 'NONE', #9485, #451, #3741 ) ;
#8700 = VECTOR ( 'NONE', #10550, 1000.000000000000000 ) ;
#8701 = ADVANCED_FACE ( 'NONE', ( #7872 ), #8577, .T. ) ;
#8702 = DIRECTION ( 'NONE',  ( 0.000000000000000000, 0.000000000000000000, -1.000000000000000000 ) ) ;
#8703 = ORIENTED_EDGE ( 'NONE', *, *, #281, .T. ) ;
#8704 = ORIENTED_EDGE ( 'NONE', *, *, #2758, .F. ) ;
#8705 = ORIENTED_EDGE ( 'NONE', *, *, #8059, .F. ) ;
#8706 = ORIENTED_EDGE ( 'NONE', *, *, #829, .T. ) ;
#8707 = EDGE_CURVE ( 'NONE', #9328, #8840, #671, .T. ) ;
#8708 = VECTOR ( 'NONE', #6588, 1000.000000000000000 ) ;
#8709 = DIRECTION ( 'NONE',  ( 0.000000000000000000, 0.000000000000000000, 1.000000000000000000 ) ) ;
#8710 = DIRECTION ( 'NONE',  ( -1.000000000000000000, -0.000000000000000000, 9.637352644315598694E-16 ) ) ;
#8711 = VECTOR ( 'NONE', #1764, 1000.000000000000000 ) ;
#8712 = DIRECTION ( 'NONE',  ( -0.000000000000000000, -0.000000000000000000, -1.000000000000000000 ) ) ;
#8713 = VERTEX_POINT ( 'NONE', #5417 ) ;
#8714 = DIRECTION ( 'NONE',  ( -0.000000000000000000, -0.000000000000000000, -1.000000000000000000 ) ) ;
#8715 = CARTESIAN_POINT ( 'NONE',  ( -4.350000000000000533, 0.7999999999999999334, -3.700000000000001066 ) ) ;
#8716 = CARTESIAN_POINT ( 'NONE',  ( 4.799999999999998934, 0.8000000000000000444, 5.000000000000000000 ) ) ;
#8717 = SURFACE_STYLE_USAGE ( .BOTH. , #2232 ) ;
#8718 = ORIENTED_EDGE ( 'NONE', *, *, #8641, .F. ) ;
#8719 = VECTOR ( 'NONE', #6581, 1000.000000000000000 ) ;
#8720 = LINE ( 'NONE', #7247, #8820 ) ;
#8721 = ORIENTED_EDGE ( 'NONE', *, *, #9217, .T. ) ;
#8722 = ORIENTED_EDGE ( 'NONE', *, *, #9634, .T. ) ;
#8723 = EDGE_LOOP ( 'NONE', ( #10479, #3438, #3355, #3281 ) ) ;
#8724 = ORIENTED_EDGE ( 'NONE', *, *, #2547, .T. ) ;
#8725 = CARTESIAN_POINT ( 'NONE',  ( -4.800000000000000711, 0.000000000000000000, -3.550000000000002043 ) ) ;
#8726 = AXIS2_PLACEMENT_3D ( 'NONE', #6826, #4605, #2940 ) ;
#8727 = VECTOR ( 'NONE', #9072, 1000.000000000000000 ) ;
#8728 = DIRECTION ( 'NONE',  ( 0.000000000000000000, 0.000000000000000000, -1.000000000000000000 ) ) ;
#8729 = EDGE_CURVE ( 'NONE', #4711, #3371, #4303, .T. ) ;
#8730 = VECTOR ( 'NONE', #879, 1000.000000000000000 ) ;
#8731 = ADVANCED_FACE ( 'NONE', ( #410 ), #7115, .F. ) ;
#8732 = ORIENTED_EDGE ( 'NONE', *, *, #9900, .F. ) ;
#8733 = PLANE ( 'NONE',  #10610 ) ;
#8734 = VERTEX_POINT ( 'NONE', #5988 ) ;
#8735 = CARTESIAN_POINT ( 'NONE',  ( -4.350000000000000533, 0.7999999999999999334, 1.499999999999998668 ) ) ;
#8736 = LINE ( 'NONE', #3088, #8579 ) ;
#8737 = CARTESIAN_POINT ( 'NONE',  ( -3.900000000000000799, 0.4000000000000000222, 3.999999999999999112 ) ) ;
#8738 = FACE_OUTER_BOUND ( 'NONE', #8224, .T. ) ;
#8739 = CARTESIAN_POINT ( 'NONE',  ( 4.799999999999998934, 0.8000000000000000444, 3.999999999999999112 ) ) ;
#8740 = ORIENTED_EDGE ( 'NONE', *, *, #9874, .T. ) ;
#8741 = ORIENTED_EDGE ( 'NONE', *, *, #6986, .F. ) ;
#8742 = ORIENTED_EDGE ( 'NONE', *, *, #931, .T. ) ;
#8743 = ORIENTED_EDGE ( 'NONE', *, *, #7063, .F. ) ;
#8744 = EDGE_CURVE ( 'NONE', #2840, #3903, #8127, .T. ) ;
#8745 = DIRECTION ( 'NONE',  ( -0.000000000000000000, -0.000000000000000000, 1.000000000000000000 ) ) ;
#8746 = LINE ( 'NONE', #1934, #8965 ) ;
#8747 = EDGE_CURVE ( 'NONE', #7688, #5346, #8106, .T. ) ;
#8748 = LINE ( 'NONE', #3433, #8730 ) ;
#8749 = CARTESIAN_POINT ( 'NONE',  ( -4.800000000000000711, 0.000000000000000000, -1.500000000000001332 ) ) ;
#8750 = EDGE_CURVE ( 'NONE', #4979, #3069, #4424, .T. ) ;
#8751 = EDGE_LOOP ( 'NONE', ( #3135, #3951, #3414, #656 ) ) ;
#8752 = MANIFOLD_SOLID_BREP ( 'LPattern2[10]', #8232 ) ;
#8753 = DIRECTION ( 'NONE',  ( 0.000000000000000000, 1.000000000000000000, 0.000000000000000000 ) ) ;
#8754 = ORIENTED_EDGE ( 'NONE', *, *, #8531, .T. ) ;
#8755 = VECTOR ( 'NONE', #8159, 1000.000000000000000 ) ;
#8756 = CARTESIAN_POINT ( 'NONE',  ( 3.900000000000000355, 0.000000000000000000, 2.600000000000006750 ) ) ;
#8757 = LINE ( 'NONE', #6665, #1681 ) ;
#8758 = DIRECTION ( 'NONE',  ( 0.000000000000000000, -1.000000000000000000, 0.000000000000000000 ) ) ;
#8759 = LINE ( 'NONE', #5090, #8538 ) ;
#8760 = VERTEX_POINT ( 'NONE', #6608 ) ;
#8761 = VERTEX_POINT ( 'NONE', #10657 ) ;
#8762 = CARTESIAN_POINT ( 'NONE',  ( -4.800000000000000711, 0.8000000000000000444, -3.300000000000001599 ) ) ;
#8763 = EDGE_LOOP ( 'NONE', ( #18, #2675, #4859, #4653 ) ) ;
#8764 = CARTESIAN_POINT ( 'NONE',  ( -4.350000000000000533, 0.7999999999999999334, 3.804159457879236150 ) ) ;
#8765 = CARTESIAN_POINT ( 'NONE',  ( 3.899999999999999023, 0.4000000000000000222, 2.899999999999999023 ) ) ;
#8766 = DIRECTION ( 'NONE',  ( 0.000000000000000000, 0.000000000000000000, 1.000000000000000000 ) ) ;
#8767 = VECTOR ( 'NONE', #9345, 1000.000000000000000 ) ;
#8768 = EDGE_CURVE ( 'NONE', #8171, #2197, #920, .T. ) ;
#8769 = DIRECTION ( 'NONE',  ( -1.000000000000000000, -0.000000000000000000, -0.000000000000000000 ) ) ;
#8770 = EDGE_LOOP ( 'NONE', ( #8418, #1120, #4755, #8568 ) ) ;
#8771 = ADVANCED_FACE ( 'NONE', ( #935 ), #8254, .T. ) ;
#8772 = CARTESIAN_POINT ( 'NONE',  ( -3.399999999999997691, 1.528725063204563461E-14, 4.500000000000007994 ) ) ;
#8773 = CLOSED_SHELL ( 'NONE', ( #10576, #9973, #4501, #4432, #7595, #2255, #10705, #4019, #10521, #10494 ) ) ;
#8774 = VECTOR ( 'NONE', #4661, 1000.000000000000000 ) ;
#8775 = VECTOR ( 'NONE', #1470, 1000.000000000000000 ) ;
#8776 = CARTESIAN_POINT ( 'NONE',  ( -3.299999999999997602, 1.701471862576142913, -3.200000000000000178 ) ) ;
#8777 = VERTEX_POINT ( 'NONE', #6542 ) ;
#8778 = PLANE ( 'NONE',  #4381 ) ;
#8779 = AXIS2_PLACEMENT_3D ( 'NONE', #6356, #3068, #8657 ) ;
#8780 = ORIENTED_EDGE ( 'NONE', *, *, #8392, .F. ) ;
#8781 = VERTEX_POINT ( 'NONE', #4706 ) ;
#8782 = ORIENTED_EDGE ( 'NONE', *, *, #9916, .F. ) ;
#8783 = CARTESIAN_POINT ( 'NONE',  ( -4.800000000000000711, 0.8000000000000000444, 1.499999999999999556 ) ) ;
#8784 = DIRECTION ( 'NONE',  ( -3.614007241618346010E-15, 1.000000000000000000, 0.000000000000000000 ) ) ;
#8785 = EDGE_CURVE ( 'NONE', #6478, #4447, #754, .T. ) ;
#8786 = VECTOR ( 'NONE', #253, 1000.000000000000000 ) ;
#8787 = DIRECTION ( 'NONE',  ( 5.551115123125782702E-17, 1.000000000000000000, 7.888609052210118054E-31 ) ) ;
#8788 = EDGE_CURVE ( 'NONE', #7442, #4774, #903, .T. ) ;
#8789 = DIRECTION ( 'NONE',  ( -1.000000000000000000, 0.000000000000000000, 0.000000000000000000 ) ) ;
#8790 = LINE ( 'NONE', #3592, #5314 ) ;
#8791 = DIRECTION ( 'NONE',  ( 0.000000000000000000, 0.000000000000000000, -1.000000000000000000 ) ) ;
#8792 = CARTESIAN_POINT ( 'NONE',  ( 4.350000000000000533, 0.4000000000000000222, 2.704159457879236506 ) ) ;
#8793 = ORIENTED_EDGE ( 'NONE', *, *, #9356, .T. ) ;
#8794 =( LENGTH_UNIT ( ) NAMED_UNIT ( * ) SI_UNIT ( .MILLI., .METRE. ) );
#8795 = CARTESIAN_POINT ( 'NONE',  ( -3.900000000000000799, 0.000000000000000000, -1.800000000000000711 ) ) ;
#8796 = CARTESIAN_POINT ( 'NONE',  ( -4.800000000000000711, 0.8000000000000000444, 5.000000000000000000 ) ) ;
#8797 = CARTESIAN_POINT ( 'NONE',  ( -4.800000000000000711, 0.000000000000000000, 4.904159457879235795 ) ) ;
#8798 = ORIENTED_EDGE ( 'NONE', *, *, #4713, .T. ) ;
#8799 = LINE ( 'NONE', #7133, #5051 ) ;
#8800 = FACE_OUTER_BOUND ( 'NONE', #9294, .T. ) ;
#8801 = ADVANCED_FACE ( 'NONE', ( #7970 ), #3189, .F. ) ;
#8802 = FACE_OUTER_BOUND ( 'NONE', #480, .T. ) ;
#8803 = ORIENTED_EDGE ( 'NONE', *, *, #5143, .F. ) ;
#8804 = ORIENTED_EDGE ( 'NONE', *, *, #4928, .T. ) ;
#8805 = EDGE_LOOP ( 'NONE', ( #4419, #3965, #6772, #7181, #7529, #7568 ) ) ;
#8806 = EDGE_CURVE ( 'NONE', #9054, #94, #4533, .T. ) ;
#8807 = AXIS2_PLACEMENT_3D ( 'NONE', #9018, #4845, #8784 ) ;
#8808 = CARTESIAN_POINT ( 'NONE',  ( -3.299999999999997602, 2.600000000000000089, -3.200000000000000178 ) ) ;
#8809 = ADVANCED_FACE ( 'NONE', ( #4554 ), #10741, .T. ) ;
#8810 = FACE_OUTER_BOUND ( 'NONE', #1068, .T. ) ;
#8811 = CARTESIAN_POINT ( 'NONE',  ( 3.899999999999999023, 0.4000000000000000222, -3.700000000000001066 ) ) ;
#8812 = LINE ( 'NONE', #10152, #8767 ) ;
#8813 = EDGE_CURVE ( 'NONE', #5126, #5827, #8041, .T. ) ;
#8814 = ORIENTED_EDGE ( 'NONE', *, *, #716, .T. ) ;
#8815 = PLANE ( 'NONE',  #3609 ) ;
#8816 = ORIENTED_EDGE ( 'NONE', *, *, #5805, .F. ) ;
#8817 = DIRECTION ( 'NONE',  ( 0.000000000000000000, 0.000000000000000000, -1.000000000000000000 ) ) ;
#8818 = VECTOR ( 'NONE', #2579, 1000.000000000000000 ) ;
#8819 = DIRECTION ( 'NONE',  ( 1.000000000000000000, 0.000000000000000000, 2.465190328815661892E-32 ) ) ;
#8820 = VECTOR ( 'NONE', #9726, 1000.000000000000000 ) ;
#8821 = CARTESIAN_POINT ( 'NONE',  ( -4.350000000000000533, 0.8000000000000000444, -3.700000000000001066 ) ) ;
#8822 = LINE ( 'NONE', #957, #9133 ) ;
#8823 = VERTEX_POINT ( 'NONE', #2434 ) ;
#8824 = ORIENTED_EDGE ( 'NONE', *, *, #5762, .F. ) ;
#8825 = ORIENTED_EDGE ( 'NONE', *, *, #4553, .T. ) ;
#8826 = DIRECTION ( 'NONE',  ( 1.000000000000000000, 1.110223024625156540E-16, 3.944304526105059027E-30 ) ) ;
#8827 = CARTESIAN_POINT ( 'NONE',  ( -4.800000000000000711, 0.000000000000000000, 3.804159457879236150 ) ) ;
#8828 = AXIS2_PLACEMENT_3D ( 'NONE', #2292, #7904, #6407 ) ;
#8829 = LINE ( 'NONE', #2596, #5198 ) ;
#8830 = DIRECTION ( 'NONE',  ( -1.000000000000000000, 4.336808689942025625E-15, 0.000000000000000000 ) ) ;
#8831 = EDGE_CURVE ( 'NONE', #5686, #2975, #8144, .T. ) ;
#8832 = ORIENTED_EDGE ( 'NONE', *, *, #3977, .F. ) ;
#8833 = DIRECTION ( 'NONE',  ( -1.000000000000000000, 0.000000000000000000, -9.637352644315598694E-16 ) ) ;
#8834 = VERTEX_POINT ( 'NONE', #4155 ) ;
#8835 = DIRECTION ( 'NONE',  ( -0.000000000000000000, -0.000000000000000000, 1.000000000000000000 ) ) ;
#8836 = FACE_OUTER_BOUND ( 'NONE', #10155, .T. ) ;
#8837 = DIRECTION ( 'NONE',  ( 1.000000000000000000, 0.000000000000000000, 9.637352644315600666E-16 ) ) ;
#8838 = ORIENTED_EDGE ( 'NONE', *, *, #5842, .T. ) ;
#8839 = VERTEX_POINT ( 'NONE', #5812 ) ;
#8840 = VERTEX_POINT ( 'NONE', #4782 ) ;
#8841 = DIRECTION ( 'NONE',  ( 0.000000000000000000, 0.000000000000000000, -1.000000000000000000 ) ) ;
#8842 = ORIENTED_EDGE ( 'NONE', *, *, #4266, .T. ) ;
#8843 = CARTESIAN_POINT ( 'NONE',  ( 4.350000000000000533, 0.8000000000000000444, -1.500000000000001332 ) ) ;
#8844 = MANIFOLD_SOLID_BREP ( 'LPattern2[14]', #10397 ) ;
#8845 = VECTOR ( 'NONE', #6457, 1000.000000000000000 ) ;
#8846 = DIRECTION ( 'NONE',  ( -1.000000000000000000, 0.000000000000000000, 0.000000000000000000 ) ) ;
#8847 = DIRECTION ( 'NONE',  ( 0.000000000000000000, 0.000000000000000000, -1.000000000000000000 ) ) ;
#8848 = ADVANCED_FACE ( 'NONE', ( #4480 ), #8872, .F. ) ;
#8849 = LINE ( 'NONE', #5822, #1475 ) ;
#8850 = CARTESIAN_POINT ( 'NONE',  ( -4.099999999999997868, 2.200000000000000178, 4.300000000000001599 ) ) ;
#8851 = VERTEX_POINT ( 'NONE', #7485 ) ;
#8852 = EDGE_CURVE ( 'NONE', #5355, #7157, #7935, .T. ) ;
#8853 = CARTESIAN_POINT ( 'NONE',  ( -3.900000000000000799, 0.4000000000000000222, 3.699999999999999289 ) ) ;
#8854 = ORIENTED_EDGE ( 'NONE', *, *, #8133, .F. ) ;
#8855 = VECTOR ( 'NONE', #6789, 1000.000000000000000 ) ;
#8856 = EDGE_CURVE ( 'NONE', #9083, #5699, #785, .T. ) ;
#8857 = LINE ( 'NONE', #8120, #8668 ) ;
#8858 = DIRECTION ( 'NONE',  ( -2.409338161078899674E-16, -1.000000000000000000, 0.000000000000000000 ) ) ;
#8859 = VECTOR ( 'NONE', #10001, 1000.000000000000000 ) ;
#8860 = CARTESIAN_POINT ( 'NONE',  ( -3.900000000000000799, 0.4000000000000000222, -2.900000000000000799 ) ) ;
#8861 = VERTEX_POINT ( 'NONE', #7628 ) ;
#8862 = ORIENTED_EDGE ( 'NONE', *, *, #9449, .F. ) ;
#8863 = ORIENTED_EDGE ( 'NONE', *, *, #8647, .T. ) ;
#8864 = CARTESIAN_POINT ( 'NONE',  ( 4.799999999999998934, 0.000000000000000000, 3.804159457879236150 ) ) ;
#8865 = PLANE ( 'NONE',  #8807 ) ;
#8866 = VECTOR ( 'NONE', #5836, 1000.000000000000000 ) ;
#8867 = CARTESIAN_POINT ( 'NONE',  ( -4.350000000000000533, 0.4000000000000000222, 1.499999999999999556 ) ) ;
#8868 = PLANE ( 'NONE',  #6444 ) ;
#8869 = VECTOR ( 'NONE', #8246, 1000.000000000000000 ) ;
#8870 = DIRECTION ( 'NONE',  ( 0.000000000000000000, -1.000000000000000000, 0.000000000000000000 ) ) ;
#8871 = ORIENTED_EDGE ( 'NONE', *, *, #9322, .T. ) ;
#8872 = PLANE ( 'NONE',  #1416 ) ;
#8873 = CARTESIAN_POINT ( 'NONE',  ( -3.900000000000000799, 0.000000000000000000, -0.5958405421207638719 ) ) ;
#8874 = ADVANCED_FACE ( 'NONE', ( #4640 ), #9222, .F. ) ;
#8875 = CARTESIAN_POINT ( 'NONE',  ( -3.900000000000000799, 0.000000000000000000, 1.799999999999998712 ) ) ;
#8876 = DIRECTION ( 'NONE',  ( 0.000000000000000000, -0.000000000000000000, 1.000000000000000000 ) ) ;
#8877 = EDGE_CURVE ( 'NONE', #7546, #10593, #869, .T. ) ;
#8878 = ORIENTED_EDGE ( 'NONE', *, *, #2343, .T. ) ;
#8879 = VECTOR ( 'NONE', #3708, 1000.000000000000000 ) ;
#8880 = AXIS2_PLACEMENT_3D ( 'NONE', #8796, #1474, #1053 ) ;
#8881 = LINE ( 'NONE', #2914, #1718 ) ;
#8882 = VECTOR ( 'NONE', #3772, 1000.000000000000000 ) ;
#8883 = ORIENTED_EDGE ( 'NONE', *, *, #10059, .T. ) ;
#8884 = VERTEX_POINT ( 'NONE', #10021 ) ;
#8885 = ORIENTED_EDGE ( 'NONE', *, *, #9291, .T. ) ;
#8886 = CARTESIAN_POINT ( 'NONE',  ( 3.899999999999999023, 0.4000000000000000222, -3.700000000000001066 ) ) ;
#8887 = LINE ( 'NONE', #5162, #5176 ) ;
#8888 = CARTESIAN_POINT ( 'NONE',  ( -3.900000000000000799, 0.4000000000000000222, -4.000000000000000888 ) ) ;
#8889 = LINE ( 'NONE', #3408, #1828 ) ;
#8890 = CARTESIAN_POINT ( 'NONE',  ( -3.900000000000000799, 0.000000000000000000, 4.799999999999999822 ) ) ;
#8891 = ORIENTED_EDGE ( 'NONE', *, *, #6712, .T. ) ;
#8892 = EDGE_CURVE ( 'NONE', #5101, #513, #4658, .T. ) ;
#8893 = DIRECTION ( 'NONE',  ( 0.000000000000000000, 1.000000000000000000, 0.000000000000000000 ) ) ;
#8894 = ORIENTED_EDGE ( 'NONE', *, *, #3349, .T. ) ;
#8895 = CARTESIAN_POINT ( 'NONE',  ( 4.799999999999998934, 0.8000000000000001554, -4.800000000000001599 ) ) ;
#8896 = FACE_OUTER_BOUND ( 'NONE', #171, .T. ) ;
#8897 = DIRECTION ( 'NONE',  ( 0.000000000000000000, -0.000000000000000000, 1.000000000000000000 ) ) ;
#8898 = DIRECTION ( 'NONE',  ( 1.000000000000000000, 0.000000000000000000, 9.637352644315598694E-16 ) ) ;
#8899 = LINE ( 'NONE', #8100, #5556 ) ;
#8900 = EDGE_CURVE ( 'NONE', #3452, #365, #1070, .T. ) ;
#8901 = DIRECTION ( 'NONE',  ( 0.000000000000000000, -1.000000000000000000, 3.252606517456512119E-15 ) ) ;
#8902 = VECTOR ( 'NONE', #3098, 1000.000000000000000 ) ;
#8903 = EDGE_LOOP ( 'NONE', ( #5447, #2996, #2132, #10485, #10388, #6192 ) ) ;
#8904 = VERTEX_POINT ( 'NONE', #2725 ) ;
#8905 = VERTEX_POINT ( 'NONE', #4379 ) ;
#8906 = DIRECTION ( 'NONE',  ( 0.000000000000000000, 0.000000000000000000, 1.000000000000000000 ) ) ;
#8907 = EDGE_CURVE ( 'NONE', #10427, #3711, #4671, .T. ) ;
#8908 = CARTESIAN_POINT ( 'NONE',  ( 4.799999999999998934, 0.8000000000000000444, 3.999999999999999112 ) ) ;
#8909 = ADVANCED_FACE ( 'NONE', ( #7990 ), #1774, .F. ) ;
#8910 = AXIS2_PLACEMENT_3D ( 'NONE', #6957, #2991, #4794 ) ;
#8911 = CARTESIAN_POINT ( 'NONE',  ( -4.350000000000000533, 0.7999999999999999334, 4.799999999999998934 ) ) ;
#8912 = ORIENTED_EDGE ( 'NONE', *, *, #9411, .T. ) ;
#8913 = DIRECTION ( 'NONE',  ( -0.000000000000000000, -1.000000000000000000, -0.000000000000000000 ) ) ;
#8914 = CARTESIAN_POINT ( 'NONE',  ( 4.350000000000000533, 0.7999999999999999334, 1.500000000000007327 ) ) ;
#8915 = EDGE_LOOP ( 'NONE', ( #10353, #10469, #10706, #2444 ) ) ;
#8916 = LINE ( 'NONE', #7409, #1716 ) ;
#8917 = EDGE_CURVE ( 'NONE', #7201, #719, #8087, .T. ) ;
#8918 = CARTESIAN_POINT ( 'NONE',  ( -1.399999999999998135, 0.7999999999999983791, 4.500000000000005329 ) ) ;
#8919 = FACE_OUTER_BOUND ( 'NONE', #3296, .T. ) ;
#8920 = DIRECTION ( 'NONE',  ( 0.000000000000000000, 1.000000000000000000, 0.000000000000000000 ) ) ;
#8921 = LINE ( 'NONE', #8166, #8939 ) ;
#8922 = ORIENTED_EDGE ( 'NONE', *, *, #141, .F. ) ;
#8923 = ORIENTED_EDGE ( 'NONE', *, *, #2118, .F. ) ;
#8924 = DIRECTION ( 'NONE',  ( 0.000000000000000000, 2.168404344971012812E-15, 1.000000000000000000 ) ) ;
#8925 = EDGE_LOOP ( 'NONE', ( #180, #10039, #298, #67 ) ) ;
#8926 = EDGE_CURVE ( 'NONE', #5145, #1775, #1266, .T. ) ;
#8927 = CARTESIAN_POINT ( 'NONE',  ( -4.350000000000000533, 0.8000000000000000444, -2.600000000000000977 ) ) ;
#8928 = STYLED_ITEM ( 'NONE', ( #528 ), #5817 ) ;
#8929 = EDGE_CURVE ( 'NONE', #8295, #8444, #1280, .T. ) ;
#8930 = CARTESIAN_POINT ( 'NONE',  ( -4.350000000000000533, 0.4000000000000000222, 4.799999999999999822 ) ) ;
#8931 = CARTESIAN_POINT ( 'NONE',  ( -4.499999999999999112, 2.400000000000000799, -4.299999999999999822 ) ) ;
#8932 = ADVANCED_FACE ( 'NONE', ( #8543 ), #6748, .F. ) ;
#8933 = AXIS2_PLACEMENT_3D ( 'NONE', #5868, #1331, #8257 ) ;
#8934 = ORIENTED_EDGE ( 'NONE', *, *, #1216, .F. ) ;
#8935 = EDGE_CURVE ( 'NONE', #1260, #4528, #4903, .T. ) ;
#8936 = ORIENTED_EDGE ( 'NONE', *, *, #5103, .T. ) ;
#8937 = LINE ( 'NONE', #9992, #1831 ) ;
#8938 = DIRECTION ( 'NONE',  ( 0.000000000000000000, 0.000000000000000000, 1.000000000000000000 ) ) ;
#8939 = VECTOR ( 'NONE', #4624, 1000.000000000000000 ) ;
#8940 = EDGE_CURVE ( 'NONE', #5239, #9130, #1333, .T. ) ;
#8941 = CARTESIAN_POINT ( 'NONE',  ( -4.800000000000000711, 0.8000000000000000444, 5.000000000000000000 ) ) ;
#8942 = ORIENTED_EDGE ( 'NONE', *, *, #504, .T. ) ;
#8943 = ORIENTED_EDGE ( 'NONE', *, *, #4678, .F. ) ;
#8944 = VERTEX_POINT ( 'NONE', #1071 ) ;
#8945 = CARTESIAN_POINT ( 'NONE',  ( -3.900000000000000799, 0.4000000000000000222, 1.604159457879236195 ) ) ;
#8946 = DIRECTION ( 'NONE',  ( 0.000000000000000000, -1.000000000000000000, 0.000000000000000000 ) ) ;
#8947 = DIRECTION ( 'NONE',  ( 0.000000000000000000, 1.000000000000000000, 0.000000000000000000 ) ) ;
#8948 = ADVANCED_FACE ( 'NONE', ( #4864 ), #3581, .F. ) ;
#8949 = DIRECTION ( 'NONE',  ( -0.000000000000000000, -0.000000000000000000, 1.000000000000000000 ) ) ;
#8950 = AXIS2_PLACEMENT_3D ( 'NONE', #2064, #7955, #10464 ) ;
#8951 = CARTESIAN_POINT ( 'NONE',  ( 4.799999999999998934, 0.000000000000000000, -1.950000000000001732 ) ) ;
#8952 = DIRECTION ( 'NONE',  ( -1.000000000000000000, 0.000000000000000000, 0.000000000000000000 ) ) ;
#8953 = ORIENTED_EDGE ( 'NONE', *, *, #3785, .T. ) ;
#8954 = CARTESIAN_POINT ( 'NONE',  ( 3.899999999999999023, 0.4000000000000000222, 0.3999999999999993006 ) ) ;
#8955 = DIRECTION ( 'NONE',  ( 1.000000000000000000, -0.000000000000000000, 9.637352644315598694E-16 ) ) ;
#8956 = PLANE ( 'NONE',  #8408 ) ;
#8957 = ORIENTED_EDGE ( 'NONE', *, *, #7206, .T. ) ;
#8958 = VECTOR ( 'NONE', #7670, 1000.000000000000000 ) ;
#8959 = EDGE_CURVE ( 'NONE', #5381, #4083, #4968, .T. ) ;
#8960 = FACE_OUTER_BOUND ( 'NONE', #4699, .T. ) ;
#8961 = ORIENTED_EDGE ( 'NONE', *, *, #3061, .T. ) ;
#8962 = VERTEX_POINT ( 'NONE', #9415 ) ;
#8963 = ORIENTED_EDGE ( 'NONE', *, *, #7686, .F. ) ;
#8964 = DIRECTION ( 'NONE',  ( -0.000000000000000000, -0.000000000000000000, 1.000000000000000000 ) ) ;
#8965 = VECTOR ( 'NONE', #2063, 1000.000000000000000 ) ;
#8966 = CARTESIAN_POINT ( 'NONE',  ( -4.800000000000000711, 0.000000000000000000, -1.950000000000001732 ) ) ;
#8967 = VERTEX_POINT ( 'NONE', #6679 ) ;
#8968 = CARTESIAN_POINT ( 'NONE',  ( 3.899999999999999023, 0.4000000000000000222, -0.7000000000000009548 ) ) ;
#8969 = ORIENTED_EDGE ( 'NONE', *, *, #1138, .T. ) ;
#8970 = FACE_OUTER_BOUND ( 'NONE', #8805, .T. ) ;
#8971 =( GEOMETRIC_REPRESENTATION_CONTEXT ( 3 ) GLOBAL_UNCERTAINTY_ASSIGNED_CONTEXT ( ( #10133 ) ) GLOBAL_UNIT_ASSIGNED_CONTEXT ( ( #6971, #2799, #3665 ) ) REPRESENTATION_CONTEXT ( 'NONE', 'WORKASPACE' ) );
#8972 = DIRECTION ( 'NONE',  ( -0.000000000000000000, -1.000000000000000000, -0.000000000000000000 ) ) ;
#8973 = DIRECTION ( 'NONE',  ( 0.000000000000000000, 1.000000000000000000, 0.000000000000000000 ) ) ;
#8974 = DIRECTION ( 'NONE',  ( -1.000000000000000000, 0.000000000000000000, -9.637352644315598694E-16 ) ) ;
#8975 = ADVANCED_FACE ( 'NONE', ( #8490 ), #2798, .F. ) ;
#8976 = LINE ( 'NONE', #1676, #9199 ) ;
#8977 = ORIENTED_EDGE ( 'NONE', *, *, #10007, .T. ) ;
#8978 = ORIENTED_EDGE ( 'NONE', *, *, #2118, .T. ) ;
#8979 = VERTEX_POINT ( 'NONE', #8070 ) ;
#8980 = EDGE_CURVE ( 'NONE', #7546, #4274, #1364, .T. ) ;
#8981 = AXIS2_PLACEMENT_3D ( 'NONE', #107, #2673, #10110 ) ;
#8982 = PLANE ( 'NONE',  #3004 ) ;
#8983 = EDGE_CURVE ( 'NONE', #413, #609, #8369, .T. ) ;
#8984 = CARTESIAN_POINT ( 'NONE',  ( -4.800000000000000711, 0.000000000000000000, -2.600000000000000533 ) ) ;
#8985 = ORIENTED_EDGE ( 'NONE', *, *, #5425, .T. ) ;
#8986 = CARTESIAN_POINT ( 'NONE',  ( 4.350000000000000533, 0.8000000000000000444, 3.699999999999999289 ) ) ;
#8987 = CARTESIAN_POINT ( 'NONE',  ( -4.800000000000000711, 0.8000000000000000444, 0.6999999999999992895 ) ) ;
#8988 = ORIENTED_EDGE ( 'NONE', *, *, #10789, .F. ) ;
#8989 = LINE ( 'NONE', #9325, #1799 ) ;
#8990 = CARTESIAN_POINT ( 'NONE',  ( -3.900000000000000799, 0.4000000000000000222, 2.899999999999999023 ) ) ;
#8991 = PLANE ( 'NONE',  #3756 ) ;
#8992 = ADVANCED_FACE ( 'NONE', ( #8506 ), #8655, .F. ) ;
#8993 = ORIENTED_EDGE ( 'NONE', *, *, #10276, .F. ) ;
#8994 = VERTEX_POINT ( 'NONE', #5508 ) ;
#8995 = CARTESIAN_POINT ( 'NONE',  ( 4.350000000000000533, 0.7999999999999999334, 1.604159457879236195 ) ) ;
#8996 = EDGE_LOOP ( 'NONE', ( #7763, #5494, #9347, #9442, #6066, #8754 ) ) ;
#8997 = EDGE_CURVE ( 'NONE', #10770, #980, #1296, .T. ) ;
#8998 = UNCERTAINTY_MEASURE_WITH_UNIT (LENGTH_MEASURE( 1.000000000000000082E-05 ), #6809, 'distance_accuracy_value', 'NONE');
#8999 = AXIS2_PLACEMENT_3D ( 'NONE', #1468, #806, #10573 ) ;
#9000 = CARTESIAN_POINT ( 'NONE',  ( 4.799999999999998934, 0.8000000000000000444, 0.2499999999999985012 ) ) ;
#9001 = ADVANCED_FACE ( 'NONE', ( #4934 ), #2933, .T. ) ;
#9002 = VECTOR ( 'NONE', #3689, 1000.000000000000000 ) ;
#9003 = DIRECTION ( 'NONE',  ( -1.000000000000000000, 0.000000000000000000, 0.000000000000000000 ) ) ;
#9004 = PLANE ( 'NONE',  #787 ) ;
#9005 = EDGE_CURVE ( 'NONE', #6104, #406, #8425, .T. ) ;
#9006 = ORIENTED_EDGE ( 'NONE', *, *, #9899, .F. ) ;
#9007 = CARTESIAN_POINT ( 'NONE',  ( 3.900000000000000355, 0.000000000000000000, 4.800000000000007816 ) ) ;
#9008 = ORIENTED_EDGE ( 'NONE', *, *, #6245, .F. ) ;
#9009 = VECTOR ( 'NONE', #10536, 1000.000000000000000 ) ;
#9010 = DIRECTION ( 'NONE',  ( 0.000000000000000000, 0.000000000000000000, 1.000000000000000000 ) ) ;
#9011 = VECTOR ( 'NONE', #7165, 1000.000000000000000 ) ;
#9012 = PLANE ( 'NONE',  #9037 ) ;
#9013 = VERTEX_POINT ( 'NONE', #4729 ) ;
#9014 = ORIENTED_EDGE ( 'NONE', *, *, #2779, .F. ) ;
#9015 = EDGE_LOOP ( 'NONE', ( #9970, #10726, #3440, #6860, #1836, #3172 ) ) ;
#9016 = PLANE ( 'NONE',  #5559 ) ;
#9017 = EDGE_CURVE ( 'NONE', #4617, #7451, #1200, .T. ) ;
#9018 = CARTESIAN_POINT ( 'NONE',  ( 4.300000000000007816, 1.626303258728258544E-14, 0.000000000000000000 ) ) ;
#9019 = LINE ( 'NONE', #2340, #8692 ) ;
#9020 = DIRECTION ( 'NONE',  ( -1.000000000000000000, -2.409338161078908548E-16, -9.637352644315598694E-16 ) ) ;
#9021 = EDGE_CURVE ( 'NONE', #666, #5628, #4847, .T. ) ;
#9022 = AXIS2_PLACEMENT_3D ( 'NONE', #7513, #5840, #6636 ) ;
#9023 = DIRECTION ( 'NONE',  ( 0.000000000000000000, 1.000000000000000000, 0.000000000000000000 ) ) ;
#9024 = EDGE_CURVE ( 'NONE', #5719, #3881, #1381, .T. ) ;
#9025 = ORIENTED_EDGE ( 'NONE', *, *, #2985, .F. ) ;
#9026 =( NAMED_UNIT ( * ) PLANE_ANGLE_UNIT ( ) SI_UNIT ( $, .RADIAN. ) );
#9027 = DIRECTION ( 'NONE',  ( -0.000000000000000000, 1.000000000000000000, -3.252606517456512119E-15 ) ) ;
#9028 = ORIENTED_EDGE ( 'NONE', *, *, #7632, .T. ) ;
#9029 = VECTOR ( 'NONE', #2084, 1000.000000000000000 ) ;
#9030 =( NAMED_UNIT ( * ) PLANE_ANGLE_UNIT ( ) SI_UNIT ( $, .RADIAN. ) );
#9031 = ORIENTED_EDGE ( 'NONE', *, *, #5385, .F. ) ;
#9032 = EDGE_LOOP ( 'NONE', ( #4962, #4896, #3197, #4747, #8953, #5041 ) ) ;
#9033 = ORIENTED_EDGE ( 'NONE', *, *, #2587, .F. ) ;
#9034 = DIRECTION ( 'NONE',  ( 0.000000000000000000, -0.000000000000000000, 1.000000000000000000 ) ) ;
#9035 = VECTOR ( 'NONE', #6105, 1000.000000000000000 ) ;
#9036 = CARTESIAN_POINT ( 'NONE',  ( 4.350000000000000533, 0.7999999999999999334, -4.800000000000001599 ) ) ;
#9037 = AXIS2_PLACEMENT_3D ( 'NONE', #4076, #5053, #9800 ) ;
#9038 = ORIENTED_EDGE ( 'NONE', *, *, #1098, .T. ) ;
#9039 = CARTESIAN_POINT ( 'NONE',  ( 3.899999999999999023, 0.4000000000000000222, 2.899999999999999023 ) ) ;
#9040 = DIRECTION ( 'NONE',  ( 0.000000000000000000, 0.000000000000000000, -1.000000000000000000 ) ) ;
#9041 = EDGE_CURVE ( 'NONE', #10548, #5189, #8297, .T. ) ;
#9042 = ORIENTED_EDGE ( 'NONE', *, *, #556, .T. ) ;
#9043 = DIRECTION ( 'NONE',  ( 0.000000000000000000, -1.000000000000000000, 0.000000000000000000 ) ) ;
#9044 = PLANE ( 'NONE',  #8981 ) ;
#9045 = DIRECTION ( 'NONE',  ( 1.000000000000000000, -4.336808689942013792E-16, 0.000000000000000000 ) ) ;
#9046 = LINE ( 'NONE', #9511, #1908 ) ;
#9047 = AXIS2_PLACEMENT_3D ( 'NONE', #7991, #2923, #4514 ) ;
#9048 = EDGE_LOOP ( 'NONE', ( #5340, #9822, #6166, #285 ) ) ;
#9049 = ORIENTED_EDGE ( 'NONE', *, *, #1965, .T. ) ;
#9050 = ORIENTED_EDGE ( 'NONE', *, *, #2718, .F. ) ;
#9051 = CARTESIAN_POINT ( 'NONE',  ( -4.350000000000000533, 0.7999999999999999334, -2.600000000000000977 ) ) ;
#9052 = VECTOR ( 'NONE', #4834, 1000.000000000000000 ) ;
#9053 = DIRECTION ( 'NONE',  ( 1.000000000000000000, -0.000000000000000000, 9.637352644315598694E-16 ) ) ;
#9054 = VERTEX_POINT ( 'NONE', #5572 ) ;
#9055 = DIRECTION ( 'NONE',  ( 6.310887241768094443E-30, 7.888609052210118054E-31, 1.000000000000000000 ) ) ;
#9056 = EDGE_CURVE ( 'NONE', #2197, #6169, #8528, .T. ) ;
#9057 = CARTESIAN_POINT ( 'NONE',  ( -4.350000000000000533, 0.4000000000000000222, 2.899999999999999023 ) ) ;
#9058 = FACE_OUTER_BOUND ( 'NONE', #8672, .T. ) ;
#9059 = DIRECTION ( 'NONE',  ( 2.409338161078908548E-16, -1.000000000000000000, 0.000000000000000000 ) ) ;
#9060 = ORIENTED_EDGE ( 'NONE', *, *, #7204, .T. ) ;
#9061 = EDGE_CURVE ( 'NONE', #6618, #6325, #4723, .T. ) ;
#9062 = DIRECTION ( 'NONE',  ( -9.637352644315598694E-16, 0.000000000000000000, 1.000000000000000000 ) ) ;
#9063 = ADVANCED_FACE ( 'NONE', ( #8571 ), #7209, .F. ) ;
#9064 = VECTOR ( 'NONE', #8492, 1000.000000000000000 ) ;
#9065 = ORIENTED_EDGE ( 'NONE', *, *, #4776, .F. ) ;
#9066 = VERTEX_POINT ( 'NONE', #2247 ) ;
#9067 = DIRECTION ( 'NONE',  ( 1.000000000000000000, 0.000000000000000000, -9.637352644315598694E-16 ) ) ;
#9068 = EDGE_LOOP ( 'NONE', ( #7328, #6313, #8068, #744 ) ) ;
#9069 = CARTESIAN_POINT ( 'NONE',  ( 4.800000000000000711, 0.8000000000000000444, -1.500000000000001332 ) ) ;
#9070 = LINE ( 'NONE', #8797, #9268 ) ;
#9071 = DIRECTION ( 'NONE',  ( 1.000000000000000000, 0.000000000000000000, 0.000000000000000000 ) ) ;
#9072 = DIRECTION ( 'NONE',  ( 0.000000000000000000, 0.000000000000000000, -1.000000000000000000 ) ) ;
#9073 = EDGE_LOOP ( 'NONE', ( #1520, #1694, #9460, #655 ) ) ;
#9074 = DIRECTION ( 'NONE',  ( 0.000000000000000000, -1.000000000000000000, 3.252606517456512119E-15 ) ) ;
#9075 = LINE ( 'NONE', #96, #1871 ) ;
#9076 = ORIENTED_EDGE ( 'NONE', *, *, #3805, .F. ) ;
#9077 = LINE ( 'NONE', #9256, #1924 ) ;
#9078 = PLANE ( 'NONE',  #10302 ) ;
#9079 = DIRECTION ( 'NONE',  ( -0.000000000000000000, -0.000000000000000000, 1.000000000000000000 ) ) ;
#9080 = LINE ( 'NONE', #985, #1985 ) ;
#9081 = CARTESIAN_POINT ( 'NONE',  ( -4.350000000000000533, 0.4000000000000000222, 0.6999999999999992895 ) ) ;
#9082 = ORIENTED_EDGE ( 'NONE', *, *, #8997, .F. ) ;
#9083 = VERTEX_POINT ( 'NONE', #1420 ) ;
#9084 = ORIENTED_EDGE ( 'NONE', *, *, #1326, .T. ) ;
#9085 = AXIS2_PLACEMENT_3D ( 'NONE', #10111, #8424, #7579 ) ;
#9086 = CARTESIAN_POINT ( 'NONE',  ( -3.900000000000000799, 0.4000000000000000222, -2.600000000000000977 ) ) ;
#9087 = VECTOR ( 'NONE', #9074, 1000.000000000000000 ) ;
#9088 = DIRECTION ( 'NONE',  ( -0.000000000000000000, 0.000000000000000000, -1.000000000000000000 ) ) ;
#9089 = ADVANCED_FACE ( 'NONE', ( #1143 ), #3076, .F. ) ;
#9090 = VECTOR ( 'NONE', #4708, 1000.000000000000000 ) ;
#9091 = AXIS2_PLACEMENT_3D ( 'NONE', #8573, #4642, #4499 ) ;
#9092 = DIRECTION ( 'NONE',  ( 1.000000000000000000, 0.000000000000000000, 0.000000000000000000 ) ) ;
#9093 = CARTESIAN_POINT ( 'NONE',  ( 4.799999999999998934, 0.000000000000000000, -0.6999999999999922951 ) ) ;
#9094 = DIRECTION ( 'NONE',  ( -1.000000000000000000, -0.000000000000000000, 9.637352644315598694E-16 ) ) ;
#9095 = CARTESIAN_POINT ( 'NONE',  ( 0.000000000000000000, 1.598554689981426128E-14, -4.700000000000008171 ) ) ;
#9096 = DIRECTION ( 'NONE',  ( 1.000000000000000000, 0.000000000000000000, 0.000000000000000000 ) ) ;
#9097 = PLANE ( 'NONE',  #3584 ) ;
#9098 = CARTESIAN_POINT ( 'NONE',  ( 4.350000000000000533, 0.8010000000000000453, 3.999999999999999112 ) ) ;
#9099 = VECTOR ( 'NONE', #1007, 1000.000000000000000 ) ;
#9100 = ORIENTED_EDGE ( 'NONE', *, *, #10038, .F. ) ;
#9101 = LINE ( 'NONE', #1947, #1953 ) ;
#9102 = DIRECTION ( 'NONE',  ( 0.000000000000000000, 0.000000000000000000, -1.000000000000000000 ) ) ;
#9103 = FACE_OUTER_BOUND ( 'NONE', #6757, .T. ) ;
#9104 = VERTEX_POINT ( 'NONE', #5632 ) ;
#9105 = ORIENTED_EDGE ( 'NONE', *, *, #6303, .T. ) ;
#9106 = FACE_OUTER_BOUND ( 'NONE', #3217, .T. ) ;
#9107 = LINE ( 'NONE', #9675, #2031 ) ;
#9108 = CARTESIAN_POINT ( 'NONE',  ( 1.399999999999998135, 1.199999999999971312, -4.500000000000004441 ) ) ;
#9109 = DIRECTION ( 'NONE',  ( 1.000000000000000000, -4.336808689942013792E-16, 0.000000000000000000 ) ) ;
#9110 = EDGE_CURVE ( 'NONE', #3244, #8083, #8587, .T. ) ;
#9111 = MECHANICAL_DESIGN_GEOMETRIC_PRESENTATION_REPRESENTATION (  '', ( #6229 ), #10098 ) ;
#9112 = LINE ( 'NONE', #1781, #1616 ) ;
#9113 = CARTESIAN_POINT ( 'NONE',  ( 3.899999999999999023, 0.000000000000000000, -0.4000000000000010214 ) ) ;
#9114 = EDGE_LOOP ( 'NONE', ( #1665, #3290, #7581, #8743, #3731, #3530 ) ) ;
#9115 = VECTOR ( 'NONE', #7021, 1000.000000000000000 ) ;
#9116 = EDGE_CURVE ( 'NONE', #980, #5187, #5025, .T. ) ;
#9117 = CARTESIAN_POINT ( 'NONE',  ( 4.350000000000000533, 0.7999999999999999334, -0.4000000000000010214 ) ) ;
#9118 = CARTESIAN_POINT ( 'NONE',  ( 4.799999999999998934, 0.000000000000000000, -0.2500000000000019429 ) ) ;
#9119 = LINE ( 'NONE', #2338, #5607 ) ;
#9120 = ORIENTED_EDGE ( 'NONE', *, *, #6544, .F. ) ;
#9121 = ORIENTED_EDGE ( 'NONE', *, *, #295, .F. ) ;
#9122 = CARTESIAN_POINT ( 'NONE',  ( 0.000000000000000000, 0.4000000000000000222, 2.200000000000000178 ) ) ;
#9123 = LINE ( 'NONE', #5117, #5613 ) ;
#9124 = CARTESIAN_POINT ( 'NONE',  ( 4.350000000000000533, 0.4000000000000000222, 1.799999999999998712 ) ) ;
#9125 = CARTESIAN_POINT ( 'NONE',  ( 4.799999999999998934, 0.000000000000000000, -1.695840542120764072 ) ) ;
#9126 = PLANE ( 'NONE',  #4114 ) ;
#9127 = VECTOR ( 'NONE', #9366, 1000.000000000000000 ) ;
#9128 = CARTESIAN_POINT ( 'NONE',  ( 4.800000000000000711, 0.8000000000000000444, -3.300000000000001599 ) ) ;
#9129 = EDGE_CURVE ( 'NONE', #8259, #3827, #8604, .T. ) ;
#9130 = VERTEX_POINT ( 'NONE', #2040 ) ;
#9131 = AXIS2_PLACEMENT_3D ( 'NONE', #6316, #7164, #1168 ) ;
#9132 = SURFACE_STYLE_USAGE ( .BOTH. , #5034 ) ;
#9133 = VECTOR ( 'NONE', #5841, 1000.000000000000000 ) ;
#9134 = EDGE_CURVE ( 'NONE', #1858, #5201, #5048, .T. ) ;
#9135 = ORIENTED_EDGE ( 'NONE', *, *, #10612, .F. ) ;
#9136 = CARTESIAN_POINT ( 'NONE',  ( -3.900000000000000799, 0.4000000000000000222, -2.900000000000000799 ) ) ;
#9137 = EDGE_LOOP ( 'NONE', ( #5608, #2875, #6419, #2424 ) ) ;
#9138 = VECTOR ( 'NONE', #4365, 1000.000000000000000 ) ;
#9139 = CARTESIAN_POINT ( 'NONE',  ( -4.350000000000000533, 0.4000000000000000222, 3.999999999999999112 ) ) ;
#9140 = DIRECTION ( 'NONE',  ( -2.775557561562891351E-16, -1.000000000000000000, -4.930380657631323784E-32 ) ) ;
#9141 = DIRECTION ( 'NONE',  ( 0.000000000000000000, 1.000000000000000000, 0.000000000000000000 ) ) ;
#9142 = DIRECTION ( 'NONE',  ( -1.000000000000000000, -0.000000000000000000, 0.000000000000000000 ) ) ;
#9143 = VECTOR ( 'NONE', #165, 1000.000000000000000 ) ;
#9144 = EDGE_CURVE ( 'NONE', #8401, #4196, #4797, .T. ) ;
#9145 = ORIENTED_EDGE ( 'NONE', *, *, #1451, .T. ) ;
#9146 = FACE_OUTER_BOUND ( 'NONE', #8404, .T. ) ;
#9147 = EDGE_CURVE ( 'NONE', #6737, #7354, #8639, .T. ) ;
#9148 = DIRECTION ( 'NONE',  ( 0.000000000000000000, 1.000000000000000000, 0.000000000000000000 ) ) ;
#9149 = AXIS2_PLACEMENT_3D ( 'NONE', #3543, #6784, #4417 ) ;
#9150 = ADVANCED_FACE ( 'NONE', ( #8387 ), #2457, .F. ) ;
#9151 = VECTOR ( 'NONE', #6317, 1000.000000000000000 ) ;
#9152 = DIRECTION ( 'NONE',  ( 0.000000000000000000, 0.000000000000000000, 1.000000000000000000 ) ) ;
#9153 = ORIENTED_EDGE ( 'NONE', *, *, #9005, .T. ) ;
#9154 = EDGE_LOOP ( 'NONE', ( #6239, #7458, #2856, #448, #4446, #1849, #2954, #825, #9911, #7288, #5806, #4097, #5088, #2621, #5120, #9632, #996, #8190, #7569, #3372, #6903, #7186, #7222, #6625, #4376, #459, #7243, #10253, #7837, #3599, #4231, #4587, #3681, #8172, #10647, #8341, #10728, #110, #10621, #6427, #2786, #7798, #3482, #944, #6611, #10689, #478, #8223, #3042, #2905, #128, #7202, #10683, #56, #10290, #2921, #9872, #6645, #10496, #4268, #3375, #3077, #929, #7069, #7168, #6257, #4326, #4619, #8207, #221, #4311, #7643, #328, #3415, #4700, #638 ) ) ;
#9155 = CARTESIAN_POINT ( 'NONE',  ( -4.300000000000003375, 1.199999999999999067, -4.299999999999996270 ) ) ;
#9156 = EDGE_CURVE ( 'NONE', #5020, #7372, #5079, .T. ) ;
#9157 = LINE ( 'NONE', #4434, #5305 ) ;
#9158 = CARTESIAN_POINT ( 'NONE',  ( 4.300000000000003375, 1.199999999999999067, -0.000000000000000000 ) ) ;
#9159 = DIRECTION ( 'NONE',  ( -1.000000000000000000, 0.000000000000000000, -9.637352644315598694E-16 ) ) ;
#9160 = DIRECTION ( 'NONE',  ( -1.000000000000000000, 0.000000000000000000, -0.000000000000000000 ) ) ;
#9161 = CARTESIAN_POINT ( 'NONE',  ( 3.899999999999999023, 0.4000000000000000222, -1.799999999999992939 ) ) ;
#9162 = DIRECTION ( 'NONE',  ( -5.551115123125782702E-17, -1.000000000000000000, -7.888609052210118054E-31 ) ) ;
#9163 = PLANE ( 'NONE',  #2011 ) ;
#9164 = LINE ( 'NONE', #815, #9099 ) ;
#9165 = ORIENTED_EDGE ( 'NONE', *, *, #2874, .F. ) ;
#9166 = LINE ( 'NONE', #4355, #1752 ) ;
#9167 = FILL_AREA_STYLE_COLOUR ( '', #9938 ) ;
#9168 = LINE ( 'NONE', #1052, #2006 ) ;
#9169 = ORIENTED_EDGE ( 'NONE', *, *, #3729, .F. ) ;
#9170 = VERTEX_POINT ( 'NONE', #9117 ) ;
#9171 = VECTOR ( 'NONE', #5675, 1000.000000000000000 ) ;
#9172 = DIRECTION ( 'NONE',  ( -0.000000000000000000, 0.000000000000000000, -1.000000000000000000 ) ) ;
#9173 = ADVANCED_FACE ( 'NONE', ( #4812 ), #6702, .F. ) ;
#9174 = DIRECTION ( 'NONE',  ( -1.000000000000000000, 0.000000000000000000, 0.000000000000000000 ) ) ;
#9175 = AXIS2_PLACEMENT_3D ( 'NONE', #1593, #7456, #7381 ) ;
#9176 = DIRECTION ( 'NONE',  ( 1.000000000000000000, 0.000000000000000000, 0.000000000000000000 ) ) ;
#9177 = VECTOR ( 'NONE', #537, 1000.000000000000000 ) ;
#9178 = CARTESIAN_POINT ( 'NONE',  ( 4.800000000000000711, 0.000000000000000000, -1.100000000000002087 ) ) ;
#9179 = EDGE_CURVE ( 'NONE', #1248, #10548, #1088, .T. ) ;
#9180 = LINE ( 'NONE', #4422, #1660 ) ;
#9181 =( NAMED_UNIT ( * ) PLANE_ANGLE_UNIT ( ) SI_UNIT ( $, .RADIAN. ) );
#9182 = CARTESIAN_POINT ( 'NONE',  ( 3.899999999999999023, 0.4000000000000000222, -0.6999999999999931832 ) ) ;
#9183 = CARTESIAN_POINT ( 'NONE',  ( -4.099999999999997868, 2.199999999999999289, -4.500000000000001776 ) ) ;
#9184 = VERTEX_POINT ( 'NONE', #3362 ) ;
#9185 = ORIENTED_EDGE ( 'NONE', *, *, #3587, .T. ) ;
#9186 = DIRECTION ( 'NONE',  ( 0.000000000000000000, 1.000000000000000000, -3.252606517456512119E-15 ) ) ;
#9187 = DIRECTION ( 'NONE',  ( 0.000000000000000000, 1.000000000000000000, 0.000000000000000000 ) ) ;
#9188 = VECTOR ( 'NONE', #7116, 1000.000000000000000 ) ;
#9189 = DIRECTION ( 'NONE',  ( 0.000000000000000000, -1.000000000000000000, 3.491481338843133355E-15 ) ) ;
#9190 = EDGE_CURVE ( 'NONE', #1375, #1185, #1107, .T. ) ;
#9191 = DIRECTION ( 'NONE',  ( 1.000000000000000000, 0.000000000000000000, 0.000000000000000000 ) ) ;
#9192 = ADVANCED_FACE ( 'NONE', ( #8335 ), #178, .F. ) ;
#9193 = CARTESIAN_POINT ( 'NONE',  ( -4.300000000000007816, 1.626303258728258544E-14, 0.000000000000000000 ) ) ;
#9194 = EDGE_CURVE ( 'NONE', #6414, #8345, #1124, .T. ) ;
#9195 = FACE_OUTER_BOUND ( 'NONE', #5429, .T. ) ;
#9196 = VECTOR ( 'NONE', #1249, 1000.000000000000000 ) ;
#9197 = CARTESIAN_POINT ( 'NONE',  ( 3.899999999999999023, 0.4000000000000000222, -2.600000000000000977 ) ) ;
#9198 = EDGE_CURVE ( 'NONE', #10626, #512, #4761, .T. ) ;
#9199 = VECTOR ( 'NONE', #919, 1000.000000000000000 ) ;
#9200 = VERTEX_POINT ( 'NONE', #8209 ) ;
#9201 = CARTESIAN_POINT ( 'NONE',  ( -4.800000000000000711, 0.000000000000000000, 4.399999999999998579 ) ) ;
#9202 = ORIENTED_EDGE ( 'NONE', *, *, #10063, .F. ) ;
#9203 = EDGE_CURVE ( 'NONE', #1580, #5172, #4778, .T. ) ;
#9204 = VECTOR ( 'NONE', #1400, 1000.000000000000000 ) ;
#9205 = CARTESIAN_POINT ( 'NONE',  ( 0.000000000000000000, 0.000000000000000000, 2.899999999999999023 ) ) ;
#9206 = CARTESIAN_POINT ( 'NONE',  ( 4.350000000000000533, 0.7999999999999999334, -4.000000000000000888 ) ) ;
#9207 = DIRECTION ( 'NONE',  ( 0.000000000000000000, 0.000000000000000000, -1.000000000000000000 ) ) ;
#9208 = CARTESIAN_POINT ( 'NONE',  ( 4.300000000000007816, 1.626303258728258544E-14, -4.299999999999999822 ) ) ;
#9209 = PLANE ( 'NONE',  #2904 ) ;
#9210 = VECTOR ( 'NONE', #9560, 1000.000000000000000 ) ;
#9211 = FACE_OUTER_BOUND ( 'NONE', #4996, .T. ) ;
#9212 = DIRECTION ( 'NONE',  ( -0.000000000000000000, -1.000000000000000000, -0.000000000000000000 ) ) ;
#9213 = VECTOR ( 'NONE', #2703, 1000.000000000000000 ) ;
#9214 = CARTESIAN_POINT ( 'NONE',  ( 4.350000000000000533, 0.4000000000000000222, 6.004159457879236328 ) ) ;
#9215 = EDGE_LOOP ( 'NONE', ( #6792, #2645, #2804, #338 ) ) ;
#9216 = ORIENTED_EDGE ( 'NONE', *, *, #7686, .T. ) ;
#9217 = EDGE_CURVE ( 'NONE', #9648, #4915, #1842, .T. ) ;
#9218 = AXIS2_PLACEMENT_3D ( 'NONE', #2727, #6154, #2654 ) ;
#9219 = LINE ( 'NONE', #678, #6225 ) ;
#9220 = PLANE ( 'NONE',  #6815 ) ;
#9221 = CARTESIAN_POINT ( 'NONE',  ( 3.899999999999999023, 0.4000000000000000222, -0.4000000000000010214 ) ) ;
#9222 = PLANE ( 'NONE',  #124 ) ;
#9223 = CARTESIAN_POINT ( 'NONE',  ( -4.350000000000000533, 0.8010000000000000453, -1.500000000000001332 ) ) ;
#9224 = DIRECTION ( 'NONE',  ( 0.000000000000000000, -0.000000000000000000, 1.000000000000000000 ) ) ;
#9225 = VECTOR ( 'NONE', #4046, 1000.000000000000000 ) ;
#9226 = MANIFOLD_SOLID_BREP ( 'LPattern2[11]', #5073 ) ;
#9227 = LINE ( 'NONE', #5758, #9255 ) ;
#9228 = ADVANCED_FACE ( 'NONE', ( #5420 ), #9044, .F. ) ;
#9229 = VECTOR ( 'NONE', #1491, 1000.000000000000000 ) ;
#9230 = VERTEX_POINT ( 'NONE', #5011 ) ;
#9231 = EDGE_LOOP ( 'NONE', ( #9987, #10004, #6902, #10585 ) ) ;
#9232 = LINE ( 'NONE', #3907, #9512 ) ;
#9233 = AXIS2_PLACEMENT_3D ( 'NONE', #8374, #1817, #9267 ) ;
#9234 = DIRECTION ( 'NONE',  ( -1.000000000000000000, 0.000000000000000000, -0.000000000000000000 ) ) ;
#9235 = EDGE_CURVE ( 'NONE', #10474, #782, #8887, .T. ) ;
#9236 = CARTESIAN_POINT ( 'NONE',  ( -3.900000000000000799, 0.000000000000000000, -0.4000000000000010214 ) ) ;
#9237 = LINE ( 'NONE', #4882, #5666 ) ;
#9238 = VECTOR ( 'NONE', #8271, 1000.000000000000000 ) ;
#9239 = SURFACE_SIDE_STYLE ('',( #1726 ) ) ;
#9240 = DIRECTION ( 'NONE',  ( 0.000000000000000000, 3.252606517456512119E-15, -1.000000000000000000 ) ) ;
#9241 = CARTESIAN_POINT ( 'NONE',  ( -4.350000000000000533, 0.4000000000000000222, -4.000000000000001776 ) ) ;
#9242 = LINE ( 'NONE', #6969, #9360 ) ;
#9243 = ORIENTED_EDGE ( 'NONE', *, *, #4857, .F. ) ;
#9244 = VERTEX_POINT ( 'NONE', #4404 ) ;
#9245 = PLANE ( 'NONE',  #5388 ) ;
#9246 = DIRECTION ( 'NONE',  ( -1.000000000000000000, -2.409338161078908548E-16, -9.637352644315598694E-16 ) ) ;
#9247 = EDGE_CURVE ( 'NONE', #3233, #3474, #1574, .T. ) ;
#9248 = LINE ( 'NONE', #11, #9380 ) ;
#9249 = DIRECTION ( 'NONE',  ( -0.000000000000000000, -0.000000000000000000, -1.000000000000000000 ) ) ;
#9250 = ADVANCED_FACE ( 'NONE', ( #1790 ), #4938, .F. ) ;
#9251 = VECTOR ( 'NONE', #8518, 1000.000000000000000 ) ;
#9252 = DIRECTION ( 'NONE',  ( -0.000000000000000000, -0.000000000000000000, -1.000000000000000000 ) ) ;
#9253 = DIRECTION ( 'NONE',  ( 0.000000000000000000, -1.000000000000000000, 0.000000000000000000 ) ) ;
#9254 = CYLINDRICAL_SURFACE ( 'NONE', #949, 0.2999999999999999334 ) ;
#9255 = VECTOR ( 'NONE', #7434, 1000.000000000000000 ) ;
#9256 = CARTESIAN_POINT ( 'NONE',  ( 3.899999999999999023, 0.4000000000000000222, -4.000000000000000888 ) ) ;
#9257 = FACE_OUTER_BOUND ( 'NONE', #2185, .T. ) ;
#9258 = ORIENTED_EDGE ( 'NONE', *, *, #10038, .T. ) ;
#9259 = DIRECTION ( 'NONE',  ( -1.000000000000000000, 0.000000000000000000, -9.637352644315598694E-16 ) ) ;
#9260 = ORIENTED_EDGE ( 'NONE', *, *, #5601, .F. ) ;
#9261 = FACE_OUTER_BOUND ( 'NONE', #4314, .T. ) ;
#9262 = DIRECTION ( 'NONE',  ( 1.000000000000000000, 2.409338161078908548E-16, 0.000000000000000000 ) ) ;
#9263 = DIRECTION ( 'NONE',  ( 0.000000000000000000, -1.000000000000000000, 0.000000000000000000 ) ) ;
#9264 = EDGE_CURVE ( 'NONE', #3801, #8690, #5214, .T. ) ;
#9265 = DIRECTION ( 'NONE',  ( -1.000000000000000000, 0.000000000000000000, 0.000000000000000000 ) ) ;
#9266 = CARTESIAN_POINT ( 'NONE',  ( -4.500000000000003553, 1.199999999999999734, 4.300000000000001599 ) ) ;
#9267 = DIRECTION ( 'NONE',  ( 0.000000000000000000, 0.000000000000000000, 1.000000000000000000 ) ) ;
#9268 = VECTOR ( 'NONE', #2097, 1000.000000000000000 ) ;
#9269 = AXIS2_PLACEMENT_3D ( 'NONE', #859, #75, #9277 ) ;
#9270 = ADVANCED_FACE ( 'NONE', ( #5334 ), #7729, .F. ) ;
#9271 = DIRECTION ( 'NONE',  ( -0.000000000000000000, -1.000000000000000000, -0.000000000000000000 ) ) ;
#9272 = FACE_OUTER_BOUND ( 'NONE', #1816, .T. ) ;
#9273 = EDGE_CURVE ( 'NONE', #10625, #4879, #1689, .T. ) ;
#9274 = VECTOR ( 'NONE', #1649, 1000.000000000000000 ) ;
#9275 = DIRECTION ( 'NONE',  ( 0.000000000000000000, -1.000000000000000000, 0.000000000000000000 ) ) ;
#9276 = FACE_OUTER_BOUND ( 'NONE', #6028, .T. ) ;
#9277 = DIRECTION ( 'NONE',  ( 0.000000000000000000, 0.000000000000000000, -1.000000000000000000 ) ) ;
#9278 = VERTEX_POINT ( 'NONE', #10547 ) ;
#9279 = VERTEX_POINT ( 'NONE', #7316 ) ;
#9280 = PLANE ( 'NONE',  #2371 ) ;
#9281 = LINE ( 'NONE', #7308, #5757 ) ;
#9282 = LINE ( 'NONE', #2830, #5208 ) ;
#9283 = DIRECTION ( 'NONE',  ( -1.000000000000000000, -3.491481338843133355E-15, 0.000000000000000000 ) ) ;
#9284 = DIRECTION ( 'NONE',  ( 0.000000000000000000, 1.000000000000000000, 0.000000000000000000 ) ) ;
#9285 = VECTOR ( 'NONE', #5789, 1000.000000000000000 ) ;
#9286 = CARTESIAN_POINT ( 'NONE',  ( -3.900000000000000799, 0.000000000000000000, 2.899999999999999023 ) ) ;
#9287 = DIRECTION ( 'NONE',  ( 0.000000000000000000, -0.000000000000000000, 1.000000000000000000 ) ) ;
#9288 = DIRECTION ( 'NONE',  ( 1.000000000000000000, -0.000000000000000000, 9.637352644315598694E-16 ) ) ;
#9289 = LINE ( 'NONE', #10611, #9469 ) ;
#9290 = LINE ( 'NONE', #755, #2210 ) ;
#9291 = EDGE_CURVE ( 'NONE', #5317, #4774, #1553, .T. ) ;
#9292 = DIRECTION ( 'NONE',  ( -0.000000000000000000, -1.000000000000000000, -0.000000000000000000 ) ) ;
#9293 = VECTOR ( 'NONE', #2455, 1000.000000000000000 ) ;
#9294 = EDGE_LOOP ( 'NONE', ( #6099, #9613, #5671, #5934 ) ) ;
#9295 = ORIENTED_EDGE ( 'NONE', *, *, #264, .T. ) ;
#9296 = AXIS2_PLACEMENT_3D ( 'NONE', #1688, #4558, #2305 ) ;
#9297 = LINE ( 'NONE', #8328, #5776 ) ;
#9298 = DIRECTION ( 'NONE',  ( 0.000000000000000000, 1.000000000000000000, 0.000000000000000000 ) ) ;
#9299 = CARTESIAN_POINT ( 'NONE',  ( 4.799999999999998934, 0.8000000000000001554, -4.150000000000002132 ) ) ;
#9300 = DIRECTION ( 'NONE',  ( 0.000000000000000000, -1.000000000000000000, 0.000000000000000000 ) ) ;
#9301 = CARTESIAN_POINT ( 'NONE',  ( -3.900000000000000799, 0.4000000000000000222, 1.604159457879236195 ) ) ;
#9302 = EDGE_CURVE ( 'NONE', #3757, #6723, #1669, .T. ) ;
#9303 = DIRECTION ( 'NONE',  ( 0.000000000000000000, 1.000000000000000000, -3.252606517456512119E-15 ) ) ;
#9304 = ADVANCED_FACE ( 'NONE', ( #1710 ), #9004, .F. ) ;
#9305 = CIRCLE ( 'NONE', #1319, 0.2500000000000002220 ) ;
#9306 = CARTESIAN_POINT ( 'NONE',  ( 0.000000000000000000, 0.4000000000000000222, 1.100000000000000089 ) ) ;
#9307 = VECTOR ( 'NONE', #729, 1000.000000000000000 ) ;
#9308 = FILL_AREA_STYLE ('',( #1864 ) ) ;
#9309 = DIRECTION ( 'NONE',  ( 0.000000000000000000, 0.000000000000000000, -1.000000000000000000 ) ) ;
#9310 = VECTOR ( 'NONE', #6032, 1000.000000000000000 ) ;
#9311 = EDGE_LOOP ( 'NONE', ( #1206, #8237, #4709, #8602, #1414, #4331 ) ) ;
#9312 = ORIENTED_EDGE ( 'NONE', *, *, #10481, .F. ) ;
#9313 = ORIENTED_EDGE ( 'NONE', *, *, #5951, .F. ) ;
#9314 = CARTESIAN_POINT ( 'NONE',  ( -3.900000000000000799, 0.000000000000000000, 1.499999999999999556 ) ) ;
#9315 = LINE ( 'NONE', #9502, #5850 ) ;
#9316 = DIRECTION ( 'NONE',  ( -0.000000000000000000, -3.252606517456512119E-15, -1.000000000000000000 ) ) ;
#9317 = DIRECTION ( 'NONE',  ( -1.000000000000000000, 0.000000000000000000, 0.000000000000000000 ) ) ;
#9318 = DIRECTION ( 'NONE',  ( -2.409338161078899674E-16, -1.000000000000000000, 0.000000000000000000 ) ) ;
#9319 = LINE ( 'NONE', #284, #2141 ) ;
#9320 = DIRECTION ( 'NONE',  ( -0.000000000000000000, -1.000000000000000000, -0.000000000000000000 ) ) ;
#9321 = LINE ( 'NONE', #2619, #9225 ) ;
#9322 = EDGE_CURVE ( 'NONE', #7823, #3110, #5295, .T. ) ;
#9323 = CARTESIAN_POINT ( 'NONE',  ( -4.800000000000000711, 0.000000000000000000, 0.6999999999999992895 ) ) ;
#9324 = LINE ( 'NONE', #491, #9419 ) ;
#9325 = CARTESIAN_POINT ( 'NONE',  ( -4.350000000000000533, 0.8010000000000000453, -0.4000000000000010214 ) ) ;
#9326 = VECTOR ( 'NONE', #4061, 1000.000000000000000 ) ;
#9327 = VERTEX_POINT ( 'NONE', #2746 ) ;
#9328 = VERTEX_POINT ( 'NONE', #4548 ) ;
#9329 = EDGE_LOOP ( 'NONE', ( #3153, #10460, #5362, #6152 ) ) ;
#9330 = FACE_OUTER_BOUND ( 'NONE', #7107, .T. ) ;
#9331 = CARTESIAN_POINT ( 'NONE',  ( -3.900000000000000799, 0.000000000000000000, 2.599999999999999201 ) ) ;
#9332 = CARTESIAN_POINT ( 'NONE',  ( -4.800000000000000711, 0.8000000000000000444, 4.904159457879235795 ) ) ;
#9333 = PLANE ( 'NONE',  #3633 ) ;
#9334 = CARTESIAN_POINT ( 'NONE',  ( 3.899999999999999023, 0.4000000000000000222, 2.599999999999999201 ) ) ;
#9335 = CARTESIAN_POINT ( 'NONE',  ( 4.350000000000000533, 0.4000000000000000222, 1.799999999999998712 ) ) ;
#9336 = AXIS2_PLACEMENT_3D ( 'NONE', #6631, #4180, #9045 ) ;
#9337 = VECTOR ( 'NONE', #6660, 1000.000000000000000 ) ;
#9338 = EDGE_CURVE ( 'NONE', #8761, #9230, #1472, .T. ) ;
#9339 = CARTESIAN_POINT ( 'NONE',  ( -4.350000000000000533, 0.8000000000000000444, 2.599999999999999201 ) ) ;
#9340 = CARTESIAN_POINT ( 'NONE',  ( 1.399999999999998135, 1.528725063204563461E-14, -4.500000000000007994 ) ) ;
#9341 = LINE ( 'NONE', #7795, #2002 ) ;
#9342 = VECTOR ( 'NONE', #29, 1000.000000000000000 ) ;
#9343 = CARTESIAN_POINT ( 'NONE',  ( 4.799999999999998934, -5.421010862427522170E-17, -4.650000000000002132 ) ) ;
#9344 = VECTOR ( 'NONE', #6889, 1000.000000000000000 ) ;
#9345 = DIRECTION ( 'NONE',  ( -0.000000000000000000, -0.000000000000000000, -1.000000000000000000 ) ) ;
#9346 = ORIENTED_EDGE ( 'NONE', *, *, #1210, .F. ) ;
#9347 = ORIENTED_EDGE ( 'NONE', *, *, #3939, .T. ) ;
#9348 = ORIENTED_EDGE ( 'NONE', *, *, #9588, .T. ) ;
#9349 = DIRECTION ( 'NONE',  ( 0.000000000000000000, 1.000000000000000000, 0.000000000000000000 ) ) ;
#9350 = CARTESIAN_POINT ( 'NONE',  ( -4.500000000000003553, 1.199999999999999734, -4.299999999999996270 ) ) ;
#9351 = COLOUR_RGB ( '',1.000000000000000000, 0.8117647058823529438, 0.5019607843137254832 ) ;
#9352 = DIRECTION ( 'NONE',  ( 0.000000000000000000, 0.000000000000000000, -1.000000000000000000 ) ) ;
#9353 = DIRECTION ( 'NONE',  ( 0.000000000000000000, 1.000000000000000000, 0.000000000000000000 ) ) ;
#9354 = DIRECTION ( 'NONE',  ( 1.000000000000000000, -0.000000000000000000, -0.000000000000000000 ) ) ;
#9355 = LINE ( 'NONE', #7517, #6006 ) ;
#9356 = EDGE_CURVE ( 'NONE', #1315, #4161, #1492, .T. ) ;
#9357 = LINE ( 'NONE', #2285, #5802 ) ;
#9358 = AXIS2_PLACEMENT_3D ( 'NONE', #3718, #4578, #1813 ) ;
#9359 = PLANE ( 'NONE',  #2098 ) ;
#9360 = VECTOR ( 'NONE', #1212, 1000.000000000000000 ) ;
#9361 = EDGE_CURVE ( 'NONE', #3569, #9965, #8746, .T. ) ;
#9362 = ORIENTED_EDGE ( 'NONE', *, *, #9504, .T. ) ;
#9363 = ORIENTED_EDGE ( 'NONE', *, *, #2802, .F. ) ;
#9364 = VERTEX_POINT ( 'NONE', #4902 ) ;
#9365 = VECTOR ( 'NONE', #545, 1000.000000000000000 ) ;
#9366 = DIRECTION ( 'NONE',  ( 1.000000000000000000, 0.000000000000000000, 0.000000000000000000 ) ) ;
#9367 = DIRECTION ( 'NONE',  ( -0.000000000000000000, -0.000000000000000000, -1.000000000000000000 ) ) ;
#9368 = ADVANCED_FACE ( 'NONE', ( #1822 ), #5655, .F. ) ;
#9369 = LINE ( 'NONE', #8304, #9251 ) ;
#9370 = PLANE ( 'NONE',  #5332 ) ;
#9371 = CARTESIAN_POINT ( 'NONE',  ( -4.800000000000000711, 0.4000000000000000222, -1.500000000000001332 ) ) ;
#9372 = FACE_OUTER_BOUND ( 'NONE', #3887, .T. ) ;
#9373 = DIRECTION ( 'NONE',  ( -1.000000000000000000, 2.409338161078899674E-16, -9.637352644315598694E-16 ) ) ;
#9374 = LINE ( 'NONE', #6764, #5695 ) ;
#9375 = LINE ( 'NONE', #10245, #9473 ) ;
#9376 = VERTEX_POINT ( 'NONE', #4620 ) ;
#9377 = ORIENTED_EDGE ( 'NONE', *, *, #1216, .T. ) ;
#9378 = ORIENTED_EDGE ( 'NONE', *, *, #8682, .F. ) ;
#9379 = SURFACE_SIDE_STYLE ('',( #3922 ) ) ;
#9380 = VECTOR ( 'NONE', #807, 1000.000000000000000 ) ;
#9381 = DIRECTION ( 'NONE',  ( 1.000000000000000000, 0.000000000000000000, 0.000000000000000000 ) ) ;
#9382 = CARTESIAN_POINT ( 'NONE',  ( -4.350000000000000533, 0.8000000000000000444, 2.899999999999999023 ) ) ;
#9383 = VECTOR ( 'NONE', #10374, 1000.000000000000000 ) ;
#9384 = CARTESIAN_POINT ( 'NONE',  ( 3.899999999999999023, 0.3999999999999999667, -2.795840542120763939 ) ) ;
#9385 = LINE ( 'NONE', #9158, #2129 ) ;
#9386 = EDGE_CURVE ( 'NONE', #591, #10772, #1530, .T. ) ;
#9387 = ADVANCED_FACE ( 'NONE', ( #5153 ), #8621, .F. ) ;
#9388 = VECTOR ( 'NONE', #8279, 1000.000000000000000 ) ;
#9389 = ORIENTED_EDGE ( 'NONE', *, *, #2403, .F. ) ;
#9390 = CARTESIAN_POINT ( 'NONE',  ( -3.900000000000000799, 0.4000000000000000222, -2.600000000000000977 ) ) ;
#9391 = VERTEX_POINT ( 'NONE', #7084 ) ;
#9392 = ORIENTED_EDGE ( 'NONE', *, *, #9921, .T. ) ;
#9393 = EDGE_CURVE ( 'NONE', #5212, #665, #9019, .T. ) ;
#9394 = CIRCLE ( 'NONE', #9795, 0.2999999999999999334 ) ;
#9395 = CARTESIAN_POINT ( 'NONE',  ( -4.350000000000000533, 0.4000000000000000222, 6.004159457879236328 ) ) ;
#9396 = CARTESIAN_POINT ( 'NONE',  ( -3.900000000000000799, 0.4000000000000000222, -0.4000000000000010214 ) ) ;
#9397 = CARTESIAN_POINT ( 'NONE',  ( 3.899999999999999023, 0.4000000000000000222, 4.799999999999999822 ) ) ;
#9398 = DIRECTION ( 'NONE',  ( 0.000000000000000000, 1.000000000000000000, 0.000000000000000000 ) ) ;
#9399 = EDGE_CURVE ( 'NONE', #5147, #10428, #5234, .T. ) ;
#9400 = DIRECTION ( 'NONE',  ( -0.000000000000000000, -0.000000000000000000, 1.000000000000000000 ) ) ;
#9401 = AXIS2_PLACEMENT_3D ( 'NONE', #10409, #10650, #728 ) ;
#9402 = CIRCLE ( 'NONE', #7380, 0.2500000000000002220 ) ;
#9403 = LINE ( 'NONE', #1573, #9388 ) ;
#9404 = DIRECTION ( 'NONE',  ( 0.000000000000000000, 0.000000000000000000, -1.000000000000000000 ) ) ;
#9405 = VERTEX_POINT ( 'NONE', #323 ) ;
#9406 = ORIENTED_EDGE ( 'NONE', *, *, #688, .T. ) ;
#9407 = VERTEX_POINT ( 'NONE', #712 ) ;
#9408 = CARTESIAN_POINT ( 'NONE',  ( -4.799999999999999822, 0.000000000000000000, 2.599999999999998312 ) ) ;
#9409 = CIRCLE ( 'NONE', #5568, 0.3999999999999993006 ) ;
#9410 = DIRECTION ( 'NONE',  ( -0.000000000000000000, 0.000000000000000000, -1.000000000000000000 ) ) ;
#9411 = EDGE_CURVE ( 'NONE', #5499, #10751, #1762, .T. ) ;
#9412 = SURFACE_STYLE_USAGE ( .BOTH. , #3659 ) ;
#9413 = DIRECTION ( 'NONE',  ( 2.409338161078908548E-16, -1.000000000000000000, 0.000000000000000000 ) ) ;
#9414 = CYLINDRICAL_SURFACE ( 'NONE', #2049, 0.2999999999999999334 ) ;
#9415 = CARTESIAN_POINT ( 'NONE',  ( -4.800000000000000711, 0.8000000000000000444, 0.3999999999999975797 ) ) ;
#9416 = PLANE ( 'NONE',  #9218 ) ;
#9417 = FACE_OUTER_BOUND ( 'NONE', #6173, .T. ) ;
#9418 = AXIS2_PLACEMENT_3D ( 'NONE', #9893, #8267, #5750 ) ;
#9419 = VECTOR ( 'NONE', #5545, 1000.000000000000000 ) ;
#9420 = EDGE_CURVE ( 'NONE', #7652, #8401, #5398, .T. ) ;
#9421 = CARTESIAN_POINT ( 'NONE',  ( 4.350000000000000533, 0.4000000000000000222, 1.500000000000007327 ) ) ;
#9422 = LINE ( 'NONE', #597, #9293 ) ;
#9423 = VERTEX_POINT ( 'NONE', #1092 ) ;
#9424 = ORIENTED_EDGE ( 'NONE', *, *, #6787, .F. ) ;
#9425 = VERTEX_POINT ( 'NONE', #3610 ) ;
#9426 = EDGE_CURVE ( 'NONE', #6601, #9230, #5452, .T. ) ;
#9427 = LINE ( 'NONE', #7386, #2044 ) ;
#9428 = CARTESIAN_POINT ( 'NONE',  ( -4.800000000000000711, 0.8000000000000000444, 2.599999999999999201 ) ) ;
#9429 = PLANE ( 'NONE',  #9814 ) ;
#9430 = DIRECTION ( 'NONE',  ( -9.637352644315598694E-16, 0.000000000000000000, 1.000000000000000000 ) ) ;
#9431 = ADVANCED_FACE ( 'NONE', ( #1594 ), #853, .F. ) ;
#9432 = CARTESIAN_POINT ( 'NONE',  ( 3.899999999999999023, 0.4000000000000000222, -1.500000000000001332 ) ) ;
#9433 = PRESENTATION_LAYER_ASSIGNMENT (  '', '', ( #1384 ) ) ;
#9434 = DIRECTION ( 'NONE',  ( 1.000000000000000000, 3.614007241618346010E-15, 0.000000000000000000 ) ) ;
#9435 = VECTOR ( 'NONE', #9053, 1000.000000000000000 ) ;
#9436 = CARTESIAN_POINT ( 'NONE',  ( 4.099999999999997868, 2.200000000000000178, 4.700000000000005507 ) ) ;
#9437 = VECTOR ( 'NONE', #5059, 1000.000000000000000 ) ;
#9438 = DIRECTION ( 'NONE',  ( -0.000000000000000000, -0.000000000000000000, -1.000000000000000000 ) ) ;
#9439 = DIRECTION ( 'NONE',  ( 0.000000000000000000, -1.000000000000000000, 0.000000000000000000 ) ) ;
#9440 = FACE_OUTER_BOUND ( 'NONE', #3666, .T. ) ;
#9441 = ORIENTED_EDGE ( 'NONE', *, *, #9705, .F. ) ;
#9442 = ORIENTED_EDGE ( 'NONE', *, *, #1415, .T. ) ;
#9443 = ORIENTED_EDGE ( 'NONE', *, *, #167, .T. ) ;
#9444 = CARTESIAN_POINT ( 'NONE',  ( 4.350000000000000533, 0.8010000000000000453, -0.4000000000000010214 ) ) ;
#9445 = PLANE ( 'NONE',  #5519 ) ;
#9446 = EDGE_CURVE ( 'NONE', #6396, #2848, #1777, .T. ) ;
#9447 = FACE_OUTER_BOUND ( 'NONE', #8751, .T. ) ;
#9448 = CARTESIAN_POINT ( 'NONE',  ( -3.900000000000001688, 0.4000000000000000222, -0.7000000000000009548 ) ) ;
#9449 = EDGE_CURVE ( 'NONE', #6104, #3521, #1510, .T. ) ;
#9450 = DIRECTION ( 'NONE',  ( -0.000000000000000000, -0.000000000000000000, -1.000000000000000000 ) ) ;
#9451 = FACE_OUTER_BOUND ( 'NONE', #4931, .T. ) ;
#9452 = CARTESIAN_POINT ( 'NONE',  ( 3.899999999999999023, -5.421010862427522170E-17, -4.800000000000001599 ) ) ;
#9453 = ADVANCED_FACE ( 'NONE', ( #8810 ), #65, .T. ) ;
#9454 = CARTESIAN_POINT ( 'NONE',  ( 4.799999999999998934, 0.8000000000000000444, -3.550000000000002043 ) ) ;
#9455 = VECTOR ( 'NONE', #4325, 1000.000000000000000 ) ;
#9456 = CARTESIAN_POINT ( 'NONE',  ( 4.799999999999998934, 0.8000000000000000444, -1.950000000000001732 ) ) ;
#9457 = LINE ( 'NONE', #2112, #5669 ) ;
#9458 = CARTESIAN_POINT ( 'NONE',  ( -4.800000000000000711, 0.000000000000000000, -3.700000000000001066 ) ) ;
#9459 = VERTEX_POINT ( 'NONE', #7395 ) ;
#9460 = ORIENTED_EDGE ( 'NONE', *, *, #8488, .F. ) ;
#9461 = LINE ( 'NONE', #2253, #5896 ) ;
#9462 = DIRECTION ( 'NONE',  ( 0.000000000000000000, 0.000000000000000000, -1.000000000000000000 ) ) ;
#9463 = DIRECTION ( 'NONE',  ( 1.000000000000000000, -0.000000000000000000, 0.000000000000000000 ) ) ;
#9464 = CARTESIAN_POINT ( 'NONE',  ( 4.500000000000000000, 2.200000000000001066, 0.000000000000000000 ) ) ;
#9465 = CARTESIAN_POINT ( 'NONE',  ( 4.800000000000000711, 0.8000000000000000444, 0.6999999999999992895 ) ) ;
#9466 = DIRECTION ( 'NONE',  ( -1.000000000000000000, 0.000000000000000000, 0.000000000000000000 ) ) ;
#9467 = LINE ( 'NONE', #9536, #9482 ) ;
#9468 = ADVANCED_FACE ( 'NONE', ( #1613 ), #8234, .F. ) ;
#9469 = VECTOR ( 'NONE', #6122, 1000.000000000000000 ) ;
#9470 = LINE ( 'NONE', #1017, #6059 ) ;
#9471 = DIRECTION ( 'NONE',  ( 0.000000000000000000, 0.000000000000000000, 1.000000000000000000 ) ) ;
#9472 = ADVANCED_FACE ( 'NONE', ( #5257 ), #8448, .F. ) ;
#9473 = VECTOR ( 'NONE', #2670, 1000.000000000000000 ) ;
#9474 = ORIENTED_EDGE ( 'NONE', *, *, #2795, .F. ) ;
#9475 = ORIENTED_EDGE ( 'NONE', *, *, #10190, .T. ) ;
#9476 = FILL_AREA_STYLE_COLOUR ( '', #2908 ) ;
#9477 = VECTOR ( 'NONE', #8826, 1000.000000000000000 ) ;
#9478 = ORIENTED_EDGE ( 'NONE', *, *, #4776, .T. ) ;
#9479 = EDGE_CURVE ( 'NONE', #4559, #5881, #1633, .T. ) ;
#9480 = CARTESIAN_POINT ( 'NONE',  ( -4.800000000000000711, 0.4000000000000000222, 3.699999999999998401 ) ) ;
#9481 = CARTESIAN_POINT ( 'NONE',  ( 3.899999999999999023, 0.000000000000000000, 3.804159457879236150 ) ) ;
#9482 = VECTOR ( 'NONE', #9466, 1000.000000000000000 ) ;
#9483 = EDGE_CURVE ( 'NONE', #3548, #7223, #9369, .T. ) ;
#9484 = DIRECTION ( 'NONE',  ( -1.000000000000000000, -2.409338161078908548E-16, -9.637352644315598694E-16 ) ) ;
#9485 = CARTESIAN_POINT ( 'NONE',  ( 1.399999999999998135, 1.200000000000002176, 5.000000000000005329 ) ) ;
#9486 = DIRECTION ( 'NONE',  ( 0.000000000000000000, -1.000000000000000000, 0.000000000000000000 ) ) ;
#9487 = LINE ( 'NONE', #5023, #2294 ) ;
#9488 = VECTOR ( 'NONE', #4102, 1000.000000000000000 ) ;
#9489 = DIRECTION ( 'NONE',  ( -0.000000000000000000, -1.000000000000000000, -0.000000000000000000 ) ) ;
#9490 = VECTOR ( 'NONE', #1279, 1000.000000000000000 ) ;
#9491 = VERTEX_POINT ( 'NONE', #10070 ) ;
#9492 = ORIENTED_EDGE ( 'NONE', *, *, #5430, .T. ) ;
#9493 = FACE_OUTER_BOUND ( 'NONE', #1759, .T. ) ;
#9494 = CARTESIAN_POINT ( 'NONE',  ( -4.350000000000000533, 0.7999999999999999334, -0.5958405421207638719 ) ) ;
#9495 = ADVANCED_FACE ( 'NONE', ( #2173 ), #10717, .F. ) ;
#9496 = CARTESIAN_POINT ( 'NONE',  ( 4.350000000000000533, 2.600999999999999979, -4.800000000000001599 ) ) ;
#9497 = DIRECTION ( 'NONE',  ( 1.000000000000000000, 0.000000000000000000, 0.000000000000000000 ) ) ;
#9498 = EDGE_CURVE ( 'NONE', #10260, #212, #5522, .T. ) ;
#9499 = LINE ( 'NONE', #10423, #2321 ) ;
#9500 =( GEOMETRIC_REPRESENTATION_CONTEXT ( 3 ) GLOBAL_UNCERTAINTY_ASSIGNED_CONTEXT ( ( #8195 ) ) GLOBAL_UNIT_ASSIGNED_CONTEXT ( ( #5677, #9030, #745 ) ) REPRESENTATION_CONTEXT ( 'NONE', 'WORKASPACE' ) );
#9501 = CARTESIAN_POINT ( 'NONE',  ( 4.500000000000003553, 1.199999999999999734, 4.299999999999995381 ) ) ;
#9502 = CARTESIAN_POINT ( 'NONE',  ( 4.350000000000000533, 0.7999999999999999334, 2.704159457879236506 ) ) ;
#9503 = LINE ( 'NONE', #10315, #2143 ) ;
#9504 = EDGE_CURVE ( 'NONE', #8046, #687, #1863, .T. ) ;
#9505 = FACE_OUTER_BOUND ( 'NONE', #5474, .T. ) ;
#9506 = CARTESIAN_POINT ( 'NONE',  ( -4.800000000000000711, 0.000000000000000000, 5.000000000000000000 ) ) ;
#9507 = CARTESIAN_POINT ( 'NONE',  ( 4.500000000000000000, 2.200000000000001066, -4.299999999999999822 ) ) ;
#9508 = ORIENTED_EDGE ( 'NONE', *, *, #6518, .F. ) ;
#9509 = ORIENTED_EDGE ( 'NONE', *, *, #6518, .T. ) ;
#9510 = CARTESIAN_POINT ( 'NONE',  ( -3.900000000000000799, 0.000000000000000000, -4.000000000000000888 ) ) ;
#9511 = CARTESIAN_POINT ( 'NONE',  ( 4.500000000000003553, 1.199999999999999734, 4.299999999999995381 ) ) ;
#9512 = VECTOR ( 'NONE', #1165, 1000.000000000000000 ) ;
#9513 = CARTESIAN_POINT ( 'NONE',  ( -4.350000000000000533, 0.4000000000000000222, -0.5958405421207638719 ) ) ;
#9514 = PLANE ( 'NONE',  #5439 ) ;
#9515 = EDGE_CURVE ( 'NONE', #2712, #2039, #2087, .T. ) ;
#9516 = VECTOR ( 'NONE', #3800, 1000.000000000000000 ) ;
#9517 = ADVANCED_FACE ( 'NONE', ( #2124 ), #9414, .T. ) ;
#9518 = EDGE_CURVE ( 'NONE', #980, #1423, #5707, .T. ) ;
#9519 = CARTESIAN_POINT ( 'NONE',  ( 3.899999999999999023, 0.000000000000000000, 2.599999999999999201 ) ) ;
#9520 = AXIS2_PLACEMENT_3D ( 'NONE', #2836, #415, #6194 ) ;
#9521 = FACE_OUTER_BOUND ( 'NONE', #1225, .T. ) ;
#9522 = LINE ( 'NONE', #2600, #9455 ) ;
#9523 = EDGE_CURVE ( 'NONE', #4217, #7414, #5744, .T. ) ;
#9524 = DIRECTION ( 'NONE',  ( 1.000000000000000000, 3.614007241618346010E-15, 4.428094999154430289E-31 ) ) ;
#9525 = EDGE_CURVE ( 'NONE', #5483, #3007, #5796, .T. ) ;
#9526 = FACE_OUTER_BOUND ( 'NONE', #882, .T. ) ;
#9527 = VERTEX_POINT ( 'NONE', #9335 ) ;
#9528 = ORIENTED_EDGE ( 'NONE', *, *, #3, .F. ) ;
#9529 = EDGE_CURVE ( 'NONE', #6737, #4196, #5853, .T. ) ;
#9530 = LINE ( 'NONE', #1990, #2061 ) ;
#9531 = DIRECTION ( 'NONE',  ( -1.000000000000000000, 0.000000000000000000, -0.000000000000000000 ) ) ;
#9532 = DIRECTION ( 'NONE',  ( 0.000000000000000000, 1.000000000000000000, 0.000000000000000000 ) ) ;
#9533 = CARTESIAN_POINT ( 'NONE',  ( -4.800000000000000711, 0.8000000000000000444, 0.2499999999999985012 ) ) ;
#9534 = DIRECTION ( 'NONE',  ( -6.310887241768094443E-30, -7.888609052210118054E-31, -1.000000000000000000 ) ) ;
#9535 = ADVANCED_FACE ( 'NONE', ( #9451 ), #1054, .F. ) ;
#9536 = CARTESIAN_POINT ( 'NONE',  ( -4.800000000000000711, 0.8000000000000000444, -3.700000000000001066 ) ) ;
#9537 = LINE ( 'NONE', #4580, #2339 ) ;
#9538 = EDGE_CURVE ( 'NONE', #2845, #4726, #5722, .T. ) ;
#9539 = LINE ( 'NONE', #4935, #2230 ) ;
#9540 = LINE ( 'NONE', #2999, #2196 ) ;
#9541 = EDGE_CURVE ( 'NONE', #5126, #732, #9319, .T. ) ;
#9542 = ORIENTED_EDGE ( 'NONE', *, *, #2484, .T. ) ;
#9543 = EDGE_LOOP ( 'NONE', ( #3352, #6739, #4227, #3779, #7139, #7199 ) ) ;
#9544 = CARTESIAN_POINT ( 'NONE',  ( 3.399999999999995914, 1.528725063204563461E-14, 4.500000000000007994 ) ) ;
#9545 = LINE ( 'NONE', #3686, #2012 ) ;
#9546 = AXIS2_PLACEMENT_3D ( 'NONE', #4465, #6102, #7944 ) ;
#9547 = CARTESIAN_POINT ( 'NONE',  ( -4.350000000000000533, 0.4000000000000000222, -1.695840542120764072 ) ) ;
#9548 = DIRECTION ( 'NONE',  ( 1.000000000000000000, -0.000000000000000000, -0.000000000000000000 ) ) ;
#9549 = CARTESIAN_POINT ( 'NONE',  ( 4.799999999999998934, 0.000000000000000000, -1.500000000000001332 ) ) ;
#9550 = ADVANCED_FACE ( 'NONE', ( #5763 ), #1264, .F. ) ;
#9551 = DIRECTION ( 'NONE',  ( -1.000000000000000000, -2.409338161078908548E-16, 0.000000000000000000 ) ) ;
#9552 = VECTOR ( 'NONE', #6858, 1000.000000000000000 ) ;
#9553 = EDGE_CURVE ( 'NONE', #3069, #6045, #9070, .T. ) ;
#9554 = FACE_OUTER_BOUND ( 'NONE', #10099, .T. ) ;
#9555 = DIRECTION ( 'NONE',  ( 6.310887241768094443E-30, 7.888609052210118054E-31, 1.000000000000000000 ) ) ;
#9556 = FACE_OUTER_BOUND ( 'NONE', #4456, .T. ) ;
#9557 = VERTEX_POINT ( 'NONE', #7830 ) ;
#9558 = ORIENTED_EDGE ( 'NONE', *, *, #8375, .F. ) ;
#9559 = LINE ( 'NONE', #10520, #6259 ) ;
#9560 = DIRECTION ( 'NONE',  ( 0.000000000000000000, 1.000000000000000000, 0.000000000000000000 ) ) ;
#9561 = DIRECTION ( 'NONE',  ( -0.000000000000000000, -1.000000000000000000, -0.000000000000000000 ) ) ;
#9562 = CARTESIAN_POINT ( 'NONE',  ( -3.399999999999997691, 1.199999999999971312, -4.500000000000004441 ) ) ;
#9563 = AXIS2_PLACEMENT_3D ( 'NONE', #910, #9062, #2698 ) ;
#9564 = LINE ( 'NONE', #6089, #6000 ) ;
#9565 = CARTESIAN_POINT ( 'NONE',  ( 3.899999999999999023, 0.000000000000000000, -0.7000000000000009548 ) ) ;
#9566 = EDGE_CURVE ( 'NONE', #9997, #6750, #9467, .T. ) ;
#9567 = DIRECTION ( 'NONE',  ( -0.000000000000000000, -1.000000000000000000, -0.000000000000000000 ) ) ;
#9568 = VECTOR ( 'NONE', #9381, 1000.000000000000000 ) ;
#9569 = DIRECTION ( 'NONE',  ( 1.000000000000000000, 0.000000000000000000, 0.000000000000000000 ) ) ;
#9570 = CARTESIAN_POINT ( 'NONE',  ( 1.399999999999998135, 0.8000000000000000444, 5.000000000000006217 ) ) ;
#9571 = VECTOR ( 'NONE', #6913, 1000.000000000000000 ) ;
#9572 = DIRECTION ( 'NONE',  ( -2.409338161078899674E-16, -1.000000000000000000, 0.000000000000000000 ) ) ;
#9573 = CARTESIAN_POINT ( 'NONE',  ( 4.799999999999998934, 0.000000000000000000, 1.349999999999998757 ) ) ;
#9574 = VECTOR ( 'NONE', #9975, 1000.000000000000000 ) ;
#9575 = EDGE_LOOP ( 'NONE', ( #4438, #7242, #7783, #10384 ) ) ;
#9576 = ORIENTED_EDGE ( 'NONE', *, *, #9393, .F. ) ;
#9577 = CARTESIAN_POINT ( 'NONE',  ( -3.299999999999997602, 2.549999999999999822, -3.200000000000000178 ) ) ;
#9578 =( NAMED_UNIT ( * ) PLANE_ANGLE_UNIT ( ) SI_UNIT ( $, .RADIAN. ) );
#9579 = FACE_OUTER_BOUND ( 'NONE', #1766, .T. ) ;
#9580 = DIRECTION ( 'NONE',  ( -0.000000000000000000, 1.000000000000000000, -0.000000000000000000 ) ) ;
#9581 = MANIFOLD_SOLID_BREP ( 'LPattern2[3]', #1192 ) ;
#9582 = CARTESIAN_POINT ( 'NONE',  ( 4.350000000000000533, 0.7999999999999999334, 3.999999999999999112 ) ) ;
#9583 = FACE_OUTER_BOUND ( 'NONE', #1292, .T. ) ;
#9584 = AXIS2_PLACEMENT_3D ( 'NONE', #711, #1519, #4688 ) ;
#9585 = DIRECTION ( 'NONE',  ( 0.000000000000000000, 1.000000000000000000, 0.000000000000000000 ) ) ;
#9586 = VECTOR ( 'NONE', #4739, 1000.000000000000000 ) ;
#9587 = CARTESIAN_POINT ( 'NONE',  ( -4.800000000000000711, 0.8000000000000000444, -3.050000000000001599 ) ) ;
#9588 = EDGE_CURVE ( 'NONE', #5511, #9200, #5691, .T. ) ;
#9589 = LINE ( 'NONE', #2051, #9785 ) ;
#9590 = AXIS2_PLACEMENT_3D ( 'NONE', #6733, #7684, #5197 ) ;
#9591 = CARTESIAN_POINT ( 'NONE',  ( 3.899999999999999023, 0.4000000000000000222, 0.3999999999999993006 ) ) ;
#9592 = DIRECTION ( 'NONE',  ( -0.000000000000000000, -0.000000000000000000, -1.000000000000000000 ) ) ;
#9593 = LINE ( 'NONE', #3766, #9821 ) ;
#9594 = DIRECTION ( 'NONE',  ( 0.000000000000000000, 0.000000000000000000, 1.000000000000000000 ) ) ;
#9595 = ORIENTED_EDGE ( 'NONE', *, *, #3231, .T. ) ;
#9596 = ORIENTED_EDGE ( 'NONE', *, *, #7820, .T. ) ;
#9597 = CIRCLE ( 'NONE', #9659, 0.2500000000000002220 ) ;
#9598 = DIRECTION ( 'NONE',  ( 0.000000000000000000, 0.000000000000000000, 1.000000000000000000 ) ) ;
#9599 = ORIENTED_EDGE ( 'NONE', *, *, #1431, .F. ) ;
#9600 = DIRECTION ( 'NONE',  ( -0.000000000000000000, 1.000000000000000000, -0.000000000000000000 ) ) ;
#9601 = DIRECTION ( 'NONE',  ( -1.000000000000000000, 0.000000000000000000, 0.000000000000000000 ) ) ;
#9602 = ORIENTED_EDGE ( 'NONE', *, *, #4277, .T. ) ;
#9603 = CARTESIAN_POINT ( 'NONE',  ( -4.800000000000000711, 0.8000000000000000444, -2.900000000000001688 ) ) ;
#9604 = CARTESIAN_POINT ( 'NONE',  ( -4.350000000000000533, 0.8000000000000000444, 0.6999999999999992895 ) ) ;
#9605 = DIRECTION ( 'NONE',  ( -1.000000000000000000, 0.000000000000000000, 0.000000000000000000 ) ) ;
#9606 = CARTESIAN_POINT ( 'NONE',  ( 3.899999999999999023, 0.000000000000000000, 0.4000000000000071276 ) ) ;
#9607 = VECTOR ( 'NONE', #8598, 1000.000000000000000 ) ;
#9608 = VECTOR ( 'NONE', #3848, 1000.000000000000000 ) ;
#9609 = LINE ( 'NONE', #4189, #2987 ) ;
#9610 = EDGE_CURVE ( 'NONE', #8504, #7520, #9499, .T. ) ;
#9611 = CARTESIAN_POINT ( 'NONE',  ( 4.350000000000001421, 0.4000000000000000222, 2.600000000000006750 ) ) ;
#9612 = CYLINDRICAL_SURFACE ( 'NONE', #2181, 0.2500000000000004441 ) ;
#9613 = ORIENTED_EDGE ( 'NONE', *, *, #2784, .F. ) ;
#9614 = EDGE_LOOP ( 'NONE', ( #1702, #2518, #5657, #2947 ) ) ;
#9615 = DIRECTION ( 'NONE',  ( 2.409338161078908548E-16, -1.000000000000000000, 0.000000000000000000 ) ) ;
#9616 = EDGE_CURVE ( 'NONE', #5271, #10169, #5903, .T. ) ;
#9617 = VECTOR ( 'NONE', #7370, 1000.000000000000000 ) ;
#9618 = ORIENTED_EDGE ( 'NONE', *, *, #2925, .F. ) ;
#9619 = ORIENTED_EDGE ( 'NONE', *, *, #7330, .T. ) ;
#9620 = ADVANCED_FACE ( 'NONE', ( #2289, #2274 ), #1332, .T. ) ;
#9621 = PLANE ( 'NONE',  #1126 ) ;
#9622 = LINE ( 'NONE', #1215, #6091 ) ;
#9623 = DIRECTION ( 'NONE',  ( 1.000000000000000000, 0.000000000000000000, 0.000000000000000000 ) ) ;
#9624 = DIRECTION ( 'NONE',  ( -1.000000000000000000, 0.000000000000000000, -0.000000000000000000 ) ) ;
#9625 = PLANE ( 'NONE',  #2426 ) ;
#9626 = ADVANCED_FACE ( 'NONE', ( #5924 ), #2917, .F. ) ;
#9627 = VECTOR ( 'NONE', #5397, 1000.000000000000000 ) ;
#9628 = FACE_OUTER_BOUND ( 'NONE', #10598, .T. ) ;
#9629 = EDGE_CURVE ( 'NONE', #8944, #4531, #5678, .T. ) ;
#9630 = DIRECTION ( 'NONE',  ( -0.000000000000000000, -0.000000000000000000, -1.000000000000000000 ) ) ;
#9631 = VECTOR ( 'NONE', #6129, 1000.000000000000000 ) ;
#9632 = ORIENTED_EDGE ( 'NONE', *, *, #8488, .T. ) ;
#9633 = VERTEX_POINT ( 'NONE', #9606 ) ;
#9634 = EDGE_CURVE ( 'NONE', #406, #2197, #9537, .T. ) ;
#9635 = VECTOR ( 'NONE', #5938, 1000.000000000000000 ) ;
#9636 = ORIENTED_EDGE ( 'NONE', *, *, #6290, .T. ) ;
#9637 = CARTESIAN_POINT ( 'NONE',  ( -3.299999999999997602, 2.600000000000000089, -3.200000000000000178 ) ) ;
#9638 = ORIENTED_EDGE ( 'NONE', *, *, #7864, .F. ) ;
#9639 = EDGE_CURVE ( 'NONE', #7711, #10477, #5491, .T. ) ;
#9640 = CARTESIAN_POINT ( 'NONE',  ( -4.350000000000000533, 0.7999999999999999334, 1.604159457879236195 ) ) ;
#9641 = CARTESIAN_POINT ( 'NONE',  ( -4.800000000000000711, 0.000000000000000000, 3.804159457879236150 ) ) ;
#9642 = ADVANCED_FACE ( 'NONE', ( #1882 ), #10208, .F. ) ;
#9643 = LINE ( 'NONE', #465, #2453 ) ;
#9644 = PLANE ( 'NONE',  #2157 ) ;
#9645 = VECTOR ( 'NONE', #3640, 1000.000000000000000 ) ;
#9646 = ORIENTED_EDGE ( 'NONE', *, *, #4104, .T. ) ;
#9647 = EDGE_CURVE ( 'NONE', #5172, #2235, #9107, .T. ) ;
#9648 = VERTEX_POINT ( 'NONE', #3057 ) ;
#9649 = DIRECTION ( 'NONE',  ( -1.000000000000000000, 0.000000000000000000, 0.000000000000000000 ) ) ;
#9650 = DIRECTION ( 'NONE',  ( 0.000000000000000000, 0.000000000000000000, -1.000000000000000000 ) ) ;
#9651 = VECTOR ( 'NONE', #2614, 1000.000000000000000 ) ;
#9652 = VERTEX_POINT ( 'NONE', #3933 ) ;
#9653 = VERTEX_POINT ( 'NONE', #6064 ) ;
#9654 = CARTESIAN_POINT ( 'NONE',  ( -3.900000000000000799, 0.000000000000000000, 2.599999999999999201 ) ) ;
#9655 = FACE_OUTER_BOUND ( 'NONE', #4538, .T. ) ;
#9656 = CARTESIAN_POINT ( 'NONE',  ( 3.899999999999999023, 0.4000000000000000222, 4.799999999999999822 ) ) ;
#9657 = FACE_OUTER_BOUND ( 'NONE', #10359, .T. ) ;
#9658 = DIRECTION ( 'NONE',  ( -3.614007241618346010E-15, 1.000000000000000000, 3.614007241618346010E-15 ) ) ;
#9659 = AXIS2_PLACEMENT_3D ( 'NONE', #9128, #9059, #7524 ) ;
#9660 = LINE ( 'NONE', #8756, #6217 ) ;
#9661 = PLANE ( 'NONE',  #3455 ) ;
#9662 = MANIFOLD_SOLID_BREP ( 'Cut-Extrude3', #1525 ) ;
#9663 = VECTOR ( 'NONE', #5528, 1000.000000000000000 ) ;
#9664 = CARTESIAN_POINT ( 'NONE',  ( 4.799999999999998934, 0.8000000000000000444, 5.000000000000000000 ) ) ;
#9665 = ORIENTED_EDGE ( 'NONE', *, *, #5151, .T. ) ;
#9666 = ORIENTED_EDGE ( 'NONE', *, *, #2481, .F. ) ;
#9667 = VECTOR ( 'NONE', #2121, 1000.000000000000000 ) ;
#9668 = VERTEX_POINT ( 'NONE', #654 ) ;
#9669 = DIRECTION ( 'NONE',  ( -1.000000000000000000, 0.000000000000000000, -9.637352644315598694E-16 ) ) ;
#9670 = CARTESIAN_POINT ( 'NONE',  ( -3.900000000000000799, 0.4000000000000000222, -1.800000000000001599 ) ) ;
#9671 = VERTEX_POINT ( 'NONE', #6477 ) ;
#9672 = ADVANCED_FACE ( 'NONE', ( #9676 ), #1776, .F. ) ;
#9673 = SURFACE_STYLE_USAGE ( .BOTH. , #8052 ) ;
#9674 = DIRECTION ( 'NONE',  ( 0.000000000000000000, -1.000000000000000000, 0.000000000000000000 ) ) ;
#9675 = CARTESIAN_POINT ( 'NONE',  ( -4.099999999999997868, 0.7999999999999997113, -4.700000000000005507 ) ) ;
#9676 = FACE_OUTER_BOUND ( 'NONE', #8165, .T. ) ;
#9677 = EDGE_CURVE ( 'NONE', #10751, #4915, #2542, .T. ) ;
#9678 = LINE ( 'NONE', #10379, #2601 ) ;
#9679 = AXIS2_PLACEMENT_3D ( 'NONE', #3256, #1618, #10410 ) ;
#9680 = DIRECTION ( 'NONE',  ( -1.000000000000000000, 0.000000000000000000, -9.637352644315598694E-16 ) ) ;
#9681 = LINE ( 'NONE', #8873, #2489 ) ;
#9682 = ORIENTED_EDGE ( 'NONE', *, *, #5951, .T. ) ;
#9683 = ORIENTED_EDGE ( 'NONE', *, *, #3710, .F. ) ;
#9684 = EDGE_CURVE ( 'NONE', #8962, #10643, #6196, .T. ) ;
#9685 = ADVANCED_FACE ( 'NONE', ( #6140 ), #9747, .F. ) ;
#9686 = DIRECTION ( 'NONE',  ( 0.000000000000000000, 1.000000000000000000, 3.252606517456512119E-15 ) ) ;
#9687 = LINE ( 'NONE', #10073, #2442 ) ;
#9688 = ORIENTED_EDGE ( 'NONE', *, *, #8959, .T. ) ;
#9689 = ORIENTED_EDGE ( 'NONE', *, *, #6688, .F. ) ;
#9690 = EDGE_CURVE ( 'NONE', #8695, #2657, #2392, .T. ) ;
#9691 = CARTESIAN_POINT ( 'NONE',  ( -4.800000000000000711, 0.000000000000000000, 1.099999999999998535 ) ) ;
#9692 = DIRECTION ( 'NONE',  ( -2.465190328815661892E-32, 0.000000000000000000, 1.000000000000000000 ) ) ;
#9693 = CARTESIAN_POINT ( 'NONE',  ( -3.299999999999997602, 2.549999999999999822, -3.799999999999999822 ) ) ;
#9694 = DIRECTION ( 'NONE',  ( -0.000000000000000000, -0.000000000000000000, 1.000000000000000000 ) ) ;
#9695 = AXIS2_PLACEMENT_3D ( 'NONE', #1371, #402, #1236 ) ;
#9696 = LINE ( 'NONE', #6170, #9571 ) ;
#9697 = CARTESIAN_POINT ( 'NONE',  ( -1.399999999999998579, 0.7999999999999997113, -4.700000000000005507 ) ) ;
#9698 = VECTOR ( 'NONE', #9398, 1000.000000000000000 ) ;
#9699 = AXIS2_PLACEMENT_3D ( 'NONE', #9760, #8893, #3072 ) ;
#9700 = ORIENTED_EDGE ( 'NONE', *, *, #2425, .F. ) ;
#9701 = ORIENTED_EDGE ( 'NONE', *, *, #9972, .T. ) ;
#9702 = VECTOR ( 'NONE', #1135, 1000.000000000000000 ) ;
#9703 = ORIENTED_EDGE ( 'NONE', *, *, #9386, .F. ) ;
#9704 = CARTESIAN_POINT ( 'NONE',  ( -4.350000000000000533, 0.4000000000000000222, -4.800000000000001599 ) ) ;
#9705 = EDGE_CURVE ( 'NONE', #5448, #10307, #6231, .T. ) ;
#9706 = AXIS2_PLACEMENT_3D ( 'NONE', #4991, #808, #1632 ) ;
#9707 = VERTEX_POINT ( 'NONE', #7419 ) ;
#9708 = CARTESIAN_POINT ( 'NONE',  ( -4.800000000000000711, 0.000000000000000000, 0.6999999999999992895 ) ) ;
#9709 = FACE_OUTER_BOUND ( 'NONE', #6282, .T. ) ;
#9710 = DIRECTION ( 'NONE',  ( -0.000000000000000000, -0.000000000000000000, -1.000000000000000000 ) ) ;
#9711 = DIRECTION ( 'NONE',  ( -0.000000000000000000, -0.000000000000000000, -1.000000000000000000 ) ) ;
#9712 = VECTOR ( 'NONE', #115, 1000.000000000000000 ) ;
#9713 = DIRECTION ( 'NONE',  ( -1.000000000000000000, -0.000000000000000000, -0.000000000000000000 ) ) ;
#9714 = CARTESIAN_POINT ( 'NONE',  ( -4.800000000000000711, 0.8000000000000000444, 6.004159457879236328 ) ) ;
#9715 = LINE ( 'NONE', #8612, #9732 ) ;
#9716 = PLANE ( 'NONE',  #9940 ) ;
#9717 = LINE ( 'NONE', #7310, #9663 ) ;
#9718 = EDGE_LOOP ( 'NONE', ( #616, #6916, #3828, #607 ) ) ;
#9719 = ORIENTED_EDGE ( 'NONE', *, *, #6380, .F. ) ;
#9720 = DIRECTION ( 'NONE',  ( 0.000000000000000000, 0.000000000000000000, 1.000000000000000000 ) ) ;
#9721 = CARTESIAN_POINT ( 'NONE',  ( 3.899999999999999023, 0.4000000000000000222, -2.899999999999993694 ) ) ;
#9722 = FACE_OUTER_BOUND ( 'NONE', #1399, .T. ) ;
#9723 = ORIENTED_EDGE ( 'NONE', *, *, #7100, .T. ) ;
#9724 = ORIENTED_EDGE ( 'NONE', *, *, #5407, .T. ) ;
#9725 = EDGE_CURVE ( 'NONE', #8541, #8055, #2500, .T. ) ;
#9726 = DIRECTION ( 'NONE',  ( -0.000000000000000000, -0.000000000000000000, 1.000000000000000000 ) ) ;
#9727 = VECTOR ( 'NONE', #741, 1000.000000000000000 ) ;
#9728 = EDGE_CURVE ( 'NONE', #608, #3145, #2447, .T. ) ;
#9729 = CARTESIAN_POINT ( 'NONE',  ( -4.800000000000000711, 0.8000000000000000444, -1.800000000000001599 ) ) ;
#9730 = VECTOR ( 'NONE', #9249, 1000.000000000000000 ) ;
#9731 = DIRECTION ( 'NONE',  ( 1.000000000000000000, 0.000000000000000000, 9.637352644315598694E-16 ) ) ;
#9732 = VECTOR ( 'NONE', #7723, 1000.000000000000000 ) ;
#9733 = DIRECTION ( 'NONE',  ( -1.000000000000000000, -0.000000000000000000, 9.637352644315598694E-16 ) ) ;
#9734 = DIRECTION ( 'NONE',  ( 0.000000000000000000, 1.000000000000000000, 0.000000000000000000 ) ) ;
#9735 = ADVANCED_FACE ( 'NONE', ( #5981 ), #8400, .T. ) ;
#9736 = LINE ( 'NONE', #4057, #9839 ) ;
#9737 = DIRECTION ( 'NONE',  ( 0.000000000000000000, -0.000000000000000000, 1.000000000000000000 ) ) ;
#9738 = ORIENTED_EDGE ( 'NONE', *, *, #5323, .T. ) ;
#9739 = ORIENTED_EDGE ( 'NONE', *, *, #3112, .T. ) ;
#9740 = LINE ( 'NONE', #4950, #9617 ) ;
#9741 = CARTESIAN_POINT ( 'NONE',  ( 4.799999999999998934, 0.4000000000000000222, -2.600000000000000977 ) ) ;
#9742 = ORIENTED_EDGE ( 'NONE', *, *, #8296, .T. ) ;
#9743 = DIRECTION ( 'NONE',  ( -1.000000000000000000, 0.000000000000000000, -9.637352644315598694E-16 ) ) ;
#9744 = ORIENTED_EDGE ( 'NONE', *, *, #6617, .F. ) ;
#9745 = EDGE_CURVE ( 'NONE', #1223, #9391, #6072, .T. ) ;
#9746 = DIRECTION ( 'NONE',  ( -0.000000000000000000, -1.000000000000000000, -0.000000000000000000 ) ) ;
#9747 = PLANE ( 'NONE',  #7266 ) ;
#9748 = LINE ( 'NONE', #2510, #9902 ) ;
#9749 = LINE ( 'NONE', #6776, #9627 ) ;
#9750 = LINE ( 'NONE', #9565, #6340 ) ;
#9751 = CARTESIAN_POINT ( 'NONE',  ( -4.350000000000000533, 0.4000000000000000222, 4.904159457879235795 ) ) ;
#9752 = FACE_OUTER_BOUND ( 'NONE', #5163, .T. ) ;
#9753 = ORIENTED_EDGE ( 'NONE', *, *, #4241, .T. ) ;
#9754 = ORIENTED_EDGE ( 'NONE', *, *, #9190, .T. ) ;
#9755 = LINE ( 'NONE', #5907, #2732 ) ;
#9756 = ORIENTED_EDGE ( 'NONE', *, *, #713, .F. ) ;
#9757 = ORIENTED_EDGE ( 'NONE', *, *, #9896, .T. ) ;
#9758 = ADVANCED_FACE ( 'NONE', ( #9709 ), #872, .F. ) ;
#9759 = EDGE_CURVE ( 'NONE', #7919, #7414, #9748, .T. ) ;
#9760 = CARTESIAN_POINT ( 'NONE',  ( -3.299999999999997602, 2.600000000000000089, -3.500000000000000000 ) ) ;
#9761 = CARTESIAN_POINT ( 'NONE',  ( -3.900000000000000799, 0.000000000000000000, 3.999999999999999112 ) ) ;
#9762 = CIRCLE ( 'NONE', #2293, 0.2500000000000002220 ) ;
#9763 = DIRECTION ( 'NONE',  ( 0.000000000000000000, 3.252606517456512119E-15, 1.000000000000000000 ) ) ;
#9764 = DIRECTION ( 'NONE',  ( 2.409338161078908548E-16, -1.000000000000000000, 0.000000000000000000 ) ) ;
#9765 = EDGE_CURVE ( 'NONE', #6478, #3758, #2578, .T. ) ;
#9766 = DIRECTION ( 'NONE',  ( 1.000000000000000000, -0.000000000000000000, 0.000000000000000000 ) ) ;
#9767 = FACE_OUTER_BOUND ( 'NONE', #6667, .T. ) ;
#9768 = EDGE_CURVE ( 'NONE', #4177, #820, #9815, .T. ) ;
#9769 = EDGE_CURVE ( 'NONE', #5502, #4250, #2704, .T. ) ;
#9770 = CARTESIAN_POINT ( 'NONE',  ( 0.000000000000000000, 0.000000000000000000, -1.500000000000001332 ) ) ;
#9771 = VECTOR ( 'NONE', #6917, 1000.000000000000000 ) ;
#9772 = VERTEX_POINT ( 'NONE', #3128 ) ;
#9773 = ORIENTED_EDGE ( 'NONE', *, *, #8656, .T. ) ;
#9774 = LINE ( 'NONE', #294, #9702 ) ;
#9775 = DIRECTION ( 'NONE',  ( 0.000000000000000000, -1.000000000000000000, 0.000000000000000000 ) ) ;
#9776 = ORIENTED_EDGE ( 'NONE', *, *, #3614, .F. ) ;
#9777 = CARTESIAN_POINT ( 'NONE',  ( 4.799999999999998934, 0.8000000000000000444, 0.8499999999999983125 ) ) ;
#9778 = CARTESIAN_POINT ( 'NONE',  ( -3.900000000000000799, 0.4000000000000000222, 2.599999999999999201 ) ) ;
#9779 = PLANE ( 'NONE',  #9175 ) ;
#9780 = EDGE_CURVE ( 'NONE', #584, #980, #2663, .T. ) ;
#9781 = CARTESIAN_POINT ( 'NONE',  ( -4.350000000000000533, 0.7999999999999999334, -1.695840542120764072 ) ) ;
#9782 = DIRECTION ( 'NONE',  ( 0.000000000000000000, 0.000000000000000000, 1.000000000000000000 ) ) ;
#9783 = CARTESIAN_POINT ( 'NONE',  ( 4.799999999999998934, 0.000000000000000000, 4.904159457879235795 ) ) ;
#9784 = DIRECTION ( 'NONE',  ( 0.000000000000000000, -0.000000000000000000, -1.000000000000000000 ) ) ;
#9785 = VECTOR ( 'NONE', #9367, 1000.000000000000000 ) ;
#9786 = AXIS2_PLACEMENT_3D ( 'NONE', #2742, #3603, #2553 ) ;
#9787 = DIRECTION ( 'NONE',  ( -0.000000000000000000, -1.000000000000000000, -0.000000000000000000 ) ) ;
#9788 = FACE_OUTER_BOUND ( 'NONE', #8173, .T. ) ;
#9789 = ORIENTED_EDGE ( 'NONE', *, *, #5155, .T. ) ;
#9790 = ORIENTED_EDGE ( 'NONE', *, *, #9610, .T. ) ;
#9791 = DIRECTION ( 'NONE',  ( 0.000000000000000000, -1.000000000000000000, 3.252606517456512119E-15 ) ) ;
#9792 = CARTESIAN_POINT ( 'NONE',  ( -4.350000000000000533, 0.8010000000000000453, -3.700000000000001066 ) ) ;
#9793 = VECTOR ( 'NONE', #2637, 1000.000000000000000 ) ;
#9794 = VERTEX_POINT ( 'NONE', #4852 ) ;
#9795 = AXIS2_PLACEMENT_3D ( 'NONE', #5527, #4823, #2136 ) ;
#9796 = VECTOR ( 'NONE', #5300, 1000.000000000000000 ) ;
#9797 = CARTESIAN_POINT ( 'NONE',  ( -3.900000000000000799, 0.4000000000000000222, 4.799999999999999822 ) ) ;
#9798 = ADVANCED_FACE ( 'NONE', ( #9655 ), #2364, .F. ) ;
#9799 = LINE ( 'NONE', #3292, #2376 ) ;
#9800 = DIRECTION ( 'NONE',  ( 1.000000000000000000, 0.000000000000000000, 9.637352644315598694E-16 ) ) ;
#9801 = VECTOR ( 'NONE', #3677, 1000.000000000000000 ) ;
#9802 = CARTESIAN_POINT ( 'NONE',  ( 4.350000000000000533, 0.4000000000000000222, 4.800000000000007816 ) ) ;
#9803 = CARTESIAN_POINT ( 'NONE',  ( 3.899999999999999023, 0.4000000000000000222, -4.000000000000000888 ) ) ;
#9804 = LINE ( 'NONE', #2160, #9910 ) ;
#9805 = CARTESIAN_POINT ( 'NONE',  ( -4.799999999999999822, 0.000000000000000000, -2.900000000000001688 ) ) ;
#9806 = EDGE_LOOP ( 'NONE', ( #4373, #4668, #1241, #7930, #9014, #4546 ) ) ;
#9807 = ORIENTED_EDGE ( 'NONE', *, *, #139, .T. ) ;
#9808 = VECTOR ( 'NONE', #8728, 1000.000000000000000 ) ;
#9809 = CARTESIAN_POINT ( 'NONE',  ( 0.000000000000000000, 0.000000000000000000, 3.999999999999999112 ) ) ;
#9810 = CARTESIAN_POINT ( 'NONE',  ( -3.900000000000000799, -5.421010862427522170E-17, -4.000000000000000888 ) ) ;
#9811 = FILL_AREA_STYLE_COLOUR ( '', #4074 ) ;
#9812 = VERTEX_POINT ( 'NONE', #6749 ) ;
#9813 = CARTESIAN_POINT ( 'NONE',  ( 3.899999999999999023, 0.000000000000000000, 4.904159457879235795 ) ) ;
#9814 = AXIS2_PLACEMENT_3D ( 'NONE', #9496, #2128, #6988 ) ;
#9815 = LINE ( 'NONE', #7558, #9920 ) ;
#9816 = ADVANCED_FACE ( 'NONE', ( #6265 ), #9416, .F. ) ;
#9817 = DIRECTION ( 'NONE',  ( -0.000000000000000000, -0.000000000000000000, -1.000000000000000000 ) ) ;
#9818 = VECTOR ( 'NONE', #1163, 1000.000000000000000 ) ;
#9819 = EDGE_CURVE ( 'NONE', #2990, #7004, #6176, .T. ) ;
#9820 = ADVANCED_FACE ( 'NONE', ( #9862 ), #1972, .F. ) ;
#9821 = VECTOR ( 'NONE', #7953, 1000.000000000000000 ) ;
#9822 = ORIENTED_EDGE ( 'NONE', *, *, #6652, .T. ) ;
#9823 = ORIENTED_EDGE ( 'NONE', *, *, #3805, .T. ) ;
#9824 = FACE_OUTER_BOUND ( 'NONE', #5301, .T. ) ;
#9825 = VERTEX_POINT ( 'NONE', #303 ) ;
#9826 = DIRECTION ( 'NONE',  ( 0.000000000000000000, -0.000000000000000000, 1.000000000000000000 ) ) ;
#9827 = CARTESIAN_POINT ( 'NONE',  ( -3.900000000000000799, 0.000000000000000000, -0.7000000000000009548 ) ) ;
#9828 = VECTOR ( 'NONE', #4525, 1000.000000000000000 ) ;
#9829 = AXIS2_PLACEMENT_3D ( 'NONE', #3287, #9240, #8210 ) ;
#9830 = CARTESIAN_POINT ( 'NONE',  ( 4.350000000000000533, 0.4000000000000000222, -2.600000000000000977 ) ) ;
#9831 = DIRECTION ( 'NONE',  ( 0.000000000000000000, 0.000000000000000000, 1.000000000000000000 ) ) ;
#9832 = CARTESIAN_POINT ( 'NONE',  ( -4.800000000000000711, 0.8000000000000000444, -5.000000000000000000 ) ) ;
#9833 = LINE ( 'NONE', #9513, #6057 ) ;
#9834 = DIRECTION ( 'NONE',  ( 0.000000000000000000, 1.000000000000000000, 0.000000000000000000 ) ) ;
#9835 = EDGE_CURVE ( 'NONE', #4257, #3548, #9762, .T. ) ;
#9836 = VECTOR ( 'NONE', #4393, 1000.000000000000000 ) ;
#9837 = AXIS2_PLACEMENT_3D ( 'NONE', #4967, #10278, #6277 ) ;
#9838 = CARTESIAN_POINT ( 'NONE',  ( 3.899999999999999023, 0.4000000000000000222, -0.5958405421207638719 ) ) ;
#9839 = VECTOR ( 'NONE', #8089, 1000.000000000000000 ) ;
#9840 = VERTEX_POINT ( 'NONE', #7851 ) ;
#9841 = ORIENTED_EDGE ( 'NONE', *, *, #4741, .T. ) ;
#9842 = LINE ( 'NONE', #4263, #9651 ) ;
#9843 = PLANE ( 'NONE',  #5408 ) ;
#9844 = ORIENTED_EDGE ( 'NONE', *, *, #4459, .F. ) ;
#9845 = DIRECTION ( 'NONE',  ( -0.000000000000000000, -0.000000000000000000, -1.000000000000000000 ) ) ;
#9846 = DIRECTION ( 'NONE',  ( 0.000000000000000000, 0.000000000000000000, 1.000000000000000000 ) ) ;
#9847 = DIRECTION ( 'NONE',  ( -1.000000000000000000, 0.000000000000000000, 0.000000000000000000 ) ) ;
#9848 = VECTOR ( 'NONE', #1936, 1000.000000000000000 ) ;
#9849 = DIRECTION ( 'NONE',  ( -0.000000000000000000, -1.000000000000000000, -0.000000000000000000 ) ) ;
#9850 = FACE_OUTER_BOUND ( 'NONE', #7502, .T. ) ;
#9851 = EDGE_CURVE ( 'NONE', #2316, #1011, #6213, .T. ) ;
#9852 = AXIS2_PLACEMENT_3D ( 'NONE', #2482, #7393, #9720 ) ;
#9853 = DIRECTION ( 'NONE',  ( -1.000000000000000000, 0.000000000000000000, 0.000000000000000000 ) ) ;
#9854 = LINE ( 'NONE', #8795, #6218 ) ;
#9855 = ORIENTED_EDGE ( 'NONE', *, *, #1779, .F. ) ;
#9856 = ORIENTED_EDGE ( 'NONE', *, *, #2488, .T. ) ;
#9857 = CARTESIAN_POINT ( 'NONE',  ( 4.350000000000000533, 0.4000000000000000222, -3.700000000000001066 ) ) ;
#9858 = CARTESIAN_POINT ( 'NONE',  ( 4.799999999999998934, 0.000000000000000000, 5.000000000000000000 ) ) ;
#9859 = EDGE_CURVE ( 'NONE', #10643, #782, #2633, .T. ) ;
#9860 = LINE ( 'NONE', #3205, #6118 ) ;
#9861 = ORIENTED_EDGE ( 'NONE', *, *, #2262, .F. ) ;
#9862 = FACE_OUTER_BOUND ( 'NONE', #7061, .T. ) ;
#9863 = CARTESIAN_POINT ( 'NONE',  ( 4.350000000000000533, 0.4000000000000000222, -0.4000000000000010214 ) ) ;
#9864 = LINE ( 'NONE', #6437, #6142 ) ;
#9865 = CARTESIAN_POINT ( 'NONE',  ( -4.350000000000000533, 0.4000000000000000222, 2.599999999999998312 ) ) ;
#9866 = VECTOR ( 'NONE', #5645, 1000.000000000000000 ) ;
#9867 = DIRECTION ( 'NONE',  ( 0.000000000000000000, -0.000000000000000000, 1.000000000000000000 ) ) ;
#9868 = EDGE_CURVE ( 'NONE', #1638, #7711, #6249, .T. ) ;
#9869 = CARTESIAN_POINT ( 'NONE',  ( 3.899999999999999023, 0.000000000000000000, -0.7000000000000009548 ) ) ;
#9870 = LINE ( 'NONE', #6274, #6307 ) ;
#9871 = CARTESIAN_POINT ( 'NONE',  ( 3.899999999999999023, 0.000000000000000000, 3.999999999999999112 ) ) ;
#9872 = ORIENTED_EDGE ( 'NONE', *, *, #3638, .F. ) ;
#9873 = CLOSED_SHELL ( 'NONE', ( #817, #6236, #9758, #1336, #463, #6433, #7762, #6498, #2169, #1155 ) ) ;
#9874 = EDGE_CURVE ( 'NONE', #7138, #5266, #2467, .T. ) ;
#9875 = AXIS2_PLACEMENT_3D ( 'NONE', #893, #9186, #6568 ) ;
#9876 = VECTOR ( 'NONE', #10781, 1000.000000000000000 ) ;
#9877 = DIRECTION ( 'NONE',  ( -0.000000000000000000, 0.000000000000000000, 1.000000000000000000 ) ) ;
#9878 = CARTESIAN_POINT ( 'NONE',  ( -3.399999999999997691, 0.7999999999999997113, -4.700000000000005507 ) ) ;
#9879 =( NAMED_UNIT ( * ) SI_UNIT ( $, .STERADIAN. ) SOLID_ANGLE_UNIT ( ) );
#9880 = ORIENTED_EDGE ( 'NONE', *, *, #6318, .T. ) ;
#9881 = EDGE_CURVE ( 'NONE', #7431, #10119, #9564, .T. ) ;
#9882 =( NAMED_UNIT ( * ) SI_UNIT ( $, .STERADIAN. ) SOLID_ANGLE_UNIT ( ) );
#9883 = DIRECTION ( 'NONE',  ( -0.000000000000000000, -0.000000000000000000, -1.000000000000000000 ) ) ;
#9884 = CARTESIAN_POINT ( 'NONE',  ( 4.350000000000000533, 0.8000000000000000444, 0.6999999999999992895 ) ) ;
#9885 = VECTOR ( 'NONE', #4090, 1000.000000000000000 ) ;
#9886 = CARTESIAN_POINT ( 'NONE',  ( 4.799999999999998934, 0.000000000000000000, -3.050000000000001599 ) ) ;
#9887 = ADVANCED_FACE ( 'NONE', ( #9583 ), #8537, .F. ) ;
#9888 = LINE ( 'NONE', #8477, #9801 ) ;
#9889 = CARTESIAN_POINT ( 'NONE',  ( 4.800000000000000711, 0.000000000000000000, 1.099999999999998535 ) ) ;
#9890 = LINE ( 'NONE', #355, #2417 ) ;
#9891 = ORIENTED_EDGE ( 'NONE', *, *, #751, .F. ) ;
#9892 = ORIENTED_EDGE ( 'NONE', *, *, #3737, .T. ) ;
#9893 = CARTESIAN_POINT ( 'NONE',  ( 4.800000000000000711, 0.000000000000000000, 2.199999999999997957 ) ) ;
#9894 = CARTESIAN_POINT ( 'NONE',  ( 4.799999999999998934, 0.000000000000000000, -1.695840542120764072 ) ) ;
#9895 = LINE ( 'NONE', #2107, #2696 ) ;
#9896 = EDGE_CURVE ( 'NONE', #5448, #6934, #6018, .T. ) ;
#9897 = ORIENTED_EDGE ( 'NONE', *, *, #9498, .T. ) ;
#9898 = DIRECTION ( 'NONE',  ( 0.000000000000000000, 1.000000000000000000, 0.000000000000000000 ) ) ;
#9899 = EDGE_CURVE ( 'NONE', #1505, #3110, #2412, .T. ) ;
#9900 = EDGE_CURVE ( 'NONE', #1438, #5502, #9622, .T. ) ;
#9901 = DIRECTION ( 'NONE',  ( 2.465190328815661892E-32, 0.000000000000000000, 1.000000000000000000 ) ) ;
#9902 = VECTOR ( 'NONE', #3343, 1000.000000000000000 ) ;
#9903 = CARTESIAN_POINT ( 'NONE',  ( 4.350000000000000533, 0.8010000000000000453, -2.600000000000000977 ) ) ;
#9904 = DIRECTION ( 'NONE',  ( 0.000000000000000000, -1.000000000000000000, 0.000000000000000000 ) ) ;
#9905 = VECTOR ( 'NONE', #1173, 1000.000000000000000 ) ;
#9906 = AXIS2_PLACEMENT_3D ( 'NONE', #10531, #5778, #8290 ) ;
#9907 = DIRECTION ( 'NONE',  ( 0.000000000000000000, 1.000000000000000000, 0.000000000000000000 ) ) ;
#9908 = VECTOR ( 'NONE', #7076, 1000.000000000000000 ) ;
#9909 = CARTESIAN_POINT ( 'NONE',  ( 4.799999999999998934, 0.000000000000000000, 2.899999999999999023 ) ) ;
#9910 = VECTOR ( 'NONE', #8955, 1000.000000000000000 ) ;
#9911 = ORIENTED_EDGE ( 'NONE', *, *, #4651, .F. ) ;
#9912 = ORIENTED_EDGE ( 'NONE', *, *, #4969, .T. ) ;
#9913 = LINE ( 'NONE', #8658, #6168 ) ;
#9914 = ORIENTED_EDGE ( 'NONE', *, *, #3745, .T. ) ;
#9915 = DIRECTION ( 'NONE',  ( -0.000000000000000000, -1.000000000000000000, -0.000000000000000000 ) ) ;
#9916 = EDGE_CURVE ( 'NONE', #7157, #7138, #2430, .T. ) ;
#9917 = DIRECTION ( 'NONE',  ( -0.000000000000000000, -1.000000000000000000, -0.000000000000000000 ) ) ;
#9918 = AXIS2_PLACEMENT_3D ( 'NONE', #9656, #1452, #6531 ) ;
#9919 = ORIENTED_EDGE ( 'NONE', *, *, #5188, .F. ) ;
#9920 = VECTOR ( 'NONE', #89, 1000.000000000000000 ) ;
#9921 = EDGE_CURVE ( 'NONE', #4171, #2556, #10231, .T. ) ;
#9922 = LINE ( 'NONE', #8213, #9586 ) ;
#9923 = DIRECTION ( 'NONE',  ( -0.000000000000000000, -0.000000000000000000, -1.000000000000000000 ) ) ;
#9924 = FACE_OUTER_BOUND ( 'NONE', #10750, .T. ) ;
#9925 = MECHANICAL_DESIGN_GEOMETRIC_PRESENTATION_REPRESENTATION (  '', ( #2144 ), #8032 ) ;
#9926 = DIRECTION ( 'NONE',  ( 1.000000000000000000, 0.000000000000000000, 0.000000000000000000 ) ) ;
#9927 = VECTOR ( 'NONE', #10742, 1000.000000000000000 ) ;
#9928 = ORIENTED_EDGE ( 'NONE', *, *, #167, .F. ) ;
#9929 = ORIENTED_EDGE ( 'NONE', *, *, #3254, .F. ) ;
#9930 = CARTESIAN_POINT ( 'NONE',  ( 4.099999999999996092, 1.199999999999971312, -4.500000000000004441 ) ) ;
#9931 = CARTESIAN_POINT ( 'NONE',  ( -4.800000000000000711, 0.4000000000000000222, 1.799999999999998712 ) ) ;
#9932 = DIRECTION ( 'NONE',  ( -1.000000000000000000, 0.000000000000000000, 0.000000000000000000 ) ) ;
#9933 = LINE ( 'NONE', #9036, #2789 ) ;
#9934 = VERTEX_POINT ( 'NONE', #6228 ) ;
#9935 = ORIENTED_EDGE ( 'NONE', *, *, #3327, .T. ) ;
#9936 = VECTOR ( 'NONE', #8974, 1000.000000000000000 ) ;
#9937 = CARTESIAN_POINT ( 'NONE',  ( 1.399999999999998135, 1.200000000000002176, 5.000000000000005329 ) ) ;
#9938 = COLOUR_RGB ( '',1.000000000000000000, 0.8117647058823529438, 0.5019607843137254832 ) ;
#9939 = DIRECTION ( 'NONE',  ( 0.000000000000000000, -1.000000000000000000, 0.000000000000000000 ) ) ;
#9940 = AXIS2_PLACEMENT_3D ( 'NONE', #10543, #6456, #624 ) ;
#9941 = LINE ( 'NONE', #3540, #10398 ) ;
#9942 = SURFACE_SIDE_STYLE ('',( #8119 ) ) ;
#9943 = CARTESIAN_POINT ( 'NONE',  ( -3.299999999999997602, 2.600000000000000089, -3.799999999999999822 ) ) ;
#9944 = LINE ( 'NONE', #6453, #2588 ) ;
#9945 = AXIS2_PLACEMENT_3D ( 'NONE', #6, #4920, #9160 ) ;
#9946 = CLOSED_SHELL ( 'NONE', ( #3744, #7120, #5995, #9672, #730, #2997, #2677, #3020, #6439, #2813 ) ) ;
#9947 = ORIENTED_EDGE ( 'NONE', *, *, #2740, .T. ) ;
#9948 = ADVANCED_FACE ( 'NONE', ( #6484 ), #3036, .T. ) ;
#9949 = DIRECTION ( 'NONE',  ( 1.000000000000000000, 0.000000000000000000, 0.000000000000000000 ) ) ;
#9950 = EDGE_CURVE ( 'NONE', #1587, #3874, #3056, .T. ) ;
#9951 = PRODUCT_CONTEXT ( 'NONE', #1546, 'mechanical' ) ;
#9952 = ORIENTED_EDGE ( 'NONE', *, *, #7624, .T. ) ;
#9953 = DIRECTION ( 'NONE',  ( -0.000000000000000000, -0.000000000000000000, 1.000000000000000000 ) ) ;
#9954 = CARTESIAN_POINT ( 'NONE',  ( -4.350000000000000533, 0.4000000000000000222, -0.7000000000000018430 ) ) ;
#9955 = CARTESIAN_POINT ( 'NONE',  ( 3.899999999999999023, 0.4000000000000000222, -0.7000000000000009548 ) ) ;
#9956 = DIRECTION ( 'NONE',  ( -0.000000000000000000, -0.000000000000000000, -1.000000000000000000 ) ) ;
#9957 = ORIENTED_EDGE ( 'NONE', *, *, #5150, .F. ) ;
#9958 = EDGE_CURVE ( 'NONE', #1775, #3371, #2738, .T. ) ;
#9959 = LINE ( 'NONE', #8212, #2998 ) ;
#9960 = CARTESIAN_POINT ( 'NONE',  ( -4.350000000000000533, 0.7999999999999999334, 1.799999999999998712 ) ) ;
#9961 = FACE_OUTER_BOUND ( 'NONE', #8635, .T. ) ;
#9962 = LINE ( 'NONE', #2004, #2800 ) ;
#9963 = CARTESIAN_POINT ( 'NONE',  ( 1.399999999999998135, 0.7999999999999691802, -4.500000000000005329 ) ) ;
#9964 = VECTOR ( 'NONE', #10299, 1000.000000000000000 ) ;
#9965 = VERTEX_POINT ( 'NONE', #4312 ) ;
#9966 = ORIENTED_EDGE ( 'NONE', *, *, #2387, .F. ) ;
#9967 = CARTESIAN_POINT ( 'NONE',  ( 4.799999999999998934, 0.8000000000000000444, 4.149999999999998579 ) ) ;
#9968 = AXIS2_PLACEMENT_3D ( 'NONE', #5834, #4255, #3950 ) ;
#9969 = VECTOR ( 'NONE', #1482, 1000.000000000000000 ) ;
#9970 = ORIENTED_EDGE ( 'NONE', *, *, #3403, .F. ) ;
#9971 = DIRECTION ( 'NONE',  ( 0.000000000000000000, 0.000000000000000000, -1.000000000000000000 ) ) ;
#9972 = EDGE_CURVE ( 'NONE', #7868, #5411, #6353, .T. ) ;
#9973 = ADVANCED_FACE ( 'NONE', ( #6655 ), #1841, .F. ) ;
#9974 = ORIENTED_EDGE ( 'NONE', *, *, #5258, .F. ) ;
#9975 = DIRECTION ( 'NONE',  ( 0.000000000000000000, 1.000000000000000000, 0.000000000000000000 ) ) ;
#9976 = LINE ( 'NONE', #7440, #10262 ) ;
#9977 = DIRECTION ( 'NONE',  ( -1.000000000000000000, 0.000000000000000000, 0.000000000000000000 ) ) ;
#9978 = PLANE ( 'NONE',  #4937 ) ;
#9979 = PLANE ( 'NONE',  #3602 ) ;
#9980 = ADVANCED_FACE ( 'NONE', ( #2811 ), #1350, .F. ) ;
#9981 = CARTESIAN_POINT ( 'NONE',  ( 4.350000000000000533, 0.4000000000000000222, 1.799999999999998712 ) ) ;
#9982 = LINE ( 'NONE', #119, #10153 ) ;
#9983 = CARTESIAN_POINT ( 'NONE',  ( 4.799999999999998934, 0.000000000000000000, -3.550000000000002043 ) ) ;
#9984 = ORIENTED_EDGE ( 'NONE', *, *, #2707, .F. ) ;
#9985 = ORIENTED_EDGE ( 'NONE', *, *, #2837, .T. ) ;
#9986 = VECTOR ( 'NONE', #753, 1000.000000000000000 ) ;
#9987 = ORIENTED_EDGE ( 'NONE', *, *, #4814, .T. ) ;
#9988 = CARTESIAN_POINT ( 'NONE',  ( 3.899999999999999023, 0.000000000000000000, -3.700000000000001066 ) ) ;
#9989 = ORIENTED_EDGE ( 'NONE', *, *, #1612, .T. ) ;
#9990 = EDGE_CURVE ( 'NONE', #6070, #6828, #6640, .T. ) ;
#9991 = VECTOR ( 'NONE', #1865, 1000.000000000000000 ) ;
#9992 = CARTESIAN_POINT ( 'NONE',  ( -3.900000000000000799, 0.000000000000000000, 1.604159457879236195 ) ) ;
#9993 = EDGE_CURVE ( 'NONE', #1541, #3145, #6420, .T. ) ;
#9994 = CARTESIAN_POINT ( 'NONE',  ( -3.900000000000000799, 0.4000000000000000222, 2.899999999999999023 ) ) ;
#9995 = VECTOR ( 'NONE', #9252, 1000.000000000000000 ) ;
#9996 = SURFACE_STYLE_USAGE ( .BOTH. , #8300 ) ;
#9997 = VERTEX_POINT ( 'NONE', #8821 ) ;
#9998 = ORIENTED_EDGE ( 'NONE', *, *, #10080, .T. ) ;
#9999 = CARTESIAN_POINT ( 'NONE',  ( 4.350000000000000533, 0.4000000000000000222, 1.499999999999999556 ) ) ;
#10000 = CARTESIAN_POINT ( 'NONE',  ( 4.799999999999998934, 0.8000000000000000444, -0.4000000000000010214 ) ) ;
#10001 = DIRECTION ( 'NONE',  ( 0.000000000000000000, 0.000000000000000000, -1.000000000000000000 ) ) ;
#10002 = DIRECTION ( 'NONE',  ( -0.000000000000000000, -0.000000000000000000, -1.000000000000000000 ) ) ;
#10003 = LINE ( 'NONE', #9544, #6580 ) ;
#10004 = ORIENTED_EDGE ( 'NONE', *, *, #3093, .F. ) ;
#10005 = CARTESIAN_POINT ( 'NONE',  ( 3.899999999999999023, 0.000000000000000000, 3.999999999999999112 ) ) ;
#10006 = ORIENTED_EDGE ( 'NONE', *, *, #10795, .F. ) ;
#10007 = EDGE_CURVE ( 'NONE', #10519, #438, #6455, .T. ) ;
#10008 = LINE ( 'NONE', #8004, #10075 ) ;
#10009 = EDGE_CURVE ( 'NONE', #5187, #1223, #6536, .T. ) ;
#10010 = CARTESIAN_POINT ( 'NONE',  ( -4.350000000000000533, 0.4000000000000000222, 0.3999999999999993006 ) ) ;
#10011 = CARTESIAN_POINT ( 'NONE',  ( -3.900000000000000799, 0.4000000000000000222, 3.999999999999999112 ) ) ;
#10012 = LINE ( 'NONE', #4626, #6873 ) ;
#10013 = PLANE ( 'NONE',  #4762 ) ;
#10014 = ORIENTED_EDGE ( 'NONE', *, *, #3, .T. ) ;
#10015 = ORIENTED_EDGE ( 'NONE', *, *, #1829, .T. ) ;
#10016 = CARTESIAN_POINT ( 'NONE',  ( -4.099999999999997868, 1.199999999999970646, -4.700000000000005507 ) ) ;
#10017 = CARTESIAN_POINT ( 'NONE',  ( -4.799999999999999822, 0.000000000000000000, 0.3999999999999984679 ) ) ;
#10018 = CARTESIAN_POINT ( 'NONE',  ( -4.500000000000003553, 1.199999999999999734, 4.300000000000001599 ) ) ;
#10019 = ORIENTED_EDGE ( 'NONE', *, *, #9553, .F. ) ;
#10020 = ADVANCED_FACE ( 'NONE', ( #10130 ), #9625, .F. ) ;
#10021 = CARTESIAN_POINT ( 'NONE',  ( -4.800000000000000711, 0.000000000000000000, 4.799999999999998934 ) ) ;
#10022 = DIRECTION ( 'NONE',  ( -0.000000000000000000, -1.000000000000000000, -0.000000000000000000 ) ) ;
#10023 = CARTESIAN_POINT ( 'NONE',  ( -4.350000000000000533, 0.8000000000000000444, 2.899999999999999023 ) ) ;
#10024 = ORIENTED_EDGE ( 'NONE', *, *, #10164, .F. ) ;
#10025 = COLOUR_RGB ( '',1.000000000000000000, 0.8117647058823529438, 0.5019607843137254832 ) ;
#10026 = CARTESIAN_POINT ( 'NONE',  ( -4.800000000000000711, 0.000000000000000000, -1.350000000000002309 ) ) ;
#10027 = FACE_OUTER_BOUND ( 'NONE', #3917, .T. ) ;
#10028 = EDGE_CURVE ( 'NONE', #8154, #8261, #6373, .T. ) ;
#10029 = MECHANICAL_DESIGN_GEOMETRIC_PRESENTATION_REPRESENTATION (  '', ( #2762 ), #3424 ) ;
#10030 = CARTESIAN_POINT ( 'NONE',  ( 0.000000000000000000, 0.4000000000000000222, 0.000000000000000000 ) ) ;
#10031 = EDGE_CURVE ( 'NONE', #7040, #4032, #2831, .T. ) ;
#10032 = ORIENTED_EDGE ( 'NONE', *, *, #3138, .F. ) ;
#10033 = ORIENTED_EDGE ( 'NONE', *, *, #4340, .T. ) ;
#10034 = ADVANCED_FACE ( 'NONE', ( #10148 ), #4665, .F. ) ;
#10035 = DIRECTION ( 'NONE',  ( -1.000000000000000000, 0.000000000000000000, 0.000000000000000000 ) ) ;
#10036 = PRESENTATION_STYLE_ASSIGNMENT (( #1205 ) ) ;
#10037 = CARTESIAN_POINT ( 'NONE',  ( -4.100000000000000533, 2.399999999999999023, -4.299999999999999822 ) ) ;
#10038 = EDGE_CURVE ( 'NONE', #2975, #4997, #9959, .T. ) ;
#10039 = ORIENTED_EDGE ( 'NONE', *, *, #1036, .T. ) ;
#10040 = CARTESIAN_POINT ( 'NONE',  ( -4.350000000000000533, 0.8010000000000000453, -1.500000000000001332 ) ) ;
#10041 = EDGE_LOOP ( 'NONE', ( #9006, #3672, #8878, #8871 ) ) ;
#10042 = CARTESIAN_POINT ( 'NONE',  ( -4.800000000000000711, 0.8000000000000000444, 3.999999999999999112 ) ) ;
#10043 = MANIFOLD_SOLID_BREP ( 'LPattern2[5]', #8773 ) ;
#10044 = CARTESIAN_POINT ( 'NONE',  ( -4.500000000000003553, 1.199999999999999734, -4.299999999999996270 ) ) ;
#10045 = FACE_OUTER_BOUND ( 'NONE', #5516, .T. ) ;
#10046 = DIRECTION ( 'NONE',  ( 0.000000000000000000, 0.000000000000000000, -1.000000000000000000 ) ) ;
#10047 = VECTOR ( 'NONE', #9845, 1000.000000000000000 ) ;
#10048 = CARTESIAN_POINT ( 'NONE',  ( 4.350000000000000533, 0.4000000000000000222, -2.795840542120763939 ) ) ;
#10049 = ORIENTED_EDGE ( 'NONE', *, *, #5484, .F. ) ;
#10050 = ORIENTED_EDGE ( 'NONE', *, *, #52, .T. ) ;
#10051 = EDGE_CURVE ( 'NONE', #74, #5502, #3016, .T. ) ;
#10052 = VECTOR ( 'NONE', #4657, 1000.000000000000000 ) ;
#10053 = ORIENTED_EDGE ( 'NONE', *, *, #8661, .T. ) ;
#10054 = ADVANCED_FACE ( 'NONE', ( #6515 ), #527, .F. ) ;
#10055 = DIRECTION ( 'NONE',  ( -1.000000000000000000, 0.000000000000000000, -0.000000000000000000 ) ) ;
#10056 = ORIENTED_EDGE ( 'NONE', *, *, #1210, .T. ) ;
#10057 = STYLED_ITEM ( 'NONE', ( #1695 ), #2669 ) ;
#10058 = DIRECTION ( 'NONE',  ( 1.000000000000000000, 0.000000000000000000, -0.000000000000000000 ) ) ;
#10059 = EDGE_CURVE ( 'NONE', #8439, #8149, #10008, .T. ) ;
#10060 = ADVANCED_FACE ( 'NONE', ( #2983 ), #10196, .F. ) ;
#10061 = LINE ( 'NONE', #1843, #10165 ) ;
#10062 = CARTESIAN_POINT ( 'NONE',  ( -4.800000000000000711, 0.8000000000000000444, 4.904159457879235795 ) ) ;
#10063 = EDGE_CURVE ( 'NONE', #731, #8777, #6620, .T. ) ;
#10064 = CARTESIAN_POINT ( 'NONE',  ( 4.799999999999998934, 0.8000000000000000444, 1.799999999999998712 ) ) ;
#10065 = PLANE ( 'NONE',  #6441 ) ;
#10066 = ORIENTED_EDGE ( 'NONE', *, *, #482, .T. ) ;
#10067 = ORIENTED_EDGE ( 'NONE', *, *, #5856, .F. ) ;
#10068 = DIRECTION ( 'NONE',  ( 0.000000000000000000, -0.000000000000000000, 1.000000000000000000 ) ) ;
#10069 = PLANE ( 'NONE',  #1680 ) ;
#10070 = CARTESIAN_POINT ( 'NONE',  ( 4.350000000000000533, 0.8000000000000000444, 0.3999999999999993006 ) ) ;
#10071 = LINE ( 'NONE', #10759, #10122 ) ;
#10072 = ORIENTED_EDGE ( 'NONE', *, *, #5433, .T. ) ;
#10073 = CARTESIAN_POINT ( 'NONE',  ( -4.350000000000000533, 0.4000000000000000222, 3.999999999999999112 ) ) ;
#10074 = ORIENTED_EDGE ( 'NONE', *, *, #5155, .F. ) ;
#10075 = VECTOR ( 'NONE', #1577, 1000.000000000000000 ) ;
#10076 = AXIS2_PLACEMENT_3D ( 'NONE', #5899, #950, #3444 ) ;
#10077 = SURFACE_SIDE_STYLE ('',( #453 ) ) ;
#10078 = VECTOR ( 'NONE', #10207, 1000.000000000000000 ) ;
#10079 = DIRECTION ( 'NONE',  ( -5.551115123125782702E-17, -1.000000000000000000, 7.888609052210121557E-31 ) ) ;
#10080 = EDGE_CURVE ( 'NONE', #3625, #8364, #6676, .T. ) ;
#10081 = MECHANICAL_DESIGN_GEOMETRIC_PRESENTATION_REPRESENTATION (  '', ( #8184 ), #5701 ) ;
#10082 = ORIENTED_EDGE ( 'NONE', *, *, #1749, .T. ) ;
#10083 = ORIENTED_EDGE ( 'NONE', *, *, #3390, .T. ) ;
#10084 = VECTOR ( 'NONE', #9686, 1000.000000000000000 ) ;
#10085 = CARTESIAN_POINT ( 'NONE',  ( -3.900000000000000799, 0.4000000000000000222, 0.5041594578792359949 ) ) ;
#10086 = CARTESIAN_POINT ( 'NONE',  ( -4.350000000000000533, 0.4000000000000000222, -2.600000000000000977 ) ) ;
#10087 = ORIENTED_EDGE ( 'NONE', *, *, #1178, .T. ) ;
#10088 = DIRECTION ( 'NONE',  ( 0.000000000000000000, -0.000000000000000000, 1.000000000000000000 ) ) ;
#10089 = CARTESIAN_POINT ( 'NONE',  ( 4.099999999999997868, 2.600000000000000089, 4.300000000000001599 ) ) ;
#10090 = ORIENTED_EDGE ( 'NONE', *, *, #9504, .F. ) ;
#10091 = VECTOR ( 'NONE', #6567, 1000.000000000000000 ) ;
#10092 = DIRECTION ( 'NONE',  ( 0.000000000000000000, 1.000000000000000000, 0.000000000000000000 ) ) ;
#10093 = VECTOR ( 'NONE', #1635, 1000.000000000000000 ) ;
#10094 = AXIS2_PLACEMENT_3D ( 'NONE', #4110, #4939, #6564 ) ;
#10095 = VECTOR ( 'NONE', #8833, 1000.000000000000000 ) ;
#10096 = CARTESIAN_POINT ( 'NONE',  ( -4.800000000000000711, 0.8000000000000000444, 1.799999999999998712 ) ) ;
#10097 = EDGE_CURVE ( 'NONE', #8260, #4093, #9976, .T. ) ;
#10098 =( GEOMETRIC_REPRESENTATION_CONTEXT ( 3 ) GLOBAL_UNCERTAINTY_ASSIGNED_CONTEXT ( ( #7391 ) ) GLOBAL_UNIT_ASSIGNED_CONTEXT ( ( #6131, #3871, #1955 ) ) REPRESENTATION_CONTEXT ( 'NONE', 'WORKASPACE' ) );
#10099 = EDGE_LOOP ( 'NONE', ( #10597, #7911, #4402, #6879 ) ) ;
#10100 = ORIENTED_EDGE ( 'NONE', *, *, #6128, .F. ) ;
#10101 = DIRECTION ( 'NONE',  ( -1.000000000000000000, 0.000000000000000000, 0.000000000000000000 ) ) ;
#10102 = DIRECTION ( 'NONE',  ( 0.000000000000000000, -0.000000000000000000, -1.000000000000000000 ) ) ;
#10103 = VECTOR ( 'NONE', #3879, 1000.000000000000000 ) ;
#10104 = CARTESIAN_POINT ( 'NONE',  ( 4.099999999999997868, 2.400000000000000799, -4.700000000000000178 ) ) ;
#10105 = ORIENTED_EDGE ( 'NONE', *, *, #1085, .T. ) ;
#10106 = DIRECTION ( 'NONE',  ( -0.000000000000000000, -0.000000000000000000, -1.000000000000000000 ) ) ;
#10107 = ORIENTED_EDGE ( 'NONE', *, *, #10505, .F. ) ;
#10108 = DIRECTION ( 'NONE',  ( 0.000000000000000000, -0.000000000000000000, 1.000000000000000000 ) ) ;
#10109 = VECTOR ( 'NONE', #2937, 1000.000000000000000 ) ;
#10110 = DIRECTION ( 'NONE',  ( 1.000000000000000000, 0.000000000000000000, 9.637352644315598694E-16 ) ) ;
#10111 = CARTESIAN_POINT ( 'NONE',  ( -3.299999999999997602, 2.549999999999999822, -3.500000000000000000 ) ) ;
#10112 = LINE ( 'NONE', #2022, #2869 ) ;
#10113 = CARTESIAN_POINT ( 'NONE',  ( -4.800000000000000711, 0.000000000000000000, -0.7000000000000018430 ) ) ;
#10114 = DIRECTION ( 'NONE',  ( 0.000000000000000000, 0.000000000000000000, -1.000000000000000000 ) ) ;
#10115 = EDGE_CURVE ( 'NONE', #5449, #7545, #3104, .T. ) ;
#10116 = PLANE ( 'NONE',  #854 ) ;
#10117 = FILL_AREA_STYLE_COLOUR ( '', #2524 ) ;
#10118 = VERTEX_POINT ( 'NONE', #830 ) ;
#10119 = VERTEX_POINT ( 'NONE', #9241 ) ;
#10120 = EDGE_CURVE ( 'NONE', #8286, #10307, #6401, .T. ) ;
#10121 = DIRECTION ( 'NONE',  ( -0.000000000000000000, 0.000000000000000000, -1.000000000000000000 ) ) ;
#10122 = VECTOR ( 'NONE', #5891, 1000.000000000000000 ) ;
#10123 = LINE ( 'NONE', #8397, #6863 ) ;
#10124 = ORIENTED_EDGE ( 'NONE', *, *, #4520, .F. ) ;
#10125 = EDGE_CURVE ( 'NONE', #6363, #8294, #6438, .T. ) ;
#10126 = DIRECTION ( 'NONE',  ( 1.000000000000000000, 0.000000000000000000, 9.637352644315598694E-16 ) ) ;
#10127 = CARTESIAN_POINT ( 'NONE',  ( -4.800000000000000711, 0.8000000000000000444, -2.900000000000000799 ) ) ;
#10128 = ORIENTED_EDGE ( 'NONE', *, *, #4818, .F. ) ;
#10129 = CARTESIAN_POINT ( 'NONE',  ( -4.350000000000000533, 0.4000000000000000222, 2.899999999999999023 ) ) ;
#10130 = FACE_OUTER_BOUND ( 'NONE', #2025, .T. ) ;
#10131 = LINE ( 'NONE', #5469, #10078 ) ;
#10132 = DIRECTION ( 'NONE',  ( -1.000000000000000000, 0.000000000000000000, 0.000000000000000000 ) ) ;
#10133 = UNCERTAINTY_MEASURE_WITH_UNIT (LENGTH_MEASURE( 1.000000000000000082E-05 ), #6971, 'distance_accuracy_value', 'NONE');
#10134 = PLANE ( 'NONE',  #2027 ) ;
#10135 = ORIENTED_EDGE ( 'NONE', *, *, #951, .F. ) ;
#10136 = ORIENTED_EDGE ( 'NONE', *, *, #3572, .T. ) ;
#10137 = CARTESIAN_POINT ( 'NONE',  ( -3.900000000000000799, 0.4000000000000000222, 3.699999999999999289 ) ) ;
#10138 = DIRECTION ( 'NONE',  ( -1.000000000000000000, 0.000000000000000000, 0.000000000000000000 ) ) ;
#10139 = DIRECTION ( 'NONE',  ( 0.000000000000000000, 0.000000000000000000, 1.000000000000000000 ) ) ;
#10140 = VECTOR ( 'NONE', #2374, 1000.000000000000000 ) ;
#10141 = EDGE_CURVE ( 'NONE', #406, #4636, #6947, .T. ) ;
#10142 = VECTOR ( 'NONE', #4597, 1000.000000000000000 ) ;
#10143 = AXIS2_PLACEMENT_3D ( 'NONE', #1356, #3674, #2190 ) ;
#10144 = ORIENTED_EDGE ( 'NONE', *, *, #7041, .F. ) ;
#10145 = DIRECTION ( 'NONE',  ( 0.000000000000000000, 0.000000000000000000, 1.000000000000000000 ) ) ;
#10146 = ORIENTED_EDGE ( 'NONE', *, *, #5663, .F. ) ;
#10147 = EDGE_CURVE ( 'NONE', #7634, #963, #10408, .T. ) ;
#10148 = FACE_OUTER_BOUND ( 'NONE', #10492, .T. ) ;
#10149 = DIRECTION ( 'NONE',  ( 0.000000000000000000, 1.000000000000000000, 0.000000000000000000 ) ) ;
#10150 = ADVANCED_FACE ( 'NONE', ( #6853 ), #10446, .F. ) ;
#10151 = VECTOR ( 'NONE', #3557, 1000.000000000000000 ) ;
#10152 = CARTESIAN_POINT ( 'NONE',  ( 4.350000000000000533, 0.4000000000000000222, -3.700000000000001066 ) ) ;
#10153 = VECTOR ( 'NONE', #966, 1000.000000000000000 ) ;
#10154 = ORIENTED_EDGE ( 'NONE', *, *, #6360, .F. ) ;
#10155 = EDGE_LOOP ( 'NONE', ( #9703, #6280, #10067, #5410 ) ) ;
#10156 = FACE_OUTER_BOUND ( 'NONE', #7185, .T. ) ;
#10157 = DIRECTION ( 'NONE',  ( 1.000000000000000000, -0.000000000000000000, -0.000000000000000000 ) ) ;
#10158 = CARTESIAN_POINT ( 'NONE',  ( 4.099999999999997868, 2.200000000000000178, 4.300000000000001599 ) ) ;
#10159 = VERTEX_POINT ( 'NONE', #1793 ) ;
#10160 = DIRECTION ( 'NONE',  ( 1.000000000000000000, -0.000000000000000000, -0.000000000000000000 ) ) ;
#10161 = CARTESIAN_POINT ( 'NONE',  ( -4.800000000000000711, 0.8000000000000000444, 5.000000000000000000 ) ) ;
#10162 = ORIENTED_EDGE ( 'NONE', *, *, #7425, .F. ) ;
#10163 = VECTOR ( 'NONE', #7211, 1000.000000000000000 ) ;
#10164 = EDGE_CURVE ( 'NONE', #4771, #4111, #7095, .T. ) ;
#10165 = VECTOR ( 'NONE', #4164, 1000.000000000000000 ) ;
#10166 = AXIS2_PLACEMENT_3D ( 'NONE', #6854, #8495, #7887 ) ;
#10167 = DIRECTION ( 'NONE',  ( 0.000000000000000000, 0.000000000000000000, -1.000000000000000000 ) ) ;
#10168 = EDGE_LOOP ( 'NONE', ( #766, #1137, #4655, #4765 ) ) ;
#10169 = VERTEX_POINT ( 'NONE', #3363 ) ;
#10170 = CARTESIAN_POINT ( 'NONE',  ( 3.899999999999999023, 0.4000000000000000222, 1.499999999999999556 ) ) ;
#10171 = CARTESIAN_POINT ( 'NONE',  ( 3.899999999999999023, 0.000000000000000000, -0.6999999999999931832 ) ) ;
#10172 = LINE ( 'NONE', #668, #9969 ) ;
#10173 = ORIENTED_EDGE ( 'NONE', *, *, #5010, .T. ) ;
#10174 = CARTESIAN_POINT ( 'NONE',  ( 3.899999999999999023, 0.4000000000000000222, -1.695840542120764072 ) ) ;
#10175 = DIRECTION ( 'NONE',  ( -0.000000000000000000, -1.000000000000000000, -0.000000000000000000 ) ) ;
#10176 = ORIENTED_EDGE ( 'NONE', *, *, #1982, .F. ) ;
#10177 = DIRECTION ( 'NONE',  ( 1.000000000000000000, 0.000000000000000000, -0.000000000000000000 ) ) ;
#10178 = CARTESIAN_POINT ( 'NONE',  ( 4.500000000000007105, 1.696132885505121211E-14, 0.000000000000000000 ) ) ;
#10179 = DIRECTION ( 'NONE',  ( 0.000000000000000000, -0.000000000000000000, -1.000000000000000000 ) ) ;
#10180 = CARTESIAN_POINT ( 'NONE',  ( -4.800000000000000711, 0.8000000000000000444, 3.699999999999999289 ) ) ;
#10181 = VECTOR ( 'NONE', #7909, 1000.000000000000000 ) ;
#10182 = EDGE_CURVE ( 'NONE', #1343, #4544, #10430, .T. ) ;
#10183 = CARTESIAN_POINT ( 'NONE',  ( -4.350000000000000533, 0.7999999999999999334, 2.599999999999998312 ) ) ;
#10184 = FILL_AREA_STYLE ('',( #10117 ) ) ;
#10185 = AXIS2_PLACEMENT_3D ( 'NONE', #8681, #4748, #6311 ) ;
#10186 = ORIENTED_EDGE ( 'NONE', *, *, #751, .T. ) ;
#10187 = ORIENTED_EDGE ( 'NONE', *, *, #3298, .F. ) ;
#10188 = CARTESIAN_POINT ( 'NONE',  ( 4.350000000000001421, 0.4000000000000000222, -1.799999999999992939 ) ) ;
#10189 = FACE_OUTER_BOUND ( 'NONE', #4948, .T. ) ;
#10190 = EDGE_CURVE ( 'NONE', #599, #666, #6965, .T. ) ;
#10191 = VECTOR ( 'NONE', #4802, 1000.000000000000000 ) ;
#10192 = EDGE_LOOP ( 'NONE', ( #1787, #572, #3682, #5482 ) ) ;
#10193 = ADVANCED_FACE ( 'NONE', ( #6906 ), #8556, .F. ) ;
#10194 = ORIENTED_EDGE ( 'NONE', *, *, #8729, .T. ) ;
#10195 = CARTESIAN_POINT ( 'NONE',  ( 4.350000000000000533, 0.8010000000000000453, -1.500000000000001332 ) ) ;
#10196 = CYLINDRICAL_SURFACE ( 'NONE', #1656, 0.2500000000000004441 ) ;
#10197 = DIRECTION ( 'NONE',  ( -2.409338161078899674E-16, -1.000000000000000000, 0.000000000000000000 ) ) ;
#10198 = VECTOR ( 'NONE', #9400, 1000.000000000000000 ) ;
#10199 = CARTESIAN_POINT ( 'NONE',  ( -4.350000000000000533, 0.4000000000000000222, 3.699999999999998401 ) ) ;
#10200 = PRODUCT_DEFINITION_SHAPE ( 'NONE', 'NONE',  #1253 ) ;
#10201 = PLANE ( 'NONE',  #9091 ) ;
#10202 = DIRECTION ( 'NONE',  ( -0.000000000000000000, -1.000000000000000000, -0.000000000000000000 ) ) ;
#10203 = ORIENTED_EDGE ( 'NONE', *, *, #3614, .T. ) ;
#10204 = ORIENTED_EDGE ( 'NONE', *, *, #7963, .F. ) ;
#10205 = ORIENTED_EDGE ( 'NONE', *, *, #9684, .F. ) ;
#10206 = CARTESIAN_POINT ( 'NONE',  ( 4.799999999999998934, 0.000000000000000000, 1.604159457879236195 ) ) ;
#10207 = DIRECTION ( 'NONE',  ( -0.000000000000000000, -1.000000000000000000, -0.000000000000000000 ) ) ;
#10208 = PLANE ( 'NONE',  #2188 ) ;
#10209 = AXIS2_PLACEMENT_3D ( 'NONE', #10735, #8393, #802 ) ;
#10210 = VECTOR ( 'NONE', #3809, 1000.000000000000000 ) ;
#10211 = ORIENTED_EDGE ( 'NONE', *, *, #4238, .F. ) ;
#10212 = EDGE_CURVE ( 'NONE', #5187, #3315, #10498, .T. ) ;
#10213 = ORIENTED_EDGE ( 'NONE', *, *, #6900, .T. ) ;
#10214 = DIRECTION ( 'NONE',  ( 0.000000000000000000, -1.000000000000000000, 0.000000000000000000 ) ) ;
#10215 = DIRECTION ( 'NONE',  ( 0.000000000000000000, 1.000000000000000000, 0.000000000000000000 ) ) ;
#10216 = LINE ( 'NONE', #10026, #3037 ) ;
#10217 = DIRECTION ( 'NONE',  ( -0.000000000000000000, 0.000000000000000000, -1.000000000000000000 ) ) ;
#10218 = DIRECTION ( 'NONE',  ( -0.000000000000000000, -0.000000000000000000, -1.000000000000000000 ) ) ;
#10219 = ORIENTED_EDGE ( 'NONE', *, *, #6322, .T. ) ;
#10220 = VERTEX_POINT ( 'NONE', #954 ) ;
#10221 = ORIENTED_EDGE ( 'NONE', *, *, #7920, .T. ) ;
#10222 = LINE ( 'NONE', #170, #6687 ) ;
#10223 = DIRECTION ( 'NONE',  ( 0.000000000000000000, -0.000000000000000000, 1.000000000000000000 ) ) ;
#10224 = DIRECTION ( 'NONE',  ( 1.000000000000000000, 0.000000000000000000, 0.000000000000000000 ) ) ;
#10225 = CIRCLE ( 'NONE', #9336, 0.2500000000000002220 ) ;
#10226 = ORIENTED_EDGE ( 'NONE', *, *, #268, .F. ) ;
#10227 = ADVANCED_FACE ( 'NONE', ( #3402 ), #4182, .F. ) ;
#10228 = DIRECTION ( 'NONE',  ( 1.000000000000000000, 4.336808689942013792E-16, 0.000000000000000000 ) ) ;
#10229 = ORIENTED_EDGE ( 'NONE', *, *, #739, .F. ) ;
#10230 = EDGE_CURVE ( 'NONE', #4537, #5308, #6886, .T. ) ;
#10231 = LINE ( 'NONE', #5438, #6572 ) ;
#10232 = CARTESIAN_POINT ( 'NONE',  ( -4.800000000000000711, 0.7999999999999999334, -2.795840542120763939 ) ) ;
#10233 = LINE ( 'NONE', #8716, #10181 ) ;
#10234 = DIRECTION ( 'NONE',  ( 0.000000000000000000, 0.000000000000000000, 1.000000000000000000 ) ) ;
#10235 = ORIENTED_EDGE ( 'NONE', *, *, #4414, .F. ) ;
#10236 = VERTEX_POINT ( 'NONE', #10180 ) ;
#10237 = ORIENTED_EDGE ( 'NONE', *, *, #1376, .F. ) ;
#10238 = PLANE ( 'NONE',  #6683 ) ;
#10239 = FACE_OUTER_BOUND ( 'NONE', #4420, .T. ) ;
#10240 = LINE ( 'NONE', #1282, #3240 ) ;
#10241 = EDGE_LOOP ( 'NONE', ( #3904, #881, #4386, #4259 ) ) ;
#10242 = CARTESIAN_POINT ( 'NONE',  ( -4.350000000000000533, 0.8000000000000000444, -0.4000000000000010214 ) ) ;
#10243 = EDGE_LOOP ( 'NONE', ( #4732, #6884, #10032, #9855, #6347, #8077 ) ) ;
#10244 = CARTESIAN_POINT ( 'NONE',  ( -4.349999999999999645, 0.7999999999999999334, 3.699999999999998401 ) ) ;
#10245 = CARTESIAN_POINT ( 'NONE',  ( -4.350000000000000533, 0.4000000000000000222, -0.4000000000000010214 ) ) ;
#10246 = CARTESIAN_POINT ( 'NONE',  ( 4.799999999999998934, 0.000000000000000000, -3.700000000000001066 ) ) ;
#10247 = CARTESIAN_POINT ( 'NONE',  ( 4.799999999999998934, 0.000000000000000000, -0.8500000000000017542 ) ) ;
#10248 = LINE ( 'NONE', #7561, #3074 ) ;
#10249 = DIRECTION ( 'NONE',  ( -0.000000000000000000, -0.000000000000000000, -1.000000000000000000 ) ) ;
#10250 = CARTESIAN_POINT ( 'NONE',  ( -4.800000000000000711, 0.000000000000000000, 2.449999999999998401 ) ) ;
#10251 = ADVANCED_FACE ( 'NONE', ( #6711 ), #9979, .F. ) ;
#10252 = VERTEX_POINT ( 'NONE', #8352 ) ;
#10253 = ORIENTED_EDGE ( 'NONE', *, *, #4304, .F. ) ;
#10254 = ORIENTED_EDGE ( 'NONE', *, *, #7281, .F. ) ;
#10255 = DIRECTION ( 'NONE',  ( -0.000000000000000000, 1.000000000000000000, -0.000000000000000000 ) ) ;
#10256 = LINE ( 'NONE', #6961, #2844 ) ;
#10257 = FACE_OUTER_BOUND ( 'NONE', #5294, .T. ) ;
#10258 = VERTEX_POINT ( 'NONE', #5968 ) ;
#10259 = CARTESIAN_POINT ( 'NONE',  ( 4.799999999999998934, 0.8000000000000000444, 6.004159457879236328 ) ) ;
#10260 = VERTEX_POINT ( 'NONE', #9183 ) ;
#10261 = PLANE ( 'NONE',  #442 ) ;
#10262 = VECTOR ( 'NONE', #8281, 1000.000000000000000 ) ;
#10263 = UNCERTAINTY_MEASURE_WITH_UNIT (LENGTH_MEASURE( 1.000000000000000082E-05 ), #4242, 'distance_accuracy_value', 'NONE');
#10264 = EDGE_CURVE ( 'NONE', #1048, #7791, #3210, .T. ) ;
#10265 = DIRECTION ( 'NONE',  ( -2.409338161078899674E-16, -1.000000000000000000, 0.000000000000000000 ) ) ;
#10266 = LINE ( 'NONE', #3508, #3087 ) ;
#10267 = CARTESIAN_POINT ( 'NONE',  ( -1.399999999999998135, 1.598554689981426128E-14, 4.700000000000008171 ) ) ;
#10268 = EDGE_CURVE ( 'NONE', #719, #2938, #10334, .T. ) ;
#10269 = ADVANCED_FACE ( 'NONE', ( #10522 ), #2749, .F. ) ;
#10270 = AXIS2_PLACEMENT_3D ( 'NONE', #5174, #4264, #3618 ) ;
#10271 = CARTESIAN_POINT ( 'NONE',  ( -1.399999999999998135, 1.598554689981426128E-14, -4.700000000000008171 ) ) ;
#10272 = ORIENTED_EDGE ( 'NONE', *, *, #5540, .F. ) ;
#10273 = ORIENTED_EDGE ( 'NONE', *, *, #5446, .T. ) ;
#10274 = CARTESIAN_POINT ( 'NONE',  ( -4.350000000000000533, 0.4000000000000000222, -4.800000000000001599 ) ) ;
#10275 = DIRECTION ( 'NONE',  ( -1.000000000000000000, 0.000000000000000000, 0.000000000000000000 ) ) ;
#10276 = EDGE_CURVE ( 'NONE', #5381, #3301, #7053, .T. ) ;
#10277 = DIRECTION ( 'NONE',  ( 0.000000000000000000, -0.000000000000000000, -1.000000000000000000 ) ) ;
#10278 = DIRECTION ( 'NONE',  ( 0.000000000000000000, 0.000000000000000000, -1.000000000000000000 ) ) ;
#10279 = CIRCLE ( 'NONE', #6663, 0.2500000000000002220 ) ;
#10280 = VERTEX_POINT ( 'NONE', #3288 ) ;
#10281 = ADVANCED_FACE ( 'NONE', ( #7031 ), #1730, .F. ) ;
#10282 = ORIENTED_EDGE ( 'NONE', *, *, #3589, .F. ) ;
#10283 = VECTOR ( 'NONE', #2317, 1000.000000000000000 ) ;
#10284 = CARTESIAN_POINT ( 'NONE',  ( -3.900000000000000799, 0.4000000000000000222, -1.800000000000000711 ) ) ;
#10285 = VECTOR ( 'NONE', #2302, 1000.000000000000000 ) ;
#10286 = CARTESIAN_POINT ( 'NONE',  ( 4.799999999999998934, 0.8000000000000000444, -1.500000000000001332 ) ) ;
#10287 = EDGE_CURVE ( 'NONE', #9013, #4257, #3137, .T. ) ;
#10288 = PRESENTATION_LAYER_ASSIGNMENT (  '', '', ( #8928 ) ) ;
#10289 = ORIENTED_EDGE ( 'NONE', *, *, #5842, .F. ) ;
#10290 = ORIENTED_EDGE ( 'NONE', *, *, #7492, .T. ) ;
#10291 = ORIENTED_EDGE ( 'NONE', *, *, #10505, .T. ) ;
#10292 = ADVANCED_FACE ( 'NONE', ( #3127 ), #9644, .F. ) ;
#10293 = EDGE_CURVE ( 'NONE', #1757, #7336, #3304, .T. ) ;
#10294 = VECTOR ( 'NONE', #6486, 1000.000000000000000 ) ;
#10295 = DIRECTION ( 'NONE',  ( 1.000000000000000000, 0.000000000000000000, 0.000000000000000000 ) ) ;
#10296 = VECTOR ( 'NONE', #6820, 1000.000000000000000 ) ;
#10297 = ORIENTED_EDGE ( 'NONE', *, *, #4126, .T. ) ;
#10298 = DIRECTION ( 'NONE',  ( 0.000000000000000000, -7.589415207398543660E-15, 1.000000000000000000 ) ) ;
#10299 = DIRECTION ( 'NONE',  ( -0.000000000000000000, -1.000000000000000000, -0.000000000000000000 ) ) ;
#10300 = CARTESIAN_POINT ( 'NONE',  ( 4.800000000000000711, 0.8000000000000000444, 1.099999999999998535 ) ) ;
#10301 = EDGE_LOOP ( 'NONE', ( #3810, #337, #8697, #6080 ) ) ;
#10302 = AXIS2_PLACEMENT_3D ( 'NONE', #5795, #557, #8312 ) ;
#10303 = VECTOR ( 'NONE', #6846, 1000.000000000000000 ) ;
#10304 = CARTESIAN_POINT ( 'NONE',  ( 4.350000000000000533, 0.8000000000000000444, -3.700000000000001066 ) ) ;
#10305 = VECTOR ( 'NONE', #4317, 1000.000000000000000 ) ;
#10306 = DIRECTION ( 'NONE',  ( -0.000000000000000000, 1.000000000000000000, -0.000000000000000000 ) ) ;
#10307 = VERTEX_POINT ( 'NONE', #2270 ) ;
#10308 = ORIENTED_EDGE ( 'NONE', *, *, #5863, .T. ) ;
#10309 = CARTESIAN_POINT ( 'NONE',  ( -3.899999999999999467, 0.4000000000000000222, 0.3999999999999993006 ) ) ;
#10310 = CARTESIAN_POINT ( 'NONE',  ( 4.799999999999998934, 0.000000000000000000, 3.700000000000008171 ) ) ;
#10311 = VECTOR ( 'NONE', #6443, 1000.000000000000000 ) ;
#10312 = VECTOR ( 'NONE', #1728, 1000.000000000000000 ) ;
#10313 = ORIENTED_EDGE ( 'NONE', *, *, #2370, .T. ) ;
#10314 = AXIS2_PLACEMENT_3D ( 'NONE', #5064, #8952, #7416 ) ;
#10315 = CARTESIAN_POINT ( 'NONE',  ( 4.799999999999998934, 0.000000000000000000, -0.4000000000000010214 ) ) ;
#10316 = ORIENTED_EDGE ( 'NONE', *, *, #1431, .T. ) ;
#10317 = CARTESIAN_POINT ( 'NONE',  ( 4.799999999999998934, 0.8000000000000000444, -1.799999999999992051 ) ) ;
#10318 = LINE ( 'NONE', #7239, #6987 ) ;
#10319 = ADVANCED_FACE ( 'NONE', ( #3342 ), #3095, .F. ) ;
#10320 = VECTOR ( 'NONE', #9489, 1000.000000000000000 ) ;
#10321 = DIRECTION ( 'NONE',  ( -0.000000000000000000, -0.000000000000000000, 1.000000000000000000 ) ) ;
#10322 = EDGE_CURVE ( 'NONE', #1412, #2893, #10649, .T. ) ;
#10323 = EDGE_CURVE ( 'NONE', #6963, #7318, #3359, .T. ) ;
#10324 = ORIENTED_EDGE ( 'NONE', *, *, #9017, .F. ) ;
#10325 = ORIENTED_EDGE ( 'NONE', *, *, #8507, .F. ) ;
#10326 = LINE ( 'NONE', #539, #2885 ) ;
#10327 = CARTESIAN_POINT ( 'NONE',  ( 4.799999999999998934, 0.8000000000000000444, 2.704159457879236506 ) ) ;
#10328 = LINE ( 'NONE', #9640, #6918 ) ;
#10329 = LINE ( 'NONE', #7210, #3099 ) ;
#10330 = ORIENTED_EDGE ( 'NONE', *, *, #3039, .T. ) ;
#10331 = DIRECTION ( 'NONE',  ( 1.000000000000000000, -4.336808689942013792E-16, 0.000000000000000000 ) ) ;
#10332 = ORIENTED_EDGE ( 'NONE', *, *, #5660, .F. ) ;
#10333 = DIRECTION ( 'NONE',  ( -0.000000000000000000, -1.000000000000000000, -0.000000000000000000 ) ) ;
#10334 = LINE ( 'NONE', #1093, #10692 ) ;
#10335 = PLANE ( 'NONE',  #7916 ) ;
#10336 = FACE_OUTER_BOUND ( 'NONE', #1928, .T. ) ;
#10337 = AXIS2_PLACEMENT_3D ( 'NONE', #10441, #8973, #5437 ) ;
#10338 = DIRECTION ( 'NONE',  ( -1.000000000000000000, 0.000000000000000000, 0.000000000000000000 ) ) ;
#10339 = CARTESIAN_POINT ( 'NONE',  ( 0.000000000000000000, 0.8000000000000000444, 0.000000000000000000 ) ) ;
#10340 = EDGE_CURVE ( 'NONE', #5449, #8113, #3226, .T. ) ;
#10341 = DIRECTION ( 'NONE',  ( -1.000000000000000000, 0.000000000000000000, 0.000000000000000000 ) ) ;
#10342 = AXIS2_PLACEMENT_3D ( 'NONE', #6630, #5761, #6563 ) ;
#10343 = CARTESIAN_POINT ( 'NONE',  ( 3.899999999999999023, 0.4000000000000000222, -3.700000000000001066 ) ) ;
#10344 = ORIENTED_EDGE ( 'NONE', *, *, #4064, .F. ) ;
#10345 = VERTEX_POINT ( 'NONE', #9507 ) ;
#10346 = DIRECTION ( 'NONE',  ( -1.000000000000000000, 0.000000000000000000, 0.000000000000000000 ) ) ;
#10347 = DIRECTION ( 'NONE',  ( 0.000000000000000000, 0.000000000000000000, 1.000000000000000000 ) ) ;
#10348 = CARTESIAN_POINT ( 'NONE',  ( -3.900000000000000799, 0.000000000000000000, 2.899999999999999023 ) ) ;
#10349 = DIRECTION ( 'NONE',  ( 0.000000000000000000, -0.000000000000000000, 1.000000000000000000 ) ) ;
#10350 = VECTOR ( 'NONE', #9497, 1000.000000000000000 ) ;
#10351 = FACE_OUTER_BOUND ( 'NONE', #7503, .T. ) ;
#10352 = VERTEX_POINT ( 'NONE', #5461 ) ;
#10353 = ORIENTED_EDGE ( 'NONE', *, *, #3961, .F. ) ;
#10354 = LINE ( 'NONE', #8164, #6814 ) ;
#10355 =( NAMED_UNIT ( * ) PLANE_ANGLE_UNIT ( ) SI_UNIT ( $, .RADIAN. ) );
#10356 = VECTOR ( 'NONE', #6992, 1000.000000000000000 ) ;
#10357 = CARTESIAN_POINT ( 'NONE',  ( -3.900000000000000799, 0.4000000000000000222, -4.800000000000001599 ) ) ;
#10358 = STYLED_ITEM ( 'NONE', ( #5565 ), #122 ) ;
#10359 = EDGE_LOOP ( 'NONE', ( #8988, #8798, #5098, #8816 ) ) ;
#10360 = ORIENTED_EDGE ( 'NONE', *, *, #8436, .T. ) ;
#10361 = EDGE_CURVE ( 'NONE', #10236, #6478, #10318, .T. ) ;
#10362 = LINE ( 'NONE', #613, #6788 ) ;
#10363 = CARTESIAN_POINT ( 'NONE',  ( -4.350000000000000533, 0.4000000000000000222, -1.800000000000001599 ) ) ;
#10364 = DIRECTION ( 'NONE',  ( 1.000000000000000000, 2.409338161078908548E-16, 0.000000000000000000 ) ) ;
#10365 = PRESENTATION_STYLE_ASSIGNMENT (( #1971 ) ) ;
#10366 = ORIENTED_EDGE ( 'NONE', *, *, #6322, .F. ) ;
#10367 = EDGE_CURVE ( 'NONE', #3007, #3937, #10669, .T. ) ;
#10368 = CARTESIAN_POINT ( 'NONE',  ( -4.800000000000000711, 0.000000000000000000, -1.100000000000002087 ) ) ;
#10369 = CARTESIAN_POINT ( 'NONE',  ( -3.900000000000000799, 0.000000000000000000, 3.699999999999999289 ) ) ;
#10370 = ORIENTED_EDGE ( 'NONE', *, *, #6617, .T. ) ;
#10371 = ORIENTED_EDGE ( 'NONE', *, *, #9921, .F. ) ;
#10372 = LINE ( 'NONE', #1598, #6796 ) ;
#10373 = VECTOR ( 'NONE', #5316, 1000.000000000000000 ) ;
#10374 = DIRECTION ( 'NONE',  ( 0.000000000000000000, 0.000000000000000000, -1.000000000000000000 ) ) ;
#10375 = VERTEX_POINT ( 'NONE', #2890 ) ;
#10376 = EDGE_CURVE ( 'NONE', #10451, #5808, #3378, .T. ) ;
#10377 = ORIENTED_EDGE ( 'NONE', *, *, #5385, .T. ) ;
#10378 = LINE ( 'NONE', #4121, #2783 ) ;
#10379 = CARTESIAN_POINT ( 'NONE',  ( 4.350000000000000533, 0.7999999999999999334, -2.600000000000000977 ) ) ;
#10380 = ADVANCED_FACE ( 'NONE', ( #10588 ), #5651, .F. ) ;
#10381 = CARTESIAN_POINT ( 'NONE',  ( 4.350000000000000533, 0.7999999999999999334, 0.6999999999999992895 ) ) ;
#10382 = LINE ( 'NONE', #9988, #10401 ) ;
#10383 = VECTOR ( 'NONE', #4730, 1000.000000000000000 ) ;
#10384 = ORIENTED_EDGE ( 'NONE', *, *, #3878, .F. ) ;
#10385 = DIRECTION ( 'NONE',  ( -0.000000000000000000, 1.000000000000000000, -0.000000000000000000 ) ) ;
#10386 = CARTESIAN_POINT ( 'NONE',  ( -4.800000000000000711, 0.8000000000000000444, 0.8499999999999983125 ) ) ;
#10387 = ADVANCED_FACE ( 'NONE', ( #3246 ), #476, .F. ) ;
#10388 = ORIENTED_EDGE ( 'NONE', *, *, #6174, .F. ) ;
#10389 = DIRECTION ( 'NONE',  ( 1.000000000000000000, -4.336808689942013792E-16, 0.000000000000000000 ) ) ;
#10390 = EDGE_LOOP ( 'NONE', ( #449, #4377, #6691, #360 ) ) ;
#10391 = VECTOR ( 'NONE', #6251, 1000.000000000000000 ) ;
#10392 = CARTESIAN_POINT ( 'NONE',  ( 3.899999999999999023, 0.4000000000000000222, 1.499999999999999556 ) ) ;
#10393 = FACE_OUTER_BOUND ( 'NONE', #192, .T. ) ;
#10394 = CARTESIAN_POINT ( 'NONE',  ( 4.799999999999998934, -5.421010862427522170E-17, -3.999999999999992450 ) ) ;
#10395 =( LENGTH_UNIT ( ) NAMED_UNIT ( * ) SI_UNIT ( .MILLI., .METRE. ) );
#10396 = CARTESIAN_POINT ( 'NONE',  ( 3.899999999999999023, 0.000000000000000000, 3.699999999999999289 ) ) ;
#10397 = CLOSED_SHELL ( 'NONE', ( #720, #7371, #1013, #10319, #2854, #10281, #9270, #9468, #9453, #4199 ) ) ;
#10398 = VECTOR ( 'NONE', #5260, 1000.000000000000000 ) ;
#10399 = PLANE ( 'NONE',  #6299 ) ;
#10400 = UNCERTAINTY_MEASURE_WITH_UNIT (LENGTH_MEASURE( 1.000000000000000082E-05 ), #258, 'distance_accuracy_value', 'NONE');
#10401 = VECTOR ( 'NONE', #48, 1000.000000000000000 ) ;
#10402 = VECTOR ( 'NONE', #88, 1000.000000000000000 ) ;
#10403 = ORIENTED_EDGE ( 'NONE', *, *, #5721, .T. ) ;
#10404 = EDGE_CURVE ( 'NONE', #7741, #5459, #6759, .T. ) ;
#10405 = ORIENTED_EDGE ( 'NONE', *, *, #639, .F. ) ;
#10406 = CARTESIAN_POINT ( 'NONE',  ( 0.000000000000000000, 0.000000000000000000, 3.999999999999999112 ) ) ;
#10407 = VERTEX_POINT ( 'NONE', #7087 ) ;
#10408 = LINE ( 'NONE', #5839, #6743 ) ;
#10409 = CARTESIAN_POINT ( 'NONE',  ( 4.099999999999997868, 2.199999999999998845, -4.300000000000001599 ) ) ;
#10410 = DIRECTION ( 'NONE',  ( 0.000000000000000000, 3.252606517456512119E-15, 1.000000000000000000 ) ) ;
#10411 = EDGE_CURVE ( 'NONE', #10119, #4128, #10354, .T. ) ;
#10412 = ADVANCED_FACE ( 'NONE', ( #7008 ), #9716, .F. ) ;
#10413 = FACE_OUTER_BOUND ( 'NONE', #930, .T. ) ;
#10414 = DIRECTION ( 'NONE',  ( -0.000000000000000000, -0.000000000000000000, -1.000000000000000000 ) ) ;
#10415 = AXIS2_PLACEMENT_3D ( 'NONE', #5797, #2713, #4973 ) ;
#10416 = DIRECTION ( 'NONE',  ( -0.000000000000000000, -0.000000000000000000, -1.000000000000000000 ) ) ;
#10417 = CARTESIAN_POINT ( 'NONE',  ( 4.350000000000001421, 0.4000000000000000222, -3.999999999999993339 ) ) ;
#10418 = PLANE ( 'NONE',  #8427 ) ;
#10419 = ORIENTED_EDGE ( 'NONE', *, *, #4857, .T. ) ;
#10420 = FILL_AREA_STYLE ('',( #6409 ) ) ;
#10421 = LINE ( 'NONE', #612, #6424 ) ;
#10422 = CARTESIAN_POINT ( 'NONE',  ( -4.350000000000000533, 0.4000000000000000222, -0.7000000000000009548 ) ) ;
#10423 = CARTESIAN_POINT ( 'NONE',  ( 4.350000000000000533, 2.600999999999999979, -4.000000000000000888 ) ) ;
#10424 = LINE ( 'NONE', #2546, #10454 ) ;
#10425 = VECTOR ( 'NONE', #7363, 1000.000000000000000 ) ;
#10426 = ORIENTED_EDGE ( 'NONE', *, *, #6760, .T. ) ;
#10427 = VERTEX_POINT ( 'NONE', #2138 ) ;
#10428 = VERTEX_POINT ( 'NONE', #3843 ) ;
#10429 = EDGE_CURVE ( 'NONE', #5957, #10554, #3423, .T. ) ;
#10430 = LINE ( 'NONE', #2610, #7113 ) ;
#10431 = AXIS2_PLACEMENT_3D ( 'NONE', #142, #7690, #5939 ) ;
#10432 = DIRECTION ( 'NONE',  ( -0.000000000000000000, -0.000000000000000000, -1.000000000000000000 ) ) ;
#10433 = DIRECTION ( 'NONE',  ( 1.000000000000000000, 4.336808689942013792E-16, 0.000000000000000000 ) ) ;
#10434 = ORIENTED_EDGE ( 'NONE', *, *, #7206, .F. ) ;
#10435 = SURFACE_STYLE_FILL_AREA ( #5521 ) ;
#10436 = VECTOR ( 'NONE', #1984, 1000.000000000000000 ) ;
#10437 = CARTESIAN_POINT ( 'NONE',  ( -4.350000000000000533, 0.4000000000000000222, -0.4000000000000010214 ) ) ;
#10438 = LINE ( 'NONE', #9182, #3170 ) ;
#10439 = ORIENTED_EDGE ( 'NONE', *, *, #9541, .T. ) ;
#10440 = DIRECTION ( 'NONE',  ( 0.000000000000000000, 0.000000000000000000, 1.000000000000000000 ) ) ;
#10441 = CARTESIAN_POINT ( 'NONE',  ( -4.800000000000000711, 0.000000000000000000, -3.300000000000001599 ) ) ;
#10442 = CARTESIAN_POINT ( 'NONE',  ( -4.800000000000000711, 0.000000000000000000, 0.6999999999999992895 ) ) ;
#10443 = ORIENTED_EDGE ( 'NONE', *, *, #2525, .F. ) ;
#10444 = EDGE_CURVE ( 'NONE', #5369, #1538, #10627, .T. ) ;
#10445 = VERTEX_POINT ( 'NONE', #9000 ) ;
#10446 = CYLINDRICAL_SURFACE ( 'NONE', #9085, 0.2999999999999999334 ) ;
#10447 = DIRECTION ( 'NONE',  ( -0.000000000000000000, 1.000000000000000000, -0.000000000000000000 ) ) ;
#10448 = LINE ( 'NONE', #2679, #7013 ) ;
#10449 = ADVANCED_FACE ( 'NONE', ( #7074 ), #846, .F. ) ;
#10450 = CARTESIAN_POINT ( 'NONE',  ( 4.800000000000000711, 0.8000000000000000444, 4.399999999999998579 ) ) ;
#10451 = VERTEX_POINT ( 'NONE', #6728 ) ;
#10452 = CARTESIAN_POINT ( 'NONE',  ( 4.100000000000000533, 2.199999999999999289, 4.299999999999999822 ) ) ;
#10453 = AXIS2_PLACEMENT_3D ( 'NONE', #8114, #6472, #648 ) ;
#10454 = VECTOR ( 'NONE', #3156, 1000.000000000000000 ) ;
#10455 = VERTEX_POINT ( 'NONE', #1812 ) ;
#10456 = VERTEX_POINT ( 'NONE', #9139 ) ;
#10457 = CARTESIAN_POINT ( 'NONE',  ( 4.799999999999998934, 0.000000000000000000, 2.449999999999998401 ) ) ;
#10458 = EDGE_CURVE ( 'NONE', #94, #584, #3487, .T. ) ;
#10459 = CARTESIAN_POINT ( 'NONE',  ( 4.799999999999998934, 0.8000000000000000444, 5.000000000000000000 ) ) ;
#10460 = ORIENTED_EDGE ( 'NONE', *, *, #9498, .F. ) ;
#10461 = ORIENTED_EDGE ( 'NONE', *, *, #2370, .F. ) ;
#10462 = VECTOR ( 'NONE', #1995, 1000.000000000000000 ) ;
#10463 = LINE ( 'NONE', #1105, #6910 ) ;
#10464 = DIRECTION ( 'NONE',  ( 0.000000000000000000, 0.000000000000000000, 1.000000000000000000 ) ) ;
#10465 = VECTOR ( 'NONE', #7142, 1000.000000000000000 ) ;
#10466 = CARTESIAN_POINT ( 'NONE',  ( -4.800000000000000711, 0.000000000000000000, -1.500000000000001332 ) ) ;
#10467 = PLANE ( 'NONE',  #7813 ) ;
#10468 = ORIENTED_EDGE ( 'NONE', *, *, #5323, .F. ) ;
#10469 = ORIENTED_EDGE ( 'NONE', *, *, #5663, .T. ) ;
#10470 = ADVANCED_FACE ( 'NONE', ( #3174 ), #5930, .F. ) ;
#10471 = LINE ( 'NONE', #4191, #6769 ) ;
#10472 = LINE ( 'NONE', #2911, #3556 ) ;
#10473 = EDGE_LOOP ( 'NONE', ( #535, #7869, #1446, #4809 ) ) ;
#10474 = VERTEX_POINT ( 'NONE', #8443 ) ;
#10475 = MECHANICAL_DESIGN_GEOMETRIC_PRESENTATION_REPRESENTATION (  '', ( #3780 ), #8971 ) ;
#10476 = CARTESIAN_POINT ( 'NONE',  ( 0.000000000000000000, 0.7999999999999990452, -4.500000000000005329 ) ) ;
#10477 = VERTEX_POINT ( 'NONE', #5786 ) ;
#10478 = CARTESIAN_POINT ( 'NONE',  ( -4.350000000000000533, 0.8000000000000000444, 3.699999999999999289 ) ) ;
#10479 = ORIENTED_EDGE ( 'NONE', *, *, #3209, .T. ) ;
#10480 = ORIENTED_EDGE ( 'NONE', *, *, #361, .F. ) ;
#10481 = EDGE_CURVE ( 'NONE', #5308, #7451, #10372, .T. ) ;
#10482 = VECTOR ( 'NONE', #108, 1000.000000000000000 ) ;
#10483 = CIRCLE ( 'NONE', #2609, 0.2999999999999999334 ) ;
#10484 = CARTESIAN_POINT ( 'NONE',  ( -3.900000000000000799, 0.4000000000000000222, -2.900000000000000799 ) ) ;
#10485 = ORIENTED_EDGE ( 'NONE', *, *, #8181, .T. ) ;
#10486 = FILL_AREA_STYLE ('',( #738 ) ) ;
#10487 = CARTESIAN_POINT ( 'NONE',  ( 1.399999999999998135, 1.200000000000002176, 5.000000000000005329 ) ) ;
#10488 = CARTESIAN_POINT ( 'NONE',  ( 4.350000000000001421, 0.4000000000000000222, 3.700000000000007283 ) ) ;
#10489 = DIRECTION ( 'NONE',  ( 0.000000000000000000, -1.000000000000000000, -3.252606517456512119E-15 ) ) ;
#10490 = LINE ( 'NONE', #6165, #3294 ) ;
#10491 = FACE_OUTER_BOUND ( 'NONE', #3006, .T. ) ;
#10492 = EDGE_LOOP ( 'NONE', ( #2041, #5492, #3491, #1970 ) ) ;
#10493 = VERTEX_POINT ( 'NONE', #2557 ) ;
#10494 = ADVANCED_FACE ( 'NONE', ( #7452 ), #3726, .F. ) ;
#10495 = ORIENTED_EDGE ( 'NONE', *, *, #4741, .F. ) ;
#10496 = ORIENTED_EDGE ( 'NONE', *, *, #2784, .T. ) ;
#10497 = ORIENTED_EDGE ( 'NONE', *, *, #2608, .F. ) ;
#10498 = LINE ( 'NONE', #2676, #6777 ) ;
#10499 = MANIFOLD_SOLID_BREP ( 'Boss-Extrude2', #202 ) ;
#10500 = EDGE_CURVE ( 'NONE', #6601, #7442, #7505, .T. ) ;
#10501 =( LENGTH_UNIT ( ) NAMED_UNIT ( * ) SI_UNIT ( .MILLI., .METRE. ) );
#10502 = CIRCLE ( 'NONE', #2626, 0.2500000000000002220 ) ;
#10503 = AXIS2_PLACEMENT_3D ( 'NONE', #9095, #5738, #1550 ) ;
#10504 = LINE ( 'NONE', #3924, #6930 ) ;
#10505 = EDGE_CURVE ( 'NONE', #8437, #5271, #10805, .T. ) ;
#10506 = ORIENTED_EDGE ( 'NONE', *, *, #8263, .F. ) ;
#10507 = ORIENTED_EDGE ( 'NONE', *, *, #6688, .T. ) ;
#10508 = VECTOR ( 'NONE', #6097, 1000.000000000000000 ) ;
#10509 = DIRECTION ( 'NONE',  ( 0.000000000000000000, 0.000000000000000000, 1.000000000000000000 ) ) ;
#10510 = PLANE ( 'NONE',  #10634 ) ;
#10511 = VECTOR ( 'NONE', #2503, 1000.000000000000000 ) ;
#10512 = ORIENTED_EDGE ( 'NONE', *, *, #4038, .F. ) ;
#10513 = VERTEX_POINT ( 'NONE', #1674 ) ;
#10514 = CARTESIAN_POINT ( 'NONE',  ( -3.900000000000000799, 0.4000000000000000222, -2.600000000000000977 ) ) ;
#10515 = CARTESIAN_POINT ( 'NONE',  ( 3.899999999999999023, 0.4000000000000000222, -3.700000000000001066 ) ) ;
#10516 = CARTESIAN_POINT ( 'NONE',  ( -4.800000000000000711, 0.8000000000000000444, 5.000000000000000000 ) ) ;
#10517 = ORIENTED_EDGE ( 'NONE', *, *, #7183, .T. ) ;
#10518 = ORIENTED_EDGE ( 'NONE', *, *, #4943, .F. ) ;
#10519 = VERTEX_POINT ( 'NONE', #5042 ) ;
#10520 = CARTESIAN_POINT ( 'NONE',  ( -4.800000000000000711, -5.421010862427522170E-17, -4.800000000000001599 ) ) ;
#10521 = ADVANCED_FACE ( 'NONE', ( #293 ), #10065, .T. ) ;
#10522 = FACE_OUTER_BOUND ( 'NONE', #6506, .T. ) ;
#10523 = DIRECTION ( 'NONE',  ( 0.000000000000000000, 3.491481338843133355E-15, -1.000000000000000000 ) ) ;
#10524 = VECTOR ( 'NONE', #2897, 1000.000000000000000 ) ;
#10525 = LINE ( 'NONE', #9805, #3345 ) ;
#10526 = EDGE_CURVE ( 'NONE', #7974, #2873, #10710, .T. ) ;
#10527 = ADVANCED_FACE ( 'NONE', ( #261 ), #10134, .F. ) ;
#10528 = ORIENTED_EDGE ( 'NONE', *, *, #281, .F. ) ;
#10529 = EDGE_CURVE ( 'NONE', #3600, #5440, #3522, .T. ) ;
#10530 = EDGE_LOOP ( 'NONE', ( #6551, #841, #7947, #4604, #6673, #543 ) ) ;
#10531 = CARTESIAN_POINT ( 'NONE',  ( 4.800000000000000711, 0.000000000000000000, -4.400000000000002132 ) ) ;
#10532 = VECTOR ( 'NONE', #5646, 1000.000000000000000 ) ;
#10533 = LINE ( 'NONE', #6012, #3413 ) ;
#10534 = VERTEX_POINT ( 'NONE', #8231 ) ;
#10535 = ORIENTED_EDGE ( 'NONE', *, *, #8785, .F. ) ;
#10536 = DIRECTION ( 'NONE',  ( -0.000000000000000000, -1.000000000000000000, -0.000000000000000000 ) ) ;
#10537 = ORIENTED_EDGE ( 'NONE', *, *, #9629, .T. ) ;
#10538 = CARTESIAN_POINT ( 'NONE',  ( 4.100000000000000533, 2.199999999999999289, 4.299999999999999822 ) ) ;
#10539 = EDGE_LOOP ( 'NONE', ( #8037, #3222 ) ) ;
#10540 = ORIENTED_EDGE ( 'NONE', *, *, #3209, .F. ) ;
#10541 = VECTOR ( 'NONE', #1022, 1000.000000000000000 ) ;
#10542 = LINE ( 'NONE', #8772, #10590 ) ;
#10543 = CARTESIAN_POINT ( 'NONE',  ( 3.899999999999999023, 0.4000000000000000222, 2.599999999999999201 ) ) ;
#10544 = LINE ( 'NONE', #7066, #6816 ) ;
#10545 = CARTESIAN_POINT ( 'NONE',  ( -4.800000000000000711, 0.8000000000000000444, 1.799999999999998712 ) ) ;
#10546 = DIRECTION ( 'NONE',  ( 1.000000000000000000, -0.000000000000000000, 0.000000000000000000 ) ) ;
#10547 = CARTESIAN_POINT ( 'NONE',  ( 4.350000000000000533, 0.7999999999999999334, -4.800000000000001599 ) ) ;
#10548 = VERTEX_POINT ( 'NONE', #2409 ) ;
#10549 = ORIENTED_EDGE ( 'NONE', *, *, #6094, .F. ) ;
#10550 = DIRECTION ( 'NONE',  ( -0.000000000000000000, -1.000000000000000000, -0.000000000000000000 ) ) ;
#10551 = EDGE_CURVE ( 'NONE', #7927, #726, #3541, .T. ) ;
#10552 = VECTOR ( 'NONE', #904, 1000.000000000000000 ) ;
#10553 = LINE ( 'NONE', #7703, #3370 ) ;
#10554 = VERTEX_POINT ( 'NONE', #10711 ) ;
#10555 = ORIENTED_EDGE ( 'NONE', *, *, #7540, .F. ) ;
#10556 = CARTESIAN_POINT ( 'NONE',  ( -3.900000000000000799, 0.4000000000000000222, 2.899999999999999023 ) ) ;
#10557 = ORIENTED_EDGE ( 'NONE', *, *, #4192, .T. ) ;
#10558 = DIRECTION ( 'NONE',  ( 0.000000000000000000, 0.000000000000000000, -1.000000000000000000 ) ) ;
#10559 = AXIS2_PLACEMENT_3D ( 'NONE', #5078, #10035, #8268 ) ;
#10560 = ORIENTED_EDGE ( 'NONE', *, *, #10031, .F. ) ;
#10561 = ORIENTED_EDGE ( 'NONE', *, *, #6449, .F. ) ;
#10562 = VECTOR ( 'NONE', #6177, 1000.000000000000000 ) ;
#10563 = DIRECTION ( 'NONE',  ( 0.000000000000000000, 1.000000000000000000, 0.000000000000000000 ) ) ;
#10564 = DIRECTION ( 'NONE',  ( -0.000000000000000000, -0.000000000000000000, 1.000000000000000000 ) ) ;
#10565 = EDGE_CURVE ( 'NONE', #7833, #5249, #3667, .T. ) ;
#10566 = LINE ( 'NONE', #9214, #21 ) ;
#10567 = VECTOR ( 'NONE', #9630, 1000.000000000000000 ) ;
#10568 = DIRECTION ( 'NONE',  ( 1.000000000000000000, 0.000000000000000000, -0.000000000000000000 ) ) ;
#10569 = CARTESIAN_POINT ( 'NONE',  ( -3.900000000000000799, 0.4000000000000000222, 3.999999999999999112 ) ) ;
#10570 = FILL_AREA_STYLE ('',( #9811 ) ) ;
#10571 = EDGE_LOOP ( 'NONE', ( #5534, #3033, #8670, #1342 ) ) ;
#10572 = ORIENTED_EDGE ( 'NONE', *, *, #5281, .T. ) ;
#10573 = DIRECTION ( 'NONE',  ( 0.000000000000000000, 0.000000000000000000, -1.000000000000000000 ) ) ;
#10574 = DIRECTION ( 'NONE',  ( 1.000000000000000000, 0.000000000000000000, 0.000000000000000000 ) ) ;
#10575 = EDGE_CURVE ( 'NONE', #1011, #5552, #130, .T. ) ;
#10576 = ADVANCED_FACE ( 'NONE', ( #7376 ), #6342, .F. ) ;
#10577 = CARTESIAN_POINT ( 'NONE',  ( 4.800000000000000711, 0.8000000000000000444, -0.7000000000000009548 ) ) ;
#10578 = DIRECTION ( 'NONE',  ( 0.000000000000000000, 0.000000000000000000, -1.000000000000000000 ) ) ;
#10579 = LINE ( 'NONE', #1295, #10436 ) ;
#10580 = LINE ( 'NONE', #5964, #7022 ) ;
#10581 = ORIENTED_EDGE ( 'NONE', *, *, #681, .F. ) ;
#10582 = ORIENTED_EDGE ( 'NONE', *, *, #5484, .T. ) ;
#10583 = EDGE_CURVE ( 'NONE', #4371, #8259, #7149, .T. ) ;
#10584 = DIRECTION ( 'NONE',  ( 0.000000000000000000, 0.000000000000000000, -1.000000000000000000 ) ) ;
#10585 = ORIENTED_EDGE ( 'NONE', *, *, #10120, .T. ) ;
#10586 = ORIENTED_EDGE ( 'NONE', *, *, #10529, .F. ) ;
#10587 = ORIENTED_EDGE ( 'NONE', *, *, #5430, .F. ) ;
#10588 = FACE_OUTER_BOUND ( 'NONE', #8330, .T. ) ;
#10589 = CARTESIAN_POINT ( 'NONE',  ( -3.900000000000000799, 0.000000000000000000, 2.704159457879236506 ) ) ;
#10590 = VECTOR ( 'NONE', #8628, 1000.000000000000000 ) ;
#10591 = LINE ( 'NONE', #7781, #6803 ) ;
#10592 = PLANE ( 'NONE',  #8779 ) ;
#10593 = VERTEX_POINT ( 'NONE', #1323 ) ;
#10594 = ORIENTED_EDGE ( 'NONE', *, *, #3947, .T. ) ;
#10595 = VECTOR ( 'NONE', #5312, 1000.000000000000000 ) ;
#10596 = LINE ( 'NONE', #9878, #7292 ) ;
#10597 = ORIENTED_EDGE ( 'NONE', *, *, #8596, .T. ) ;
#10598 = EDGE_LOOP ( 'NONE', ( #4610, #8482, #4698, #8344 ) ) ;
#10599 = CARTESIAN_POINT ( 'NONE',  ( 0.000000000000000000, 0.4000000000000000222, 7.700000000000000178 ) ) ;
#10600 = CARTESIAN_POINT ( 'NONE',  ( 4.800000000000000711, 0.8000000000000000444, -2.900000000000000799 ) ) ;
#10601 = FILL_AREA_STYLE_COLOUR ( '', #10025 ) ;
#10602 = ORIENTED_EDGE ( 'NONE', *, *, #8607, .T. ) ;
#10603 = ORIENTED_EDGE ( 'NONE', *, *, #3547, .T. ) ;
#10604 = ORIENTED_EDGE ( 'NONE', *, *, #3830, .T. ) ;
#10605 = DIRECTION ( 'NONE',  ( -0.000000000000000000, -0.000000000000000000, -1.000000000000000000 ) ) ;
#10606 = VECTOR ( 'NONE', #549, 1000.000000000000000 ) ;
#10607 = CARTESIAN_POINT ( 'NONE',  ( 4.350000000000000533, 0.7999999999999999334, 3.999999999999999112 ) ) ;
#10608 = ADVANCED_FACE ( 'NONE', ( #3804 ), #2775, .F. ) ;
#10609 = LINE ( 'NONE', #1866, #3469 ) ;
#10610 = AXIS2_PLACEMENT_3D ( 'NONE', #1907, #7056, #2649 ) ;
#10611 = CARTESIAN_POINT ( 'NONE',  ( -3.900000000000000799, 0.4000000000000000222, -1.695840542120764072 ) ) ;
#10612 = EDGE_CURVE ( 'NONE', #5172, #10169, #7265, .T. ) ;
#10613 = AXIS2_PLACEMENT_3D ( 'NONE', #10516, #9766, #3958 ) ;
#10614 = EDGE_LOOP ( 'NONE', ( #3636, #9757, #10124, #6840 ) ) ;
#10615 = ORIENTED_EDGE ( 'NONE', *, *, #377, .F. ) ;
#10616 = CARTESIAN_POINT ( 'NONE',  ( 4.350000000000000533, 0.4000000000000000222, 4.904159457879235795 ) ) ;
#10617 = DIRECTION ( 'NONE',  ( -2.465190328815661892E-32, 0.000000000000000000, -1.000000000000000000 ) ) ;
#10618 = VECTOR ( 'NONE', #1667, 1000.000000000000000 ) ;
#10619 = LINE ( 'NONE', #7727, #3435 ) ;
#10620 = ORIENTED_EDGE ( 'NONE', *, *, #1604, .F. ) ;
#10621 = ORIENTED_EDGE ( 'NONE', *, *, #5416, .F. ) ;
#10622 = DIRECTION ( 'NONE',  ( -0.000000000000000000, -0.000000000000000000, -1.000000000000000000 ) ) ;
#10623 = ORIENTED_EDGE ( 'NONE', *, *, #1496, .T. ) ;
#10624 = CARTESIAN_POINT ( 'NONE',  ( -3.900000000000000799, -5.421010862427522170E-17, -2.795840542120763939 ) ) ;
#10625 = VERTEX_POINT ( 'NONE', #4705 ) ;
#10626 = VERTEX_POINT ( 'NONE', #5348 ) ;
#10627 = LINE ( 'NONE', #1439, #3465 ) ;
#10628 = LINE ( 'NONE', #10327, #3607 ) ;
#10629 = CARTESIAN_POINT ( 'NONE',  ( -4.800000000000000711, 0.8000000000000000444, 5.000000000000000000 ) ) ;
#10630 = FACE_OUTER_BOUND ( 'NONE', #485, .T. ) ;
#10631 = DIRECTION ( 'NONE',  ( 0.000000000000000000, 0.000000000000000000, 1.000000000000000000 ) ) ;
#10632 = PLANE ( 'NONE',  #9584 ) ;
#10633 = CARTESIAN_POINT ( 'NONE',  ( 4.799999999999998934, 0.8000000000000000444, 5.000000000000000000 ) ) ;
#10634 = AXIS2_PLACEMENT_3D ( 'NONE', #6149, #1968, #2722 ) ;
#10635 = VERTEX_POINT ( 'NONE', #9670 ) ;
#10636 = ORIENTED_EDGE ( 'NONE', *, *, #6386, .T. ) ;
#10637 = EDGE_CURVE ( 'NONE', #4111, #1857, #3627, .T. ) ;
#10638 = CARTESIAN_POINT ( 'NONE',  ( -4.800000000000000711, 0.8000000000000000444, 5.000000000000000000 ) ) ;
#10639 = AXIS2_PLACEMENT_3D ( 'NONE', #6248, #6175, #10179 ) ;
#10640 = LINE ( 'NONE', #3017, #6894 ) ;
#10641 = LINE ( 'NONE', #10417, #7124 ) ;
#10642 = ORIENTED_EDGE ( 'NONE', *, *, #8935, .F. ) ;
#10643 = VERTEX_POINT ( 'NONE', #9533 ) ;
#10644 = EDGE_CURVE ( 'NONE', #4128, #905, #7225, .T. ) ;
#10645 = ORIENTED_EDGE ( 'NONE', *, *, #8248, .T. ) ;
#10646 = DIRECTION ( 'NONE',  ( -1.000000000000000000, 2.220446049250313574E-16, 4.930380657631324879E-32 ) ) ;
#10647 = ORIENTED_EDGE ( 'NONE', *, *, #6765, .F. ) ;
#10648 = ORIENTED_EDGE ( 'NONE', *, *, #9446, .F. ) ;
#10649 = LINE ( 'NONE', #10629, #6928 ) ;
#10650 = DIRECTION ( 'NONE',  ( 1.000000000000000000, -0.000000000000000000, -0.000000000000000000 ) ) ;
#10651 = VECTOR ( 'NONE', #6171, 1000.000000000000000 ) ;
#10652 = CARTESIAN_POINT ( 'NONE',  ( -4.800000000000000711, 0.8000000000000000444, -0.5958405421207638719 ) ) ;
#10653 = CARTESIAN_POINT ( 'NONE',  ( 0.000000000000000000, 1.199999999999971312, -4.500000000000004441 ) ) ;
#10654 = CARTESIAN_POINT ( 'NONE',  ( 0.000000000000000000, 0.000000000000000000, 0.000000000000000000 ) ) ;
#10655 = ORIENTED_EDGE ( 'NONE', *, *, #596, .T. ) ;
#10656 = VERTEX_POINT ( 'NONE', #4500 ) ;
#10657 = CARTESIAN_POINT ( 'NONE',  ( 4.799999999999998934, 0.000000000000000000, -3.700000000000001066 ) ) ;
#10658 = CARTESIAN_POINT ( 'NONE',  ( 4.799999999999998934, 0.8000000000000000444, -5.000000000000000000 ) ) ;
#10659 = CARTESIAN_POINT ( 'NONE',  ( 3.899999999999999023, 0.000000000000000000, 3.700000000000007283 ) ) ;
#10660 = CARTESIAN_POINT ( 'NONE',  ( 3.899999999999999023, 0.000000000000000000, -2.900000000000000799 ) ) ;
#10661 = VECTOR ( 'NONE', #5233, 1000.000000000000000 ) ;
#10662 = VECTOR ( 'NONE', #8712, 1000.000000000000000 ) ;
#10663 = ORIENTED_EDGE ( 'NONE', *, *, #9190, .F. ) ;
#10664 = EDGE_LOOP ( 'NONE', ( #8824, #1377, #8275, #8780 ) ) ;
#10665 = CARTESIAN_POINT ( 'NONE',  ( 4.500000000000003553, 1.199999999999999734, -4.299999999999999822 ) ) ;
#10666 = VERTEX_POINT ( 'NONE', #8644 ) ;
#10667 = ORIENTED_EDGE ( 'NONE', *, *, #5006, .F. ) ;
#10668 = ORIENTED_EDGE ( 'NONE', *, *, #9835, .F. ) ;
#10669 = LINE ( 'NONE', #8765, #10606 ) ;
#10670 = DIRECTION ( 'NONE',  ( 0.000000000000000000, 0.000000000000000000, -1.000000000000000000 ) ) ;
#10671 = VECTOR ( 'NONE', #10646, 1000.000000000000000 ) ;
#10672 = PLANE ( 'NONE',  #4247 ) ;
#10673 = CARTESIAN_POINT ( 'NONE',  ( 4.350000000000000533, 0.7999999999999999334, 0.5041594578792359949 ) ) ;
#10674 = DIRECTION ( 'NONE',  ( -2.409338161078899674E-16, -1.000000000000000000, 0.000000000000000000 ) ) ;
#10675 = ORIENTED_EDGE ( 'NONE', *, *, #3552, .T. ) ;
#10676 = ORIENTED_EDGE ( 'NONE', *, *, #878, .T. ) ;
#10677 = CARTESIAN_POINT ( 'NONE',  ( -3.900000000000000799, 0.000000000000000000, -3.700000000000001066 ) ) ;
#10678 = ADVANCED_FACE ( 'NONE', ( #3891 ), #10418, .F. ) ;
#10679 = VECTOR ( 'NONE', #10617, 1000.000000000000000 ) ;
#10680 = CARTESIAN_POINT ( 'NONE',  ( -4.800000000000000711, 0.4000000000000000222, 0.3999999999999984679 ) ) ;
#10681 = VECTOR ( 'NONE', #575, 1000.000000000000000 ) ;
#10682 = ORIENTED_EDGE ( 'NONE', *, *, #295, .T. ) ;
#10683 = ORIENTED_EDGE ( 'NONE', *, *, #6787, .T. ) ;
#10684 = DIRECTION ( 'NONE',  ( -1.000000000000000000, 0.000000000000000000, 0.000000000000000000 ) ) ;
#10685 = DIRECTION ( 'NONE',  ( 3.614007241618346010E-15, -1.000000000000000000, 0.000000000000000000 ) ) ;
#10686 = EDGE_CURVE ( 'NONE', #9668, #9671, #185, .T. ) ;
#10687 = DIRECTION ( 'NONE',  ( 0.000000000000000000, 0.000000000000000000, 1.000000000000000000 ) ) ;
#10688 = ORIENTED_EDGE ( 'NONE', *, *, #1634, .F. ) ;
#10689 = ORIENTED_EDGE ( 'NONE', *, *, #1041, .F. ) ;
#10691 = ORIENTED_EDGE ( 'NONE', *, *, #6574, .F. ) ;
#10690 = CARTESIAN_POINT ( 'NONE',  ( -4.299999999999999822, 2.200000000000000178, 4.299999999999999822 ) ) ;
#10692 = VECTOR ( 'NONE', #1935, 1000.000000000000000 ) ;
#10693 = CARTESIAN_POINT ( 'NONE',  ( 4.350000000000000533, 0.4000000000000000222, 4.904159457879235795 ) ) ;
#10694 = DIRECTION ( 'NONE',  ( 0.000000000000000000, -0.000000000000000000, 1.000000000000000000 ) ) ;
#10695 = CARTESIAN_POINT ( 'NONE',  ( 4.799999999999998934, 0.8000000000000000444, 0.6999999999999992895 ) ) ;
#10696 = EDGE_LOOP ( 'NONE', ( #7166, #3164, #10636, #10676, #10146, #3347 ) ) ;
#10697 = VERTEX_POINT ( 'NONE', #6272 ) ;
#10698 = CARTESIAN_POINT ( 'NONE',  ( 3.899999999999999023, 0.4000000000000000222, 4.799999999999999822 ) ) ;
#10699 = FACE_OUTER_BOUND ( 'NONE', #7799, .T. ) ;
#10700 = LINE ( 'NONE', #1322, #3535 ) ;
#10701 = VERTEX_POINT ( 'NONE', #8051 ) ;
#10702 = EDGE_CURVE ( 'NONE', #4226, #1185, #7415, .T. ) ;
#10703 = CARTESIAN_POINT ( 'NONE',  ( -3.900000000000000799, 0.000000000000000000, 0.3999999999999993006 ) ) ;
#10704 = CARTESIAN_POINT ( 'NONE',  ( 4.350000000000000533, 0.7999999999999999334, -1.500000000000001332 ) ) ;
#10705 = ADVANCED_FACE ( 'NONE', ( #19 ), #4426, .F. ) ;
#10706 = ORIENTED_EDGE ( 'NONE', *, *, #7425, .T. ) ;
#10707 = CARTESIAN_POINT ( 'NONE',  ( -3.299999999999997602, 2.549999999999999822, -3.799999999999999822 ) ) ;
#10708 = EDGE_LOOP ( 'NONE', ( #8584, #4567, #5190, #1590 ) ) ;
#10709 = ORIENTED_EDGE ( 'NONE', *, *, #1661, .T. ) ;
#10710 = LINE ( 'NONE', #4898, #10730 ) ;
#10711 = CARTESIAN_POINT ( 'NONE',  ( 4.350000000000000533, 0.7999999999999999334, 4.800000000000007816 ) ) ;
#10712 = ADVANCED_FACE ( 'NONE', ( #279 ), #5276, .F. ) ;
#10713 = LINE ( 'NONE', #4407, #3525 ) ;
#10714 = EDGE_CURVE ( 'NONE', #599, #3041, #203, .T. ) ;
#10715 = DIRECTION ( 'NONE',  ( 1.000000000000000000, 0.000000000000000000, 0.000000000000000000 ) ) ;
#10716 = PLANE ( 'NONE',  #7537 ) ;
#10717 = PLANE ( 'NONE',  #2700 ) ;
#10718 = ORIENTED_EDGE ( 'NONE', *, *, #3939, .F. ) ;
#10719 = AXIS2_PLACEMENT_3D ( 'NONE', #7226, #3968, #3464 ) ;
#10720 = ORIENTED_EDGE ( 'NONE', *, *, #1178, .F. ) ;
#10721 = CARTESIAN_POINT ( 'NONE',  ( 3.899999999999999023, 0.000000000000000000, 2.899999999999999023 ) ) ;
#10722 = VECTOR ( 'NONE', #3176, 1000.000000000000000 ) ;
#10723 = LINE ( 'NONE', #9221, #10782 ) ;
#10724 = ORIENTED_EDGE ( 'NONE', *, *, #6318, .F. ) ;
#10725 = CARTESIAN_POINT ( 'NONE',  ( -4.350000000000000533, 0.8010000000000000453, 4.799999999999999822 ) ) ;
#10726 = ORIENTED_EDGE ( 'NONE', *, *, #6254, .T. ) ;
#10727 = DIRECTION ( 'NONE',  ( 2.409338161078908548E-16, -1.000000000000000000, 0.000000000000000000 ) ) ;
#10728 = ORIENTED_EDGE ( 'NONE', *, *, #2187, .T. ) ;
#10729 = ORIENTED_EDGE ( 'NONE', *, *, #5626, .F. ) ;
#10730 = VECTOR ( 'NONE', #5987, 1000.000000000000000 ) ;
#10731 = CARTESIAN_POINT ( 'NONE',  ( 4.350000000000000533, 0.4000000000000000222, 3.700000000000007283 ) ) ;
#10732 = DIRECTION ( 'NONE',  ( -1.000000000000000000, -0.000000000000000000, 9.637352644315598694E-16 ) ) ;
#10733 = FACE_OUTER_BOUND ( 'NONE', #382, .T. ) ;
#10734 = CARTESIAN_POINT ( 'NONE',  ( -4.800000000000000711, 0.000000000000000000, 2.899999999999999023 ) ) ;
#10735 = CARTESIAN_POINT ( 'NONE',  ( -3.900000000000000799, 0.4000000000000000222, -0.7000000000000009548 ) ) ;
#10736 = DIRECTION ( 'NONE',  ( -0.000000000000000000, 1.000000000000000000, -0.000000000000000000 ) ) ;
#10737 = PLANE ( 'NONE',  #10314 ) ;
#10738 = ADVANCED_FACE ( 'NONE', ( #7189 ), #424, .F. ) ;
#10739 = ORIENTED_EDGE ( 'NONE', *, *, #9017, .T. ) ;
#10740 = ORIENTED_EDGE ( 'NONE', *, *, #7218, .T. ) ;
#10741 = PLANE ( 'NONE',  #7560 ) ;
#10742 = DIRECTION ( 'NONE',  ( -0.000000000000000000, -1.000000000000000000, -0.000000000000000000 ) ) ;
#10743 = CARTESIAN_POINT ( 'NONE',  ( -4.800000000000000711, 0.8000000000000000444, 3.549999999999998490 ) ) ;
#10744 = DIRECTION ( 'NONE',  ( 1.000000000000000000, 0.000000000000000000, 0.000000000000000000 ) ) ;
#10745 = CIRCLE ( 'NONE', #6404, 0.2500000000000002220 ) ;
#10746 = CIRCLE ( 'NONE', #6207, 0.1999999999999996503 ) ;
#10747 = VERTEX_POINT ( 'NONE', #2847 ) ;
#10748 = EDGE_CURVE ( 'NONE', #6704, #7157, #7245, .T. ) ;
#10749 = CARTESIAN_POINT ( 'NONE',  ( -3.900000000000000799, 0.4000000000000000222, -4.800000000000001599 ) ) ;
#10750 = EDGE_LOOP ( 'NONE', ( #7162, #7756, #4470, #4735 ) ) ;
#10751 = VERTEX_POINT ( 'NONE', #4850 ) ;
#10752 = ORIENTED_EDGE ( 'NONE', *, *, #6681, .T. ) ;
#10753 = VECTOR ( 'NONE', #3793, 1000.000000000000000 ) ;
#10754 = EDGE_CURVE ( 'NONE', #2400, #5628, #7433, .T. ) ;
#10755 = DIRECTION ( 'NONE',  ( 0.000000000000000000, 0.000000000000000000, -1.000000000000000000 ) ) ;
#10756 = LINE ( 'NONE', #1094, #3566 ) ;
#10757 = ADVANCED_FACE ( 'NONE', ( #3855 ), #2504, .F. ) ;
#10758 = CARTESIAN_POINT ( 'NONE',  ( -3.900000000000000799, 0.4000000000000000222, 3.699999999999999289 ) ) ;
#10759 = CARTESIAN_POINT ( 'NONE',  ( 4.799999999999998934, 0.4000000000000000222, -4.000000000000001776 ) ) ;
#10760 = ORIENTED_EDGE ( 'NONE', *, *, #169, .F. ) ;
#10761 = ORIENTED_EDGE ( 'NONE', *, *, #1301, .F. ) ;
#10762 = DIRECTION ( 'NONE',  ( 0.000000000000000000, 1.000000000000000000, 0.000000000000000000 ) ) ;
#10763 = VECTOR ( 'NONE', #3856, 1000.000000000000000 ) ;
#10764 = CARTESIAN_POINT ( 'NONE',  ( 3.900000000000000355, 0.000000000000000000, 3.700000000000007283 ) ) ;
#10765 = FACE_OUTER_BOUND ( 'NONE', #9215, .T. ) ;
#10766 = ORIENTED_EDGE ( 'NONE', *, *, #722, .F. ) ;
#10767 = AXIS2_PLACEMENT_3D ( 'NONE', #4283, #4825, #7235 ) ;
#10768 = PLANE ( 'NONE',  #1281 ) ;
#10769 = VERTEX_POINT ( 'NONE', #5810 ) ;
#10770 = VERTEX_POINT ( 'NONE', #804 ) ;
#10772 = VERTEX_POINT ( 'NONE', #6541 ) ;
#10771 = DIRECTION ( 'NONE',  ( 0.000000000000000000, -0.000000000000000000, 1.000000000000000000 ) ) ;
#10773 = CARTESIAN_POINT ( 'NONE',  ( 4.800000000000000711, 0.000000000000000000, 4.399999999999998579 ) ) ;
#10774 = LINE ( 'NONE', #3612, #3586 ) ;
#10775 = ORIENTED_EDGE ( 'NONE', *, *, #3956, .F. ) ;
#10776 = ORIENTED_EDGE ( 'NONE', *, *, #8470, .T. ) ;
#10777 =( NAMED_UNIT ( * ) SI_UNIT ( $, .STERADIAN. ) SOLID_ANGLE_UNIT ( ) );
#10778 = ADVANCED_FACE ( 'NONE', ( #3685 ), #10737, .F. ) ;
#10779 = CARTESIAN_POINT ( 'NONE',  ( 0.000000000000000000, 0.4000000000000000222, 4.400000000000000355 ) ) ;
#10780 = LINE ( 'NONE', #6783, #3898 ) ;
#10781 = DIRECTION ( 'NONE',  ( -1.000000000000000000, 0.000000000000000000, 0.000000000000000000 ) ) ;
#10782 = VECTOR ( 'NONE', #1624, 1000.000000000000000 ) ;
#10783 = ORIENTED_EDGE ( 'NONE', *, *, #567, .T. ) ;
#10784 = ADVANCED_FACE ( 'NONE', ( #7280 ), #2433, .T. ) ;
#10785 = EDGE_LOOP ( 'NONE', ( #10330, #7845, #4150, #3032 ) ) ;
#10786 = EDGE_LOOP ( 'NONE', ( #7810, #1258, #4737, #10648 ) ) ;
#10787 = ORIENTED_EDGE ( 'NONE', *, *, #461, .F. ) ;
#10788 = VECTOR ( 'NONE', #4577, 1000.000000000000000 ) ;
#10789 = EDGE_CURVE ( 'NONE', #6240, #7103, #79, .T. ) ;
#10790 = FACE_OUTER_BOUND ( 'NONE', #4052, .T. ) ;
#10791 = MECHANICAL_DESIGN_GEOMETRIC_PRESENTATION_REPRESENTATION (  '', ( #2446 ), #6361 ) ;
#10792 = CARTESIAN_POINT ( 'NONE',  ( 4.799999999999998934, 0.000000000000000000, -3.550000000000002043 ) ) ;
#10793 = VECTOR ( 'NONE', #8624, 1000.000000000000000 ) ;
#10794 = DIRECTION ( 'NONE',  ( -1.000000000000000000, 0.000000000000000000, -9.637352644315598694E-16 ) ) ;
#10795 = EDGE_CURVE ( 'NONE', #994, #10220, #7297, .T. ) ;
#10796 = ORIENTED_EDGE ( 'NONE', *, *, #4969, .F. ) ;
#10797 = ORIENTED_EDGE ( 'NONE', *, *, #6836, .T. ) ;
#10798 = VECTOR ( 'NONE', #5918, 1000.000000000000000 ) ;
#10799 = FACE_OUTER_BOUND ( 'NONE', #2077, .T. ) ;
#10800 = ORIENTED_EDGE ( 'NONE', *, *, #6937, .T. ) ;
#10801 = SURFACE_STYLE_USAGE ( .BOTH. , #10077 ) ;
#10802 = VERTEX_POINT ( 'NONE', #4781 ) ;
#10803 = ORIENTED_EDGE ( 'NONE', *, *, #2269, .F. ) ;
#10804 = ORIENTED_EDGE ( 'NONE', *, *, #1458, .F. ) ;
#10805 = LINE ( 'NONE', #3388, #3876 ) ;
#10806 = CARTESIAN_POINT ( 'NONE',  ( 3.899999999999999023, 0.4000000000000000222, 2.599999999999999201 ) ) ;
#10807 = DIRECTION ( 'NONE',  ( 1.000000000000000000, -0.000000000000000000, 9.637352644315598694E-16 ) ) ;
#10808 = LINE ( 'NONE', #10188, #7077 ) ;
ENDSEC;
END-ISO-10303-21;
