ISO-10303-21;
HEADER;
/* Generated by software containing ST-Developer
 * from STEP Tools, Inc. (www.steptools.com) 
 */

FILE_DESCRIPTION(
/* description */ (''),
/* implementation_level */ '2;1');

FILE_NAME(
/* name */ 'SMT-0927-S-14-R.ipt.step',
/* time_stamp */ '2024-02-07T22:40:19-05:00',
/* author */ ('admin'),
/* organization */ (''),
/* preprocessor_version */ 'ST-DEVELOPER v20',
/* originating_system */ 'Autodesk Inventor 2024',
/* authorisation */ '');

FILE_SCHEMA (('AUTOMOTIVE_DESIGN { 1 0 10303 214 3 1 1 }'));
ENDSEC;

DATA;
#10=MECHANICAL_DESIGN_GEOMETRIC_PRESENTATION_REPRESENTATION('',(#14,#15,
#16,#17,#18,#19,#20,#21,#22,#23,#24,#25,#26,#27,#28,#29,#30,#31,#32,#33,
#34,#35,#36,#37,#38,#39,#40,#41,#42,#43),#2179);
#11=SHAPE_REPRESENTATION_RELATIONSHIP('SRR','None',#2186,#12);
#12=ADVANCED_BREP_SHAPE_REPRESENTATION('',(#13),#2178);
#13=MANIFOLD_SOLID_BREP('Solid2',#1330);
#14=STYLED_ITEM('',(#2197),#1293);
#15=STYLED_ITEM('',(#2197),#1294);
#16=STYLED_ITEM('',(#2197),#1295);
#17=STYLED_ITEM('',(#2197),#1296);
#18=STYLED_ITEM('',(#2197),#1297);
#19=STYLED_ITEM('',(#2197),#1298);
#20=STYLED_ITEM('',(#2197),#1299);
#21=STYLED_ITEM('',(#2197),#1300);
#22=STYLED_ITEM('',(#2197),#1301);
#23=STYLED_ITEM('',(#2197),#1302);
#24=STYLED_ITEM('',(#2197),#1304);
#25=STYLED_ITEM('',(#2197),#1305);
#26=STYLED_ITEM('',(#2197),#1306);
#27=STYLED_ITEM('',(#2197),#1307);
#28=STYLED_ITEM('',(#2197),#1308);
#29=STYLED_ITEM('',(#2197),#1309);
#30=STYLED_ITEM('',(#2197),#1310);
#31=STYLED_ITEM('',(#2197),#1311);
#32=STYLED_ITEM('',(#2197),#1312);
#33=STYLED_ITEM('',(#2197),#1313);
#34=STYLED_ITEM('',(#2197),#1314);
#35=STYLED_ITEM('',(#2197),#1315);
#36=STYLED_ITEM('',(#2197),#1316);
#37=STYLED_ITEM('',(#2197),#1317);
#38=STYLED_ITEM('',(#2197),#1318);
#39=STYLED_ITEM('',(#2197),#1319);
#40=STYLED_ITEM('',(#2197),#1320);
#41=STYLED_ITEM('',(#2197),#1321);
#42=STYLED_ITEM('',(#2197),#1322);
#43=STYLED_ITEM('',(#2196),#13);
#44=FACE_BOUND('',#197,.T.);
#45=FACE_BOUND('',#199,.T.);
#46=FACE_BOUND('',#201,.T.);
#47=FACE_BOUND('',#202,.T.);
#48=FACE_BOUND('',#203,.T.);
#49=FACE_BOUND('',#204,.T.);
#50=FACE_BOUND('',#205,.T.);
#51=FACE_BOUND('',#250,.T.);
#52=PLANE('',#1356);
#53=PLANE('',#1360);
#54=PLANE('',#1361);
#55=PLANE('',#1362);
#56=PLANE('',#1363);
#57=PLANE('',#1364);
#58=PLANE('',#1365);
#59=PLANE('',#1366);
#60=PLANE('',#1367);
#61=PLANE('',#1368);
#62=PLANE('',#1369);
#63=PLANE('',#1370);
#64=PLANE('',#1371);
#65=PLANE('',#1372);
#66=PLANE('',#1373);
#67=PLANE('',#1374);
#68=PLANE('',#1378);
#69=PLANE('',#1379);
#70=PLANE('',#1380);
#71=PLANE('',#1392);
#72=PLANE('',#1395);
#73=PLANE('',#1398);
#74=PLANE('',#1401);
#75=PLANE('',#1404);
#76=PLANE('',#1405);
#77=PLANE('',#1406);
#78=PLANE('',#1407);
#79=PLANE('',#1408);
#80=PLANE('',#1411);
#81=PLANE('',#1413);
#82=PLANE('',#1416);
#83=PLANE('',#1417);
#84=PLANE('',#1418);
#85=PLANE('',#1419);
#86=PLANE('',#1420);
#87=PLANE('',#1422);
#88=PLANE('',#1423);
#89=PLANE('',#1426);
#90=PLANE('',#1429);
#91=PLANE('',#1430);
#92=PLANE('',#1431);
#93=PLANE('',#1434);
#94=PLANE('',#1435);
#95=PLANE('',#1437);
#96=PLANE('',#1440);
#97=PLANE('',#1441);
#98=PLANE('',#1444);
#99=PLANE('',#1445);
#100=PLANE('',#1446);
#101=PLANE('',#1447);
#102=PLANE('',#1448);
#103=PLANE('',#1449);
#104=PLANE('',#1450);
#105=PLANE('',#1451);
#106=PLANE('',#1452);
#107=FACE_OUTER_BOUND('',#177,.T.);
#108=FACE_OUTER_BOUND('',#178,.T.);
#109=FACE_OUTER_BOUND('',#179,.T.);
#110=FACE_OUTER_BOUND('',#180,.T.);
#111=FACE_OUTER_BOUND('',#181,.T.);
#112=FACE_OUTER_BOUND('',#182,.T.);
#113=FACE_OUTER_BOUND('',#183,.T.);
#114=FACE_OUTER_BOUND('',#184,.T.);
#115=FACE_OUTER_BOUND('',#185,.T.);
#116=FACE_OUTER_BOUND('',#186,.T.);
#117=FACE_OUTER_BOUND('',#187,.T.);
#118=FACE_OUTER_BOUND('',#188,.T.);
#119=FACE_OUTER_BOUND('',#189,.T.);
#120=FACE_OUTER_BOUND('',#190,.T.);
#121=FACE_OUTER_BOUND('',#191,.T.);
#122=FACE_OUTER_BOUND('',#192,.T.);
#123=FACE_OUTER_BOUND('',#193,.T.);
#124=FACE_OUTER_BOUND('',#194,.T.);
#125=FACE_OUTER_BOUND('',#195,.T.);
#126=FACE_OUTER_BOUND('',#196,.T.);
#127=FACE_OUTER_BOUND('',#198,.T.);
#128=FACE_OUTER_BOUND('',#200,.T.);
#129=FACE_OUTER_BOUND('',#206,.T.);
#130=FACE_OUTER_BOUND('',#207,.T.);
#131=FACE_OUTER_BOUND('',#208,.T.);
#132=FACE_OUTER_BOUND('',#209,.T.);
#133=FACE_OUTER_BOUND('',#210,.T.);
#134=FACE_OUTER_BOUND('',#211,.T.);
#135=FACE_OUTER_BOUND('',#212,.T.);
#136=FACE_OUTER_BOUND('',#213,.T.);
#137=FACE_OUTER_BOUND('',#214,.T.);
#138=FACE_OUTER_BOUND('',#215,.T.);
#139=FACE_OUTER_BOUND('',#216,.T.);
#140=FACE_OUTER_BOUND('',#217,.T.);
#141=FACE_OUTER_BOUND('',#218,.T.);
#142=FACE_OUTER_BOUND('',#219,.T.);
#143=FACE_OUTER_BOUND('',#220,.T.);
#144=FACE_OUTER_BOUND('',#221,.T.);
#145=FACE_OUTER_BOUND('',#222,.T.);
#146=FACE_OUTER_BOUND('',#223,.T.);
#147=FACE_OUTER_BOUND('',#224,.T.);
#148=FACE_OUTER_BOUND('',#225,.T.);
#149=FACE_OUTER_BOUND('',#226,.T.);
#150=FACE_OUTER_BOUND('',#227,.T.);
#151=FACE_OUTER_BOUND('',#228,.T.);
#152=FACE_OUTER_BOUND('',#229,.T.);
#153=FACE_OUTER_BOUND('',#230,.T.);
#154=FACE_OUTER_BOUND('',#231,.T.);
#155=FACE_OUTER_BOUND('',#232,.T.);
#156=FACE_OUTER_BOUND('',#233,.T.);
#157=FACE_OUTER_BOUND('',#234,.T.);
#158=FACE_OUTER_BOUND('',#235,.T.);
#159=FACE_OUTER_BOUND('',#236,.T.);
#160=FACE_OUTER_BOUND('',#237,.T.);
#161=FACE_OUTER_BOUND('',#238,.T.);
#162=FACE_OUTER_BOUND('',#239,.T.);
#163=FACE_OUTER_BOUND('',#240,.T.);
#164=FACE_OUTER_BOUND('',#241,.T.);
#165=FACE_OUTER_BOUND('',#242,.T.);
#166=FACE_OUTER_BOUND('',#243,.T.);
#167=FACE_OUTER_BOUND('',#244,.T.);
#168=FACE_OUTER_BOUND('',#245,.T.);
#169=FACE_OUTER_BOUND('',#246,.T.);
#170=FACE_OUTER_BOUND('',#247,.T.);
#171=FACE_OUTER_BOUND('',#248,.T.);
#172=FACE_OUTER_BOUND('',#249,.T.);
#173=FACE_OUTER_BOUND('',#251,.T.);
#174=FACE_OUTER_BOUND('',#252,.T.);
#175=FACE_OUTER_BOUND('',#253,.T.);
#176=FACE_OUTER_BOUND('',#254,.T.);
#177=EDGE_LOOP('',(#885,#886,#887,#888));
#178=EDGE_LOOP('',(#889,#890,#891,#892));
#179=EDGE_LOOP('',(#893,#894,#895,#896));
#180=EDGE_LOOP('',(#897,#898,#899,#900));
#181=EDGE_LOOP('',(#901,#902,#903,#904));
#182=EDGE_LOOP('',(#905,#906,#907,#908));
#183=EDGE_LOOP('',(#909,#910,#911,#912));
#184=EDGE_LOOP('',(#913,#914,#915,#916));
#185=EDGE_LOOP('',(#917,#918,#919,#920));
#186=EDGE_LOOP('',(#921,#922,#923,#924));
#187=EDGE_LOOP('',(#925,#926,#927,#928));
#188=EDGE_LOOP('',(#929,#930,#931,#932));
#189=EDGE_LOOP('',(#933,#934,#935,#936));
#190=EDGE_LOOP('',(#937,#938,#939,#940));
#191=EDGE_LOOP('',(#941,#942,#943,#944));
#192=EDGE_LOOP('',(#945,#946,#947,#948));
#193=EDGE_LOOP('',(#949,#950,#951,#952));
#194=EDGE_LOOP('',(#953,#954,#955,#956,#957,#958,#959,#960,#961,#962,#963,
#964));
#195=EDGE_LOOP('',(#965,#966,#967,#968));
#196=EDGE_LOOP('',(#969));
#197=EDGE_LOOP('',(#970,#971,#972,#973,#974,#975,#976,#977,#978,#979,#980,
#981));
#198=EDGE_LOOP('',(#982,#983,#984,#985,#986,#987,#988,#989));
#199=EDGE_LOOP('',(#990));
#200=EDGE_LOOP('',(#991,#992,#993,#994,#995,#996,#997,#998,#999,#1000,#1001,
#1002,#1003,#1004,#1005,#1006,#1007,#1008,#1009,#1010,#1011,#1012,#1013,
#1014));
#201=EDGE_LOOP('',(#1015));
#202=EDGE_LOOP('',(#1016));
#203=EDGE_LOOP('',(#1017));
#204=EDGE_LOOP('',(#1018));
#205=EDGE_LOOP('',(#1019));
#206=EDGE_LOOP('',(#1020,#1021,#1022,#1023));
#207=EDGE_LOOP('',(#1024));
#208=EDGE_LOOP('',(#1025,#1026,#1027,#1028));
#209=EDGE_LOOP('',(#1029));
#210=EDGE_LOOP('',(#1030,#1031,#1032,#1033));
#211=EDGE_LOOP('',(#1034));
#212=EDGE_LOOP('',(#1035,#1036,#1037,#1038));
#213=EDGE_LOOP('',(#1039));
#214=EDGE_LOOP('',(#1040,#1041,#1042,#1043));
#215=EDGE_LOOP('',(#1044));
#216=EDGE_LOOP('',(#1045,#1046,#1047,#1048));
#217=EDGE_LOOP('',(#1049,#1050,#1051,#1052,#1053,#1054));
#218=EDGE_LOOP('',(#1055,#1056,#1057,#1058));
#219=EDGE_LOOP('',(#1059,#1060,#1061,#1062,#1063,#1064));
#220=EDGE_LOOP('',(#1065,#1066,#1067,#1068));
#221=EDGE_LOOP('',(#1069,#1070,#1071,#1072,#1073,#1074));
#222=EDGE_LOOP('',(#1075,#1076,#1077,#1078));
#223=EDGE_LOOP('',(#1079,#1080,#1081,#1082));
#224=EDGE_LOOP('',(#1083,#1084,#1085,#1086));
#225=EDGE_LOOP('',(#1087,#1088,#1089,#1090,#1091,#1092));
#226=EDGE_LOOP('',(#1093,#1094,#1095,#1096,#1097,#1098));
#227=EDGE_LOOP('',(#1099,#1100,#1101,#1102,#1103,#1104,#1105,#1106));
#228=EDGE_LOOP('',(#1107,#1108,#1109,#1110,#1111,#1112));
#229=EDGE_LOOP('',(#1113,#1114,#1115,#1116,#1117,#1118));
#230=EDGE_LOOP('',(#1119,#1120,#1121,#1122));
#231=EDGE_LOOP('',(#1123,#1124,#1125,#1126));
#232=EDGE_LOOP('',(#1127,#1128,#1129,#1130));
#233=EDGE_LOOP('',(#1131,#1132,#1133,#1134));
#234=EDGE_LOOP('',(#1135,#1136,#1137,#1138,#1139,#1140));
#235=EDGE_LOOP('',(#1141,#1142,#1143,#1144,#1145,#1146));
#236=EDGE_LOOP('',(#1147,#1148,#1149,#1150,#1151,#1152));
#237=EDGE_LOOP('',(#1153,#1154,#1155,#1156));
#238=EDGE_LOOP('',(#1157,#1158,#1159,#1160));
#239=EDGE_LOOP('',(#1161,#1162,#1163,#1164,#1165,#1166));
#240=EDGE_LOOP('',(#1167,#1168,#1169,#1170));
#241=EDGE_LOOP('',(#1171,#1172,#1173,#1174));
#242=EDGE_LOOP('',(#1175,#1176,#1177,#1178));
#243=EDGE_LOOP('',(#1179,#1180,#1181,#1182,#1183,#1184));
#244=EDGE_LOOP('',(#1185,#1186,#1187,#1188));
#245=EDGE_LOOP('',(#1189,#1190,#1191,#1192,#1193,#1194));
#246=EDGE_LOOP('',(#1195,#1196,#1197,#1198,#1199,#1200));
#247=EDGE_LOOP('',(#1201,#1202,#1203,#1204));
#248=EDGE_LOOP('',(#1205,#1206,#1207,#1208,#1209,#1210,#1211,#1212));
#249=EDGE_LOOP('',(#1213,#1214,#1215,#1216));
#250=EDGE_LOOP('',(#1217,#1218,#1219,#1220));
#251=EDGE_LOOP('',(#1221,#1222,#1223,#1224,#1225,#1226,#1227,#1228));
#252=EDGE_LOOP('',(#1229,#1230,#1231,#1232));
#253=EDGE_LOOP('',(#1233,#1234,#1235,#1236,#1237,#1238,#1239,#1240));
#254=EDGE_LOOP('',(#1241,#1242,#1243,#1244));
#255=LINE('',#1811,#405);
#256=LINE('',#1814,#406);
#257=LINE('',#1817,#407);
#258=LINE('',#1819,#408);
#259=LINE('',#1820,#409);
#260=LINE('',#1826,#410);
#261=LINE('',#1828,#411);
#262=LINE('',#1829,#412);
#263=LINE('',#1834,#413);
#264=LINE('',#1836,#414);
#265=LINE('',#1838,#415);
#266=LINE('',#1839,#416);
#267=LINE('',#1842,#417);
#268=LINE('',#1844,#418);
#269=LINE('',#1845,#419);
#270=LINE('',#1848,#420);
#271=LINE('',#1850,#421);
#272=LINE('',#1851,#422);
#273=LINE('',#1854,#423);
#274=LINE('',#1856,#424);
#275=LINE('',#1857,#425);
#276=LINE('',#1860,#426);
#277=LINE('',#1862,#427);
#278=LINE('',#1863,#428);
#279=LINE('',#1866,#429);
#280=LINE('',#1868,#430);
#281=LINE('',#1869,#431);
#282=LINE('',#1872,#432);
#283=LINE('',#1874,#433);
#284=LINE('',#1875,#434);
#285=LINE('',#1878,#435);
#286=LINE('',#1880,#436);
#287=LINE('',#1881,#437);
#288=LINE('',#1884,#438);
#289=LINE('',#1886,#439);
#290=LINE('',#1887,#440);
#291=LINE('',#1890,#441);
#292=LINE('',#1892,#442);
#293=LINE('',#1893,#443);
#294=LINE('',#1896,#444);
#295=LINE('',#1898,#445);
#296=LINE('',#1899,#446);
#297=LINE('',#1901,#447);
#298=LINE('',#1902,#448);
#299=LINE('',#1908,#449);
#300=LINE('',#1914,#450);
#301=LINE('',#1916,#451);
#302=LINE('',#1918,#452);
#303=LINE('',#1920,#453);
#304=LINE('',#1922,#454);
#305=LINE('',#1924,#455);
#306=LINE('',#1926,#456);
#307=LINE('',#1927,#457);
#308=LINE('',#1931,#458);
#309=LINE('',#1933,#459);
#310=LINE('',#1935,#460);
#311=LINE('',#1937,#461);
#312=LINE('',#1939,#462);
#313=LINE('',#1943,#463);
#314=LINE('',#1945,#464);
#315=LINE('',#1947,#465);
#316=LINE('',#1949,#466);
#317=LINE('',#1951,#467);
#318=LINE('',#1955,#468);
#319=LINE('',#1957,#469);
#320=LINE('',#1959,#470);
#321=LINE('',#1961,#471);
#322=LINE('',#1963,#472);
#323=LINE('',#1967,#473);
#324=LINE('',#1969,#474);
#325=LINE('',#1971,#475);
#326=LINE('',#1973,#476);
#327=LINE('',#1975,#477);
#328=LINE('',#1989,#478);
#329=LINE('',#1994,#479);
#330=LINE('',#1999,#480);
#331=LINE('',#2004,#481);
#332=LINE('',#2009,#482);
#333=LINE('',#2015,#483);
#334=LINE('',#2017,#484);
#335=LINE('',#2019,#485);
#336=LINE('',#2020,#486);
#337=LINE('',#2023,#487);
#338=LINE('',#2024,#488);
#339=LINE('',#2026,#489);
#340=LINE('',#2027,#490);
#341=LINE('',#2030,#491);
#342=LINE('',#2031,#492);
#343=LINE('',#2034,#493);
#344=LINE('',#2036,#494);
#345=LINE('',#2038,#495);
#346=LINE('',#2040,#496);
#347=LINE('',#2041,#497);
#348=LINE('',#2044,#498);
#349=LINE('',#2048,#499);
#350=LINE('',#2050,#500);
#351=LINE('',#2054,#501);
#352=LINE('',#2055,#502);
#353=LINE('',#2058,#503);
#354=LINE('',#2059,#504);
#355=LINE('',#2063,#505);
#356=LINE('',#2066,#506);
#357=LINE('',#2067,#507);
#358=LINE('',#2069,#508);
#359=LINE('',#2070,#509);
#360=LINE('',#2073,#510);
#361=LINE('',#2074,#511);
#362=LINE('',#2078,#512);
#363=LINE('',#2080,#513);
#364=LINE('',#2082,#514);
#365=LINE('',#2086,#515);
#366=LINE('',#2087,#516);
#367=LINE('',#2089,#517);
#368=LINE('',#2091,#518);
#369=LINE('',#2093,#519);
#370=LINE('',#2094,#520);
#371=LINE('',#2098,#521);
#372=LINE('',#2099,#522);
#373=LINE('',#2100,#523);
#374=LINE('',#2104,#524);
#375=LINE('',#2106,#525);
#376=LINE('',#2109,#526);
#377=LINE('',#2112,#527);
#378=LINE('',#2113,#528);
#379=LINE('',#2117,#529);
#380=LINE('',#2118,#530);
#381=LINE('',#2119,#531);
#382=LINE('',#2126,#532);
#383=LINE('',#2128,#533);
#384=LINE('',#2130,#534);
#385=LINE('',#2134,#535);
#386=LINE('',#2135,#536);
#387=LINE('',#2139,#537);
#388=LINE('',#2140,#538);
#389=LINE('',#2141,#539);
#390=LINE('',#2145,#540);
#391=LINE('',#2148,#541);
#392=LINE('',#2149,#542);
#393=LINE('',#2152,#543);
#394=LINE('',#2153,#544);
#395=LINE('',#2154,#545);
#396=LINE('',#2158,#546);
#397=LINE('',#2160,#547);
#398=LINE('',#2161,#548);
#399=LINE('',#2164,#549);
#400=LINE('',#2166,#550);
#401=LINE('',#2168,#551);
#402=LINE('',#2170,#552);
#403=LINE('',#2172,#553);
#404=LINE('',#2174,#554);
#405=VECTOR('',#1459,1.);
#406=VECTOR('',#1462,1.);
#407=VECTOR('',#1465,1.85);
#408=VECTOR('',#1466,1.85);
#409=VECTOR('',#1467,1.);
#410=VECTOR('',#1474,1.);
#411=VECTOR('',#1477,1.85);
#412=VECTOR('',#1478,1.85);
#413=VECTOR('',#1483,0.4);
#414=VECTOR('',#1484,0.1);
#415=VECTOR('',#1485,0.4);
#416=VECTOR('',#1486,0.1);
#417=VECTOR('',#1489,0.389442719099992);
#418=VECTOR('',#1490,0.1);
#419=VECTOR('',#1491,0.389442719099992);
#420=VECTOR('',#1494,0.2);
#421=VECTOR('',#1495,0.1);
#422=VECTOR('',#1496,0.2);
#423=VECTOR('',#1499,0.389442719099992);
#424=VECTOR('',#1500,0.1);
#425=VECTOR('',#1501,0.389442719099991);
#426=VECTOR('',#1504,0.4);
#427=VECTOR('',#1505,0.1);
#428=VECTOR('',#1506,0.4);
#429=VECTOR('',#1509,0.2);
#430=VECTOR('',#1510,0.1);
#431=VECTOR('',#1511,0.2);
#432=VECTOR('',#1514,0.4);
#433=VECTOR('',#1515,0.1);
#434=VECTOR('',#1516,0.4);
#435=VECTOR('',#1519,0.410557280900008);
#436=VECTOR('',#1520,0.1);
#437=VECTOR('',#1521,0.410557280900009);
#438=VECTOR('',#1524,0.2);
#439=VECTOR('',#1525,0.1);
#440=VECTOR('',#1526,0.2);
#441=VECTOR('',#1529,0.410557280900008);
#442=VECTOR('',#1530,0.1);
#443=VECTOR('',#1531,0.410557280900008);
#444=VECTOR('',#1534,0.4);
#445=VECTOR('',#1535,0.1);
#446=VECTOR('',#1536,0.4);
#447=VECTOR('',#1539,0.2);
#448=VECTOR('',#1540,0.2);
#449=VECTOR('',#1547,0.75);
#450=VECTOR('',#1554,5.64213562373095);
#451=VECTOR('',#1555,2.02081528017131);
#452=VECTOR('',#1556,5.64213562373095);
#453=VECTOR('',#1557,2.02081528017131);
#454=VECTOR('',#1558,5.64213562373095);
#455=VECTOR('',#1559,2.02081528017131);
#456=VECTOR('',#1560,5.64213562373095);
#457=VECTOR('',#1561,2.02081528017131);
#458=VECTOR('',#1564,0.461553129097954);
#459=VECTOR('',#1565,0.26040764008566);
#460=VECTOR('',#1566,5.64213562373095);
#461=VECTOR('',#1567,0.260407640085662);
#462=VECTOR('',#1568,0.461553129097952);
#463=VECTOR('',#1571,0.461553129098015);
#464=VECTOR('',#1572,0.260407640085661);
#465=VECTOR('',#1573,5.64213562373095);
#466=VECTOR('',#1574,0.260407640085662);
#467=VECTOR('',#1575,0.461553129098015);
#468=VECTOR('',#1578,0.461553129097953);
#469=VECTOR('',#1579,0.260407640085661);
#470=VECTOR('',#1580,5.64213562373095);
#471=VECTOR('',#1581,0.260407640085659);
#472=VECTOR('',#1582,0.461553129097954);
#473=VECTOR('',#1585,0.461553129098016);
#474=VECTOR('',#1586,0.260407640085659);
#475=VECTOR('',#1587,5.64213562373095);
#476=VECTOR('',#1588,0.260407640085662);
#477=VECTOR('',#1589,0.461553129098016);
#478=VECTOR('',#1604,0.4);
#479=VECTOR('',#1611,0.4);
#480=VECTOR('',#1618,0.6);
#481=VECTOR('',#1625,0.15);
#482=VECTOR('',#1632,0.15);
#483=VECTOR('',#1639,0.15);
#484=VECTOR('',#1640,1.49999999999999);
#485=VECTOR('',#1641,0.15);
#486=VECTOR('',#1642,1.49999999999999);
#487=VECTOR('',#1645,0.260000000000003);
#488=VECTOR('',#1646,0.14);
#489=VECTOR('',#1647,0.01);
#490=VECTOR('',#1648,0.721553129098018);
#491=VECTOR('',#1651,0.259999999999997);
#492=VECTOR('',#1652,1.49999999999999);
#493=VECTOR('',#1655,0.14);
#494=VECTOR('',#1656,0.01);
#495=VECTOR('',#1657,0.721960769183613);
#496=VECTOR('',#1658,0.15);
#497=VECTOR('',#1659,0.260407640085659);
#498=VECTOR('',#1662,0.01);
#499=VECTOR('',#1667,1.49999999999999);
#500=VECTOR('',#1668,0.860660171779815);
#501=VECTOR('',#1671,0.860660171779815);
#502=VECTOR('',#1672,0.26040764008566);
#503=VECTOR('',#1675,0.860660171779816);
#504=VECTOR('',#1676,0.15);
#505=VECTOR('',#1681,0.15);
#506=VECTOR('',#1684,0.860660171779815);
#507=VECTOR('',#1685,0.15);
#508=VECTOR('',#1688,0.14);
#509=VECTOR('',#1689,0.721960769183675);
#510=VECTOR('',#1694,4.);
#511=VECTOR('',#1695,4.);
#512=VECTOR('',#1698,1.49999999999999);
#513=VECTOR('',#1699,0.260407640085658);
#514=VECTOR('',#1700,0.860660171779815);
#515=VECTOR('',#1703,0.860660171779815);
#516=VECTOR('',#1704,0.260407640085659);
#517=VECTOR('',#1707,0.14);
#518=VECTOR('',#1708,0.01);
#519=VECTOR('',#1709,0.721960769183675);
#520=VECTOR('',#1710,0.15);
#521=VECTOR('',#1713,0.860660171779816);
#522=VECTOR('',#1714,0.15);
#523=VECTOR('',#1715,0.15);
#524=VECTOR('',#1720,0.15);
#525=VECTOR('',#1723,0.860660171779815);
#526=VECTOR('',#1726,0.01);
#527=VECTOR('',#1731,0.14);
#528=VECTOR('',#1732,0.721960769183613);
#529=VECTOR('',#1737,0.72155312909795);
#530=VECTOR('',#1738,0.01);
#531=VECTOR('',#1739,0.14);
#532=VECTOR('',#1748,1.49999999999999);
#533=VECTOR('',#1749,0.260407640085659);
#534=VECTOR('',#1750,0.860660171779815);
#535=VECTOR('',#1753,0.860660171779815);
#536=VECTOR('',#1754,0.26040764008566);
#537=VECTOR('',#1757,0.860660171779816);
#538=VECTOR('',#1758,0.15);
#539=VECTOR('',#1759,0.15);
#540=VECTOR('',#1764,0.15);
#541=VECTOR('',#1767,0.860660171779815);
#542=VECTOR('',#1768,0.15);
#543=VECTOR('',#1771,0.721960769183675);
#544=VECTOR('',#1772,0.01);
#545=VECTOR('',#1773,0.14);
#546=VECTOR('',#1778,0.01);
#547=VECTOR('',#1781,0.721960769183613);
#548=VECTOR('',#1782,0.14);
#549=VECTOR('',#1787,4.);
#550=VECTOR('',#1790,4.);
#551=VECTOR('',#1793,4.);
#552=VECTOR('',#1796,4.);
#553=VECTOR('',#1799,4.);
#554=VECTOR('',#1802,4.);
#555=CIRCLE('',#1354,0.475);
#556=CIRCLE('',#1355,0.475);
#557=CIRCLE('',#1358,0.475);
#558=CIRCLE('',#1359,0.475);
#559=CIRCLE('',#1376,0.75);
#560=CIRCLE('',#1377,0.75);
#561=CIRCLE('',#1381,4.60000000000006);
#562=CIRCLE('',#1382,4.60000000000006);
#563=CIRCLE('',#1383,4.60000000000006);
#564=CIRCLE('',#1384,4.60000000000006);
#565=CIRCLE('',#1385,0.15);
#566=CIRCLE('',#1386,0.15);
#567=CIRCLE('',#1387,0.4);
#568=CIRCLE('',#1388,0.4);
#569=CIRCLE('',#1389,0.6);
#570=CIRCLE('',#1391,0.4);
#571=CIRCLE('',#1394,0.4);
#572=CIRCLE('',#1397,0.6);
#573=CIRCLE('',#1400,0.15);
#574=CIRCLE('',#1403,0.15);
#575=CIRCLE('',#1410,4.60000000000006);
#576=CIRCLE('',#1412,0.2);
#577=CIRCLE('',#1415,0.2);
#578=CIRCLE('',#1421,0.2);
#579=CIRCLE('',#1425,0.2);
#580=CIRCLE('',#1428,4.60000000000006);
#581=CIRCLE('',#1433,4.60000000000006);
#582=CIRCLE('',#1436,0.2);
#583=CIRCLE('',#1439,0.2);
#584=CIRCLE('',#1443,4.60000000000006);
#585=VERTEX_POINT('',#1807);
#586=VERTEX_POINT('',#1808);
#587=VERTEX_POINT('',#1810);
#588=VERTEX_POINT('',#1812);
#589=VERTEX_POINT('',#1816);
#590=VERTEX_POINT('',#1818);
#591=VERTEX_POINT('',#1822);
#592=VERTEX_POINT('',#1824);
#593=VERTEX_POINT('',#1832);
#594=VERTEX_POINT('',#1833);
#595=VERTEX_POINT('',#1835);
#596=VERTEX_POINT('',#1837);
#597=VERTEX_POINT('',#1841);
#598=VERTEX_POINT('',#1843);
#599=VERTEX_POINT('',#1847);
#600=VERTEX_POINT('',#1849);
#601=VERTEX_POINT('',#1853);
#602=VERTEX_POINT('',#1855);
#603=VERTEX_POINT('',#1859);
#604=VERTEX_POINT('',#1861);
#605=VERTEX_POINT('',#1865);
#606=VERTEX_POINT('',#1867);
#607=VERTEX_POINT('',#1871);
#608=VERTEX_POINT('',#1873);
#609=VERTEX_POINT('',#1877);
#610=VERTEX_POINT('',#1879);
#611=VERTEX_POINT('',#1883);
#612=VERTEX_POINT('',#1885);
#613=VERTEX_POINT('',#1889);
#614=VERTEX_POINT('',#1891);
#615=VERTEX_POINT('',#1895);
#616=VERTEX_POINT('',#1897);
#617=VERTEX_POINT('',#1905);
#618=VERTEX_POINT('',#1907);
#619=VERTEX_POINT('',#1912);
#620=VERTEX_POINT('',#1913);
#621=VERTEX_POINT('',#1915);
#622=VERTEX_POINT('',#1917);
#623=VERTEX_POINT('',#1919);
#624=VERTEX_POINT('',#1921);
#625=VERTEX_POINT('',#1923);
#626=VERTEX_POINT('',#1925);
#627=VERTEX_POINT('',#1929);
#628=VERTEX_POINT('',#1930);
#629=VERTEX_POINT('',#1932);
#630=VERTEX_POINT('',#1934);
#631=VERTEX_POINT('',#1936);
#632=VERTEX_POINT('',#1938);
#633=VERTEX_POINT('',#1940);
#634=VERTEX_POINT('',#1942);
#635=VERTEX_POINT('',#1944);
#636=VERTEX_POINT('',#1946);
#637=VERTEX_POINT('',#1948);
#638=VERTEX_POINT('',#1950);
#639=VERTEX_POINT('',#1952);
#640=VERTEX_POINT('',#1954);
#641=VERTEX_POINT('',#1956);
#642=VERTEX_POINT('',#1958);
#643=VERTEX_POINT('',#1960);
#644=VERTEX_POINT('',#1962);
#645=VERTEX_POINT('',#1964);
#646=VERTEX_POINT('',#1966);
#647=VERTEX_POINT('',#1968);
#648=VERTEX_POINT('',#1970);
#649=VERTEX_POINT('',#1972);
#650=VERTEX_POINT('',#1974);
#651=VERTEX_POINT('',#1977);
#652=VERTEX_POINT('',#1979);
#653=VERTEX_POINT('',#1981);
#654=VERTEX_POINT('',#1983);
#655=VERTEX_POINT('',#1985);
#656=VERTEX_POINT('',#1988);
#657=VERTEX_POINT('',#1993);
#658=VERTEX_POINT('',#1998);
#659=VERTEX_POINT('',#2003);
#660=VERTEX_POINT('',#2008);
#661=VERTEX_POINT('',#2013);
#662=VERTEX_POINT('',#2014);
#663=VERTEX_POINT('',#2016);
#664=VERTEX_POINT('',#2018);
#665=VERTEX_POINT('',#2022);
#666=VERTEX_POINT('',#2025);
#667=VERTEX_POINT('',#2029);
#668=VERTEX_POINT('',#2033);
#669=VERTEX_POINT('',#2035);
#670=VERTEX_POINT('',#2037);
#671=VERTEX_POINT('',#2039);
#672=VERTEX_POINT('',#2043);
#673=VERTEX_POINT('',#2047);
#674=VERTEX_POINT('',#2049);
#675=VERTEX_POINT('',#2051);
#676=VERTEX_POINT('',#2053);
#677=VERTEX_POINT('',#2057);
#678=VERTEX_POINT('',#2061);
#679=VERTEX_POINT('',#2065);
#680=VERTEX_POINT('',#2076);
#681=VERTEX_POINT('',#2077);
#682=VERTEX_POINT('',#2079);
#683=VERTEX_POINT('',#2081);
#684=VERTEX_POINT('',#2083);
#685=VERTEX_POINT('',#2085);
#686=VERTEX_POINT('',#2090);
#687=VERTEX_POINT('',#2092);
#688=VERTEX_POINT('',#2096);
#689=VERTEX_POINT('',#2097);
#690=VERTEX_POINT('',#2102);
#691=VERTEX_POINT('',#2108);
#692=VERTEX_POINT('',#2116);
#693=VERTEX_POINT('',#2124);
#694=VERTEX_POINT('',#2125);
#695=VERTEX_POINT('',#2127);
#696=VERTEX_POINT('',#2129);
#697=VERTEX_POINT('',#2131);
#698=VERTEX_POINT('',#2133);
#699=VERTEX_POINT('',#2137);
#700=VERTEX_POINT('',#2138);
#701=VERTEX_POINT('',#2143);
#702=VERTEX_POINT('',#2147);
#703=VERTEX_POINT('',#2151);
#704=VERTEX_POINT('',#2156);
#705=EDGE_CURVE('',#585,#586,#555,.T.);
#706=EDGE_CURVE('',#587,#585,#255,.T.);
#707=EDGE_CURVE('',#588,#587,#556,.T.);
#708=EDGE_CURVE('',#588,#586,#256,.T.);
#709=EDGE_CURVE('',#586,#589,#257,.T.);
#710=EDGE_CURVE('',#590,#588,#258,.T.);
#711=EDGE_CURVE('',#590,#589,#259,.T.);
#712=EDGE_CURVE('',#589,#591,#557,.T.);
#713=EDGE_CURVE('',#592,#590,#558,.T.);
#714=EDGE_CURVE('',#592,#591,#260,.T.);
#715=EDGE_CURVE('',#591,#585,#261,.T.);
#716=EDGE_CURVE('',#587,#592,#262,.T.);
#717=EDGE_CURVE('',#593,#594,#263,.T.);
#718=EDGE_CURVE('',#595,#594,#264,.T.);
#719=EDGE_CURVE('',#596,#595,#265,.T.);
#720=EDGE_CURVE('',#596,#593,#266,.T.);
#721=EDGE_CURVE('',#594,#597,#267,.T.);
#722=EDGE_CURVE('',#598,#597,#268,.T.);
#723=EDGE_CURVE('',#595,#598,#269,.T.);
#724=EDGE_CURVE('',#597,#599,#270,.T.);
#725=EDGE_CURVE('',#600,#599,#271,.T.);
#726=EDGE_CURVE('',#598,#600,#272,.T.);
#727=EDGE_CURVE('',#599,#601,#273,.T.);
#728=EDGE_CURVE('',#602,#601,#274,.T.);
#729=EDGE_CURVE('',#600,#602,#275,.T.);
#730=EDGE_CURVE('',#601,#603,#276,.T.);
#731=EDGE_CURVE('',#604,#603,#277,.T.);
#732=EDGE_CURVE('',#602,#604,#278,.T.);
#733=EDGE_CURVE('',#603,#605,#279,.T.);
#734=EDGE_CURVE('',#606,#605,#280,.T.);
#735=EDGE_CURVE('',#604,#606,#281,.T.);
#736=EDGE_CURVE('',#605,#607,#282,.T.);
#737=EDGE_CURVE('',#608,#607,#283,.T.);
#738=EDGE_CURVE('',#606,#608,#284,.T.);
#739=EDGE_CURVE('',#607,#609,#285,.T.);
#740=EDGE_CURVE('',#610,#609,#286,.T.);
#741=EDGE_CURVE('',#608,#610,#287,.T.);
#742=EDGE_CURVE('',#609,#611,#288,.T.);
#743=EDGE_CURVE('',#612,#611,#289,.T.);
#744=EDGE_CURVE('',#610,#612,#290,.T.);
#745=EDGE_CURVE('',#611,#613,#291,.T.);
#746=EDGE_CURVE('',#614,#613,#292,.T.);
#747=EDGE_CURVE('',#612,#614,#293,.T.);
#748=EDGE_CURVE('',#613,#615,#294,.T.);
#749=EDGE_CURVE('',#616,#615,#295,.T.);
#750=EDGE_CURVE('',#614,#616,#296,.T.);
#751=EDGE_CURVE('',#615,#593,#297,.T.);
#752=EDGE_CURVE('',#616,#596,#298,.T.);
#753=EDGE_CURVE('',#617,#617,#559,.T.);
#754=EDGE_CURVE('',#617,#618,#299,.T.);
#755=EDGE_CURVE('',#618,#618,#560,.T.);
#756=EDGE_CURVE('',#619,#620,#300,.T.);
#757=EDGE_CURVE('',#621,#619,#301,.T.);
#758=EDGE_CURVE('',#622,#621,#302,.T.);
#759=EDGE_CURVE('',#623,#622,#303,.T.);
#760=EDGE_CURVE('',#624,#623,#304,.T.);
#761=EDGE_CURVE('',#625,#624,#305,.T.);
#762=EDGE_CURVE('',#626,#625,#306,.T.);
#763=EDGE_CURVE('',#620,#626,#307,.T.);
#764=EDGE_CURVE('',#627,#628,#308,.T.);
#765=EDGE_CURVE('',#628,#629,#309,.T.);
#766=EDGE_CURVE('',#629,#630,#310,.T.);
#767=EDGE_CURVE('',#630,#631,#311,.T.);
#768=EDGE_CURVE('',#631,#632,#312,.T.);
#769=EDGE_CURVE('',#632,#633,#561,.T.);
#770=EDGE_CURVE('',#633,#634,#313,.T.);
#771=EDGE_CURVE('',#634,#635,#314,.T.);
#772=EDGE_CURVE('',#635,#636,#315,.T.);
#773=EDGE_CURVE('',#636,#637,#316,.T.);
#774=EDGE_CURVE('',#637,#638,#317,.T.);
#775=EDGE_CURVE('',#638,#639,#562,.T.);
#776=EDGE_CURVE('',#639,#640,#318,.T.);
#777=EDGE_CURVE('',#640,#641,#319,.T.);
#778=EDGE_CURVE('',#641,#642,#320,.T.);
#779=EDGE_CURVE('',#642,#643,#321,.T.);
#780=EDGE_CURVE('',#643,#644,#322,.T.);
#781=EDGE_CURVE('',#644,#645,#563,.T.);
#782=EDGE_CURVE('',#645,#646,#323,.T.);
#783=EDGE_CURVE('',#646,#647,#324,.T.);
#784=EDGE_CURVE('',#647,#648,#325,.T.);
#785=EDGE_CURVE('',#648,#649,#326,.T.);
#786=EDGE_CURVE('',#649,#650,#327,.T.);
#787=EDGE_CURVE('',#650,#627,#564,.T.);
#788=EDGE_CURVE('',#651,#651,#565,.T.);
#789=EDGE_CURVE('',#652,#652,#566,.T.);
#790=EDGE_CURVE('',#653,#653,#567,.T.);
#791=EDGE_CURVE('',#654,#654,#568,.T.);
#792=EDGE_CURVE('',#655,#655,#569,.T.);
#793=EDGE_CURVE('',#654,#656,#328,.T.);
#794=EDGE_CURVE('',#656,#656,#570,.T.);
#795=EDGE_CURVE('',#653,#657,#329,.T.);
#796=EDGE_CURVE('',#657,#657,#571,.T.);
#797=EDGE_CURVE('',#655,#658,#330,.T.);
#798=EDGE_CURVE('',#658,#658,#572,.T.);
#799=EDGE_CURVE('',#652,#659,#331,.T.);
#800=EDGE_CURVE('',#659,#659,#573,.T.);
#801=EDGE_CURVE('',#651,#660,#332,.T.);
#802=EDGE_CURVE('',#660,#660,#574,.T.);
#803=EDGE_CURVE('',#661,#662,#333,.T.);
#804=EDGE_CURVE('',#663,#661,#334,.T.);
#805=EDGE_CURVE('',#664,#663,#335,.T.);
#806=EDGE_CURVE('',#662,#664,#336,.T.);
#807=EDGE_CURVE('',#665,#662,#337,.T.);
#808=EDGE_CURVE('',#634,#665,#338,.T.);
#809=EDGE_CURVE('',#666,#633,#339,.T.);
#810=EDGE_CURVE('',#661,#666,#340,.T.);
#811=EDGE_CURVE('',#664,#667,#341,.T.);
#812=EDGE_CURVE('',#665,#667,#342,.T.);
#813=EDGE_CURVE('',#628,#668,#343,.T.);
#814=EDGE_CURVE('',#627,#669,#344,.T.);
#815=EDGE_CURVE('',#669,#670,#345,.T.);
#816=EDGE_CURVE('',#670,#671,#346,.T.);
#817=EDGE_CURVE('',#671,#668,#347,.T.);
#818=EDGE_CURVE('',#672,#650,#348,.T.);
#819=EDGE_CURVE('',#672,#669,#575,.T.);
#820=EDGE_CURVE('',#668,#673,#349,.T.);
#821=EDGE_CURVE('',#674,#671,#350,.T.);
#822=EDGE_CURVE('',#675,#674,#576,.T.);
#823=EDGE_CURVE('',#676,#675,#351,.T.);
#824=EDGE_CURVE('',#673,#676,#352,.T.);
#825=EDGE_CURVE('',#670,#677,#353,.T.);
#826=EDGE_CURVE('',#677,#674,#354,.T.);
#827=EDGE_CURVE('',#677,#678,#577,.T.);
#828=EDGE_CURVE('',#678,#675,#355,.T.);
#829=EDGE_CURVE('',#678,#679,#356,.T.);
#830=EDGE_CURVE('',#679,#676,#357,.T.);
#831=EDGE_CURVE('',#673,#649,#358,.T.);
#832=EDGE_CURVE('',#679,#672,#359,.T.);
#833=EDGE_CURVE('',#648,#621,#360,.T.);
#834=EDGE_CURVE('',#629,#619,#361,.T.);
#835=EDGE_CURVE('',#680,#681,#362,.T.);
#836=EDGE_CURVE('',#680,#682,#363,.T.);
#837=EDGE_CURVE('',#682,#683,#364,.T.);
#838=EDGE_CURVE('',#683,#684,#578,.T.);
#839=EDGE_CURVE('',#684,#685,#365,.T.);
#840=EDGE_CURVE('',#685,#681,#366,.T.);
#841=EDGE_CURVE('',#646,#680,#367,.T.);
#842=EDGE_CURVE('',#686,#645,#368,.T.);
#843=EDGE_CURVE('',#687,#686,#369,.T.);
#844=EDGE_CURVE('',#687,#682,#370,.T.);
#845=EDGE_CURVE('',#688,#689,#371,.T.);
#846=EDGE_CURVE('',#688,#685,#372,.T.);
#847=EDGE_CURVE('',#689,#684,#373,.T.);
#848=EDGE_CURVE('',#689,#690,#579,.T.);
#849=EDGE_CURVE('',#690,#683,#374,.T.);
#850=EDGE_CURVE('',#690,#687,#375,.T.);
#851=EDGE_CURVE('',#644,#691,#376,.T.);
#852=EDGE_CURVE('',#686,#691,#580,.T.);
#853=EDGE_CURVE('',#681,#643,#377,.T.);
#854=EDGE_CURVE('',#691,#688,#378,.T.);
#855=EDGE_CURVE('',#692,#663,#379,.T.);
#856=EDGE_CURVE('',#632,#692,#380,.T.);
#857=EDGE_CURVE('',#667,#631,#381,.T.);
#858=EDGE_CURVE('',#666,#692,#581,.T.);
#859=EDGE_CURVE('',#693,#694,#382,.T.);
#860=EDGE_CURVE('',#695,#693,#383,.T.);
#861=EDGE_CURVE('',#696,#695,#384,.T.);
#862=EDGE_CURVE('',#697,#696,#582,.T.);
#863=EDGE_CURVE('',#698,#697,#385,.T.);
#864=EDGE_CURVE('',#694,#698,#386,.T.);
#865=EDGE_CURVE('',#699,#700,#387,.T.);
#866=EDGE_CURVE('',#700,#696,#388,.T.);
#867=EDGE_CURVE('',#699,#695,#389,.T.);
#868=EDGE_CURVE('',#700,#701,#583,.T.);
#869=EDGE_CURVE('',#701,#697,#390,.T.);
#870=EDGE_CURVE('',#701,#702,#391,.T.);
#871=EDGE_CURVE('',#702,#698,#392,.T.);
#872=EDGE_CURVE('',#702,#703,#393,.T.);
#873=EDGE_CURVE('',#638,#703,#394,.T.);
#874=EDGE_CURVE('',#694,#637,#395,.T.);
#875=EDGE_CURVE('',#703,#704,#584,.T.);
#876=EDGE_CURVE('',#639,#704,#396,.T.);
#877=EDGE_CURVE('',#704,#699,#397,.T.);
#878=EDGE_CURVE('',#640,#693,#398,.T.);
#879=EDGE_CURVE('',#630,#620,#399,.T.);
#880=EDGE_CURVE('',#635,#626,#400,.T.);
#881=EDGE_CURVE('',#636,#625,#401,.T.);
#882=EDGE_CURVE('',#641,#624,#402,.T.);
#883=EDGE_CURVE('',#642,#623,#403,.T.);
#884=EDGE_CURVE('',#647,#622,#404,.T.);
#885=ORIENTED_EDGE('',*,*,#705,.F.);
#886=ORIENTED_EDGE('',*,*,#706,.F.);
#887=ORIENTED_EDGE('',*,*,#707,.F.);
#888=ORIENTED_EDGE('',*,*,#708,.T.);
#889=ORIENTED_EDGE('',*,*,#709,.F.);
#890=ORIENTED_EDGE('',*,*,#708,.F.);
#891=ORIENTED_EDGE('',*,*,#710,.F.);
#892=ORIENTED_EDGE('',*,*,#711,.T.);
#893=ORIENTED_EDGE('',*,*,#712,.F.);
#894=ORIENTED_EDGE('',*,*,#711,.F.);
#895=ORIENTED_EDGE('',*,*,#713,.F.);
#896=ORIENTED_EDGE('',*,*,#714,.T.);
#897=ORIENTED_EDGE('',*,*,#715,.F.);
#898=ORIENTED_EDGE('',*,*,#714,.F.);
#899=ORIENTED_EDGE('',*,*,#716,.F.);
#900=ORIENTED_EDGE('',*,*,#706,.T.);
#901=ORIENTED_EDGE('',*,*,#705,.T.);
#902=ORIENTED_EDGE('',*,*,#709,.T.);
#903=ORIENTED_EDGE('',*,*,#712,.T.);
#904=ORIENTED_EDGE('',*,*,#715,.T.);
#905=ORIENTED_EDGE('',*,*,#717,.T.);
#906=ORIENTED_EDGE('',*,*,#718,.F.);
#907=ORIENTED_EDGE('',*,*,#719,.F.);
#908=ORIENTED_EDGE('',*,*,#720,.T.);
#909=ORIENTED_EDGE('',*,*,#721,.T.);
#910=ORIENTED_EDGE('',*,*,#722,.F.);
#911=ORIENTED_EDGE('',*,*,#723,.F.);
#912=ORIENTED_EDGE('',*,*,#718,.T.);
#913=ORIENTED_EDGE('',*,*,#724,.T.);
#914=ORIENTED_EDGE('',*,*,#725,.F.);
#915=ORIENTED_EDGE('',*,*,#726,.F.);
#916=ORIENTED_EDGE('',*,*,#722,.T.);
#917=ORIENTED_EDGE('',*,*,#727,.T.);
#918=ORIENTED_EDGE('',*,*,#728,.F.);
#919=ORIENTED_EDGE('',*,*,#729,.F.);
#920=ORIENTED_EDGE('',*,*,#725,.T.);
#921=ORIENTED_EDGE('',*,*,#730,.T.);
#922=ORIENTED_EDGE('',*,*,#731,.F.);
#923=ORIENTED_EDGE('',*,*,#732,.F.);
#924=ORIENTED_EDGE('',*,*,#728,.T.);
#925=ORIENTED_EDGE('',*,*,#733,.T.);
#926=ORIENTED_EDGE('',*,*,#734,.F.);
#927=ORIENTED_EDGE('',*,*,#735,.F.);
#928=ORIENTED_EDGE('',*,*,#731,.T.);
#929=ORIENTED_EDGE('',*,*,#736,.T.);
#930=ORIENTED_EDGE('',*,*,#737,.F.);
#931=ORIENTED_EDGE('',*,*,#738,.F.);
#932=ORIENTED_EDGE('',*,*,#734,.T.);
#933=ORIENTED_EDGE('',*,*,#739,.T.);
#934=ORIENTED_EDGE('',*,*,#740,.F.);
#935=ORIENTED_EDGE('',*,*,#741,.F.);
#936=ORIENTED_EDGE('',*,*,#737,.T.);
#937=ORIENTED_EDGE('',*,*,#742,.T.);
#938=ORIENTED_EDGE('',*,*,#743,.F.);
#939=ORIENTED_EDGE('',*,*,#744,.F.);
#940=ORIENTED_EDGE('',*,*,#740,.T.);
#941=ORIENTED_EDGE('',*,*,#745,.T.);
#942=ORIENTED_EDGE('',*,*,#746,.F.);
#943=ORIENTED_EDGE('',*,*,#747,.F.);
#944=ORIENTED_EDGE('',*,*,#743,.T.);
#945=ORIENTED_EDGE('',*,*,#748,.T.);
#946=ORIENTED_EDGE('',*,*,#749,.F.);
#947=ORIENTED_EDGE('',*,*,#750,.F.);
#948=ORIENTED_EDGE('',*,*,#746,.T.);
#949=ORIENTED_EDGE('',*,*,#751,.T.);
#950=ORIENTED_EDGE('',*,*,#720,.F.);
#951=ORIENTED_EDGE('',*,*,#752,.F.);
#952=ORIENTED_EDGE('',*,*,#749,.T.);
#953=ORIENTED_EDGE('',*,*,#717,.F.);
#954=ORIENTED_EDGE('',*,*,#751,.F.);
#955=ORIENTED_EDGE('',*,*,#748,.F.);
#956=ORIENTED_EDGE('',*,*,#745,.F.);
#957=ORIENTED_EDGE('',*,*,#742,.F.);
#958=ORIENTED_EDGE('',*,*,#739,.F.);
#959=ORIENTED_EDGE('',*,*,#736,.F.);
#960=ORIENTED_EDGE('',*,*,#733,.F.);
#961=ORIENTED_EDGE('',*,*,#730,.F.);
#962=ORIENTED_EDGE('',*,*,#727,.F.);
#963=ORIENTED_EDGE('',*,*,#724,.F.);
#964=ORIENTED_EDGE('',*,*,#721,.F.);
#965=ORIENTED_EDGE('',*,*,#753,.F.);
#966=ORIENTED_EDGE('',*,*,#754,.T.);
#967=ORIENTED_EDGE('',*,*,#755,.F.);
#968=ORIENTED_EDGE('',*,*,#754,.F.);
#969=ORIENTED_EDGE('',*,*,#755,.T.);
#970=ORIENTED_EDGE('',*,*,#719,.T.);
#971=ORIENTED_EDGE('',*,*,#723,.T.);
#972=ORIENTED_EDGE('',*,*,#726,.T.);
#973=ORIENTED_EDGE('',*,*,#729,.T.);
#974=ORIENTED_EDGE('',*,*,#732,.T.);
#975=ORIENTED_EDGE('',*,*,#735,.T.);
#976=ORIENTED_EDGE('',*,*,#738,.T.);
#977=ORIENTED_EDGE('',*,*,#741,.T.);
#978=ORIENTED_EDGE('',*,*,#744,.T.);
#979=ORIENTED_EDGE('',*,*,#747,.T.);
#980=ORIENTED_EDGE('',*,*,#750,.T.);
#981=ORIENTED_EDGE('',*,*,#752,.T.);
#982=ORIENTED_EDGE('',*,*,#756,.F.);
#983=ORIENTED_EDGE('',*,*,#757,.F.);
#984=ORIENTED_EDGE('',*,*,#758,.F.);
#985=ORIENTED_EDGE('',*,*,#759,.F.);
#986=ORIENTED_EDGE('',*,*,#760,.F.);
#987=ORIENTED_EDGE('',*,*,#761,.F.);
#988=ORIENTED_EDGE('',*,*,#762,.F.);
#989=ORIENTED_EDGE('',*,*,#763,.F.);
#990=ORIENTED_EDGE('',*,*,#753,.T.);
#991=ORIENTED_EDGE('',*,*,#764,.T.);
#992=ORIENTED_EDGE('',*,*,#765,.T.);
#993=ORIENTED_EDGE('',*,*,#766,.T.);
#994=ORIENTED_EDGE('',*,*,#767,.T.);
#995=ORIENTED_EDGE('',*,*,#768,.T.);
#996=ORIENTED_EDGE('',*,*,#769,.T.);
#997=ORIENTED_EDGE('',*,*,#770,.T.);
#998=ORIENTED_EDGE('',*,*,#771,.T.);
#999=ORIENTED_EDGE('',*,*,#772,.T.);
#1000=ORIENTED_EDGE('',*,*,#773,.T.);
#1001=ORIENTED_EDGE('',*,*,#774,.T.);
#1002=ORIENTED_EDGE('',*,*,#775,.T.);
#1003=ORIENTED_EDGE('',*,*,#776,.T.);
#1004=ORIENTED_EDGE('',*,*,#777,.T.);
#1005=ORIENTED_EDGE('',*,*,#778,.T.);
#1006=ORIENTED_EDGE('',*,*,#779,.T.);
#1007=ORIENTED_EDGE('',*,*,#780,.T.);
#1008=ORIENTED_EDGE('',*,*,#781,.T.);
#1009=ORIENTED_EDGE('',*,*,#782,.T.);
#1010=ORIENTED_EDGE('',*,*,#783,.T.);
#1011=ORIENTED_EDGE('',*,*,#784,.T.);
#1012=ORIENTED_EDGE('',*,*,#785,.T.);
#1013=ORIENTED_EDGE('',*,*,#786,.T.);
#1014=ORIENTED_EDGE('',*,*,#787,.T.);
#1015=ORIENTED_EDGE('',*,*,#788,.T.);
#1016=ORIENTED_EDGE('',*,*,#789,.T.);
#1017=ORIENTED_EDGE('',*,*,#790,.T.);
#1018=ORIENTED_EDGE('',*,*,#791,.T.);
#1019=ORIENTED_EDGE('',*,*,#792,.T.);
#1020=ORIENTED_EDGE('',*,*,#791,.F.);
#1021=ORIENTED_EDGE('',*,*,#793,.T.);
#1022=ORIENTED_EDGE('',*,*,#794,.F.);
#1023=ORIENTED_EDGE('',*,*,#793,.F.);
#1024=ORIENTED_EDGE('',*,*,#794,.T.);
#1025=ORIENTED_EDGE('',*,*,#790,.F.);
#1026=ORIENTED_EDGE('',*,*,#795,.T.);
#1027=ORIENTED_EDGE('',*,*,#796,.F.);
#1028=ORIENTED_EDGE('',*,*,#795,.F.);
#1029=ORIENTED_EDGE('',*,*,#796,.T.);
#1030=ORIENTED_EDGE('',*,*,#792,.F.);
#1031=ORIENTED_EDGE('',*,*,#797,.T.);
#1032=ORIENTED_EDGE('',*,*,#798,.F.);
#1033=ORIENTED_EDGE('',*,*,#797,.F.);
#1034=ORIENTED_EDGE('',*,*,#798,.T.);
#1035=ORIENTED_EDGE('',*,*,#789,.F.);
#1036=ORIENTED_EDGE('',*,*,#799,.T.);
#1037=ORIENTED_EDGE('',*,*,#800,.F.);
#1038=ORIENTED_EDGE('',*,*,#799,.F.);
#1039=ORIENTED_EDGE('',*,*,#800,.T.);
#1040=ORIENTED_EDGE('',*,*,#788,.F.);
#1041=ORIENTED_EDGE('',*,*,#801,.T.);
#1042=ORIENTED_EDGE('',*,*,#802,.F.);
#1043=ORIENTED_EDGE('',*,*,#801,.F.);
#1044=ORIENTED_EDGE('',*,*,#802,.T.);
#1045=ORIENTED_EDGE('',*,*,#803,.F.);
#1046=ORIENTED_EDGE('',*,*,#804,.F.);
#1047=ORIENTED_EDGE('',*,*,#805,.F.);
#1048=ORIENTED_EDGE('',*,*,#806,.F.);
#1049=ORIENTED_EDGE('',*,*,#803,.T.);
#1050=ORIENTED_EDGE('',*,*,#807,.F.);
#1051=ORIENTED_EDGE('',*,*,#808,.F.);
#1052=ORIENTED_EDGE('',*,*,#770,.F.);
#1053=ORIENTED_EDGE('',*,*,#809,.F.);
#1054=ORIENTED_EDGE('',*,*,#810,.F.);
#1055=ORIENTED_EDGE('',*,*,#806,.T.);
#1056=ORIENTED_EDGE('',*,*,#811,.T.);
#1057=ORIENTED_EDGE('',*,*,#812,.F.);
#1058=ORIENTED_EDGE('',*,*,#807,.T.);
#1059=ORIENTED_EDGE('',*,*,#813,.F.);
#1060=ORIENTED_EDGE('',*,*,#764,.F.);
#1061=ORIENTED_EDGE('',*,*,#814,.T.);
#1062=ORIENTED_EDGE('',*,*,#815,.T.);
#1063=ORIENTED_EDGE('',*,*,#816,.T.);
#1064=ORIENTED_EDGE('',*,*,#817,.T.);
#1065=ORIENTED_EDGE('',*,*,#787,.F.);
#1066=ORIENTED_EDGE('',*,*,#818,.F.);
#1067=ORIENTED_EDGE('',*,*,#819,.T.);
#1068=ORIENTED_EDGE('',*,*,#814,.F.);
#1069=ORIENTED_EDGE('',*,*,#820,.F.);
#1070=ORIENTED_EDGE('',*,*,#817,.F.);
#1071=ORIENTED_EDGE('',*,*,#821,.F.);
#1072=ORIENTED_EDGE('',*,*,#822,.F.);
#1073=ORIENTED_EDGE('',*,*,#823,.F.);
#1074=ORIENTED_EDGE('',*,*,#824,.F.);
#1075=ORIENTED_EDGE('',*,*,#825,.T.);
#1076=ORIENTED_EDGE('',*,*,#826,.T.);
#1077=ORIENTED_EDGE('',*,*,#821,.T.);
#1078=ORIENTED_EDGE('',*,*,#816,.F.);
#1079=ORIENTED_EDGE('',*,*,#827,.T.);
#1080=ORIENTED_EDGE('',*,*,#828,.T.);
#1081=ORIENTED_EDGE('',*,*,#822,.T.);
#1082=ORIENTED_EDGE('',*,*,#826,.F.);
#1083=ORIENTED_EDGE('',*,*,#829,.T.);
#1084=ORIENTED_EDGE('',*,*,#830,.T.);
#1085=ORIENTED_EDGE('',*,*,#823,.T.);
#1086=ORIENTED_EDGE('',*,*,#828,.F.);
#1087=ORIENTED_EDGE('',*,*,#831,.F.);
#1088=ORIENTED_EDGE('',*,*,#824,.T.);
#1089=ORIENTED_EDGE('',*,*,#830,.F.);
#1090=ORIENTED_EDGE('',*,*,#832,.T.);
#1091=ORIENTED_EDGE('',*,*,#818,.T.);
#1092=ORIENTED_EDGE('',*,*,#786,.F.);
#1093=ORIENTED_EDGE('',*,*,#825,.F.);
#1094=ORIENTED_EDGE('',*,*,#815,.F.);
#1095=ORIENTED_EDGE('',*,*,#819,.F.);
#1096=ORIENTED_EDGE('',*,*,#832,.F.);
#1097=ORIENTED_EDGE('',*,*,#829,.F.);
#1098=ORIENTED_EDGE('',*,*,#827,.F.);
#1099=ORIENTED_EDGE('',*,*,#813,.T.);
#1100=ORIENTED_EDGE('',*,*,#820,.T.);
#1101=ORIENTED_EDGE('',*,*,#831,.T.);
#1102=ORIENTED_EDGE('',*,*,#785,.F.);
#1103=ORIENTED_EDGE('',*,*,#833,.T.);
#1104=ORIENTED_EDGE('',*,*,#757,.T.);
#1105=ORIENTED_EDGE('',*,*,#834,.F.);
#1106=ORIENTED_EDGE('',*,*,#765,.F.);
#1107=ORIENTED_EDGE('',*,*,#835,.F.);
#1108=ORIENTED_EDGE('',*,*,#836,.T.);
#1109=ORIENTED_EDGE('',*,*,#837,.T.);
#1110=ORIENTED_EDGE('',*,*,#838,.T.);
#1111=ORIENTED_EDGE('',*,*,#839,.T.);
#1112=ORIENTED_EDGE('',*,*,#840,.T.);
#1113=ORIENTED_EDGE('',*,*,#841,.F.);
#1114=ORIENTED_EDGE('',*,*,#782,.F.);
#1115=ORIENTED_EDGE('',*,*,#842,.F.);
#1116=ORIENTED_EDGE('',*,*,#843,.F.);
#1117=ORIENTED_EDGE('',*,*,#844,.T.);
#1118=ORIENTED_EDGE('',*,*,#836,.F.);
#1119=ORIENTED_EDGE('',*,*,#845,.F.);
#1120=ORIENTED_EDGE('',*,*,#846,.T.);
#1121=ORIENTED_EDGE('',*,*,#839,.F.);
#1122=ORIENTED_EDGE('',*,*,#847,.F.);
#1123=ORIENTED_EDGE('',*,*,#848,.F.);
#1124=ORIENTED_EDGE('',*,*,#847,.T.);
#1125=ORIENTED_EDGE('',*,*,#838,.F.);
#1126=ORIENTED_EDGE('',*,*,#849,.F.);
#1127=ORIENTED_EDGE('',*,*,#850,.F.);
#1128=ORIENTED_EDGE('',*,*,#849,.T.);
#1129=ORIENTED_EDGE('',*,*,#837,.F.);
#1130=ORIENTED_EDGE('',*,*,#844,.F.);
#1131=ORIENTED_EDGE('',*,*,#781,.F.);
#1132=ORIENTED_EDGE('',*,*,#851,.T.);
#1133=ORIENTED_EDGE('',*,*,#852,.F.);
#1134=ORIENTED_EDGE('',*,*,#842,.T.);
#1135=ORIENTED_EDGE('',*,*,#853,.F.);
#1136=ORIENTED_EDGE('',*,*,#840,.F.);
#1137=ORIENTED_EDGE('',*,*,#846,.F.);
#1138=ORIENTED_EDGE('',*,*,#854,.F.);
#1139=ORIENTED_EDGE('',*,*,#851,.F.);
#1140=ORIENTED_EDGE('',*,*,#780,.F.);
#1141=ORIENTED_EDGE('',*,*,#845,.T.);
#1142=ORIENTED_EDGE('',*,*,#848,.T.);
#1143=ORIENTED_EDGE('',*,*,#850,.T.);
#1144=ORIENTED_EDGE('',*,*,#843,.T.);
#1145=ORIENTED_EDGE('',*,*,#852,.T.);
#1146=ORIENTED_EDGE('',*,*,#854,.T.);
#1147=ORIENTED_EDGE('',*,*,#805,.T.);
#1148=ORIENTED_EDGE('',*,*,#855,.F.);
#1149=ORIENTED_EDGE('',*,*,#856,.F.);
#1150=ORIENTED_EDGE('',*,*,#768,.F.);
#1151=ORIENTED_EDGE('',*,*,#857,.F.);
#1152=ORIENTED_EDGE('',*,*,#811,.F.);
#1153=ORIENTED_EDGE('',*,*,#769,.F.);
#1154=ORIENTED_EDGE('',*,*,#856,.T.);
#1155=ORIENTED_EDGE('',*,*,#858,.F.);
#1156=ORIENTED_EDGE('',*,*,#809,.T.);
#1157=ORIENTED_EDGE('',*,*,#804,.T.);
#1158=ORIENTED_EDGE('',*,*,#810,.T.);
#1159=ORIENTED_EDGE('',*,*,#858,.T.);
#1160=ORIENTED_EDGE('',*,*,#855,.T.);
#1161=ORIENTED_EDGE('',*,*,#859,.F.);
#1162=ORIENTED_EDGE('',*,*,#860,.F.);
#1163=ORIENTED_EDGE('',*,*,#861,.F.);
#1164=ORIENTED_EDGE('',*,*,#862,.F.);
#1165=ORIENTED_EDGE('',*,*,#863,.F.);
#1166=ORIENTED_EDGE('',*,*,#864,.F.);
#1167=ORIENTED_EDGE('',*,*,#865,.T.);
#1168=ORIENTED_EDGE('',*,*,#866,.T.);
#1169=ORIENTED_EDGE('',*,*,#861,.T.);
#1170=ORIENTED_EDGE('',*,*,#867,.F.);
#1171=ORIENTED_EDGE('',*,*,#868,.T.);
#1172=ORIENTED_EDGE('',*,*,#869,.T.);
#1173=ORIENTED_EDGE('',*,*,#862,.T.);
#1174=ORIENTED_EDGE('',*,*,#866,.F.);
#1175=ORIENTED_EDGE('',*,*,#870,.T.);
#1176=ORIENTED_EDGE('',*,*,#871,.T.);
#1177=ORIENTED_EDGE('',*,*,#863,.T.);
#1178=ORIENTED_EDGE('',*,*,#869,.F.);
#1179=ORIENTED_EDGE('',*,*,#872,.T.);
#1180=ORIENTED_EDGE('',*,*,#873,.F.);
#1181=ORIENTED_EDGE('',*,*,#774,.F.);
#1182=ORIENTED_EDGE('',*,*,#874,.F.);
#1183=ORIENTED_EDGE('',*,*,#864,.T.);
#1184=ORIENTED_EDGE('',*,*,#871,.F.);
#1185=ORIENTED_EDGE('',*,*,#875,.T.);
#1186=ORIENTED_EDGE('',*,*,#876,.F.);
#1187=ORIENTED_EDGE('',*,*,#775,.F.);
#1188=ORIENTED_EDGE('',*,*,#873,.T.);
#1189=ORIENTED_EDGE('',*,*,#877,.T.);
#1190=ORIENTED_EDGE('',*,*,#867,.T.);
#1191=ORIENTED_EDGE('',*,*,#860,.T.);
#1192=ORIENTED_EDGE('',*,*,#878,.F.);
#1193=ORIENTED_EDGE('',*,*,#776,.F.);
#1194=ORIENTED_EDGE('',*,*,#876,.T.);
#1195=ORIENTED_EDGE('',*,*,#865,.F.);
#1196=ORIENTED_EDGE('',*,*,#877,.F.);
#1197=ORIENTED_EDGE('',*,*,#875,.F.);
#1198=ORIENTED_EDGE('',*,*,#872,.F.);
#1199=ORIENTED_EDGE('',*,*,#870,.F.);
#1200=ORIENTED_EDGE('',*,*,#868,.F.);
#1201=ORIENTED_EDGE('',*,*,#879,.F.);
#1202=ORIENTED_EDGE('',*,*,#766,.F.);
#1203=ORIENTED_EDGE('',*,*,#834,.T.);
#1204=ORIENTED_EDGE('',*,*,#756,.T.);
#1205=ORIENTED_EDGE('',*,*,#857,.T.);
#1206=ORIENTED_EDGE('',*,*,#767,.F.);
#1207=ORIENTED_EDGE('',*,*,#879,.T.);
#1208=ORIENTED_EDGE('',*,*,#763,.T.);
#1209=ORIENTED_EDGE('',*,*,#880,.F.);
#1210=ORIENTED_EDGE('',*,*,#771,.F.);
#1211=ORIENTED_EDGE('',*,*,#808,.T.);
#1212=ORIENTED_EDGE('',*,*,#812,.T.);
#1213=ORIENTED_EDGE('',*,*,#881,.F.);
#1214=ORIENTED_EDGE('',*,*,#772,.F.);
#1215=ORIENTED_EDGE('',*,*,#880,.T.);
#1216=ORIENTED_EDGE('',*,*,#762,.T.);
#1217=ORIENTED_EDGE('',*,*,#707,.T.);
#1218=ORIENTED_EDGE('',*,*,#716,.T.);
#1219=ORIENTED_EDGE('',*,*,#713,.T.);
#1220=ORIENTED_EDGE('',*,*,#710,.T.);
#1221=ORIENTED_EDGE('',*,*,#874,.T.);
#1222=ORIENTED_EDGE('',*,*,#773,.F.);
#1223=ORIENTED_EDGE('',*,*,#881,.T.);
#1224=ORIENTED_EDGE('',*,*,#761,.T.);
#1225=ORIENTED_EDGE('',*,*,#882,.F.);
#1226=ORIENTED_EDGE('',*,*,#777,.F.);
#1227=ORIENTED_EDGE('',*,*,#878,.T.);
#1228=ORIENTED_EDGE('',*,*,#859,.T.);
#1229=ORIENTED_EDGE('',*,*,#883,.F.);
#1230=ORIENTED_EDGE('',*,*,#778,.F.);
#1231=ORIENTED_EDGE('',*,*,#882,.T.);
#1232=ORIENTED_EDGE('',*,*,#760,.T.);
#1233=ORIENTED_EDGE('',*,*,#853,.T.);
#1234=ORIENTED_EDGE('',*,*,#779,.F.);
#1235=ORIENTED_EDGE('',*,*,#883,.T.);
#1236=ORIENTED_EDGE('',*,*,#759,.T.);
#1237=ORIENTED_EDGE('',*,*,#884,.F.);
#1238=ORIENTED_EDGE('',*,*,#783,.F.);
#1239=ORIENTED_EDGE('',*,*,#841,.T.);
#1240=ORIENTED_EDGE('',*,*,#835,.T.);
#1241=ORIENTED_EDGE('',*,*,#833,.F.);
#1242=ORIENTED_EDGE('',*,*,#784,.F.);
#1243=ORIENTED_EDGE('',*,*,#884,.T.);
#1244=ORIENTED_EDGE('',*,*,#758,.T.);
#1245=CYLINDRICAL_SURFACE('',#1353,0.475);
#1246=CYLINDRICAL_SURFACE('',#1357,0.475);
#1247=CYLINDRICAL_SURFACE('',#1375,0.75);
#1248=CYLINDRICAL_SURFACE('',#1390,0.4);
#1249=CYLINDRICAL_SURFACE('',#1393,0.4);
#1250=CYLINDRICAL_SURFACE('',#1396,0.6);
#1251=CYLINDRICAL_SURFACE('',#1399,0.15);
#1252=CYLINDRICAL_SURFACE('',#1402,0.15);
#1253=CYLINDRICAL_SURFACE('',#1409,4.60000000000006);
#1254=CYLINDRICAL_SURFACE('',#1414,0.2);
#1255=CYLINDRICAL_SURFACE('',#1424,0.2);
#1256=CYLINDRICAL_SURFACE('',#1427,4.60000000000006);
#1257=CYLINDRICAL_SURFACE('',#1432,4.60000000000006);
#1258=CYLINDRICAL_SURFACE('',#1438,0.2);
#1259=CYLINDRICAL_SURFACE('',#1442,4.60000000000006);
#1260=ADVANCED_FACE('',(#107),#1245,.F.);
#1261=ADVANCED_FACE('',(#108),#52,.F.);
#1262=ADVANCED_FACE('',(#109),#1246,.F.);
#1263=ADVANCED_FACE('',(#110),#53,.F.);
#1264=ADVANCED_FACE('',(#111),#54,.F.);
#1265=ADVANCED_FACE('',(#112),#55,.T.);
#1266=ADVANCED_FACE('',(#113),#56,.T.);
#1267=ADVANCED_FACE('',(#114),#57,.T.);
#1268=ADVANCED_FACE('',(#115),#58,.T.);
#1269=ADVANCED_FACE('',(#116),#59,.T.);
#1270=ADVANCED_FACE('',(#117),#60,.T.);
#1271=ADVANCED_FACE('',(#118),#61,.T.);
#1272=ADVANCED_FACE('',(#119),#62,.T.);
#1273=ADVANCED_FACE('',(#120),#63,.T.);
#1274=ADVANCED_FACE('',(#121),#64,.T.);
#1275=ADVANCED_FACE('',(#122),#65,.T.);
#1276=ADVANCED_FACE('',(#123),#66,.T.);
#1277=ADVANCED_FACE('',(#124),#67,.T.);
#1278=ADVANCED_FACE('',(#125),#1247,.F.);
#1279=ADVANCED_FACE('',(#126,#44),#68,.F.);
#1280=ADVANCED_FACE('',(#127,#45),#69,.F.);
#1281=ADVANCED_FACE('',(#128,#46,#47,#48,#49,#50),#70,.F.);
#1282=ADVANCED_FACE('',(#129),#1248,.F.);
#1283=ADVANCED_FACE('',(#130),#71,.F.);
#1284=ADVANCED_FACE('',(#131),#1249,.F.);
#1285=ADVANCED_FACE('',(#132),#72,.F.);
#1286=ADVANCED_FACE('',(#133),#1250,.F.);
#1287=ADVANCED_FACE('',(#134),#73,.F.);
#1288=ADVANCED_FACE('',(#135),#1251,.F.);
#1289=ADVANCED_FACE('',(#136),#74,.F.);
#1290=ADVANCED_FACE('',(#137),#1252,.F.);
#1291=ADVANCED_FACE('',(#138),#75,.F.);
#1292=ADVANCED_FACE('',(#139),#76,.F.);
#1293=ADVANCED_FACE('',(#140),#77,.F.);
#1294=ADVANCED_FACE('',(#141),#78,.F.);
#1295=ADVANCED_FACE('',(#142),#79,.T.);
#1296=ADVANCED_FACE('',(#143),#1253,.F.);
#1297=ADVANCED_FACE('',(#144),#80,.T.);
#1298=ADVANCED_FACE('',(#145),#81,.T.);
#1299=ADVANCED_FACE('',(#146),#1254,.T.);
#1300=ADVANCED_FACE('',(#147),#82,.T.);
#1301=ADVANCED_FACE('',(#148),#83,.T.);
#1302=ADVANCED_FACE('',(#149),#84,.F.);
#1303=ADVANCED_FACE('',(#150),#85,.T.);
#1304=ADVANCED_FACE('',(#151),#86,.F.);
#1305=ADVANCED_FACE('',(#152),#87,.F.);
#1306=ADVANCED_FACE('',(#153),#88,.F.);
#1307=ADVANCED_FACE('',(#154),#1255,.T.);
#1308=ADVANCED_FACE('',(#155),#89,.F.);
#1309=ADVANCED_FACE('',(#156),#1256,.F.);
#1310=ADVANCED_FACE('',(#157),#90,.F.);
#1311=ADVANCED_FACE('',(#158),#91,.T.);
#1312=ADVANCED_FACE('',(#159),#92,.F.);
#1313=ADVANCED_FACE('',(#160),#1257,.F.);
#1314=ADVANCED_FACE('',(#161),#93,.T.);
#1315=ADVANCED_FACE('',(#162),#94,.T.);
#1316=ADVANCED_FACE('',(#163),#95,.T.);
#1317=ADVANCED_FACE('',(#164),#1258,.T.);
#1318=ADVANCED_FACE('',(#165),#96,.T.);
#1319=ADVANCED_FACE('',(#166),#97,.T.);
#1320=ADVANCED_FACE('',(#167),#1259,.F.);
#1321=ADVANCED_FACE('',(#168),#98,.T.);
#1322=ADVANCED_FACE('',(#169),#99,.F.);
#1323=ADVANCED_FACE('',(#170),#100,.T.);
#1324=ADVANCED_FACE('',(#171),#101,.T.);
#1325=ADVANCED_FACE('',(#172,#51),#102,.T.);
#1326=ADVANCED_FACE('',(#173),#103,.T.);
#1327=ADVANCED_FACE('',(#174),#104,.T.);
#1328=ADVANCED_FACE('',(#175),#105,.T.);
#1329=ADVANCED_FACE('',(#176),#106,.T.);
#1330=CLOSED_SHELL('',(#1260,#1261,#1262,#1263,#1264,#1265,#1266,#1267,
#1268,#1269,#1270,#1271,#1272,#1273,#1274,#1275,#1276,#1277,#1278,#1279,
#1280,#1281,#1282,#1283,#1284,#1285,#1286,#1287,#1288,#1289,#1290,#1291,
#1292,#1293,#1294,#1295,#1296,#1297,#1298,#1299,#1300,#1301,#1302,#1303,
#1304,#1305,#1306,#1307,#1308,#1309,#1310,#1311,#1312,#1313,#1314,#1315,
#1316,#1317,#1318,#1319,#1320,#1321,#1322,#1323,#1324,#1325,#1326,#1327,
#1328,#1329));
#1331=DERIVED_UNIT_ELEMENT(#1334,1.);
#1332=DERIVED_UNIT_ELEMENT(#2181,-3.);
#1333=DIMENSIONAL_EXPONENTS(0.,1.,0.,0.,0.,0.,0.);
#1334=(
CONVERSION_BASED_UNIT('gram',#1336)
MASS_UNIT()
NAMED_UNIT(#1333)
);
#1335=(
MASS_UNIT()
NAMED_UNIT(*)
SI_UNIT(.KILO.,.GRAM.)
);
#1336=MASS_MEASURE_WITH_UNIT(MASS_MEASURE(0.001),#1335);
#1337=DERIVED_UNIT((#1331,#1332));
#1338=MEASURE_REPRESENTATION_ITEM('density measure',
POSITIVE_RATIO_MEASURE(1.),#1337);
#1339=PROPERTY_DEFINITION_REPRESENTATION(#1344,#1341);
#1340=PROPERTY_DEFINITION_REPRESENTATION(#1345,#1342);
#1341=REPRESENTATION('material name',(#1343),#2178);
#1342=REPRESENTATION('density',(#1338),#2178);
#1343=DESCRIPTIVE_REPRESENTATION_ITEM('Generic','Generic');
#1344=PROPERTY_DEFINITION('material property','material name',#2188);
#1345=PROPERTY_DEFINITION('material property','density of part',#2188);
#1346=DATE_TIME_ROLE('creation_date');
#1347=APPLIED_DATE_AND_TIME_ASSIGNMENT(#1348,#1346,(#2188));
#1348=DATE_AND_TIME(#1349,#1350);
#1349=CALENDAR_DATE(2024,11,1);
#1350=LOCAL_TIME(13,52,42.,#1351);
#1351=COORDINATED_UNIVERSAL_TIME_OFFSET(0,0,.BEHIND.);
#1352=AXIS2_PLACEMENT_3D('',#1805,#1453,#1454);
#1353=AXIS2_PLACEMENT_3D('',#1806,#1455,#1456);
#1354=AXIS2_PLACEMENT_3D('',#1809,#1457,#1458);
#1355=AXIS2_PLACEMENT_3D('',#1813,#1460,#1461);
#1356=AXIS2_PLACEMENT_3D('',#1815,#1463,#1464);
#1357=AXIS2_PLACEMENT_3D('',#1821,#1468,#1469);
#1358=AXIS2_PLACEMENT_3D('',#1823,#1470,#1471);
#1359=AXIS2_PLACEMENT_3D('',#1825,#1472,#1473);
#1360=AXIS2_PLACEMENT_3D('',#1827,#1475,#1476);
#1361=AXIS2_PLACEMENT_3D('',#1830,#1479,#1480);
#1362=AXIS2_PLACEMENT_3D('',#1831,#1481,#1482);
#1363=AXIS2_PLACEMENT_3D('',#1840,#1487,#1488);
#1364=AXIS2_PLACEMENT_3D('',#1846,#1492,#1493);
#1365=AXIS2_PLACEMENT_3D('',#1852,#1497,#1498);
#1366=AXIS2_PLACEMENT_3D('',#1858,#1502,#1503);
#1367=AXIS2_PLACEMENT_3D('',#1864,#1507,#1508);
#1368=AXIS2_PLACEMENT_3D('',#1870,#1512,#1513);
#1369=AXIS2_PLACEMENT_3D('',#1876,#1517,#1518);
#1370=AXIS2_PLACEMENT_3D('',#1882,#1522,#1523);
#1371=AXIS2_PLACEMENT_3D('',#1888,#1527,#1528);
#1372=AXIS2_PLACEMENT_3D('',#1894,#1532,#1533);
#1373=AXIS2_PLACEMENT_3D('',#1900,#1537,#1538);
#1374=AXIS2_PLACEMENT_3D('',#1903,#1541,#1542);
#1375=AXIS2_PLACEMENT_3D('',#1904,#1543,#1544);
#1376=AXIS2_PLACEMENT_3D('',#1906,#1545,#1546);
#1377=AXIS2_PLACEMENT_3D('',#1909,#1548,#1549);
#1378=AXIS2_PLACEMENT_3D('',#1910,#1550,#1551);
#1379=AXIS2_PLACEMENT_3D('',#1911,#1552,#1553);
#1380=AXIS2_PLACEMENT_3D('',#1928,#1562,#1563);
#1381=AXIS2_PLACEMENT_3D('',#1941,#1569,#1570);
#1382=AXIS2_PLACEMENT_3D('',#1953,#1576,#1577);
#1383=AXIS2_PLACEMENT_3D('',#1965,#1583,#1584);
#1384=AXIS2_PLACEMENT_3D('',#1976,#1590,#1591);
#1385=AXIS2_PLACEMENT_3D('',#1978,#1592,#1593);
#1386=AXIS2_PLACEMENT_3D('',#1980,#1594,#1595);
#1387=AXIS2_PLACEMENT_3D('',#1982,#1596,#1597);
#1388=AXIS2_PLACEMENT_3D('',#1984,#1598,#1599);
#1389=AXIS2_PLACEMENT_3D('',#1986,#1600,#1601);
#1390=AXIS2_PLACEMENT_3D('',#1987,#1602,#1603);
#1391=AXIS2_PLACEMENT_3D('',#1990,#1605,#1606);
#1392=AXIS2_PLACEMENT_3D('',#1991,#1607,#1608);
#1393=AXIS2_PLACEMENT_3D('',#1992,#1609,#1610);
#1394=AXIS2_PLACEMENT_3D('',#1995,#1612,#1613);
#1395=AXIS2_PLACEMENT_3D('',#1996,#1614,#1615);
#1396=AXIS2_PLACEMENT_3D('',#1997,#1616,#1617);
#1397=AXIS2_PLACEMENT_3D('',#2000,#1619,#1620);
#1398=AXIS2_PLACEMENT_3D('',#2001,#1621,#1622);
#1399=AXIS2_PLACEMENT_3D('',#2002,#1623,#1624);
#1400=AXIS2_PLACEMENT_3D('',#2005,#1626,#1627);
#1401=AXIS2_PLACEMENT_3D('',#2006,#1628,#1629);
#1402=AXIS2_PLACEMENT_3D('',#2007,#1630,#1631);
#1403=AXIS2_PLACEMENT_3D('',#2010,#1633,#1634);
#1404=AXIS2_PLACEMENT_3D('',#2011,#1635,#1636);
#1405=AXIS2_PLACEMENT_3D('',#2012,#1637,#1638);
#1406=AXIS2_PLACEMENT_3D('',#2021,#1643,#1644);
#1407=AXIS2_PLACEMENT_3D('',#2028,#1649,#1650);
#1408=AXIS2_PLACEMENT_3D('',#2032,#1653,#1654);
#1409=AXIS2_PLACEMENT_3D('',#2042,#1660,#1661);
#1410=AXIS2_PLACEMENT_3D('',#2045,#1663,#1664);
#1411=AXIS2_PLACEMENT_3D('',#2046,#1665,#1666);
#1412=AXIS2_PLACEMENT_3D('',#2052,#1669,#1670);
#1413=AXIS2_PLACEMENT_3D('',#2056,#1673,#1674);
#1414=AXIS2_PLACEMENT_3D('',#2060,#1677,#1678);
#1415=AXIS2_PLACEMENT_3D('',#2062,#1679,#1680);
#1416=AXIS2_PLACEMENT_3D('',#2064,#1682,#1683);
#1417=AXIS2_PLACEMENT_3D('',#2068,#1686,#1687);
#1418=AXIS2_PLACEMENT_3D('',#2071,#1690,#1691);
#1419=AXIS2_PLACEMENT_3D('',#2072,#1692,#1693);
#1420=AXIS2_PLACEMENT_3D('',#2075,#1696,#1697);
#1421=AXIS2_PLACEMENT_3D('',#2084,#1701,#1702);
#1422=AXIS2_PLACEMENT_3D('',#2088,#1705,#1706);
#1423=AXIS2_PLACEMENT_3D('',#2095,#1711,#1712);
#1424=AXIS2_PLACEMENT_3D('',#2101,#1716,#1717);
#1425=AXIS2_PLACEMENT_3D('',#2103,#1718,#1719);
#1426=AXIS2_PLACEMENT_3D('',#2105,#1721,#1722);
#1427=AXIS2_PLACEMENT_3D('',#2107,#1724,#1725);
#1428=AXIS2_PLACEMENT_3D('',#2110,#1727,#1728);
#1429=AXIS2_PLACEMENT_3D('',#2111,#1729,#1730);
#1430=AXIS2_PLACEMENT_3D('',#2114,#1733,#1734);
#1431=AXIS2_PLACEMENT_3D('',#2115,#1735,#1736);
#1432=AXIS2_PLACEMENT_3D('',#2120,#1740,#1741);
#1433=AXIS2_PLACEMENT_3D('',#2121,#1742,#1743);
#1434=AXIS2_PLACEMENT_3D('',#2122,#1744,#1745);
#1435=AXIS2_PLACEMENT_3D('',#2123,#1746,#1747);
#1436=AXIS2_PLACEMENT_3D('',#2132,#1751,#1752);
#1437=AXIS2_PLACEMENT_3D('',#2136,#1755,#1756);
#1438=AXIS2_PLACEMENT_3D('',#2142,#1760,#1761);
#1439=AXIS2_PLACEMENT_3D('',#2144,#1762,#1763);
#1440=AXIS2_PLACEMENT_3D('',#2146,#1765,#1766);
#1441=AXIS2_PLACEMENT_3D('',#2150,#1769,#1770);
#1442=AXIS2_PLACEMENT_3D('',#2155,#1774,#1775);
#1443=AXIS2_PLACEMENT_3D('',#2157,#1776,#1777);
#1444=AXIS2_PLACEMENT_3D('',#2159,#1779,#1780);
#1445=AXIS2_PLACEMENT_3D('',#2162,#1783,#1784);
#1446=AXIS2_PLACEMENT_3D('',#2163,#1785,#1786);
#1447=AXIS2_PLACEMENT_3D('',#2165,#1788,#1789);
#1448=AXIS2_PLACEMENT_3D('',#2167,#1791,#1792);
#1449=AXIS2_PLACEMENT_3D('',#2169,#1794,#1795);
#1450=AXIS2_PLACEMENT_3D('',#2171,#1797,#1798);
#1451=AXIS2_PLACEMENT_3D('',#2173,#1800,#1801);
#1452=AXIS2_PLACEMENT_3D('',#2175,#1803,#1804);
#1453=DIRECTION('axis',(0.,0.,1.));
#1454=DIRECTION('refdir',(1.,0.,0.));
#1455=DIRECTION('center_axis',(1.,0.,0.));
#1456=DIRECTION('ref_axis',(0.,1.,-2.22044604925031E-16));
#1457=DIRECTION('center_axis',(-1.,0.,0.));
#1458=DIRECTION('ref_axis',(0.,1.,-2.22044604925031E-16));
#1459=DIRECTION('',(1.,0.,0.));
#1460=DIRECTION('center_axis',(1.,0.,0.));
#1461=DIRECTION('ref_axis',(0.,1.,-2.22044604925031E-16));
#1462=DIRECTION('',(1.,0.,0.));
#1463=DIRECTION('center_axis',(0.,-1.,2.22044604925031E-16));
#1464=DIRECTION('ref_axis',(-1.,0.,0.));
#1465=DIRECTION('',(0.,2.22044604925031E-16,1.));
#1466=DIRECTION('',(0.,-2.22044604925031E-16,-1.));
#1467=DIRECTION('',(1.,0.,0.));
#1468=DIRECTION('center_axis',(1.,0.,0.));
#1469=DIRECTION('ref_axis',(0.,-1.,2.22044604925031E-16));
#1470=DIRECTION('center_axis',(-1.,0.,0.));
#1471=DIRECTION('ref_axis',(0.,-1.,2.22044604925031E-16));
#1472=DIRECTION('center_axis',(1.,0.,0.));
#1473=DIRECTION('ref_axis',(0.,-1.,2.22044604925031E-16));
#1474=DIRECTION('',(1.,0.,0.));
#1475=DIRECTION('center_axis',(0.,1.,-2.22044604925031E-16));
#1476=DIRECTION('ref_axis',(1.,0.,0.));
#1477=DIRECTION('',(0.,-2.22044604925031E-16,-1.));
#1478=DIRECTION('',(0.,2.22044604925031E-16,1.));
#1479=DIRECTION('center_axis',(1.,0.,0.));
#1480=DIRECTION('ref_axis',(0.,-1.,2.22044604925031E-16));
#1481=DIRECTION('center_axis',(0.,2.22044604925031E-16,1.));
#1482=DIRECTION('ref_axis',(0.,-1.,2.22044604925031E-16));
#1483=DIRECTION('',(-1.,0.,0.));
#1484=DIRECTION('',(0.,1.,-2.22044604925031E-16));
#1485=DIRECTION('',(-1.,0.,0.));
#1486=DIRECTION('',(0.,1.,-2.22044604925031E-16));
#1487=DIRECTION('center_axis',(1.,0.,0.));
#1488=DIRECTION('ref_axis',(0.,-1.,2.22044604925031E-16));
#1489=DIRECTION('',(0.,2.22044604925031E-16,1.));
#1490=DIRECTION('',(0.,1.,-2.22044604925031E-16));
#1491=DIRECTION('',(0.,2.22044604925031E-16,1.));
#1492=DIRECTION('center_axis',(0.,2.22044604925031E-16,1.));
#1493=DIRECTION('ref_axis',(0.,-1.,2.22044604925031E-16));
#1494=DIRECTION('',(-1.,0.,0.));
#1495=DIRECTION('',(0.,1.,-2.22044604925031E-16));
#1496=DIRECTION('',(-1.,0.,0.));
#1497=DIRECTION('center_axis',(-1.,0.,0.));
#1498=DIRECTION('ref_axis',(0.,1.,-2.22044604925031E-16));
#1499=DIRECTION('',(0.,-2.22044604925031E-16,-1.));
#1500=DIRECTION('',(0.,1.,-2.22044604925031E-16));
#1501=DIRECTION('',(0.,-2.22044604925031E-16,-1.));
#1502=DIRECTION('center_axis',(0.,2.22044604925031E-16,1.));
#1503=DIRECTION('ref_axis',(0.,-1.,2.22044604925031E-16));
#1504=DIRECTION('',(-1.,0.,0.));
#1505=DIRECTION('',(0.,1.,-2.22044604925031E-16));
#1506=DIRECTION('',(-1.,0.,0.));
#1507=DIRECTION('center_axis',(-1.,0.,0.));
#1508=DIRECTION('ref_axis',(0.,1.,-2.22044604925031E-16));
#1509=DIRECTION('',(0.,-2.22044604925031E-16,-1.));
#1510=DIRECTION('',(0.,1.,-2.22044604925031E-16));
#1511=DIRECTION('',(0.,-2.22044604925031E-16,-1.));
#1512=DIRECTION('center_axis',(0.,-2.22044604925031E-16,-1.));
#1513=DIRECTION('ref_axis',(0.,1.,-2.22044604925031E-16));
#1514=DIRECTION('',(1.,0.,0.));
#1515=DIRECTION('',(0.,1.,-2.22044604925031E-16));
#1516=DIRECTION('',(1.,0.,0.));
#1517=DIRECTION('center_axis',(-1.,0.,0.));
#1518=DIRECTION('ref_axis',(0.,1.,-2.22044604925031E-16));
#1519=DIRECTION('',(0.,-2.22044604925031E-16,-1.));
#1520=DIRECTION('',(0.,1.,-2.22044604925031E-16));
#1521=DIRECTION('',(0.,-2.22044604925031E-16,-1.));
#1522=DIRECTION('center_axis',(0.,-2.22044604925031E-16,-1.));
#1523=DIRECTION('ref_axis',(0.,1.,-2.22044604925031E-16));
#1524=DIRECTION('',(1.,0.,0.));
#1525=DIRECTION('',(0.,1.,-2.22044604925031E-16));
#1526=DIRECTION('',(1.,0.,0.));
#1527=DIRECTION('center_axis',(1.,0.,0.));
#1528=DIRECTION('ref_axis',(0.,-1.,2.22044604925031E-16));
#1529=DIRECTION('',(0.,2.22044604925031E-16,1.));
#1530=DIRECTION('',(0.,1.,-2.22044604925031E-16));
#1531=DIRECTION('',(0.,2.22044604925031E-16,1.));
#1532=DIRECTION('center_axis',(0.,-2.22044604925031E-16,-1.));
#1533=DIRECTION('ref_axis',(0.,1.,-2.22044604925031E-16));
#1534=DIRECTION('',(1.,0.,0.));
#1535=DIRECTION('',(0.,1.,-2.22044604925031E-16));
#1536=DIRECTION('',(1.,0.,0.));
#1537=DIRECTION('center_axis',(1.,0.,0.));
#1538=DIRECTION('ref_axis',(0.,-1.,2.22044604925031E-16));
#1539=DIRECTION('',(0.,2.22044604925031E-16,1.));
#1540=DIRECTION('',(0.,2.22044604925031E-16,1.));
#1541=DIRECTION('center_axis',(0.,1.,-2.22044604925031E-16));
#1542=DIRECTION('ref_axis',(1.,0.,0.));
#1543=DIRECTION('center_axis',(0.,-1.,2.22044604925031E-16));
#1544=DIRECTION('ref_axis',(-1.,0.,0.));
#1545=DIRECTION('center_axis',(0.,-1.,2.22044604925031E-16));
#1546=DIRECTION('ref_axis',(-1.,0.,0.));
#1547=DIRECTION('',(0.,-1.,2.22044604925031E-16));
#1548=DIRECTION('center_axis',(0.,1.,-2.22044604925031E-16));
#1549=DIRECTION('ref_axis',(-1.,0.,0.));
#1550=DIRECTION('center_axis',(0.,-1.,2.22044604925031E-16));
#1551=DIRECTION('ref_axis',(-1.,0.,0.));
#1552=DIRECTION('center_axis',(0.,-1.,2.22044604925031E-16));
#1553=DIRECTION('ref_axis',(-1.,0.,0.));
#1554=DIRECTION('',(-1.,0.,0.));
#1555=DIRECTION('',(-0.707106781186547,1.57009245868378E-16,0.707106781186548));
#1556=DIRECTION('',(0.,2.22044604925031E-16,1.));
#1557=DIRECTION('',(0.707106781186547,1.57009245868378E-16,0.707106781186548));
#1558=DIRECTION('',(1.,0.,0.));
#1559=DIRECTION('',(0.707106781186547,-1.57009245868378E-16,-0.707106781186548));
#1560=DIRECTION('',(0.,-2.22044604925031E-16,-1.));
#1561=DIRECTION('',(-0.707106781186548,-1.57009245868377E-16,-0.707106781186547));
#1562=DIRECTION('center_axis',(0.,1.,-2.22044604925031E-16));
#1563=DIRECTION('ref_axis',(1.,0.,0.));
#1564=DIRECTION('',(0.707106781186545,1.57009245868378E-16,0.70710678118655));
#1565=DIRECTION('',(-0.707106781186547,1.57009245868378E-16,0.707106781186548));
#1566=DIRECTION('',(-1.,0.,0.));
#1567=DIRECTION('',(-0.707106781186548,-1.57009245868377E-16,-0.707106781186547));
#1568=DIRECTION('',(0.707106781186545,-1.57009245868378E-16,-0.70710678118655));
#1569=DIRECTION('center_axis',(0.,-1.,2.22044604925031E-16));
#1570=DIRECTION('ref_axis',(-0.812934053121644,1.29308953524508E-16,0.582355754908643));
#1571=DIRECTION('',(-0.707106781186551,1.57009245868377E-16,0.707106781186544));
#1572=DIRECTION('',(-0.707106781186547,-1.57009245868378E-16,-0.707106781186548));
#1573=DIRECTION('',(0.,-2.22044604925031E-16,-1.));
#1574=DIRECTION('',(0.707106781186548,-1.57009245868377E-16,-0.707106781186548));
#1575=DIRECTION('',(0.707106781186551,1.57009245868377E-16,0.707106781186544));
#1576=DIRECTION('center_axis',(0.,-1.,2.22044604925031E-16));
#1577=DIRECTION('ref_axis',(-0.812934053121644,-1.29308953524508E-16,-0.582355754908643));
#1578=DIRECTION('',(-0.707106781186545,-1.57009245868378E-16,-0.70710678118655));
#1579=DIRECTION('',(0.707106781186546,-1.57009245868378E-16,-0.707106781186549));
#1580=DIRECTION('',(1.,0.,0.));
#1581=DIRECTION('',(0.707106781186548,1.57009245868377E-16,0.707106781186548));
#1582=DIRECTION('',(-0.707106781186545,1.57009245868378E-16,0.70710678118655));
#1583=DIRECTION('center_axis',(0.,-1.,2.22044604925031E-16));
#1584=DIRECTION('ref_axis',(0.812934053121644,-1.29308953524508E-16,-0.582355754908643));
#1585=DIRECTION('',(0.70710678118655,-1.57009245868377E-16,-0.707106781186545));
#1586=DIRECTION('',(0.707106781186547,1.57009245868378E-16,0.707106781186548));
#1587=DIRECTION('',(0.,2.22044604925031E-16,1.));
#1588=DIRECTION('',(-0.707106781186548,1.57009245868377E-16,0.707106781186548));
#1589=DIRECTION('',(-0.70710678118655,-1.57009245868377E-16,-0.707106781186545));
#1590=DIRECTION('center_axis',(0.,-1.,2.22044604925031E-16));
#1591=DIRECTION('ref_axis',(0.812934053121644,1.29308953524508E-16,0.582355754908643));
#1592=DIRECTION('center_axis',(0.,1.,-2.22044604925031E-16));
#1593=DIRECTION('ref_axis',(1.,0.,0.));
#1594=DIRECTION('center_axis',(0.,1.,-2.22044604925031E-16));
#1595=DIRECTION('ref_axis',(1.,0.,0.));
#1596=DIRECTION('center_axis',(0.,1.,-2.22044604925031E-16));
#1597=DIRECTION('ref_axis',(1.,0.,0.));
#1598=DIRECTION('center_axis',(0.,1.,-2.22044604925031E-16));
#1599=DIRECTION('ref_axis',(1.,0.,0.));
#1600=DIRECTION('center_axis',(0.,1.,-2.22044604925031E-16));
#1601=DIRECTION('ref_axis',(1.,0.,0.));
#1602=DIRECTION('center_axis',(0.,1.,-2.22044604925031E-16));
#1603=DIRECTION('ref_axis',(1.,0.,0.));
#1604=DIRECTION('',(0.,1.,-2.22044604925031E-16));
#1605=DIRECTION('center_axis',(0.,-1.,2.22044604925031E-16));
#1606=DIRECTION('ref_axis',(1.,0.,0.));
#1607=DIRECTION('center_axis',(0.,1.,-2.22044604925031E-16));
#1608=DIRECTION('ref_axis',(1.,0.,0.));
#1609=DIRECTION('center_axis',(0.,1.,-2.22044604925031E-16));
#1610=DIRECTION('ref_axis',(1.,0.,0.));
#1611=DIRECTION('',(0.,1.,-2.22044604925031E-16));
#1612=DIRECTION('center_axis',(0.,-1.,2.22044604925031E-16));
#1613=DIRECTION('ref_axis',(1.,0.,0.));
#1614=DIRECTION('center_axis',(0.,1.,-2.22044604925031E-16));
#1615=DIRECTION('ref_axis',(1.,0.,0.));
#1616=DIRECTION('center_axis',(0.,1.,-2.22044604925031E-16));
#1617=DIRECTION('ref_axis',(1.,0.,0.));
#1618=DIRECTION('',(0.,1.,-2.22044604925031E-16));
#1619=DIRECTION('center_axis',(0.,-1.,2.22044604925031E-16));
#1620=DIRECTION('ref_axis',(1.,0.,0.));
#1621=DIRECTION('center_axis',(0.,1.,-2.22044604925031E-16));
#1622=DIRECTION('ref_axis',(1.,0.,0.));
#1623=DIRECTION('center_axis',(0.,1.,-2.22044604925031E-16));
#1624=DIRECTION('ref_axis',(1.,0.,0.));
#1625=DIRECTION('',(0.,1.,-2.22044604925031E-16));
#1626=DIRECTION('center_axis',(0.,-1.,2.22044604925031E-16));
#1627=DIRECTION('ref_axis',(1.,0.,0.));
#1628=DIRECTION('center_axis',(0.,1.,-2.22044604925031E-16));
#1629=DIRECTION('ref_axis',(1.,0.,0.));
#1630=DIRECTION('center_axis',(0.,1.,-2.22044604925031E-16));
#1631=DIRECTION('ref_axis',(1.,0.,0.));
#1632=DIRECTION('',(0.,1.,-2.22044604925031E-16));
#1633=DIRECTION('center_axis',(0.,-1.,2.22044604925031E-16));
#1634=DIRECTION('ref_axis',(1.,0.,0.));
#1635=DIRECTION('center_axis',(0.,1.,-2.22044604925031E-16));
#1636=DIRECTION('ref_axis',(1.,0.,0.));
#1637=DIRECTION('center_axis',(0.707106781186544,-1.57009245868378E-16,
-0.707106781186551));
#1638=DIRECTION('ref_axis',(0.,-1.,2.22044604925031E-16));
#1639=DIRECTION('',(0.,1.,-2.22044604925031E-16));
#1640=DIRECTION('',(-0.707106781186551,-1.57009245868377E-16,-0.707106781186544));
#1641=DIRECTION('',(0.,-1.,2.22044604925031E-16));
#1642=DIRECTION('',(0.707106781186551,1.57009245868377E-16,0.707106781186544));
#1643=DIRECTION('center_axis',(0.707106781186544,1.57009245868378E-16,0.707106781186551));
#1644=DIRECTION('ref_axis',(0.,1.,-2.22044604925031E-16));
#1645=DIRECTION('',(-0.70710678118655,1.57009245868377E-16,0.707106781186545));
#1646=DIRECTION('',(0.,1.,-2.22044604925031E-16));
#1647=DIRECTION('',(0.,1.,-2.22044604925031E-16));
#1648=DIRECTION('',(0.70710678118655,-1.57009245868377E-16,-0.707106781186545));
#1649=DIRECTION('center_axis',(0.,-1.,2.22044604925031E-16));
#1650=DIRECTION('ref_axis',(1.,0.,0.));
#1651=DIRECTION('',(0.707106781186546,-1.57009245868378E-16,-0.707106781186549));
#1652=DIRECTION('',(0.707106781186548,1.57009245868377E-16,0.707106781186547));
#1653=DIRECTION('center_axis',(-0.707106781186551,1.57009245868377E-16,
0.707106781186544));
#1654=DIRECTION('ref_axis',(0.,-1.,2.22044604925031E-16));
#1655=DIRECTION('',(0.,1.,-2.22044604925031E-16));
#1656=DIRECTION('',(0.,-1.,2.22044604925031E-16));
#1657=DIRECTION('',(0.707106781186544,1.57009245868378E-16,0.707106781186551));
#1658=DIRECTION('',(0.,1.,-2.22044604925031E-16));
#1659=DIRECTION('',(-0.707106781186545,-1.57009245868378E-16,-0.70710678118655));
#1660=DIRECTION('center_axis',(0.,-1.,2.22044604925031E-16));
#1661=DIRECTION('ref_axis',(0.812934053121644,1.29308953524508E-16,0.582355754908643));
#1662=DIRECTION('',(0.,1.,-2.22044604925031E-16));
#1663=DIRECTION('center_axis',(0.,-1.,2.22044604925031E-16));
#1664=DIRECTION('ref_axis',(0.812934053121644,1.29308953524508E-16,0.582355754908643));
#1665=DIRECTION('center_axis',(0.,1.,-2.22044604925031E-16));
#1666=DIRECTION('ref_axis',(-1.,0.,0.));
#1667=DIRECTION('',(0.707106781186547,-1.57009245868378E-16,-0.707106781186548));
#1668=DIRECTION('',(-1.,0.,0.));
#1669=DIRECTION('center_axis',(0.,-1.,2.22044604925031E-16));
#1670=DIRECTION('ref_axis',(1.,0.,0.));
#1671=DIRECTION('',(0.,2.22044604925031E-16,1.));
#1672=DIRECTION('',(0.707106781186549,1.57009245868377E-16,0.707106781186546));
#1673=DIRECTION('center_axis',(0.,2.22044604925031E-16,1.));
#1674=DIRECTION('ref_axis',(0.,1.,-2.22044604925031E-16));
#1675=DIRECTION('',(1.,0.,0.));
#1676=DIRECTION('',(0.,1.,-2.22044604925031E-16));
#1677=DIRECTION('center_axis',(0.,-1.,2.22044604925031E-16));
#1678=DIRECTION('ref_axis',(-1.,0.,0.));
#1679=DIRECTION('center_axis',(0.,1.,-2.22044604925031E-16));
#1680=DIRECTION('ref_axis',(-1.,0.,0.));
#1681=DIRECTION('',(0.,1.,-2.22044604925031E-16));
#1682=DIRECTION('center_axis',(1.,0.,0.));
#1683=DIRECTION('ref_axis',(0.,1.,-2.22044604925031E-16));
#1684=DIRECTION('',(0.,-2.22044604925031E-16,-1.));
#1685=DIRECTION('',(0.,1.,-2.22044604925031E-16));
#1686=DIRECTION('center_axis',(0.707106781186544,-1.57009245868378E-16,
-0.707106781186551));
#1687=DIRECTION('ref_axis',(0.,1.,-2.22044604925031E-16));
#1688=DIRECTION('',(0.,-1.,2.22044604925031E-16));
#1689=DIRECTION('',(-0.707106781186551,-1.57009245868377E-16,-0.707106781186544));
#1690=DIRECTION('center_axis',(0.,1.,-2.22044604925031E-16));
#1691=DIRECTION('ref_axis',(-1.,0.,0.));
#1692=DIRECTION('center_axis',(0.707106781186548,1.57009245868377E-16,0.707106781186547));
#1693=DIRECTION('ref_axis',(0.,-1.,2.22044604925031E-16));
#1694=DIRECTION('',(0.,1.,-2.22044604925031E-16));
#1695=DIRECTION('',(0.,1.,-2.22044604925031E-16));
#1696=DIRECTION('center_axis',(0.,-1.,2.22044604925031E-16));
#1697=DIRECTION('ref_axis',(-1.,0.,0.));
#1698=DIRECTION('',(-0.707106781186547,-1.57009245868378E-16,-0.707106781186548));
#1699=DIRECTION('',(0.70710678118655,-1.57009245868377E-16,-0.707106781186545));
#1700=DIRECTION('',(0.,-2.22044604925031E-16,-1.));
#1701=DIRECTION('center_axis',(0.,1.,-2.22044604925031E-16));
#1702=DIRECTION('ref_axis',(1.,0.,0.));
#1703=DIRECTION('',(-1.,0.,0.));
#1704=DIRECTION('',(-0.707106781186543,1.57009245868378E-16,0.707106781186552));
#1705=DIRECTION('center_axis',(-0.707106781186544,-1.57009245868378E-16,
-0.707106781186551));
#1706=DIRECTION('ref_axis',(0.,1.,-2.22044604925031E-16));
#1707=DIRECTION('',(0.,1.,-2.22044604925031E-16));
#1708=DIRECTION('',(0.,1.,-2.22044604925031E-16));
#1709=DIRECTION('',(-0.707106781186551,1.57009245868377E-16,0.707106781186544));
#1710=DIRECTION('',(0.,1.,-2.22044604925031E-16));
#1711=DIRECTION('center_axis',(0.,2.22044604925031E-16,1.));
#1712=DIRECTION('ref_axis',(0.,1.,-2.22044604925031E-16));
#1713=DIRECTION('',(1.,0.,0.));
#1714=DIRECTION('',(0.,1.,-2.22044604925031E-16));
#1715=DIRECTION('',(0.,1.,-2.22044604925031E-16));
#1716=DIRECTION('center_axis',(0.,1.,-2.22044604925031E-16));
#1717=DIRECTION('ref_axis',(-1.,0.,0.));
#1718=DIRECTION('center_axis',(0.,-1.,2.22044604925031E-16));
#1719=DIRECTION('ref_axis',(-1.,0.,0.));
#1720=DIRECTION('',(0.,1.,-2.22044604925031E-16));
#1721=DIRECTION('center_axis',(-1.,0.,0.));
#1722=DIRECTION('ref_axis',(0.,1.,-2.22044604925031E-16));
#1723=DIRECTION('',(0.,2.22044604925031E-16,1.));
#1724=DIRECTION('center_axis',(0.,1.,-2.22044604925031E-16));
#1725=DIRECTION('ref_axis',(0.812934053121644,-1.29308953524508E-16,-0.582355754908643));
#1726=DIRECTION('',(0.,-1.,2.22044604925031E-16));
#1727=DIRECTION('center_axis',(0.,1.,-2.22044604925031E-16));
#1728=DIRECTION('ref_axis',(0.812934053121644,-1.29308953524508E-16,-0.582355754908643));
#1729=DIRECTION('center_axis',(0.707106781186551,1.57009245868377E-16,0.707106781186544));
#1730=DIRECTION('ref_axis',(0.,-1.,2.22044604925031E-16));
#1731=DIRECTION('',(0.,-1.,2.22044604925031E-16));
#1732=DIRECTION('',(0.707106781186544,-1.57009245868378E-16,-0.707106781186551));
#1733=DIRECTION('center_axis',(0.,-1.,2.22044604925031E-16));
#1734=DIRECTION('ref_axis',(-1.,0.,0.));
#1735=DIRECTION('center_axis',(-0.707106781186551,-1.57009245868377E-16,
-0.707106781186544));
#1736=DIRECTION('ref_axis',(0.,-1.,2.22044604925031E-16));
#1737=DIRECTION('',(-0.707106781186544,1.57009245868378E-16,0.707106781186551));
#1738=DIRECTION('',(0.,-1.,2.22044604925031E-16));
#1739=DIRECTION('',(0.,-1.,2.22044604925031E-16));
#1740=DIRECTION('center_axis',(0.,1.,-2.22044604925031E-16));
#1741=DIRECTION('ref_axis',(-0.812934053121644,1.29308953524508E-16,0.582355754908643));
#1742=DIRECTION('center_axis',(0.,1.,-2.22044604925031E-16));
#1743=DIRECTION('ref_axis',(-0.812934053121644,1.29308953524508E-16,0.582355754908643));
#1744=DIRECTION('center_axis',(0.,-1.,2.22044604925031E-16));
#1745=DIRECTION('ref_axis',(1.,0.,0.));
#1746=DIRECTION('center_axis',(0.,1.,-2.22044604925031E-16));
#1747=DIRECTION('ref_axis',(1.,0.,0.));
#1748=DIRECTION('',(-0.707106781186547,1.57009245868378E-16,0.707106781186548));
#1749=DIRECTION('',(0.707106781186545,1.57009245868378E-16,0.70710678118655));
#1750=DIRECTION('',(1.,0.,0.));
#1751=DIRECTION('center_axis',(0.,-1.,2.22044604925031E-16));
#1752=DIRECTION('ref_axis',(-1.,0.,0.));
#1753=DIRECTION('',(0.,-2.22044604925031E-16,-1.));
#1754=DIRECTION('',(-0.707106781186549,-1.57009245868377E-16,-0.707106781186546));
#1755=DIRECTION('center_axis',(0.,-2.22044604925031E-16,-1.));
#1756=DIRECTION('ref_axis',(0.,1.,-2.22044604925031E-16));
#1757=DIRECTION('',(-1.,0.,0.));
#1758=DIRECTION('',(0.,1.,-2.22044604925031E-16));
#1759=DIRECTION('',(0.,1.,-2.22044604925031E-16));
#1760=DIRECTION('center_axis',(0.,-1.,2.22044604925031E-16));
#1761=DIRECTION('ref_axis',(1.,0.,0.));
#1762=DIRECTION('center_axis',(0.,1.,-2.22044604925031E-16));
#1763=DIRECTION('ref_axis',(1.,0.,0.));
#1764=DIRECTION('',(0.,1.,-2.22044604925031E-16));
#1765=DIRECTION('center_axis',(-1.,0.,0.));
#1766=DIRECTION('ref_axis',(0.,1.,-2.22044604925031E-16));
#1767=DIRECTION('',(0.,2.22044604925031E-16,1.));
#1768=DIRECTION('',(0.,1.,-2.22044604925031E-16));
#1769=DIRECTION('center_axis',(-0.707106781186544,1.57009245868378E-16,
0.707106781186551));
#1770=DIRECTION('ref_axis',(0.,1.,-2.22044604925031E-16));
#1771=DIRECTION('',(0.707106781186551,1.57009245868377E-16,0.707106781186544));
#1772=DIRECTION('',(0.,-1.,2.22044604925031E-16));
#1773=DIRECTION('',(0.,-1.,2.22044604925031E-16));
#1774=DIRECTION('center_axis',(0.,-1.,2.22044604925031E-16));
#1775=DIRECTION('ref_axis',(-0.812934053121644,-1.29308953524508E-16,-0.582355754908643));
#1776=DIRECTION('center_axis',(0.,-1.,2.22044604925031E-16));
#1777=DIRECTION('ref_axis',(-0.812934053121644,-1.29308953524508E-16,-0.582355754908643));
#1778=DIRECTION('',(0.,-1.,2.22044604925031E-16));
#1779=DIRECTION('center_axis',(0.707106781186551,-1.57009245868377E-16,
-0.707106781186544));
#1780=DIRECTION('ref_axis',(0.,-1.,2.22044604925031E-16));
#1781=DIRECTION('',(-0.707106781186544,-1.57009245868378E-16,-0.707106781186551));
#1782=DIRECTION('',(0.,1.,-2.22044604925031E-16));
#1783=DIRECTION('center_axis',(0.,1.,-2.22044604925031E-16));
#1784=DIRECTION('ref_axis',(1.,0.,0.));
#1785=DIRECTION('center_axis',(0.,2.22044604925031E-16,1.));
#1786=DIRECTION('ref_axis',(0.,-1.,2.22044604925031E-16));
#1787=DIRECTION('',(0.,1.,-2.22044604925031E-16));
#1788=DIRECTION('center_axis',(-0.707106781186547,1.57009245868378E-16,
0.707106781186548));
#1789=DIRECTION('ref_axis',(0.,1.,-2.22044604925031E-16));
#1790=DIRECTION('',(0.,1.,-2.22044604925031E-16));
#1791=DIRECTION('center_axis',(-1.,0.,0.));
#1792=DIRECTION('ref_axis',(0.,1.,-2.22044604925031E-16));
#1793=DIRECTION('',(0.,1.,-2.22044604925031E-16));
#1794=DIRECTION('center_axis',(-0.707106781186548,-1.57009245868377E-16,
-0.707106781186547));
#1795=DIRECTION('ref_axis',(0.,1.,-2.22044604925031E-16));
#1796=DIRECTION('',(0.,1.,-2.22044604925031E-16));
#1797=DIRECTION('center_axis',(0.,-2.22044604925031E-16,-1.));
#1798=DIRECTION('ref_axis',(0.,1.,-2.22044604925031E-16));
#1799=DIRECTION('',(0.,1.,-2.22044604925031E-16));
#1800=DIRECTION('center_axis',(0.707106781186548,-1.57009245868377E-16,
-0.707106781186547));
#1801=DIRECTION('ref_axis',(0.,-1.,2.22044604925031E-16));
#1802=DIRECTION('',(0.,1.,-2.22044604925031E-16));
#1803=DIRECTION('center_axis',(1.,0.,0.));
#1804=DIRECTION('ref_axis',(0.,-1.,2.22044604925031E-16));
#1805=CARTESIAN_POINT('',(0.,0.,0.));
#1806=CARTESIAN_POINT('Origin',(-4.282,0.978,-0.923));
#1807=CARTESIAN_POINT('',(-3.282,1.453,-0.923));
#1808=CARTESIAN_POINT('',(-3.282,0.503,-0.923));
#1809=CARTESIAN_POINT('Origin',(-3.282,0.978,-0.923));
#1810=CARTESIAN_POINT('',(-4.282,1.453,-0.923));
#1811=CARTESIAN_POINT('',(-4.282,1.453,-0.923));
#1812=CARTESIAN_POINT('',(-4.282,0.503,-0.923));
#1813=CARTESIAN_POINT('Origin',(-4.282,0.978,-0.923));
#1814=CARTESIAN_POINT('',(-4.282,0.503,-0.923));
#1815=CARTESIAN_POINT('Origin',(-4.282,0.503,-0.923));
#1816=CARTESIAN_POINT('',(-3.282,0.503,0.926999999999999));
#1817=CARTESIAN_POINT('',(-3.282,0.503,-0.923));
#1818=CARTESIAN_POINT('',(-4.282,0.503,0.926999999999999));
#1819=CARTESIAN_POINT('',(-4.282,0.503,0.926999999999999));
#1820=CARTESIAN_POINT('',(-4.282,0.503,0.926999999999999));
#1821=CARTESIAN_POINT('Origin',(-4.282,0.978,0.926999999999998));
#1822=CARTESIAN_POINT('',(-3.282,1.453,0.926999999999998));
#1823=CARTESIAN_POINT('Origin',(-3.282,0.978,0.926999999999998));
#1824=CARTESIAN_POINT('',(-4.282,1.453,0.926999999999998));
#1825=CARTESIAN_POINT('Origin',(-4.282,0.978,0.926999999999998));
#1826=CARTESIAN_POINT('',(-4.282,1.453,0.926999999999998));
#1827=CARTESIAN_POINT('Origin',(-4.282,1.453,0.926999999999998));
#1828=CARTESIAN_POINT('',(-3.282,1.453,0.926999999999998));
#1829=CARTESIAN_POINT('',(-4.282,1.453,-0.923));
#1830=CARTESIAN_POINT('Origin',(-3.282,0.978,0.00199999999999934));
#1831=CARTESIAN_POINT('Origin',(2.868,1.908,2.502));
#1832=CARTESIAN_POINT('',(2.868,2.008,2.502));
#1833=CARTESIAN_POINT('',(2.468,2.008,2.502));
#1834=CARTESIAN_POINT('',(2.868,2.008,2.502));
#1835=CARTESIAN_POINT('',(2.468,1.908,2.502));
#1836=CARTESIAN_POINT('',(2.468,1.908,2.502));
#1837=CARTESIAN_POINT('',(2.868,1.908,2.502));
#1838=CARTESIAN_POINT('',(2.868,1.908,2.502));
#1839=CARTESIAN_POINT('',(2.868,1.908,2.502));
#1840=CARTESIAN_POINT('Origin',(2.468,1.908,2.502));
#1841=CARTESIAN_POINT('',(2.468,2.008,2.89144271909999));
#1842=CARTESIAN_POINT('',(2.468,2.008,2.502));
#1843=CARTESIAN_POINT('',(2.468,1.908,2.89144271909999));
#1844=CARTESIAN_POINT('',(2.468,1.908,2.89144271909999));
#1845=CARTESIAN_POINT('',(2.468,1.908,2.502));
#1846=CARTESIAN_POINT('Origin',(2.468,1.908,2.89144271909999));
#1847=CARTESIAN_POINT('',(2.268,2.008,2.89144271909999));
#1848=CARTESIAN_POINT('',(2.468,2.008,2.89144271909999));
#1849=CARTESIAN_POINT('',(2.268,1.908,2.89144271909999));
#1850=CARTESIAN_POINT('',(2.268,1.908,2.89144271909999));
#1851=CARTESIAN_POINT('',(2.468,1.908,2.89144271909999));
#1852=CARTESIAN_POINT('Origin',(2.268,1.908,2.89144271909999));
#1853=CARTESIAN_POINT('',(2.268,2.008,2.502));
#1854=CARTESIAN_POINT('',(2.268,2.008,2.89144271909999));
#1855=CARTESIAN_POINT('',(2.268,1.908,2.502));
#1856=CARTESIAN_POINT('',(2.268,1.908,2.502));
#1857=CARTESIAN_POINT('',(2.268,1.908,2.89144271909999));
#1858=CARTESIAN_POINT('Origin',(2.268,1.908,2.502));
#1859=CARTESIAN_POINT('',(1.868,2.008,2.502));
#1860=CARTESIAN_POINT('',(2.268,2.008,2.502));
#1861=CARTESIAN_POINT('',(1.868,1.908,2.502));
#1862=CARTESIAN_POINT('',(1.868,1.908,2.502));
#1863=CARTESIAN_POINT('',(2.268,1.908,2.502));
#1864=CARTESIAN_POINT('Origin',(1.868,1.908,2.502));
#1865=CARTESIAN_POINT('',(1.868,2.008,2.302));
#1866=CARTESIAN_POINT('',(1.868,2.008,2.502));
#1867=CARTESIAN_POINT('',(1.868,1.908,2.302));
#1868=CARTESIAN_POINT('',(1.868,1.908,2.302));
#1869=CARTESIAN_POINT('',(1.868,1.908,2.502));
#1870=CARTESIAN_POINT('Origin',(1.868,1.908,2.302));
#1871=CARTESIAN_POINT('',(2.268,2.008,2.302));
#1872=CARTESIAN_POINT('',(1.868,2.008,2.302));
#1873=CARTESIAN_POINT('',(2.268,1.908,2.302));
#1874=CARTESIAN_POINT('',(2.268,1.908,2.302));
#1875=CARTESIAN_POINT('',(1.868,1.908,2.302));
#1876=CARTESIAN_POINT('Origin',(2.268,1.908,2.302));
#1877=CARTESIAN_POINT('',(2.268,2.008,1.89144271909999));
#1878=CARTESIAN_POINT('',(2.268,2.008,2.302));
#1879=CARTESIAN_POINT('',(2.268,1.908,1.89144271909999));
#1880=CARTESIAN_POINT('',(2.268,1.908,1.89144271909999));
#1881=CARTESIAN_POINT('',(2.268,1.908,2.302));
#1882=CARTESIAN_POINT('Origin',(2.268,1.908,1.89144271909999));
#1883=CARTESIAN_POINT('',(2.468,2.008,1.89144271909999));
#1884=CARTESIAN_POINT('',(2.268,2.008,1.89144271909999));
#1885=CARTESIAN_POINT('',(2.468,1.908,1.89144271909999));
#1886=CARTESIAN_POINT('',(2.468,1.908,1.89144271909999));
#1887=CARTESIAN_POINT('',(2.268,1.908,1.89144271909999));
#1888=CARTESIAN_POINT('Origin',(2.468,1.908,1.89144271909999));
#1889=CARTESIAN_POINT('',(2.468,2.008,2.302));
#1890=CARTESIAN_POINT('',(2.468,2.008,1.89144271909999));
#1891=CARTESIAN_POINT('',(2.468,1.908,2.302));
#1892=CARTESIAN_POINT('',(2.468,1.908,2.302));
#1893=CARTESIAN_POINT('',(2.468,1.908,1.89144271909999));
#1894=CARTESIAN_POINT('Origin',(2.468,1.908,2.302));
#1895=CARTESIAN_POINT('',(2.868,2.008,2.302));
#1896=CARTESIAN_POINT('',(2.468,2.008,2.302));
#1897=CARTESIAN_POINT('',(2.868,1.908,2.302));
#1898=CARTESIAN_POINT('',(2.868,1.908,2.302));
#1899=CARTESIAN_POINT('',(2.468,1.908,2.302));
#1900=CARTESIAN_POINT('Origin',(2.868,1.908,2.302));
#1901=CARTESIAN_POINT('',(2.868,2.008,2.302));
#1902=CARTESIAN_POINT('',(2.868,1.908,2.302));
#1903=CARTESIAN_POINT('Origin',(2.368,2.008,2.39566563145999));
#1904=CARTESIAN_POINT('Origin',(2.368,2.008,2.402));
#1905=CARTESIAN_POINT('',(3.118,2.008,2.402));
#1906=CARTESIAN_POINT('Origin',(2.368,2.008,2.402));
#1907=CARTESIAN_POINT('',(3.118,1.908,2.402));
#1908=CARTESIAN_POINT('',(3.118,2.008,2.402));
#1909=CARTESIAN_POINT('Origin',(2.368,1.908,2.402));
#1910=CARTESIAN_POINT('Origin',(2.368,1.908,2.402));
#1911=CARTESIAN_POINT('Origin',(-0.032,2.008,0.00199999999999911));
#1912=CARTESIAN_POINT('',(2.78906781186548,2.008,4.252));
#1913=CARTESIAN_POINT('',(-2.85306781186547,2.008,4.252));
#1914=CARTESIAN_POINT('',(2.78906781186548,2.008,4.252));
#1915=CARTESIAN_POINT('',(4.218,2.008,2.82306781186547));
#1916=CARTESIAN_POINT('',(4.218,2.008,2.82306781186547));
#1917=CARTESIAN_POINT('',(4.218,2.008,-2.81906781186548));
#1918=CARTESIAN_POINT('',(4.218,2.008,-2.81906781186548));
#1919=CARTESIAN_POINT('',(2.78906781186548,2.008,-4.248));
#1920=CARTESIAN_POINT('',(2.78906781186548,2.008,-4.248));
#1921=CARTESIAN_POINT('',(-2.85306781186548,2.008,-4.248));
#1922=CARTESIAN_POINT('',(-2.85306781186548,2.008,-4.248));
#1923=CARTESIAN_POINT('',(-4.282,2.008,-2.81906781186547));
#1924=CARTESIAN_POINT('',(-4.282,2.008,-2.81906781186547));
#1925=CARTESIAN_POINT('',(-4.282,2.008,2.82306781186547));
#1926=CARTESIAN_POINT('',(-4.282,2.008,2.82306781186547));
#1927=CARTESIAN_POINT('',(-2.85306781186547,2.008,4.252));
#1928=CARTESIAN_POINT('Origin',(-0.0319999999999997,-1.992,0.00199999999999979));
#1929=CARTESIAN_POINT('',(2.6468364725798,-1.992,3.74149664435961));
#1930=CARTESIAN_POINT('',(2.97320382004283,-1.992,4.06786399182264));
#1931=CARTESIAN_POINT('',(2.6468364725798,-1.992,3.74149664435961));
#1932=CARTESIAN_POINT('',(2.78906781186548,-1.992,4.252));
#1933=CARTESIAN_POINT('',(2.97320382004283,-1.992,4.06786399182264));
#1934=CARTESIAN_POINT('',(-2.85306781186547,-1.992,4.252));
#1935=CARTESIAN_POINT('',(2.78906781186548,-1.992,4.252));
#1936=CARTESIAN_POINT('',(-3.03720382004283,-1.992,4.06786399182264));
#1937=CARTESIAN_POINT('',(-2.85306781186547,-1.992,4.252));
#1938=CARTESIAN_POINT('',(-2.7108364725798,-1.992,3.74149664435961));
#1939=CARTESIAN_POINT('',(-3.03720382004283,-1.992,4.06786399182264));
#1940=CARTESIAN_POINT('',(-3.77149664435957,-1.992,2.68083647257975));
#1941=CARTESIAN_POINT('Origin',(-0.032,-1.992,0.002));
#1942=CARTESIAN_POINT('',(-4.09786399182264,-1.992,3.00720382004283));
#1943=CARTESIAN_POINT('',(-3.77149664435957,-1.992,2.68083647257975));
#1944=CARTESIAN_POINT('',(-4.282,-1.992,2.82306781186547));
#1945=CARTESIAN_POINT('',(-4.09786399182264,-1.992,3.00720382004283));
#1946=CARTESIAN_POINT('',(-4.282,-1.992,-2.81906781186547));
#1947=CARTESIAN_POINT('',(-4.282,-1.992,2.82306781186547));
#1948=CARTESIAN_POINT('',(-4.09786399182264,-1.992,-3.00320382004283));
#1949=CARTESIAN_POINT('',(-4.282,-1.992,-2.81906781186547));
#1950=CARTESIAN_POINT('',(-3.77149664435957,-1.992,-2.67683647257975));
#1951=CARTESIAN_POINT('',(-4.09786399182264,-1.992,-3.00320382004283));
#1952=CARTESIAN_POINT('',(-2.7108364725798,-1.992,-3.73749664435961));
#1953=CARTESIAN_POINT('Origin',(-0.032,-1.992,0.002));
#1954=CARTESIAN_POINT('',(-3.03720382004283,-1.992,-4.06386399182264));
#1955=CARTESIAN_POINT('',(-2.7108364725798,-1.992,-3.73749664435961));
#1956=CARTESIAN_POINT('',(-2.85306781186548,-1.992,-4.248));
#1957=CARTESIAN_POINT('',(-3.03720382004283,-1.992,-4.06386399182264));
#1958=CARTESIAN_POINT('',(2.78906781186548,-1.992,-4.248));
#1959=CARTESIAN_POINT('',(-2.85306781186548,-1.992,-4.248));
#1960=CARTESIAN_POINT('',(2.97320382004283,-1.992,-4.06386399182264));
#1961=CARTESIAN_POINT('',(2.78906781186548,-1.992,-4.248));
#1962=CARTESIAN_POINT('',(2.6468364725798,-1.992,-3.73749664435961));
#1963=CARTESIAN_POINT('',(2.97320382004283,-1.992,-4.06386399182264));
#1964=CARTESIAN_POINT('',(3.70749664435957,-1.992,-2.67683647257975));
#1965=CARTESIAN_POINT('Origin',(-0.032,-1.992,0.002));
#1966=CARTESIAN_POINT('',(4.03386399182264,-1.992,-3.00320382004283));
#1967=CARTESIAN_POINT('',(3.70749664435957,-1.992,-2.67683647257975));
#1968=CARTESIAN_POINT('',(4.218,-1.992,-2.81906781186548));
#1969=CARTESIAN_POINT('',(4.03386399182264,-1.992,-3.00320382004283));
#1970=CARTESIAN_POINT('',(4.218,-1.992,2.82306781186547));
#1971=CARTESIAN_POINT('',(4.218,-1.992,-2.81906781186548));
#1972=CARTESIAN_POINT('',(4.03386399182264,-1.992,3.00720382004283));
#1973=CARTESIAN_POINT('',(4.218,-1.992,2.82306781186547));
#1974=CARTESIAN_POINT('',(3.70749664435957,-1.992,2.68083647257975));
#1975=CARTESIAN_POINT('',(4.03386399182264,-1.992,3.00720382004283));
#1976=CARTESIAN_POINT('Origin',(-0.032,-1.992,0.002));
#1977=CARTESIAN_POINT('',(-0.182,-1.992,1.852));
#1978=CARTESIAN_POINT('Origin',(-0.032,-1.992,1.852));
#1979=CARTESIAN_POINT('',(-0.182,-1.992,-1.848));
#1980=CARTESIAN_POINT('Origin',(-0.032,-1.992,-1.848));
#1981=CARTESIAN_POINT('',(2.368,-1.992,1.202));
#1982=CARTESIAN_POINT('Origin',(2.768,-1.992,1.202));
#1983=CARTESIAN_POINT('',(2.368,-1.992,-1.198));
#1984=CARTESIAN_POINT('Origin',(2.768,-1.992,-1.198));
#1985=CARTESIAN_POINT('',(-0.632,-1.992,0.00199999999999993));
#1986=CARTESIAN_POINT('Origin',(-0.032,-1.992,0.002));
#1987=CARTESIAN_POINT('Origin',(2.768,-1.992,-1.198));
#1988=CARTESIAN_POINT('',(2.368,-1.822,-1.198));
#1989=CARTESIAN_POINT('',(2.368,-1.992,-1.198));
#1990=CARTESIAN_POINT('Origin',(2.768,-1.822,-1.198));
#1991=CARTESIAN_POINT('Origin',(2.768,-1.822,-1.198));
#1992=CARTESIAN_POINT('Origin',(2.768,-1.992,1.202));
#1993=CARTESIAN_POINT('',(2.368,-1.822,1.202));
#1994=CARTESIAN_POINT('',(2.368,-1.992,1.202));
#1995=CARTESIAN_POINT('Origin',(2.768,-1.822,1.202));
#1996=CARTESIAN_POINT('Origin',(2.768,-1.822,1.202));
#1997=CARTESIAN_POINT('Origin',(-0.032,-1.992,0.002));
#1998=CARTESIAN_POINT('',(-0.632,-1.512,0.00199999999999982));
#1999=CARTESIAN_POINT('',(-0.632,-1.992,0.00200000000000007));
#2000=CARTESIAN_POINT('Origin',(-0.032,-1.512,0.00199999999999989));
#2001=CARTESIAN_POINT('Origin',(-0.032,-1.512,0.00199999999999989));
#2002=CARTESIAN_POINT('Origin',(-0.032,-1.992,-1.848));
#2003=CARTESIAN_POINT('',(-0.182,-1.512,-1.848));
#2004=CARTESIAN_POINT('',(-0.182,-1.992,-1.848));
#2005=CARTESIAN_POINT('Origin',(-0.032,-1.512,-1.848));
#2006=CARTESIAN_POINT('Origin',(-0.032,-1.512,-1.848));
#2007=CARTESIAN_POINT('Origin',(-0.032,-1.992,1.852));
#2008=CARTESIAN_POINT('',(-0.182,-1.512,1.852));
#2009=CARTESIAN_POINT('',(-0.182,-1.992,1.852));
#2010=CARTESIAN_POINT('Origin',(-0.032,-1.512,1.852));
#2011=CARTESIAN_POINT('Origin',(-0.032,-1.512,1.852));
#2012=CARTESIAN_POINT('Origin',(-2.96883435751229,-1.852,4.50392898057018));
#2013=CARTESIAN_POINT('',(-4.28171175493115,-2.002,3.19105158315133));
#2014=CARTESIAN_POINT('',(-4.28171175493115,-1.852,3.19105158315133));
#2015=CARTESIAN_POINT('',(-4.28171175493115,-2.002,3.19105158315133));
#2016=CARTESIAN_POINT('',(-3.22105158315133,-2.002,4.25171175493114));
#2017=CARTESIAN_POINT('',(-3.22105158315133,-2.002,4.25171175493114));
#2018=CARTESIAN_POINT('',(-3.22105158315133,-1.852,4.25171175493114));
#2019=CARTESIAN_POINT('',(-3.22105158315133,-1.852,4.25171175493114));
#2020=CARTESIAN_POINT('',(-4.28171175493115,-1.852,3.19105158315133));
#2021=CARTESIAN_POINT('Origin',(-4.282,-1.992,3.19133982822019));
#2022=CARTESIAN_POINT('',(-4.09786399182264,-1.852,3.00720382004283));
#2023=CARTESIAN_POINT('',(-4.09786399182264,-1.852,3.00720382004283));
#2024=CARTESIAN_POINT('',(-4.09786399182264,-1.992,3.00720382004283));
#2025=CARTESIAN_POINT('',(-3.77149664435957,-2.002,2.68083647257975));
#2026=CARTESIAN_POINT('',(-3.77149664435957,-2.002,2.68083647257975));
#2027=CARTESIAN_POINT('',(-4.28171175493115,-2.002,3.19105158315133));
#2028=CARTESIAN_POINT('Origin',(-3.63431784916251,-1.852,3.60431784916249));
#2029=CARTESIAN_POINT('',(-3.03720382004283,-1.852,4.06786399182264));
#2030=CARTESIAN_POINT('',(-3.22105158315133,-1.852,4.25171175493114));
#2031=CARTESIAN_POINT('',(-4.09786399182264,-1.852,3.00720382004283));
#2032=CARTESIAN_POINT('Origin',(2.6468364725798,-1.992,3.74149664435961));
#2033=CARTESIAN_POINT('',(2.97320382004283,-1.852,4.06786399182264));
#2034=CARTESIAN_POINT('',(2.97320382004283,-1.992,4.06786399182264));
#2035=CARTESIAN_POINT('',(2.6468364725798,-2.002,3.74149664435961));
#2036=CARTESIAN_POINT('',(2.6468364725798,-1.992,3.74149664435961));
#2037=CARTESIAN_POINT('',(3.15733982822019,-2.002,4.252));
#2038=CARTESIAN_POINT('',(2.6468364725798,-2.002,3.74149664435961));
#2039=CARTESIAN_POINT('',(3.15733982822019,-1.852,4.252));
#2040=CARTESIAN_POINT('',(3.15733982822019,-2.002,4.252));
#2041=CARTESIAN_POINT('',(3.15733982822019,-1.852,4.252));
#2042=CARTESIAN_POINT('Origin',(-0.032,-1.992,0.002));
#2043=CARTESIAN_POINT('',(3.70749664435957,-2.002,2.68083647257975));
#2044=CARTESIAN_POINT('',(3.70749664435957,-2.002,2.68083647257975));
#2045=CARTESIAN_POINT('Origin',(-0.032,-2.002,0.002));
#2046=CARTESIAN_POINT('Origin',(3.57031784916251,-1.852,3.60431784916249));
#2047=CARTESIAN_POINT('',(4.03386399182264,-1.852,3.00720382004283));
#2048=CARTESIAN_POINT('',(2.97320382004283,-1.852,4.06786399182264));
#2049=CARTESIAN_POINT('',(4.018,-1.852,4.252));
#2050=CARTESIAN_POINT('',(4.018,-1.852,4.252));
#2051=CARTESIAN_POINT('',(4.218,-1.852,4.052));
#2052=CARTESIAN_POINT('Origin',(4.018,-1.852,4.052));
#2053=CARTESIAN_POINT('',(4.218,-1.852,3.19133982822019));
#2054=CARTESIAN_POINT('',(4.218,-1.852,3.19133982822019));
#2055=CARTESIAN_POINT('',(4.03386399182264,-1.852,3.00720382004283));
#2056=CARTESIAN_POINT('Origin',(3.15733982822019,-1.992,4.252));
#2057=CARTESIAN_POINT('',(4.018,-2.002,4.252));
#2058=CARTESIAN_POINT('',(3.15733982822019,-2.002,4.252));
#2059=CARTESIAN_POINT('',(4.018,-2.002,4.252));
#2060=CARTESIAN_POINT('Origin',(4.018,-1.992,4.052));
#2061=CARTESIAN_POINT('',(4.218,-2.002,4.052));
#2062=CARTESIAN_POINT('Origin',(4.018,-2.002,4.052));
#2063=CARTESIAN_POINT('',(4.218,-2.002,4.052));
#2064=CARTESIAN_POINT('Origin',(4.218,-1.992,4.052));
#2065=CARTESIAN_POINT('',(4.218,-2.002,3.19133982822019));
#2066=CARTESIAN_POINT('',(4.218,-2.002,4.052));
#2067=CARTESIAN_POINT('',(4.218,-2.002,3.19133982822019));
#2068=CARTESIAN_POINT('Origin',(4.218,-1.992,3.19133982822019));
#2069=CARTESIAN_POINT('',(4.03386399182264,-1.852,3.00720382004283));
#2070=CARTESIAN_POINT('',(4.218,-2.002,3.19133982822019));
#2071=CARTESIAN_POINT('Origin',(3.5703178491625,-2.002,3.60431784916249));
#2072=CARTESIAN_POINT('Origin',(4.218,-1.992,2.82306781186547));
#2073=CARTESIAN_POINT('',(4.218,-1.992,2.82306781186547));
#2074=CARTESIAN_POINT('',(2.78906781186548,-1.992,4.252));
#2075=CARTESIAN_POINT('Origin',(3.57031784916251,-1.852,-3.60031784916249));
#2076=CARTESIAN_POINT('',(4.03386399182264,-1.852,-3.00320382004283));
#2077=CARTESIAN_POINT('',(2.97320382004283,-1.852,-4.06386399182264));
#2078=CARTESIAN_POINT('',(4.03386399182264,-1.852,-3.00320382004283));
#2079=CARTESIAN_POINT('',(4.218,-1.852,-3.18733982822019));
#2080=CARTESIAN_POINT('',(4.03386399182264,-1.852,-3.00320382004283));
#2081=CARTESIAN_POINT('',(4.218,-1.852,-4.048));
#2082=CARTESIAN_POINT('',(4.218,-1.852,-3.18733982822019));
#2083=CARTESIAN_POINT('',(4.018,-1.852,-4.248));
#2084=CARTESIAN_POINT('Origin',(4.018,-1.852,-4.048));
#2085=CARTESIAN_POINT('',(3.15733982822019,-1.852,-4.248));
#2086=CARTESIAN_POINT('',(4.018,-1.852,-4.248));
#2087=CARTESIAN_POINT('',(3.15733982822019,-1.852,-4.248));
#2088=CARTESIAN_POINT('Origin',(4.218,-1.992,-3.18733982822019));
#2089=CARTESIAN_POINT('',(4.03386399182264,-1.992,-3.00320382004283));
#2090=CARTESIAN_POINT('',(3.70749664435957,-2.002,-2.67683647257975));
#2091=CARTESIAN_POINT('',(3.70749664435957,-2.002,-2.67683647257975));
#2092=CARTESIAN_POINT('',(4.218,-2.002,-3.18733982822019));
#2093=CARTESIAN_POINT('',(4.218,-2.002,-3.18733982822019));
#2094=CARTESIAN_POINT('',(4.218,-2.002,-3.18733982822019));
#2095=CARTESIAN_POINT('Origin',(3.15733982822019,-1.992,-4.248));
#2096=CARTESIAN_POINT('',(3.15733982822019,-2.002,-4.248));
#2097=CARTESIAN_POINT('',(4.018,-2.002,-4.248));
#2098=CARTESIAN_POINT('',(3.15733982822019,-2.002,-4.248));
#2099=CARTESIAN_POINT('',(3.15733982822019,-2.002,-4.248));
#2100=CARTESIAN_POINT('',(4.018,-2.002,-4.248));
#2101=CARTESIAN_POINT('Origin',(4.018,-1.992,-4.048));
#2102=CARTESIAN_POINT('',(4.218,-2.002,-4.048));
#2103=CARTESIAN_POINT('Origin',(4.018,-2.002,-4.048));
#2104=CARTESIAN_POINT('',(4.218,-2.002,-4.048));
#2105=CARTESIAN_POINT('Origin',(4.218,-1.992,-4.048));
#2106=CARTESIAN_POINT('',(4.218,-2.002,-4.048));
#2107=CARTESIAN_POINT('Origin',(-0.032,-1.992,0.002));
#2108=CARTESIAN_POINT('',(2.6468364725798,-2.002,-3.73749664435961));
#2109=CARTESIAN_POINT('',(2.6468364725798,-1.992,-3.73749664435961));
#2110=CARTESIAN_POINT('Origin',(-0.032,-2.002,0.002));
#2111=CARTESIAN_POINT('Origin',(2.6468364725798,-1.992,-3.73749664435961));
#2112=CARTESIAN_POINT('',(2.97320382004283,-1.852,-4.06386399182265));
#2113=CARTESIAN_POINT('',(2.6468364725798,-2.002,-3.73749664435961));
#2114=CARTESIAN_POINT('Origin',(3.5703178491625,-2.002,-3.60031784916249));
#2115=CARTESIAN_POINT('Origin',(-2.7108364725798,-1.992,3.74149664435961));
#2116=CARTESIAN_POINT('',(-2.7108364725798,-2.002,3.74149664435961));
#2117=CARTESIAN_POINT('',(-2.7108364725798,-2.002,3.74149664435961));
#2118=CARTESIAN_POINT('',(-2.7108364725798,-1.992,3.74149664435961));
#2119=CARTESIAN_POINT('',(-3.03720382004283,-1.852,4.06786399182264));
#2120=CARTESIAN_POINT('Origin',(-0.032,-1.992,0.002));
#2121=CARTESIAN_POINT('Origin',(-0.032,-2.002,0.002));
#2122=CARTESIAN_POINT('Origin',(-3.6343178491625,-2.002,3.60431784916249));
#2123=CARTESIAN_POINT('Origin',(-3.63431784916251,-1.852,-3.60031784916249));
#2124=CARTESIAN_POINT('',(-3.03720382004283,-1.852,-4.06386399182264));
#2125=CARTESIAN_POINT('',(-4.09786399182264,-1.852,-3.00320382004283));
#2126=CARTESIAN_POINT('',(-3.03720382004283,-1.852,-4.06386399182264));
#2127=CARTESIAN_POINT('',(-3.22133982822019,-1.852,-4.248));
#2128=CARTESIAN_POINT('',(-3.22133982822019,-1.852,-4.248));
#2129=CARTESIAN_POINT('',(-4.082,-1.852,-4.248));
#2130=CARTESIAN_POINT('',(-4.082,-1.852,-4.248));
#2131=CARTESIAN_POINT('',(-4.282,-1.852,-4.048));
#2132=CARTESIAN_POINT('Origin',(-4.082,-1.852,-4.048));
#2133=CARTESIAN_POINT('',(-4.282,-1.852,-3.18733982822019));
#2134=CARTESIAN_POINT('',(-4.282,-1.852,-3.18733982822019));
#2135=CARTESIAN_POINT('',(-4.09786399182264,-1.852,-3.00320382004283));
#2136=CARTESIAN_POINT('Origin',(-3.22133982822019,-1.992,-4.248));
#2137=CARTESIAN_POINT('',(-3.22133982822019,-2.002,-4.248));
#2138=CARTESIAN_POINT('',(-4.082,-2.002,-4.248));
#2139=CARTESIAN_POINT('',(-3.22133982822019,-2.002,-4.248));
#2140=CARTESIAN_POINT('',(-4.082,-2.002,-4.248));
#2141=CARTESIAN_POINT('',(-3.22133982822019,-2.002,-4.248));
#2142=CARTESIAN_POINT('Origin',(-4.082,-1.992,-4.048));
#2143=CARTESIAN_POINT('',(-4.282,-2.002,-4.048));
#2144=CARTESIAN_POINT('Origin',(-4.082,-2.002,-4.048));
#2145=CARTESIAN_POINT('',(-4.282,-2.002,-4.048));
#2146=CARTESIAN_POINT('Origin',(-4.282,-1.992,-4.048));
#2147=CARTESIAN_POINT('',(-4.282,-2.002,-3.18733982822019));
#2148=CARTESIAN_POINT('',(-4.282,-2.002,-4.048));
#2149=CARTESIAN_POINT('',(-4.282,-2.002,-3.18733982822019));
#2150=CARTESIAN_POINT('Origin',(-4.282,-1.992,-3.18733982822019));
#2151=CARTESIAN_POINT('',(-3.77149664435957,-2.002,-2.67683647257975));
#2152=CARTESIAN_POINT('',(-4.282,-2.002,-3.18733982822019));
#2153=CARTESIAN_POINT('',(-3.77149664435957,-1.992,-2.67683647257975));
#2154=CARTESIAN_POINT('',(-4.09786399182264,-1.852,-3.00320382004283));
#2155=CARTESIAN_POINT('Origin',(-0.032,-1.992,0.002));
#2156=CARTESIAN_POINT('',(-2.7108364725798,-2.002,-3.73749664435961));
#2157=CARTESIAN_POINT('Origin',(-0.032,-2.002,0.002));
#2158=CARTESIAN_POINT('',(-2.7108364725798,-1.992,-3.73749664435961));
#2159=CARTESIAN_POINT('Origin',(-2.7108364725798,-1.992,-3.73749664435961));
#2160=CARTESIAN_POINT('',(-2.7108364725798,-2.002,-3.73749664435961));
#2161=CARTESIAN_POINT('',(-3.03720382004283,-1.992,-4.06386399182264));
#2162=CARTESIAN_POINT('Origin',(-3.6343178491625,-2.002,-3.60031784916249));
#2163=CARTESIAN_POINT('Origin',(2.78906781186548,-1.992,4.252));
#2164=CARTESIAN_POINT('',(-2.85306781186547,-1.992,4.252));
#2165=CARTESIAN_POINT('Origin',(-2.85306781186547,-1.992,4.252));
#2166=CARTESIAN_POINT('',(-4.282,-1.992,2.82306781186547));
#2167=CARTESIAN_POINT('Origin',(-4.282,-1.992,2.82306781186547));
#2168=CARTESIAN_POINT('',(-4.282,-1.992,-2.81906781186547));
#2169=CARTESIAN_POINT('Origin',(-4.282,-1.992,-2.81906781186547));
#2170=CARTESIAN_POINT('',(-2.85306781186548,-1.992,-4.248));
#2171=CARTESIAN_POINT('Origin',(-2.85306781186548,-1.992,-4.248));
#2172=CARTESIAN_POINT('',(2.78906781186548,-1.992,-4.248));
#2173=CARTESIAN_POINT('Origin',(2.78906781186548,-1.992,-4.248));
#2174=CARTESIAN_POINT('',(4.218,-1.992,-2.81906781186548));
#2175=CARTESIAN_POINT('Origin',(4.218,-1.992,-2.81906781186548));
#2176=UNCERTAINTY_MEASURE_WITH_UNIT(LENGTH_MEASURE(0.01),#2180,
'DISTANCE_ACCURACY_VALUE',
'Maximum model space distance between geometric entities at asserted c
onnectivities');
#2177=UNCERTAINTY_MEASURE_WITH_UNIT(LENGTH_MEASURE(0.01),#2180,
'DISTANCE_ACCURACY_VALUE',
'Maximum model space distance between geometric entities at asserted c
onnectivities');
#2178=(
GEOMETRIC_REPRESENTATION_CONTEXT(3)
GLOBAL_UNCERTAINTY_ASSIGNED_CONTEXT((#2176))
GLOBAL_UNIT_ASSIGNED_CONTEXT((#2180,#2182,#2183))
REPRESENTATION_CONTEXT('','3D')
);
#2179=(
GEOMETRIC_REPRESENTATION_CONTEXT(3)
GLOBAL_UNCERTAINTY_ASSIGNED_CONTEXT((#2177))
GLOBAL_UNIT_ASSIGNED_CONTEXT((#2180,#2182,#2183))
REPRESENTATION_CONTEXT('','3D')
);
#2180=(
LENGTH_UNIT()
NAMED_UNIT(*)
SI_UNIT(.MILLI.,.METRE.)
);
#2181=(
LENGTH_UNIT()
NAMED_UNIT(*)
SI_UNIT(.CENTI.,.METRE.)
);
#2182=(
NAMED_UNIT(*)
PLANE_ANGLE_UNIT()
SI_UNIT($,.RADIAN.)
);
#2183=(
NAMED_UNIT(*)
SI_UNIT($,.STERADIAN.)
SOLID_ANGLE_UNIT()
);
#2184=SHAPE_DEFINITION_REPRESENTATION(#2185,#2186);
#2185=PRODUCT_DEFINITION_SHAPE('',$,#2188);
#2186=SHAPE_REPRESENTATION('',(#1352),#2178);
#2187=PRODUCT_DEFINITION_CONTEXT('part definition',#2192,'design');
#2188=PRODUCT_DEFINITION('SMT-0927-S-14-R','SMT-0927-S-14-R',#2189,#2187);
#2189=PRODUCT_DEFINITION_FORMATION('',$,#2194);
#2190=PRODUCT_RELATED_PRODUCT_CATEGORY('SMT-0927-S-14-R',
'SMT-0927-S-14-R',(#2194));
#2191=APPLICATION_PROTOCOL_DEFINITION('international standard',
'automotive_design',2009,#2192);
#2192=APPLICATION_CONTEXT(
'Core Data for Automotive Mechanical Design Process');
#2193=PRODUCT_CONTEXT('part definition',#2192,'mechanical');
#2194=PRODUCT('SMT-0927-S-14-R','SMT-0927-S-14-R',$,(#2193));
#2195=PRESENTATION_STYLE_ASSIGNMENT((#2198));
#2196=PRESENTATION_STYLE_ASSIGNMENT((#2199));
#2197=PRESENTATION_STYLE_ASSIGNMENT((#2200));
#2198=SURFACE_STYLE_USAGE(.BOTH.,#2207);
#2199=SURFACE_STYLE_USAGE(.BOTH.,#2208);
#2200=SURFACE_STYLE_USAGE(.BOTH.,#2209);
#2201=SURFACE_STYLE_RENDERING_WITH_PROPERTIES($,#2219,(#2204));
#2202=SURFACE_STYLE_RENDERING_WITH_PROPERTIES($,#2220,(#2205));
#2203=SURFACE_STYLE_RENDERING_WITH_PROPERTIES($,#2221,(#2206));
#2204=SURFACE_STYLE_TRANSPARENT(0.);
#2205=SURFACE_STYLE_TRANSPARENT(0.);
#2206=SURFACE_STYLE_TRANSPARENT(0.);
#2207=SURFACE_SIDE_STYLE('',(#2210,#2201));
#2208=SURFACE_SIDE_STYLE('',(#2211,#2202));
#2209=SURFACE_SIDE_STYLE('',(#2212,#2203));
#2210=SURFACE_STYLE_FILL_AREA(#2213);
#2211=SURFACE_STYLE_FILL_AREA(#2214);
#2212=SURFACE_STYLE_FILL_AREA(#2215);
#2213=FILL_AREA_STYLE('',(#2216));
#2214=FILL_AREA_STYLE('',(#2217));
#2215=FILL_AREA_STYLE('',(#2218));
#2216=FILL_AREA_STYLE_COLOUR('',#2219);
#2217=FILL_AREA_STYLE_COLOUR('',#2220);
#2218=FILL_AREA_STYLE_COLOUR('',#2221);
#2219=COLOUR_RGB('',0.749019607843137,0.749019607843137,0.749019607843137);
#2220=COLOUR_RGB('',0.752941176470588,0.752941176470588,0.752941176470588);
#2221=COLOUR_RGB('',0.658823529411765,0.349019607843137,0.125490196078431);
ENDSEC;
END-ISO-10303-21;
