ISO-10303-21;
HEADER;
FILE_DESCRIPTION (( 'STEP AP214' ),
    '1' );
FILE_NAME ('YFGC012WWA.STEP',
    '2024-05-03T01:05:52',
    ( '' ),
    ( '' ),
    'SwSTEP 2.0',
    'SolidWorks 2021',
    '' );
FILE_SCHEMA (( 'AUTOMOTIVE_DESIGN' ));
ENDSEC;

DATA;
#1 = CARTESIAN_POINT ( 'NONE',  ( -5.999999999999999112, 4.099999999999999645, 6.000000000000000000 ) ) ;
#2 = LINE ( 'NONE', #162, #264 ) ;
#3 = ADVANCED_FACE ( 'NONE', ( #275 ), #2456, .T. ) ;
#4 = LINE ( 'NONE', #956, #2087 ) ;
#5 = DIRECTION ( 'NONE',  ( 0.000000000000000000, 0.000000000000000000, 1.000000000000000000 ) ) ;
#6 = DIRECTION ( 'NONE',  ( 0.000000000000000000, 0.000000000000000000, 1.000000000000000000 ) ) ;
#7 = DIRECTION ( 'NONE',  ( -8.068481283613054808E-16, -0.000000000000000000, -1.000000000000000000 ) ) ;
#8 = VECTOR ( 'NONE', #1468, 1000.000000000000000 ) ;
#9 = DIRECTION ( 'NONE',  ( 0.000000000000000000, -1.000000000000000000, -1.202665138518110209E-16 ) ) ;
#10 = ORIENTED_EDGE ( 'NONE', *, *, #480, .F. ) ;
#11 = CARTESIAN_POINT ( 'NONE',  ( 1.836970198721029934E-16, 0.09999999999999939493, 2.200000000000000178 ) ) ;
#12 = CIRCLE ( 'NONE', #221, 0.8000000000000000444 ) ;
#13 = DIRECTION ( 'NONE',  ( 0.000000000000000000, 0.000000000000000000, -1.000000000000000000 ) ) ;
#14 = CARTESIAN_POINT ( 'NONE',  ( 0.000000000000000000, 4.699999999999999289, 0.7000000000000008438 ) ) ;
#15 = EDGE_CURVE ( 'NONE', #1429, #2143, #647, .T. ) ;
#16 = CARTESIAN_POINT ( 'NONE',  ( 5.841581710012961004, 3.954839701989868228, 5.841581710012959228 ) ) ;
#17 = AXIS2_PLACEMENT_3D ( 'NONE', #799, #9, #2569 ) ;
#18 = CARTESIAN_POINT ( 'NONE',  ( -5.912132034355964016, 3.920335811543929072, 5.912132034355964905 ) ) ;
#19 = ORIENTED_EDGE ( 'NONE', *, *, #360, .T. ) ;
#20 = CARTESIAN_POINT ( 'NONE',  ( -5.999999999999999112, 3.899999999999999911, -5.700000000000000178 ) ) ;
#21 = ORIENTED_EDGE ( 'NONE', *, *, #2097, .F. ) ;
#22 = AXIS2_PLACEMENT_3D ( 'NONE', #2472, #277, #2445 ) ;
#23 = DIRECTION ( 'NONE',  ( 0.000000000000000000, 0.000000000000000000, 1.000000000000000000 ) ) ;
#24 = VERTEX_POINT ( 'NONE', #1451 ) ;
#25 = EDGE_CURVE ( 'NONE', #1083, #1520, #2243, .T. ) ;
#26 = DIRECTION ( 'NONE',  ( -0.000000000000000000, -1.000000000000000000, -0.000000000000000000 ) ) ;
#27 = DIRECTION ( 'NONE',  ( -0.000000000000000000, 1.000000000000000000, 1.202665138518110209E-16 ) ) ;
#28 = EDGE_CURVE ( 'NONE', #1268, #939, #1427, .T. ) ;
#29 = DIRECTION ( 'NONE',  ( -1.000000000000000000, 0.000000000000000000, -0.000000000000000000 ) ) ;
#30 = DIRECTION ( 'NONE',  ( 1.051347561198064810E-15, 0.000000000000000000, -1.000000000000000000 ) ) ;
#31 = CARTESIAN_POINT ( 'NONE',  ( 0.000000000000000000, 0.000000000000000000, -0.1000000000000002554 ) ) ;
#32 = ORIENTED_EDGE ( 'NONE', *, *, #1517, .T. ) ;
#33 = CARTESIAN_POINT ( 'NONE',  ( -5.799999999999999822, 4.099999999999999645, -6.319999999999999396 ) ) ;
#34 = ORIENTED_EDGE ( 'NONE', *, *, #973, .T. ) ;
#35 = CARTESIAN_POINT ( 'NONE',  ( -5.699999999999999289, 0.1999999999999997613, 6.000000000000000000 ) ) ;
#36 = ORIENTED_EDGE ( 'NONE', *, *, #1238, .T. ) ;
#37 = DIRECTION ( 'NONE',  ( 0.000000000000000000, 0.000000000000000000, -1.000000000000000000 ) ) ;
#38 = CARTESIAN_POINT ( 'NONE',  ( -4.499999999999999112, 3.999999999999999112, 3.499999999999992006 ) ) ;
#39 = CARTESIAN_POINT ( 'NONE',  ( -5.991976456546220575, 0.2004257493312407434, 5.779404583374838644 ) ) ;
#40 = CARTESIAN_POINT ( 'NONE',  ( -5.699999999999999289, 3.899999999999999911, 6.000000000000000000 ) ) ;
#41 = EDGE_LOOP ( 'NONE', ( #2306, #2286, #726, #632 ) ) ;
#42 = EDGE_CURVE ( 'NONE', #1814, #1998, #2284, .T. ) ;
#43 = ORIENTED_EDGE ( 'NONE', *, *, #45, .T. ) ;
#44 = DIRECTION ( 'NONE',  ( -0.000000000000000000, 1.000000000000000000, -0.000000000000000000 ) ) ;
#45 = EDGE_CURVE ( 'NONE', #1086, #662, #2024, .T. ) ;
#46 = LINE ( 'NONE', #260, #567 ) ;
#47 = ORIENTED_EDGE ( 'NONE', *, *, #194, .F. ) ;
#48 = AXIS2_PLACEMENT_3D ( 'NONE', #254, #1212, #287 ) ;
#49 = CARTESIAN_POINT ( 'NONE',  ( 4.898587196589418006E-17, -1.799999999999999600, 0.2999999999999994893 ) ) ;
#50 = AXIS2_PLACEMENT_3D ( 'NONE', #2463, #679, #1677 ) ;
#51 = ORIENTED_EDGE ( 'NONE', *, *, #789, .F. ) ;
#52 = LINE ( 'NONE', #866, #1717 ) ;
#53 = CONICAL_SURFACE ( 'NONE', #2260, 0.9999999999999995559, 1.134464013796321114 ) ;
#54 = CARTESIAN_POINT ( 'NONE',  ( -5.999999999999999112, 4.099999999999999645, -6.319999999999999396 ) ) ;
#55 = SURFACE_SIDE_STYLE ('',( #242 ) ) ;
#56 = CYLINDRICAL_SURFACE ( 'NONE', #1242, 1.500000000000000222 ) ;
#57 = VERTEX_POINT ( 'NONE', #455 ) ;
#58 = EDGE_CURVE ( 'NONE', #328, #2513, #872, .T. ) ;
#59 = CARTESIAN_POINT ( 'NONE',  ( -4.499999999999999112, 4.099999999999999645, -0.2000000000000000111 ) ) ;
#60 = DIRECTION ( 'NONE',  ( -0.000000000000000000, 1.000000000000000000, -0.000000000000000000 ) ) ;
#61 = EDGE_CURVE ( 'NONE', #703, #1471, #2039, .T. ) ;
#62 = DIRECTION ( 'NONE',  ( 0.000000000000000000, 1.000000000000000000, 0.000000000000000000 ) ) ;
#63 = ORIENTED_EDGE ( 'NONE', *, *, #1288, .T. ) ;
#64 = VECTOR ( 'NONE', #757, 1000.000000000000000 ) ;
#65 = CARTESIAN_POINT ( 'NONE',  ( -5.912132034355964016, 3.920335811543929072, -5.912132034355964905 ) ) ;
#66 = LINE ( 'NONE', #2251, #2265 ) ;
#67 = DIRECTION ( 'NONE',  ( -0.000000000000000000, -1.000000000000000000, -0.000000000000000000 ) ) ;
#68 = LINE ( 'NONE', #869, #926 ) ;
#69 = DIRECTION ( 'NONE',  ( 1.000000000000000000, 0.000000000000000000, 0.000000000000000000 ) ) ;
#70 = CARTESIAN_POINT ( 'NONE',  ( 5.300000000000001599, 0.1000000000000000056, -5.299999999999998934 ) ) ;
#71 = VERTEX_POINT ( 'NONE', #1841 ) ;
#72 = ORIENTED_EDGE ( 'NONE', *, *, #720, .F. ) ;
#73 = DIRECTION ( 'NONE',  ( -0.000000000000000000, -0.000000000000000000, -1.000000000000000000 ) ) ;
#74 = EDGE_CURVE ( 'NONE', #1441, #402, #1056, .T. ) ;
#75 = EDGE_LOOP ( 'NONE', ( #2493, #457, #181, #404 ) ) ;
#76 = FACE_OUTER_BOUND ( 'NONE', #171, .T. ) ;
#77 = DIRECTION ( 'NONE',  ( 0.000000000000000000, 0.000000000000000000, -1.000000000000000000 ) ) ;
#78 = EDGE_CURVE ( 'NONE', #2537, #678, #2545, .T. ) ;
#79 = PRESENTATION_STYLE_ASSIGNMENT (( #642 ) ) ;
#80 = LINE ( 'NONE', #841, #2134 ) ;
#81 = VERTEX_POINT ( 'NONE', #517 ) ;
#82 = FILL_AREA_STYLE ('',( #870 ) ) ;
#83 = VERTEX_POINT ( 'NONE', #1106 ) ;
#84 = DIRECTION ( 'NONE',  ( 1.000000000000000000, 0.000000000000000000, 0.000000000000000000 ) ) ;
#85 = VERTEX_POINT ( 'NONE', #1729 ) ;
#86 = LINE ( 'NONE', #247, #1638 ) ;
#87 = EDGE_LOOP ( 'NONE', ( #728, #583, #515, #261 ) ) ;
#88 = VECTOR ( 'NONE', #2160, 1000.000000000000000 ) ;
#89 = ORIENTED_EDGE ( 'NONE', *, *, #1478, .T. ) ;
#90 = ADVANCED_FACE ( 'NONE', ( #2147 ), #544, .T. ) ;
#91 = CARTESIAN_POINT ( 'NONE',  ( -4.499999999999999112, 4.000000000000000000, 3.499999999999992006 ) ) ;
#92 = AXIS2_PLACEMENT_3D ( 'NONE', #943, #513, #363 ) ;
#93 = EDGE_CURVE ( 'NONE', #244, #917, #1700, .T. ) ;
#94 = VECTOR ( 'NONE', #348, 1000.000000000000000 ) ;
#95 = DIRECTION ( 'NONE',  ( -1.000000000000000000, -0.000000000000000000, -0.000000000000000000 ) ) ;
#96 = VERTEX_POINT ( 'NONE', #1318 ) ;
#97 = VERTEX_POINT ( 'NONE', #770 ) ;
#98 = DIRECTION ( 'NONE',  ( 1.000000000000000000, 0.000000000000000000, -0.000000000000000000 ) ) ;
#99 = ORIENTED_EDGE ( 'NONE', *, *, #1561, .T. ) ;
#100 = CIRCLE ( 'NONE', #1889, 1.500000000000000222 ) ;
#101 = CARTESIAN_POINT ( 'NONE',  ( -5.999999999999999112, 4.099999999999999645, 6.000000000000000000 ) ) ;
#102 = ORIENTED_EDGE ( 'NONE', *, *, #1304, .T. ) ;
#103 = VECTOR ( 'NONE', #462, 1000.000000000000000 ) ;
#104 = AXIS2_PLACEMENT_3D ( 'NONE', #2319, #529, #568 ) ;
#105 =( BOUNDED_CURVE ( )  B_SPLINE_CURVE ( 3, ( #1119, #1262, #1951, #1742 ),
 .UNSPECIFIED., .F., .T. ) 
 B_SPLINE_CURVE_WITH_KNOTS ( ( 4, 4 ),
 ( 1.570796326794887676, 3.141592653589793116 ),
 .UNSPECIFIED. ) 
 CURVE ( )  GEOMETRIC_REPRESENTATION_ITEM ( )  RATIONAL_B_SPLINE_CURVE ( ( 1.000000000000000000, 0.8047378541243628280, 0.8047378541243628280, 1.000000000000000000 ) ) 
 REPRESENTATION_ITEM ( '' )  );
#106 = ORIENTED_EDGE ( 'NONE', *, *, #241, .F. ) ;
#107 = CARTESIAN_POINT ( 'NONE',  ( 3.500000000000011102, -8.727922061357858752, -4.500000000000000888 ) ) ;
#108 = EDGE_CURVE ( 'NONE', #857, #654, #1147, .T. ) ;
#109 = VECTOR ( 'NONE', #1121, 1000.000000000000000 ) ;
#110 = DIRECTION ( 'NONE',  ( -1.000000000000000000, 0.000000000000000000, -0.000000000000000000 ) ) ;
#111 = ORIENTED_EDGE ( 'NONE', *, *, #1241, .F. ) ;
#112 = FACE_OUTER_BOUND ( 'NONE', #2040, .T. ) ;
#113 = VERTEX_POINT ( 'NONE', #142 ) ;
#114 = DIRECTION ( 'NONE',  ( -1.000000000000000000, 0.000000000000000000, 0.000000000000000000 ) ) ;
#115 = DIRECTION ( 'NONE',  ( 1.000000000000000000, 0.000000000000000000, -8.068481283613053822E-16 ) ) ;
#116 = EDGE_CURVE ( 'NONE', #2411, #1601, #2412, .T. ) ;
#117 = FACE_BOUND ( 'NONE', #307, .T. ) ;
#118 = ORIENTED_EDGE ( 'NONE', *, *, #2371, .T. ) ;
#119 = EDGE_LOOP ( 'NONE', ( #1831, #163, #864, #2307 ) ) ;
#120 = LINE ( 'NONE', #2503, #1759 ) ;
#121 = SHAPE_DEFINITION_REPRESENTATION ( #2356, #1917 ) ;
#122 = CARTESIAN_POINT ( 'NONE',  ( 3.199999999999997069, -8.727922061357858752, 0.2000000000000000111 ) ) ;
#123 = ORIENTED_EDGE ( 'NONE', *, *, #982, .F. ) ;
#124 = ORIENTED_EDGE ( 'NONE', *, *, #2156, .F. ) ;
#125 = CARTESIAN_POINT ( 'NONE',  ( 5.199999999999997513, 4.099999999999999645, -6.000000000000000000 ) ) ;
#126 = CARTESIAN_POINT ( 'NONE',  ( 4.999999999999998224, 3.899999999999999911, -6.000000000000000888 ) ) ;
#127 = ADVANCED_FACE ( 'NONE', ( #317 ), #506, .T. ) ;
#128 = CARTESIAN_POINT ( 'NONE',  ( 6.000000000000000888, 4.099999999999999645, -4.999999999999993783 ) ) ;
#129 = CARTESIAN_POINT ( 'NONE',  ( -4.499999999999999112, 4.099999999999999645, 0.2000000000000000111 ) ) ;
#130 = VERTEX_POINT ( 'NONE', #1133 ) ;
#131 = ADVANCED_FACE ( 'NONE', ( #1117 ), #2294, .T. ) ;
#132 = VERTEX_POINT ( 'NONE', #126 ) ;
#133 = ORIENTED_EDGE ( 'NONE', *, *, #2435, .F. ) ;
#134 = FACE_OUTER_BOUND ( 'NONE', #304, .T. ) ;
#135 = DIRECTION ( 'NONE',  ( 0.000000000000000000, 1.000000000000000000, 0.000000000000000000 ) ) ;
#136 = CIRCLE ( 'NONE', #48, 0.8000000000000000444 ) ;
#137 = ORIENTED_EDGE ( 'NONE', *, *, #2234, .F. ) ;
#138 = LINE ( 'NONE', #1907, #975 ) ;
#139 = ORIENTED_EDGE ( 'NONE', *, *, #2526, .T. ) ;
#140 = AXIS2_PLACEMENT_3D ( 'NONE', #1903, #915, #1736 ) ;
#141 = CARTESIAN_POINT ( 'NONE',  ( 4.917157287525379061, 0.1171572875253813623, -5.800000000000001599 ) ) ;
#142 = CARTESIAN_POINT ( 'NONE',  ( 4.500000000000000888, 4.099999999999999645, 4.500000000000000888 ) ) ;
#143 = LINE ( 'NONE', #961, #1456 ) ;
#144 = VECTOR ( 'NONE', #73, 1000.000000000000000 ) ;
#145 = ADVANCED_FACE ( 'NONE', ( #911 ), #1519, .T. ) ;
#146 = PLANE ( 'NONE',  #2436 ) ;
#147 = AXIS2_PLACEMENT_3D ( 'NONE', #948, #1547, #2524 ) ;
#148 = ORIENTED_EDGE ( 'NONE', *, *, #897, .T. ) ;
#149 = ORIENTED_EDGE ( 'NONE', *, *, #2450, .T. ) ;
#150 = ADVANCED_FACE ( 'NONE', ( #1699, #2497 ), #1491, .F. ) ;
#151 = DIRECTION ( 'NONE',  ( 0.000000000000000000, -0.000000000000000000, 1.000000000000000000 ) ) ;
#152 = PRODUCT_DEFINITION_FORMATION_WITH_SPECIFIED_SOURCE ( 'ANY', '', #1810, .NOT_KNOWN. ) ;
#153 = CARTESIAN_POINT ( 'NONE',  ( 5.300000000000001599, 0.1000000000000000056, 5.299999999999999822 ) ) ;
#154 = ORIENTED_EDGE ( 'NONE', *, *, #1923, .T. ) ;
#155 = CARTESIAN_POINT ( 'NONE',  ( 4.999999999999998224, 4.099999999999999645, -6.000000000000000000 ) ) ;
#156 = VERTEX_POINT ( 'NONE', #532 ) ;
#157 = CARTESIAN_POINT ( 'NONE',  ( 4.999999999999998224, 0.1999999999999996503, -6.000000000000000000 ) ) ;
#158 = DIRECTION ( 'NONE',  ( 0.000000000000000000, 0.000000000000000000, 1.000000000000000000 ) ) ;
#159 = CARTESIAN_POINT ( 'NONE',  ( 4.499999999999997335, 4.000000000000000000, -0.2000000000000000111 ) ) ;
#160 = DIRECTION ( 'NONE',  ( 0.000000000000000000, 0.000000000000000000, -1.000000000000000000 ) ) ;
#161 = ORIENTED_EDGE ( 'NONE', *, *, #559, .F. ) ;
#162 = CARTESIAN_POINT ( 'NONE',  ( -4.499999999999999112, 4.099999999999999645, 0.2000000000000000111 ) ) ;
#163 = ORIENTED_EDGE ( 'NONE', *, *, #2072, .T. ) ;
#164 = CARTESIAN_POINT ( 'NONE',  ( -5.300000000000002487, 0.000000000000000000, -5.299999999999998934 ) ) ;
#165 = EDGE_CURVE ( 'NONE', #1425, #1297, #2083, .T. ) ;
#166 = FILL_AREA_STYLE_COLOUR ( '', #1091 ) ;
#167 =( LENGTH_UNIT ( ) NAMED_UNIT ( * ) SI_UNIT ( .MILLI., .METRE. ) );
#168 = CARTESIAN_POINT ( 'NONE',  ( 6.000000000000000888, 0.1999999999999997613, 5.700000000000000178 ) ) ;
#169 = LINE ( 'NONE', #1901, #1975 ) ;
#170 = ORIENTED_EDGE ( 'NONE', *, *, #15, .T. ) ;
#171 = EDGE_LOOP ( 'NONE', ( #1625, #431, #149, #2193, #1101 ) ) ;
#172 = CARTESIAN_POINT ( 'NONE',  ( 3.199999999999997069, 4.000000000000000000, 0.2000000000000000111 ) ) ;
#173 = EDGE_CURVE ( 'NONE', #2292, #1083, #1925, .T. ) ;
#174 = CARTESIAN_POINT ( 'NONE',  ( 4.499999999999997335, 4.000000000000000000, 0.2000000000000000111 ) ) ;
#175 = PRESENTATION_STYLE_ASSIGNMENT (( #796 ) ) ;
#176 = CARTESIAN_POINT ( 'NONE',  ( -5.300000000000002487, 0.000000000000000000, -5.299999999999998934 ) ) ;
#177 = AXIS2_PLACEMENT_3D ( 'NONE', #503, #1291, #1905 ) ;
#178 = CARTESIAN_POINT ( 'NONE',  ( -4.499999999999999112, -8.727922061357858752, 0.2000000000000000111 ) ) ;
#179 = CARTESIAN_POINT ( 'NONE',  ( 0.000000000000000000, 0.09999999999999939493, 0.6999999999999997335 ) ) ;
#180 = AXIS2_PLACEMENT_3D ( 'NONE', #966, #1760, #2176 ) ;
#181 = ORIENTED_EDGE ( 'NONE', *, *, #1155, .F. ) ;
#182 = CARTESIAN_POINT ( 'NONE',  ( 5.700000000000001066, 4.099999999999999645, 6.000000000000000000 ) ) ;
#183 = CARTESIAN_POINT ( 'NONE',  ( 4.499999999999997335, 4.099999999999999645, 0.2000000000000000111 ) ) ;
#184 = DIRECTION ( 'NONE',  ( 0.000000000000000000, -1.202665138518110209E-16, 1.000000000000000000 ) ) ;
#185 = DIRECTION ( 'NONE',  ( 0.000000000000000000, -1.000000000000000000, 0.000000000000000000 ) ) ;
#186 = EDGE_CURVE ( 'NONE', #1392, #24, #617, .T. ) ;
#187 = MECHANICAL_DESIGN_GEOMETRIC_PRESENTATION_REPRESENTATION (  '', ( #603 ), #2349 ) ;
#188 = VECTOR ( 'NONE', #2225, 1000.000000000000000 ) ;
#189 = APPLICATION_CONTEXT ( 'automotive_design' ) ;
#190 = SURFACE_STYLE_USAGE ( .BOTH. , #1970 ) ;
#191 = VECTOR ( 'NONE', #520, 1000.000000000000000 ) ;
#192 = CARTESIAN_POINT ( 'NONE',  ( -4.499999999999999112, 4.000000000000000000, 0.2000000000000000111 ) ) ;
#193 = DIRECTION ( 'NONE',  ( -0.000000000000000000, -1.000000000000000000, 0.000000000000000000 ) ) ;
#194 = EDGE_CURVE ( 'NONE', #130, #83, #831, .T. ) ;
#195 = VECTOR ( 'NONE', #1482, 1000.000000000000000 ) ;
#196 = CARTESIAN_POINT ( 'NONE',  ( 6.141421356237308338, 4.099999999999999645, -4.858578643762685445 ) ) ;
#197 = VECTOR ( 'NONE', #2181, 1000.000000000000000 ) ;
#198 = EDGE_CURVE ( 'NONE', #974, #2229, #2400, .T. ) ;
#199 = PLANE ( 'NONE',  #233 ) ;
#200 = CARTESIAN_POINT ( 'NONE',  ( 3.500000000000011102, 4.099999999999999645, -4.500000000000000888 ) ) ;
#201 = LINE ( 'NONE', #164, #967 ) ;
#202 = CARTESIAN_POINT ( 'NONE',  ( 0.000000000000000000, 0.000000000000000000, 0.6999999999999997335 ) ) ;
#203 = DIRECTION ( 'NONE',  ( 0.000000000000000000, 0.000000000000000000, 1.000000000000000000 ) ) ;
#204 = DIRECTION ( 'NONE',  ( 1.000000000000000000, -0.000000000000000000, -0.000000000000000000 ) ) ;
#205 = ADVANCED_FACE ( 'NONE', ( #1959 ), #2560, .T. ) ;
#206 = EDGE_LOOP ( 'NONE', ( #645, #575, #1275, #1953, #1782 ) ) ;
#207 = EDGE_CURVE ( 'NONE', #1347, #2249, #1999, .T. ) ;
#208 = CARTESIAN_POINT ( 'NONE',  ( -5.852134725213866240, 0.1968723640320024504, 5.961570326051266022 ) ) ;
#209 = DIRECTION ( 'NONE',  ( 8.068481283613054808E-16, 0.000000000000000000, 1.000000000000000000 ) ) ;
#210 = DIRECTION ( 'NONE',  ( 0.000000000000000000, -0.000000000000000000, 1.000000000000000000 ) ) ;
#211 = CARTESIAN_POINT ( 'NONE',  ( 5.800000000000002487, 0.07853576714343955822, 5.800000000000000711 ) ) ;
#212 = PRESENTATION_STYLE_ASSIGNMENT (( #605 ) ) ;
#213 = LINE ( 'NONE', #1597, #88 ) ;
#214 = FACE_OUTER_BOUND ( 'NONE', #2022, .T. ) ;
#215 = AXIS2_PLACEMENT_3D ( 'NONE', #178, #1583, #1800 ) ;
#216 = DIRECTION ( 'NONE',  ( 0.000000000000000000, 0.000000000000000000, 1.000000000000000000 ) ) ;
#217 = EDGE_LOOP ( 'NONE', ( #447, #1628, #1816, #1396 ) ) ;
#218 = VECTOR ( 'NONE', #626, 1000.000000000000000 ) ;
#219 = ADVANCED_FACE ( 'NONE', ( #809 ), #228, .T. ) ;
#220 = CARTESIAN_POINT ( 'NONE',  ( 3.199999999999997069, 3.999999999999999112, -0.2000000000000000111 ) ) ;
#221 = AXIS2_PLACEMENT_3D ( 'NONE', #2098, #325, #1097 ) ;
#222 = ORIENTED_EDGE ( 'NONE', *, *, #433, .T. ) ;
#223 = DIRECTION ( 'NONE',  ( 0.000000000000000000, 0.000000000000000000, -1.000000000000000000 ) ) ;
#224 = DIRECTION ( 'NONE',  ( 0.000000000000000000, -0.000000000000000000, -1.000000000000000000 ) ) ;
#225 = EDGE_CURVE ( 'NONE', #2204, #83, #971, .T. ) ;
#226 = VECTOR ( 'NONE', #1379, 1000.000000000000000 ) ;
#227 = CARTESIAN_POINT ( 'NONE',  ( 0.000000000000000000, 4.583423085461251212, 0.7000000000000005107 ) ) ;
#228 = PLANE ( 'NONE',  #719 ) ;
#229 = DIRECTION ( 'NONE',  ( -0.7071067811865439090, -0.000000000000000000, -0.7071067811865512365 ) ) ;
#230 = EDGE_LOOP ( 'NONE', ( #315, #2357, #2340, #717 ) ) ;
#231 =( GEOMETRIC_REPRESENTATION_CONTEXT ( 3 ) GLOBAL_UNCERTAINTY_ASSIGNED_CONTEXT ( ( #1217 ) ) GLOBAL_UNIT_ASSIGNED_CONTEXT ( ( #1639, #1313, #1722 ) ) REPRESENTATION_CONTEXT ( 'NONE', 'WORKASPACE' ) );
#232 = ORIENTED_EDGE ( 'NONE', *, *, #93, .T. ) ;
#233 = AXIS2_PLACEMENT_3D ( 'NONE', #1, #985, #1021 ) ;
#234 = CARTESIAN_POINT ( 'NONE',  ( 1.733415106650376705E-16, 4.389699835475712852, 2.115440850257599426 ) ) ;
#235 = VECTOR ( 'NONE', #2455, 1000.000000000000114 ) ;
#236 = EDGE_LOOP ( 'NONE', ( #2042, #148, #1683, #313 ) ) ;
#237 = DIRECTION ( 'NONE',  ( 0.000000000000000000, -1.000000000000000000, -1.202665138518110209E-16 ) ) ;
#238 = B_SPLINE_CURVE_WITH_KNOTS ( 'NONE', 3,
 ( #2216, #441, #1686, #1305, #1282, #1295 ),
 .UNSPECIFIED., .F., .F.,
 ( 4, 2, 4 ),
 ( 0.000000000000000000, 0.0001180749589259558744, 0.0002361499178519117488 ),
 .UNSPECIFIED. ) ;
#239 = DIRECTION ( 'NONE',  ( -0.000000000000000000, -0.000000000000000000, 1.000000000000000000 ) ) ;
#240 = CARTESIAN_POINT ( 'NONE',  ( 4.999999999999998224, 4.099999999999999645, -6.000000000000000000 ) ) ;
#241 = EDGE_CURVE ( 'NONE', #678, #81, #2351, .T. ) ;
#242 = SURFACE_STYLE_FILL_AREA ( #436 ) ;
#243 = CARTESIAN_POINT ( 'NONE',  ( -5.799999999999999822, 0.000000000000000000, -5.800000000000000711 ) ) ;
#244 = VERTEX_POINT ( 'NONE', #18 ) ;
#245 = EDGE_LOOP ( 'NONE', ( #846, #2073 ) ) ;
#246 = DIRECTION ( 'NONE',  ( 1.000000000000000000, -0.000000000000000000, -0.000000000000000000 ) ) ;
#247 = CARTESIAN_POINT ( 'NONE',  ( -4.499999999999999112, 4.000000000000000000, -0.2000000000000000111 ) ) ;
#248 = ORIENTED_EDGE ( 'NONE', *, *, #1861, .F. ) ;
#249 = FACE_OUTER_BOUND ( 'NONE', #1442, .T. ) ;
#250 = ORIENTED_EDGE ( 'NONE', *, *, #410, .T. ) ;
#251 = CARTESIAN_POINT ( 'NONE',  ( -5.999999999999998224, 0.1999999999999997613, 5.739858688878073600 ) ) ;
#252 = ADVANCED_FACE ( 'NONE', ( #1378 ), #1766, .T. ) ;
#253 = DIRECTION ( 'NONE',  ( 0.000000000000000000, 0.000000000000000000, 1.000000000000000000 ) ) ;
#254 = CARTESIAN_POINT ( 'NONE',  ( 0.000000000000000000, 0.2000000000000000111, 0.6999999999999997335 ) ) ;
#255 = ORIENTED_EDGE ( 'NONE', *, *, #2202, .T. ) ;
#256 = EDGE_CURVE ( 'NONE', #1347, #1623, #886, .T. ) ;
#257 = FACE_OUTER_BOUND ( 'NONE', #2346, .T. ) ;
#258 = CLOSED_SHELL ( 'NONE', ( #1956, #768, #563, #1973, #865, #458, #1871, #131, #1738, #878, #205, #3, #1626, #1838, #546, #589 ) ) ;
#259 = VERTEX_POINT ( 'NONE', #787 ) ;
#260 = CARTESIAN_POINT ( 'NONE',  ( -4.499999999999999112, 3.999999999999999112, 0.2000000000000000111 ) ) ;
#261 = ORIENTED_EDGE ( 'NONE', *, *, #1276, .T. ) ;
#262 = AXIS2_PLACEMENT_3D ( 'NONE', #817, #1592, #1385 ) ;
#263 = CARTESIAN_POINT ( 'NONE',  ( -5.300000000000002487, 0.1000000000000000056, -5.299999999999998934 ) ) ;
#264 = VECTOR ( 'NONE', #1554, 1000.000000000000000 ) ;
#265 = LINE ( 'NONE', #1807, #2420 ) ;
#266 = LINE ( 'NONE', #855, #2302 ) ;
#267 = VECTOR ( 'NONE', #1059, 1000.000000000000000 ) ;
#268 = DIRECTION ( 'NONE',  ( 1.000000000000000000, 0.000000000000000000, 0.000000000000000000 ) ) ;
#269 = EDGE_CURVE ( 'NONE', #2411, #85, #581, .T. ) ;
#270 = DIRECTION ( 'NONE',  ( -0.000000000000000000, 1.000000000000000000, -0.000000000000000000 ) ) ;
#271 = EDGE_LOOP ( 'NONE', ( #1465, #2026 ) ) ;
#272 = AXIS2_PLACEMENT_3D ( 'NONE', #2192, #1203, #1571 ) ;
#273 = FACE_OUTER_BOUND ( 'NONE', #2233, .T. ) ;
#274 = VECTOR ( 'NONE', #2347, 1000.000000000000000 ) ;
#275 = FACE_OUTER_BOUND ( 'NONE', #2141, .T. ) ;
#276 = EDGE_CURVE ( 'NONE', #2292, #2153, #421, .T. ) ;
#277 = DIRECTION ( 'NONE',  ( 1.000000000000000000, -0.000000000000000000, 1.051347561198064810E-15 ) ) ;
#278 = ORIENTED_EDGE ( 'NONE', *, *, #773, .F. ) ;
#279 = EDGE_CURVE ( 'NONE', #475, #496, #1201, .T. ) ;
#280 = VECTOR ( 'NONE', #976, 1000.000000000000000 ) ;
#281 = CARTESIAN_POINT ( 'NONE',  ( 4.500000000000000888, 4.000000000000000000, 4.500000000000000888 ) ) ;
#282 = VECTOR ( 'NONE', #1710, 1000.000000000000000 ) ;
#283 = ORIENTED_EDGE ( 'NONE', *, *, #951, .F. ) ;
#284 = DIRECTION ( 'NONE',  ( -0.000000000000000000, 1.000000000000000000, 1.202665138518110209E-16 ) ) ;
#285 = CARTESIAN_POINT ( 'NONE',  ( 5.779152310603575593, 3.899569162431590019, 5.992059791502666322 ) ) ;
#286 = LINE ( 'NONE', #1620, #103 ) ;
#287 = DIRECTION ( 'NONE',  ( 0.000000000000000000, 0.000000000000000000, -1.000000000000000000 ) ) ;
#288 = ORIENTED_EDGE ( 'NONE', *, *, #382, .F. ) ;
#289 = CARTESIAN_POINT ( 'NONE',  ( -5.912132034355964016, 3.920335811543929072, 5.912132034355964905 ) ) ;
#290 = CARTESIAN_POINT ( 'NONE',  ( -5.300000000000002487, 0.000000000000000000, -5.299999999999998934 ) ) ;
#291 = EDGE_CURVE ( 'NONE', #1074, #1015, #213, .T. ) ;
#292 = CARTESIAN_POINT ( 'NONE',  ( 4.499999999999997335, 3.999999999999999112, -0.2000000000000000111 ) ) ;
#293 = ORIENTED_EDGE ( 'NONE', *, *, #382, .T. ) ;
#294 = DIRECTION ( 'NONE',  ( 0.000000000000000000, 0.000000000000000000, 1.000000000000000000 ) ) ;
#295 = EDGE_CURVE ( 'NONE', #974, #1704, #2032, .T. ) ;
#296 = ORIENTED_EDGE ( 'NONE', *, *, #1969, .T. ) ;
#297 = CARTESIAN_POINT ( 'NONE',  ( 3.199999999999997069, 4.099999999999999645, 0.2000000000000000111 ) ) ;
#298 = PLANE ( 'NONE',  #1834 ) ;
#299 = EDGE_LOOP ( 'NONE', ( #1158, #2396, #2366, #248 ) ) ;
#300 = ORIENTED_EDGE ( 'NONE', *, *, #2013, .F. ) ;
#301 = DIRECTION ( 'NONE',  ( -0.000000000000000000, -1.000000000000000000, -0.000000000000000000 ) ) ;
#302 = AXIS2_PLACEMENT_3D ( 'NONE', #921, #1711, #158 ) ;
#303 = DIRECTION ( 'NONE',  ( -1.000000000000000000, 0.000000000000000000, 8.068481283613053822E-16 ) ) ;
#304 = EDGE_LOOP ( 'NONE', ( #2460, #508, #1868, #2379, #1301, #390 ) ) ;
#305 = EDGE_CURVE ( 'NONE', #2153, #2404, #593, .T. ) ;
#306 = VECTOR ( 'NONE', #2190, 1000.000000000000000 ) ;
#307 = EDGE_LOOP ( 'NONE', ( #1221, #733 ) ) ;
#308 = DIRECTION ( 'NONE',  ( 0.000000000000000000, -1.000000000000000000, 0.000000000000000000 ) ) ;
#309 = EDGE_CURVE ( 'NONE', #827, #1862, #965, .T. ) ;
#310 = AXIS2_PLACEMENT_3D ( 'NONE', #1126, #1075, #1874 ) ;
#311 = DIRECTION ( 'NONE',  ( 0.7071067811865512365, 0.000000000000000000, -0.7071067811865439090 ) ) ;
#312 = EDGE_CURVE ( 'NONE', #703, #521, #1824, .T. ) ;
#313 = ORIENTED_EDGE ( 'NONE', *, *, #225, .F. ) ;
#314 = PRESENTATION_STYLE_ASSIGNMENT (( #1114 ) ) ;
#315 = ORIENTED_EDGE ( 'NONE', *, *, #2408, .T. ) ;
#316 = LINE ( 'NONE', #2283, #2108 ) ;
#317 = FACE_OUTER_BOUND ( 'NONE', #2276, .T. ) ;
#318 = B_SPLINE_CURVE_WITH_KNOTS ( 'NONE', 3,
 ( #2424, #1228, #643, #2256, #1039, #40 ),
 .UNSPECIFIED., .F., .F.,
 ( 4, 2, 4 ),
 ( 0.000000000000000000, 0.0001180112493637319260, 0.0002360224987274638520 ),
 .UNSPECIFIED. ) ;
#319 = COLOUR_RGB ( '',0.7529411764705882248, 0.7529411764705882248, 0.7529411764705882248 ) ;
#320 = PLANE ( 'NONE',  #696 ) ;
#321 = ORIENTED_EDGE ( 'NONE', *, *, #882, .T. ) ;
#322 = PRESENTATION_LAYER_ASSIGNMENT (  '', '', ( #603 ) ) ;
#323 = AXIS2_PLACEMENT_3D ( 'NONE', #1167, #185, #224 ) ;
#324 = ORIENTED_EDGE ( 'NONE', *, *, #2435, .T. ) ;
#325 = DIRECTION ( 'NONE',  ( 0.000000000000000000, -1.000000000000000000, 0.000000000000000000 ) ) ;
#326 = VECTOR ( 'NONE', #845, 1000.000000000000000 ) ;
#327 = DIRECTION ( 'NONE',  ( 1.224646799147353700E-16, 0.000000000000000000, -1.000000000000000000 ) ) ;
#328 = VERTEX_POINT ( 'NONE', #491 ) ;
#329 = CARTESIAN_POINT ( 'NONE',  ( 0.000000000000000000, 4.583423085461251212, -0.2999999999999990452 ) ) ;
#330 = ORIENTED_EDGE ( 'NONE', *, *, #1353, .F. ) ;
#331 = ADVANCED_FACE ( 'NONE', ( #1064 ), #56, .T. ) ;
#332 = DIRECTION ( 'NONE',  ( 1.000000000000000000, -0.000000000000000000, 0.000000000000000000 ) ) ;
#333 = DIRECTION ( 'NONE',  ( 0.000000000000000000, -1.000000000000000000, 0.000000000000000000 ) ) ;
#334 = CARTESIAN_POINT ( 'NONE',  ( 5.300000000000001599, 0.1000000000000000056, -5.299999999999998934 ) ) ;
#335 = ORIENTED_EDGE ( 'NONE', *, *, #1168, .F. ) ;
#336 = CARTESIAN_POINT ( 'NONE',  ( 0.000000000000000000, 0.000000000000000000, 0.6999999999999997335 ) ) ;
#337 = SURFACE_STYLE_FILL_AREA ( #538 ) ;
#338 = PLANE ( 'NONE',  #2465 ) ;
#339 = ORIENTED_EDGE ( 'NONE', *, *, #309, .F. ) ;
#340 = CARTESIAN_POINT ( 'NONE',  ( 4.500000000000000888, 4.099999999999999645, -3.500000000000000444 ) ) ;
#341 = EDGE_CURVE ( 'NONE', #735, #475, #1252, .T. ) ;
#342 = EDGE_LOOP ( 'NONE', ( #1980, #2520, #440, #2070 ) ) ;
#343 = DIRECTION ( 'NONE',  ( 1.000000000000000000, 0.000000000000000000, 0.000000000000000000 ) ) ;
#344 = DIRECTION ( 'NONE',  ( 0.000000000000000000, 0.000000000000000000, -1.000000000000000000 ) ) ;
#345 = DIRECTION ( 'NONE',  ( -1.000000000000000000, 0.000000000000000000, 0.000000000000000000 ) ) ;
#346 = LINE ( 'NONE', #334, #524 ) ;
#347 = EDGE_LOOP ( 'NONE', ( #2035, #2263, #1172, #2539 ) ) ;
#348 = DIRECTION ( 'NONE',  ( -0.7071067811865463515, -0.000000000000000000, -0.7071067811865487940 ) ) ;
#349 = DIRECTION ( 'NONE',  ( 1.000000000000000000, -1.472840012332311703E-32, 1.224646799147353207E-16 ) ) ;
#350 = CIRCLE ( 'NONE', #262, 0.4000000000000002998 ) ;
#351 = ORIENTED_EDGE ( 'NONE', *, *, #309, .T. ) ;
#352 = DIRECTION ( 'NONE',  ( 1.000000000000000000, 0.000000000000000000, -0.000000000000000000 ) ) ;
#353 = ORIENTED_EDGE ( 'NONE', *, *, #1875, .F. ) ;
#354 = AXIS2_PLACEMENT_3D ( 'NONE', #1636, #2421, #2223 ) ;
#355 = CYLINDRICAL_SURFACE ( 'NONE', #2358, 0.2999999999999999334 ) ;
#356 = DIRECTION ( 'NONE',  ( 0.000000000000000000, -0.000000000000000000, 1.000000000000000000 ) ) ;
#357 = CARTESIAN_POINT ( 'NONE',  ( -5.912132034355964016, 3.920335811543929072, -5.912132034355964905 ) ) ;
#358 = CARTESIAN_POINT ( 'NONE',  ( 0.000000000000000000, 0.1000000000000000056, 0.000000000000000000 ) ) ;
#359 = EDGE_LOOP ( 'NONE', ( #137, #1286, #1880, #1632, #278, #72, #763, #1272, #300, #2012, #663, #2525, #1202, #21 ) ) ;
#360 = EDGE_CURVE ( 'NONE', #1472, #1081, #1405, .T. ) ;
#361 = PLANE ( 'NONE',  #1965 ) ;
#362 = ORIENTED_EDGE ( 'NONE', *, *, #1791, .T. ) ;
#363 = DIRECTION ( 'NONE',  ( 0.000000000000000000, 0.000000000000000000, 1.000000000000000000 ) ) ;
#364 = DIRECTION ( 'NONE',  ( -0.000000000000000000, 1.000000000000000000, 1.202665138518110209E-16 ) ) ;
#365 =( GEOMETRIC_REPRESENTATION_CONTEXT ( 3 ) GLOBAL_UNCERTAINTY_ASSIGNED_CONTEXT ( ( #1067 ) ) GLOBAL_UNIT_ASSIGNED_CONTEXT ( ( #167, #1348, #1596 ) ) REPRESENTATION_CONTEXT ( 'NONE', 'WORKASPACE' ) );
#366 = FACE_OUTER_BOUND ( 'NONE', #1159, .T. ) ;
#367 = ORIENTED_EDGE ( 'NONE', *, *, #577, .T. ) ;
#368 = LINE ( 'NONE', #2546, #852 ) ;
#369 = CARTESIAN_POINT ( 'NONE',  ( 4.499999999999997335, 4.000000000000000000, 0.2000000000000000111 ) ) ;
#370 = ORIENTED_EDGE ( 'NONE', *, *, #2331, .F. ) ;
#371 = ORIENTED_EDGE ( 'NONE', *, *, #2072, .F. ) ;
#372 = EDGE_CURVE ( 'NONE', #939, #2172, #1640, .T. ) ;
#373 = LINE ( 'NONE', #183, #2508 ) ;
#374 = EDGE_CURVE ( 'NONE', #244, #1814, #318, .T. ) ;
#375 = DIRECTION ( 'NONE',  ( 0.000000000000000000, -1.000000000000000000, 0.000000000000000000 ) ) ;
#376 = CARTESIAN_POINT ( 'NONE',  ( -6.319999999999999396, 4.099999999999999645, 6.000000000000000000 ) ) ;
#377 = DIRECTION ( 'NONE',  ( 0.000000000000000000, 0.000000000000000000, 1.000000000000000000 ) ) ;
#378 = CARTESIAN_POINT ( 'NONE',  ( 0.000000000000000000, 4.583423085461251212, 1.700000000000000178 ) ) ;
#379 = ORIENTED_EDGE ( 'NONE', *, *, #875, .T. ) ;
#380 = ORIENTED_EDGE ( 'NONE', *, *, #1316, .T. ) ;
#381 = CYLINDRICAL_SURFACE ( 'NONE', #2518, 1.500000000000000222 ) ;
#382 = EDGE_CURVE ( 'NONE', #1315, #1509, #136, .T. ) ;
#383 = LINE ( 'NONE', #598, #1797 ) ;
#384 = DIRECTION ( 'NONE',  ( -0.000000000000000000, -1.000000000000000000, -0.000000000000000000 ) ) ;
#385 = CARTESIAN_POINT ( 'NONE',  ( 5.912132034355965793, 0.1796641884560704061, 5.912132034355964016 ) ) ;
#386 = ADVANCED_FACE ( 'NONE', ( #1865 ), #1655, .F. ) ;
#387 = CARTESIAN_POINT ( 'NONE',  ( 5.300000000000001599, 0.000000000000000000, -5.299999999999998934 ) ) ;
#388 = CARTESIAN_POINT ( 'NONE',  ( 3.199999999999997069, 4.000000000000000000, -0.2000000000000000111 ) ) ;
#389 = CIRCLE ( 'NONE', #310, 0.4000000000000002998 ) ;
#390 = ORIENTED_EDGE ( 'NONE', *, *, #1417, .T. ) ;
#391 = VECTOR ( 'NONE', #488, 1000.000000000000000 ) ;
#392 = CARTESIAN_POINT ( 'NONE',  ( 9.026599196655244044E-17, 4.699999999999998401, 0.2258444797406218008 ) ) ;
#393 = DIRECTION ( 'NONE',  ( 0.000000000000000000, 0.000000000000000000, -1.000000000000000000 ) ) ;
#394 = DIRECTION ( 'NONE',  ( 0.000000000000000000, 0.000000000000000000, -1.000000000000000000 ) ) ;
#395 = DIRECTION ( 'NONE',  ( 0.000000000000000000, -0.000000000000000000, 1.000000000000000000 ) ) ;
#396 = CARTESIAN_POINT ( 'NONE',  ( 5.199999999999997513, 0.1999999999999997335, -6.000000000000000000 ) ) ;
#397 = CARTESIAN_POINT ( 'NONE',  ( -4.499999999999999112, 4.099999999999999645, 0.2000000000000000111 ) ) ;
#398 = VERTEX_POINT ( 'NONE', #1837 ) ;
#399 = CARTESIAN_POINT ( 'NONE',  ( 5.739858688878073600, 0.1999999999999997613, 6.000000000000000000 ) ) ;
#400 = ADVANCED_FACE ( 'NONE', ( #2442 ), #2019, .F. ) ;
#401 = AXIS2_PLACEMENT_3D ( 'NONE', #1068, #660, #1408 ) ;
#402 = VERTEX_POINT ( 'NONE', #1424 ) ;
#403 = CARTESIAN_POINT ( 'NONE',  ( -5.739934472717920677, 3.900000000000000799, -6.000000000000000000 ) ) ;
#404 = ORIENTED_EDGE ( 'NONE', *, *, #1954, .T. ) ;
#405 = DIRECTION ( 'NONE',  ( 1.000000000000000000, 0.000000000000000000, 0.000000000000000000 ) ) ;
#406 = FACE_OUTER_BOUND ( 'NONE', #2124, .T. ) ;
#407 = FACE_OUTER_BOUND ( 'NONE', #2505, .T. ) ;
#408 = CARTESIAN_POINT ( 'NONE',  ( -4.499999999999999112, 3.999999999999999112, 0.2000000000000000111 ) ) ;
#409 = CARTESIAN_POINT ( 'NONE',  ( 0.000000000000000000, 0.000000000000000000, 0.6999999999999997335 ) ) ;
#410 = EDGE_CURVE ( 'NONE', #1489, #1233, #2453, .T. ) ;
#411 = CARTESIAN_POINT ( 'NONE',  ( 0.000000000000000000, 0.2000000000000000111, -0.1000000000000002554 ) ) ;
#412 = ORIENTED_EDGE ( 'NONE', *, *, #1411, .F. ) ;
#413 = EDGE_CURVE ( 'NONE', #438, #2417, #684, .T. ) ;
#414 = DIRECTION ( 'NONE',  ( 0.000000000000000000, 0.000000000000000000, -1.000000000000000000 ) ) ;
#415 = ORIENTED_EDGE ( 'NONE', *, *, #2085, .T. ) ;
#416 = EDGE_CURVE ( 'NONE', #85, #1441, #2297, .T. ) ;
#417 = CARTESIAN_POINT ( 'NONE',  ( 0.000000000000000000, 3.999999999999999112, 0.000000000000000000 ) ) ;
#418 = CARTESIAN_POINT ( 'NONE',  ( 4.898587196589416773E-17, 5.438478966994840569, 0.3000000000000003775 ) ) ;
#419 = AXIS2_PLACEMENT_3D ( 'NONE', #2523, #115, #1092 ) ;
#420 = CARTESIAN_POINT ( 'NONE',  ( -3.199999999999998845, 3.999999999999999112, 0.2000000000000000111 ) ) ;
#421 = LINE ( 'NONE', #1779, #306 ) ;
#422 = VECTOR ( 'NONE', #1156, 1000.000000000000000 ) ;
#423 = FACE_OUTER_BOUND ( 'NONE', #1219, .T. ) ;
#424 = VECTOR ( 'NONE', #527, 1000.000000000000000 ) ;
#425 = UNCERTAINTY_MEASURE_WITH_UNIT (LENGTH_MEASURE( 1.000000000000000082E-05 ), #1000, 'distance_accuracy_value', 'NONE');
#426 = VERTEX_POINT ( 'NONE', #1028 ) ;
#427 = VECTOR ( 'NONE', #2288, 1000.000000000000000 ) ;
#428 = EDGE_CURVE ( 'NONE', #1552, #2514, #80, .T. ) ;
#429 = CARTESIAN_POINT ( 'NONE',  ( -5.739934472717920677, 0.1999999999999997613, 6.000000000000000000 ) ) ;
#430 = TOROIDAL_SURFACE ( 'NONE', #140, 1.280351598409032565, 0.3196484015909676346 ) ;
#431 = ORIENTED_EDGE ( 'NONE', *, *, #74, .T. ) ;
#432 = CARTESIAN_POINT ( 'NONE',  ( -5.999999999999999112, 3.899999999999999911, -5.700000000000000178 ) ) ;
#433 = EDGE_CURVE ( 'NONE', #1407, #2475, #478, .T. ) ;
#434 = DIRECTION ( 'NONE',  ( 0.000000000000000000, 0.000000000000000000, -1.000000000000000000 ) ) ;
#435 = CARTESIAN_POINT ( 'NONE',  ( -3.500000000000002220, 3.999999999999999112, 4.500000000000000888 ) ) ;
#436 = FILL_AREA_STYLE ('',( #2441 ) ) ;
#437 = CARTESIAN_POINT ( 'NONE',  ( 3.199999999999997069, 4.000000000000000000, 0.2000000000000000111 ) ) ;
#438 = VERTEX_POINT ( 'NONE', #1240 ) ;
#439 = CARTESIAN_POINT ( 'NONE',  ( 0.000000000000000000, 4.099999999999999645, 0.7000000000000002887 ) ) ;
#440 = ORIENTED_EDGE ( 'NONE', *, *, #186, .F. ) ;
#441 = CARTESIAN_POINT ( 'NONE',  ( -5.999999999999999112, 0.1999999999999997613, -5.739934472717920677 ) ) ;
#442 = DIRECTION ( 'NONE',  ( -0.000000000000000000, -1.000000000000000000, -0.000000000000000000 ) ) ;
#443 = MECHANICAL_DESIGN_GEOMETRIC_PRESENTATION_REPRESENTATION (  '', ( #1851 ), #365 ) ;
#444 = VERTEX_POINT ( 'NONE', #1852 ) ;
#445 = DIRECTION ( 'NONE',  ( 0.000000000000000000, -1.000000000000000000, 0.000000000000000000 ) ) ;
#446 = EDGE_CURVE ( 'NONE', #1094, #2404, #68, .T. ) ;
#447 = ORIENTED_EDGE ( 'NONE', *, *, #1969, .F. ) ;
#448 = CARTESIAN_POINT ( 'NONE',  ( -5.799999999999999822, 4.099999999999999645, -5.800000000000000711 ) ) ;
#449 = DIRECTION ( 'NONE',  ( 0.000000000000000000, -1.000000000000000000, 0.000000000000000000 ) ) ;
#450 = CARTESIAN_POINT ( 'NONE',  ( -4.499999999999999112, 4.099999999999999645, 3.499999999999992006 ) ) ;
#451 = CARTESIAN_POINT ( 'NONE',  ( 4.499999999999997335, 3.999999999999999112, -0.2000000000000000111 ) ) ;
#452 = ORIENTED_EDGE ( 'NONE', *, *, #1355, .T. ) ;
#453 = EDGE_LOOP ( 'NONE', ( #288, #1674, #1803, #549 ) ) ;
#454 = LINE ( 'NONE', #833, #823 ) ;
#455 = CARTESIAN_POINT ( 'NONE',  ( -5.999999999999999112, 0.1999999999999997613, 5.700000000000000178 ) ) ;
#456 = PLANE ( 'NONE',  #1423 ) ;
#457 = ORIENTED_EDGE ( 'NONE', *, *, #1781, .F. ) ;
#458 = ADVANCED_FACE ( 'NONE', ( #2269 ), #298, .T. ) ;
#459 = ORIENTED_EDGE ( 'NONE', *, *, #42, .T. ) ;
#460 = CARTESIAN_POINT ( 'NONE',  ( -5.799999999999999822, 4.021464232856559740, -5.799999999999999822 ) ) ;
#461 = CARTESIAN_POINT ( 'NONE',  ( 5.739934472717922453, 3.900000000000000355, 6.000000000000000000 ) ) ;
#462 = DIRECTION ( 'NONE',  ( 1.000000000000000000, 0.000000000000000000, 0.000000000000000000 ) ) ;
#463 = DIRECTION ( 'NONE',  ( -0.000000000000000000, 1.000000000000000000, -0.000000000000000000 ) ) ;
#464 = ORIENTED_EDGE ( 'NONE', *, *, #374, .T. ) ;
#465 = CARTESIAN_POINT ( 'NONE',  ( -5.938913282712202424, 3.907237965887026654, 5.885350785999724721 ) ) ;
#466 = EDGE_LOOP ( 'NONE', ( #1817, #1110, #2462, #1902 ) ) ;
#467 = EDGE_CURVE ( 'NONE', #555, #398, #700, .T. ) ;
#468 = LINE ( 'NONE', #59, #739 ) ;
#469 = CARTESIAN_POINT ( 'NONE',  ( -5.779404583374835980, 0.2004257493312414373, -5.991976456546221463 ) ) ;
#470 = FACE_OUTER_BOUND ( 'NONE', #1612, .T. ) ;
#471 = ORIENTED_EDGE ( 'NONE', *, *, #2486, .T. ) ;
#472 = AXIS2_PLACEMENT_3D ( 'NONE', #1077, #1622, #658 ) ;
#473 = DIRECTION ( 'NONE',  ( 0.000000000000000000, 1.000000000000000000, 0.000000000000000000 ) ) ;
#474 = CIRCLE ( 'NONE', #633, 1.500000000000000222 ) ;
#475 = VERTEX_POINT ( 'NONE', #2303 ) ;
#476 = CYLINDRICAL_SURFACE ( 'NONE', #1082, 1.500000000000000222 ) ;
#477 = DIRECTION ( 'NONE',  ( 1.000000000000000000, 0.000000000000000000, 0.000000000000000000 ) ) ;
#478 = LINE ( 'NONE', #451, #1927 ) ;
#479 = ORIENTED_EDGE ( 'NONE', *, *, #2036, .F. ) ;
#480 = EDGE_CURVE ( 'NONE', #2536, #444, #1758, .T. ) ;
#481 = EDGE_LOOP ( 'NONE', ( #2167, #2240, #1182, #133 ) ) ;
#482 = DIRECTION ( 'NONE',  ( 1.000000000000000000, 0.000000000000000000, 0.000000000000000000 ) ) ;
#483 = ADVANCED_FACE ( 'NONE', ( #2086 ), #741, .F. ) ;
#484 = VECTOR ( 'NONE', #2227, 1000.000000000000000 ) ;
#485 = CARTESIAN_POINT ( 'NONE',  ( 4.500000000000000888, 3.999999999999999112, -3.500000000000000444 ) ) ;
#486 = ORIENTED_EDGE ( 'NONE', *, *, #1912, .T. ) ;
#487 = VECTOR ( 'NONE', #1805, 1000.000000000000000 ) ;
#488 = DIRECTION ( 'NONE',  ( 0.7071067811865463515, -0.000000000000000000, 0.7071067811865487940 ) ) ;
#489 = AXIS2_PLACEMENT_3D ( 'NONE', #2273, #1467, #84 ) ;
#490 = CARTESIAN_POINT ( 'NONE',  ( 6.000000000000000888, 3.899999999999999911, -4.999999999999993783 ) ) ;
#491 = CARTESIAN_POINT ( 'NONE',  ( 5.300000000000000711, 0.09999999999999939493, 5.299999999999999822 ) ) ;
#492 = VERTEX_POINT ( 'NONE', #1693 ) ;
#493 = ORIENTED_EDGE ( 'NONE', *, *, #1478, .F. ) ;
#494 = ADVANCED_FACE ( 'NONE', ( #1487 ), #338, .F. ) ;
#495 = CARTESIAN_POINT ( 'NONE',  ( -4.499999999999999112, 4.099999999999999645, 3.499999999999992006 ) ) ;
#496 = VERTEX_POINT ( 'NONE', #1300 ) ;
#497 = EDGE_CURVE ( 'NONE', #1472, #2473, #2492, .T. ) ;
#498 = CARTESIAN_POINT ( 'NONE',  ( 9.797174393178826150E-17, 0.2000000000000000111, 1.499999999999999778 ) ) ;
#499 = VERTEX_POINT ( 'NONE', #1279 ) ;
#500 = VERTEX_POINT ( 'NONE', #916 ) ;
#501 = ORIENTED_EDGE ( 'NONE', *, *, #416, .F. ) ;
#502 = CARTESIAN_POINT ( 'NONE',  ( -3.500000000000002220, 4.099999999999999645, 4.500000000000000888 ) ) ;
#503 = CARTESIAN_POINT ( 'NONE',  ( 3.500000000000011102, 3.999999999999999112, -4.500000000000000888 ) ) ;
#504 = ORIENTED_EDGE ( 'NONE', *, *, #1495, .T. ) ;
#505 = ORIENTED_EDGE ( 'NONE', *, *, #1811, .F. ) ;
#506 = PLANE ( 'NONE',  #1198 ) ;
#507 = DIRECTION ( 'NONE',  ( 0.7071067811865463515, 0.000000000000000000, 0.7071067811865487940 ) ) ;
#508 = ORIENTED_EDGE ( 'NONE', *, *, #1878, .T. ) ;
#509 = ORIENTED_EDGE ( 'NONE', *, *, #1649, .F. ) ;
#510 = CARTESIAN_POINT ( 'NONE',  ( 6.000000000000000888, 0.1999999999999997613, 5.700000000000000178 ) ) ;
#511 = EDGE_CURVE ( 'NONE', #499, #496, #1500, .T. ) ;
#512 = VECTOR ( 'NONE', #209, 1000.000000000000000 ) ;
#513 = DIRECTION ( 'NONE',  ( -0.000000000000000000, -1.000000000000000000, -0.000000000000000000 ) ) ;
#514 = EDGE_LOOP ( 'NONE', ( #565, #758, #1022, #713 ) ) ;
#515 = ORIENTED_EDGE ( 'NONE', *, *, #1304, .F. ) ;
#516 = CARTESIAN_POINT ( 'NONE',  ( 0.000000000000000000, 5.438478966994840569, 0.7000000000000006217 ) ) ;
#517 = CARTESIAN_POINT ( 'NONE',  ( 5.300000000000001599, 0.000000000000000000, 5.299999999999999822 ) ) ;
#518 = MECHANICAL_DESIGN_GEOMETRIC_PRESENTATION_REPRESENTATION (  '', ( #1764 ), #1250 ) ;
#519 = AXIS2_PLACEMENT_3D ( 'NONE', #376, #1958, #980 ) ;
#520 = DIRECTION ( 'NONE',  ( -0.000000000000000000, -1.000000000000000000, -0.000000000000000000 ) ) ;
#521 = VERTEX_POINT ( 'NONE', #1145 ) ;
#522 = CIRCLE ( 'NONE', #1175, 0.9999999999999995559 ) ;
#523 = DIRECTION ( 'NONE',  ( -1.000000000000000000, -0.000000000000000000, -0.000000000000000000 ) ) ;
#524 = VECTOR ( 'NONE', #1732, 1000.000000000000000 ) ;
#525 = EDGE_CURVE ( 'NONE', #1870, #1015, #2517, .T. ) ;
#526 = VECTOR ( 'NONE', #1493, 1000.000000000000000 ) ;
#527 = DIRECTION ( 'NONE',  ( 0.000000000000000000, -1.000000000000000000, 0.000000000000000000 ) ) ;
#528 = ORIENTED_EDGE ( 'NONE', *, *, #45, .F. ) ;
#529 = DIRECTION ( 'NONE',  ( -0.000000000000000000, 1.000000000000000000, 1.202665138518110209E-16 ) ) ;
#530 = ORIENTED_EDGE ( 'NONE', *, *, #1875, .T. ) ;
#531 = DIRECTION ( 'NONE',  ( 0.000000000000000000, 0.000000000000000000, -1.000000000000000000 ) ) ;
#532 = CARTESIAN_POINT ( 'NONE',  ( -5.999999999999999112, 3.899999999999999911, 5.700000000000000178 ) ) ;
#533 = CARTESIAN_POINT ( 'NONE',  ( 6.000000000000000888, 4.099999999999999645, 6.319999999999999396 ) ) ;
#534 = LINE ( 'NONE', #1309, #64 ) ;
#535 = VERTEX_POINT ( 'NONE', #539 ) ;
#536 = EDGE_LOOP ( 'NONE', ( #695, #637, #924, #2270 ) ) ;
#537 = DIRECTION ( 'NONE',  ( 1.000000000000000000, -0.000000000000000000, -0.000000000000000000 ) ) ;
#538 = FILL_AREA_STYLE ('',( #2113 ) ) ;
#539 = CARTESIAN_POINT ( 'NONE',  ( 4.499999999999997335, 4.099999999999999645, 0.2000000000000000111 ) ) ;
#540 = VERTEX_POINT ( 'NONE', #1100 ) ;
#541 = SURFACE_STYLE_FILL_AREA ( #2116 ) ;
#542 = ORIENTED_EDGE ( 'NONE', *, *, #1098, .T. ) ;
#543 = FACE_OUTER_BOUND ( 'NONE', #824, .T. ) ;
#544 = CYLINDRICAL_SURFACE ( 'NONE', #1616, 0.8000000000000000444 ) ;
#545 = CARTESIAN_POINT ( 'NONE',  ( 4.500000000000000888, 3.999999999999999112, 4.500000000000000888 ) ) ;
#546 = ADVANCED_FACE ( 'NONE', ( #1085 ), #2126, .T. ) ;
#547 = LINE ( 'NONE', #2512, #109 ) ;
#548 = ORIENTED_EDGE ( 'NONE', *, *, #610, .F. ) ;
#549 = ORIENTED_EDGE ( 'NONE', *, *, #1791, .F. ) ;
#550 = VECTOR ( 'NONE', #715, 1000.000000000000000 ) ;
#551 = CARTESIAN_POINT ( 'NONE',  ( -3.199999999999998845, 4.000000000000000000, 0.2000000000000000111 ) ) ;
#552 = EDGE_LOOP ( 'NONE', ( #2076, #1507, #810, #1682, #1675, #2010 ) ) ;
#553 = DIRECTION ( 'NONE',  ( 0.7071067811865512365, 0.000000000000000000, -0.7071067811865439090 ) ) ;
#554 = AXIS2_PLACEMENT_3D ( 'NONE', #1514, #311, #1919 ) ;
#555 = VERTEX_POINT ( 'NONE', #153 ) ;
#556 = PLANE ( 'NONE',  #1804 ) ;
#557 = AXIS2_PLACEMENT_3D ( 'NONE', #2438, #223, #2405 ) ;
#558 = PLANE ( 'NONE',  #2479 ) ;
#559 = EDGE_CURVE ( 'NONE', #1928, #71, #889, .T. ) ;
#560 = DIRECTION ( 'NONE',  ( -1.000000000000000000, 0.000000000000000000, 0.000000000000000000 ) ) ;
#561 = DIRECTION ( 'NONE',  ( -1.000000000000000000, 0.000000000000000000, 0.000000000000000000 ) ) ;
#562 = ORIENTED_EDGE ( 'NONE', *, *, #1912, .F. ) ;
#563 = ADVANCED_FACE ( 'NONE', ( #2114 ), #2329, .T. ) ;
#564 = LINE ( 'NONE', #585, #512 ) ;
#565 = ORIENTED_EDGE ( 'NONE', *, *, #78, .T. ) ;
#566 = LINE ( 'NONE', #2189, #2252 ) ;
#567 = VECTOR ( 'NONE', #2069, 1000.000000000000000 ) ;
#568 = DIRECTION ( 'NONE',  ( 0.000000000000000000, 0.000000000000000000, 1.000000000000000000 ) ) ;
#569 = VECTOR ( 'NONE', #2312, 1000.000000000000000 ) ;
#570 = PRESENTATION_STYLE_ASSIGNMENT (( #190 ) ) ;
#571 = CARTESIAN_POINT ( 'NONE',  ( 0.000000000000000000, 3.455745959545721835, 1.174155520259378971 ) ) ;
#572 = LINE ( 'NONE', #159, #2554 ) ;
#573 = EDGE_CURVE ( 'NONE', #2249, #1888, #1619, .T. ) ;
#574 = EDGE_LOOP ( 'NONE', ( #2409, #1457, #1984, #1406 ) ) ;
#575 = ORIENTED_EDGE ( 'NONE', *, *, #1576, .T. ) ;
#576 = FACE_OUTER_BOUND ( 'NONE', #230, .T. ) ;
#577 = EDGE_CURVE ( 'NONE', #1347, #1862, #725, .T. ) ;
#578 = CARTESIAN_POINT ( 'NONE',  ( 5.800000000000001599, 4.099999999999999645, 6.319999999999999396 ) ) ;
#579 = DIRECTION ( 'NONE',  ( -1.000000000000000000, 0.000000000000000000, 0.000000000000000000 ) ) ;
#580 = CARTESIAN_POINT ( 'NONE',  ( 4.499999999999997335, 4.099999999999999645, -0.2000000000000000111 ) ) ;
#581 = LINE ( 'NONE', #1349, #2333 ) ;
#582 = CARTESIAN_POINT ( 'NONE',  ( 5.700000000000000178, 0.1999999999999997613, 6.000000000000000000 ) ) ;
#583 = ORIENTED_EDGE ( 'NONE', *, *, #1141, .F. ) ;
#584 = DIRECTION ( 'NONE',  ( 0.000000000000000000, -1.000000000000000000, -1.202665138518110209E-16 ) ) ;
#585 = CARTESIAN_POINT ( 'NONE',  ( -4.500000000000002665, 4.099999999999999645, -4.500000000000000888 ) ) ;
#586 = ADVANCED_FACE ( 'NONE', ( #1474 ), #2280, .F. ) ;
#587 = CLOSED_SHELL ( 'NONE', ( #792, #331, #2052, #1485, #599, #1908, #1763, #1799, #1689, #2360, #2166, #1363, #150, #830, #970, #851, #2299, #1118, #1931, #2399, #1822, #620, #2068, #586, #483, #400, #1996, #1532, #2132, #386, #2336, #738, #2470, #2066, #494, #1040, #127, #1136, #1768, #1945, #2180, #1545, #691, #1684, #2528, #252 ) ) ;
#588 = CARTESIAN_POINT ( 'NONE',  ( 4.499999999999997335, 4.099999999999999645, -0.2000000000000000111 ) ) ;
#589 = ADVANCED_FACE ( 'NONE', ( #2504 ), #1578, .F. ) ;
#590 = CARTESIAN_POINT ( 'NONE',  ( 6.000000000000001776, 0.1999999999999997613, -4.999999999999993783 ) ) ;
#591 = VECTOR ( 'NONE', #607, 1000.000000000000000 ) ;
#592 = CARTESIAN_POINT ( 'NONE',  ( 4.500000000000000888, 3.999999999999999112, -3.500000000000000444 ) ) ;
#593 = LINE ( 'NONE', #397, #627 ) ;
#594 = CARTESIAN_POINT ( 'NONE',  ( 3.199999999999997069, -8.727922061357858752, 0.2000000000000000111 ) ) ;
#595 = ORIENTED_EDGE ( 'NONE', *, *, #198, .F. ) ;
#596 = AXIS2_PLACEMENT_3D ( 'NONE', #1531, #2335, #2323 ) ;
#597 = DIRECTION ( 'NONE',  ( -0.000000000000000000, 1.000000000000000000, 1.202665138518110209E-16 ) ) ;
#598 = CARTESIAN_POINT ( 'NONE',  ( 4.500000000000000888, 4.099999999999999645, 4.500000000000000888 ) ) ;
#599 = ADVANCED_FACE ( 'NONE', ( #1957 ), #2387, .F. ) ;
#600 = STYLED_ITEM ( 'NONE', ( #175 ), #1624 ) ;
#601 = FACE_OUTER_BOUND ( 'NONE', #2259, .T. ) ;
#602 = CARTESIAN_POINT ( 'NONE',  ( 0.000000000000000000, 0.000000000000000000, 0.000000000000000000 ) ) ;
#603 = STYLED_ITEM ( 'NONE', ( #740 ), #1917 ) ;
#604 = EDGE_CURVE ( 'NONE', #1081, #2054, #1785, .T. ) ;
#605 = SURFACE_STYLE_USAGE ( .BOTH. , #2544 ) ;
#606 = VECTOR ( 'NONE', #442, 1000.000000000000000 ) ;
#607 = DIRECTION ( 'NONE',  ( 0.000000000000000000, 1.000000000000000000, 0.000000000000000000 ) ) ;
#608 = CARTESIAN_POINT ( 'NONE',  ( 5.885401493553001906, 0.1927372346825068639, 5.938862575158927903 ) ) ;
#609 = STYLED_ITEM ( 'NONE', ( #212 ), #2429 ) ;
#610 = EDGE_CURVE ( 'NONE', #2215, #1794, #201, .T. ) ;
#611 = ORIENTED_EDGE ( 'NONE', *, *, #1238, .F. ) ;
#612 = DIRECTION ( 'NONE',  ( 0.000000000000000000, 0.000000000000000000, 1.000000000000000000 ) ) ;
#613 = LINE ( 'NONE', #1615, #2049 ) ;
#614 = DIRECTION ( 'NONE',  ( -0.000000000000000000, 1.000000000000000000, -0.000000000000000000 ) ) ;
#615 = LINE ( 'NONE', #418, #1419 ) ;
#616 = DIRECTION ( 'NONE',  ( 1.000000000000000000, 0.000000000000000000, 0.000000000000000000 ) ) ;
#617 = LINE ( 'NONE', #2007, #1535 ) ;
#618 = CARTESIAN_POINT ( 'NONE',  ( -5.938862575158927903, 3.907262765317493169, -5.885401493553001906 ) ) ;
#619 = ORIENTED_EDGE ( 'NONE', *, *, #28, .T. ) ;
#620 = ADVANCED_FACE ( 'NONE', ( #601 ), #1541, .T. ) ;
#621 = CARTESIAN_POINT ( 'NONE',  ( -5.912132034355964016, 0.1796641884560708224, 5.912132034355964905 ) ) ;
#622 = ORIENTED_EDGE ( 'NONE', *, *, #912, .F. ) ;
#623 = PLANE ( 'NONE',  #1836 ) ;
#624 = FACE_OUTER_BOUND ( 'NONE', #1281, .T. ) ;
#625 = CARTESIAN_POINT ( 'NONE',  ( -4.499999999999999112, 4.099999999999999645, 3.499999999999992006 ) ) ;
#626 = DIRECTION ( 'NONE',  ( 0.000000000000000000, -1.000000000000000000, 0.000000000000000000 ) ) ;
#627 = VECTOR ( 'NONE', #1369, 1000.000000000000000 ) ;
#628 = CARTESIAN_POINT ( 'NONE',  ( 3.500000000000011102, 4.099999999999999645, -4.500000000000000888 ) ) ;
#629 = ORIENTED_EDGE ( 'NONE', *, *, #1499, .F. ) ;
#630 = EDGE_CURVE ( 'NONE', #2448, #1233, #1761, .T. ) ;
#631 = DIRECTION ( 'NONE',  ( 0.7071067811865431318, 0.000000000000000000, 0.7071067811865517916 ) ) ;
#632 = ORIENTED_EDGE ( 'NONE', *, *, #1579, .T. ) ;
#633 = AXIS2_PLACEMENT_3D ( 'NONE', #336, #1111, #1916 ) ;
#634 = EDGE_CURVE ( 'NONE', #24, #1345, #783, .T. ) ;
#635 = DIRECTION ( 'NONE',  ( 0.000000000000000000, 1.202665138518110209E-16, -1.000000000000000000 ) ) ;
#636 =( BOUNDED_CURVE ( )  B_SPLINE_CURVE ( 3, ( #1189, #16, #2388, #1777 ),
 .UNSPECIFIED., .F., .T. ) 
 B_SPLINE_CURVE_WITH_KNOTS ( ( 4, 4 ),
 ( 2.025659972776548301, 3.141592653589793116 ),
 .UNSPECIFIED. ) 
 CURVE ( )  GEOMETRIC_REPRESENTATION_ITEM ( )  RATIONAL_B_SPLINE_CURVE ( ( 1.000000000000000000, 0.8988890734333170318, 0.8988890734333170318, 1.000000000000000000 ) ) 
 REPRESENTATION_ITEM ( '' )  );
#637 = ORIENTED_EDGE ( 'NONE', *, *, #1517, .F. ) ;
#638 = CARTESIAN_POINT ( 'NONE',  ( 4.500000000000000888, 3.999999999999999112, 4.500000000000000888 ) ) ;
#639 = EDGE_LOOP ( 'NONE', ( #1255, #2344 ) ) ;
#640 = CARTESIAN_POINT ( 'NONE',  ( 0.000000000000000000, 0.000000000000000000, 0.6999999999999997335 ) ) ;
#641 = DIRECTION ( 'NONE',  ( -0.000000000000000000, -1.000000000000000000, -0.000000000000000000 ) ) ;
#642 = SURFACE_STYLE_USAGE ( .BOTH. , #55 ) ;
#643 = CARTESIAN_POINT ( 'NONE',  ( -5.852168674940085857, 3.903136531765805994, 5.961534000476415684 ) ) ;
#644 = CIRCLE ( 'NONE', #1726, 1.600000000000000311 ) ;
#645 = ORIENTED_EDGE ( 'NONE', *, *, #1653, .F. ) ;
#646 = DIRECTION ( 'NONE',  ( -0.000000000000000000, -0.000000000000000000, -1.000000000000000000 ) ) ;
#647 = LINE ( 'NONE', #1687, #1120 ) ;
#648 = AXIS2_PLACEMENT_3D ( 'NONE', #2369, #597, #612 ) ;
#649 = EDGE_CURVE ( 'NONE', #888, #113, #805, .T. ) ;
#650 = CARTESIAN_POINT ( 'NONE',  ( 4.499999999999997335, 3.999999999999999112, -0.2000000000000000111 ) ) ;
#651 = AXIS2_PLACEMENT_3D ( 'NONE', #196, #1600, #774 ) ;
#652 = ORIENTED_EDGE ( 'NONE', *, *, #2205, .F. ) ;
#653 = FACE_OUTER_BOUND ( 'NONE', #1843, .T. ) ;
#654 = VERTEX_POINT ( 'NONE', #2362 ) ;
#655 = DIRECTION ( 'NONE',  ( -0.000000000000000000, 1.000000000000000000, -0.000000000000000000 ) ) ;
#656 = CARTESIAN_POINT ( 'NONE',  ( -5.699999999999999289, 3.899999999999999911, 6.000000000000000000 ) ) ;
#657 = CARTESIAN_POINT ( 'NONE',  ( 5.800000000000001599, 4.099999999999999645, 5.800000000000000711 ) ) ;
#658 = DIRECTION ( 'NONE',  ( 1.051347561198064810E-15, 0.000000000000000000, -1.000000000000000000 ) ) ;
#659 = ORIENTED_EDGE ( 'NONE', *, *, #2234, .T. ) ;
#660 = DIRECTION ( 'NONE',  ( -0.000000000000000000, -0.000000000000000000, -1.000000000000000000 ) ) ;
#661 = ORIENTED_EDGE ( 'NONE', *, *, #2205, .T. ) ;
#662 = VERTEX_POINT ( 'NONE', #1177 ) ;
#663 = ORIENTED_EDGE ( 'NONE', *, *, #2253, .F. ) ;
#664 = EDGE_CURVE ( 'NONE', #1113, #2499, #997, .T. ) ;
#665 = DIRECTION ( 'NONE',  ( -0.000000000000000000, 1.000000000000000000, -0.000000000000000000 ) ) ;
#666 = DIRECTION ( 'NONE',  ( 1.000000000000000000, -0.000000000000000000, 0.000000000000000000 ) ) ;
#667 = EDGE_CURVE ( 'NONE', #555, #81, #566, .T. ) ;
#668 = DIRECTION ( 'NONE',  ( -0.000000000000000000, 1.000000000000000000, -0.000000000000000000 ) ) ;
#669 = ORIENTED_EDGE ( 'NONE', *, *, #2001, .T. ) ;
#670 = PLANE ( 'NONE',  #1416 ) ;
#671 = LINE ( 'NONE', #1218, #2062 ) ;
#672 = CLOSED_SHELL ( 'NONE', ( #942, #1163, #804, #708, #1645, #1469, #1431, #1826 ) ) ;
#673 = CARTESIAN_POINT ( 'NONE',  ( -5.885401493552998353, 0.1927372346825077798, -5.938862575158928792 ) ) ;
#674 = PLANE ( 'NONE',  #22 ) ;
#675 = EDGE_LOOP ( 'NONE', ( #914, #2367, #1235, #896 ) ) ;
#676 = AXIS2_PLACEMENT_3D ( 'NONE', #1181, #989, #377 ) ;
#677 = ORIENTED_EDGE ( 'NONE', *, *, #577, .F. ) ;
#678 = VERTEX_POINT ( 'NONE', #987 ) ;
#679 = DIRECTION ( 'NONE',  ( -1.000000000000000000, -0.000000000000000000, -0.000000000000000000 ) ) ;
#680 = FACE_OUTER_BOUND ( 'NONE', #514, .T. ) ;
#681 = EDGE_CURVE ( 'NONE', #1814, #654, #4, .T. ) ;
#682 = VECTOR ( 'NONE', #2353, 1000.000000000000000 ) ;
#683 = CARTESIAN_POINT ( 'NONE',  ( -4.500000000000002665, 3.999999999999999112, -4.500000000000000888 ) ) ;
#684 = LINE ( 'NONE', #1436, #2208 ) ;
#685 = ORIENTED_EDGE ( 'NONE', *, *, #1678, .T. ) ;
#686 = CARTESIAN_POINT ( 'NONE',  ( -3.199999999999998845, 4.099999999999999645, 0.2000000000000000111 ) ) ;
#687 = ORIENTED_EDGE ( 'NONE', *, *, #2482, .T. ) ;
#688 = ADVANCED_FACE ( 'NONE', ( #406 ), #795, .F. ) ;
#689 = AXIS2_PLACEMENT_3D ( 'NONE', #2363, #579, #5 ) ;
#690 = DIRECTION ( 'NONE',  ( -1.000000000000000000, 0.000000000000000000, -0.000000000000000000 ) ) ;
#691 = ADVANCED_FACE ( 'NONE', ( #1749 ), #2165, .T. ) ;
#692 = AXIS2_PLACEMENT_3D ( 'NONE', #2006, #868, #1667 ) ;
#693 = DIRECTION ( 'NONE',  ( -8.068481283613054808E-16, -0.000000000000000000, -1.000000000000000000 ) ) ;
#694 = ORIENTED_EDGE ( 'NONE', *, *, #1718, .T. ) ;
#695 = ORIENTED_EDGE ( 'NONE', *, *, #2253, .T. ) ;
#696 = AXIS2_PLACEMENT_3D ( 'NONE', #1701, #1093, #561 ) ;
#697 = ORIENTED_EDGE ( 'NONE', *, *, #1168, .T. ) ;
#698 = DIRECTION ( 'NONE',  ( 0.000000000000000000, -1.000000000000000000, 0.000000000000000000 ) ) ;
#699 = PRODUCT_CONTEXT ( 'NONE', #189, 'mechanical' ) ;
#700 = LINE ( 'NONE', #1528, #808 ) ;
#701 = ORIENTED_EDGE ( 'NONE', *, *, #1750, .F. ) ;
#702 = LINE ( 'NONE', #1476, #778 ) ;
#703 = VERTEX_POINT ( 'NONE', #1164 ) ;
#704 = DIRECTION ( 'NONE',  ( 1.051347561198064810E-15, 0.000000000000000000, -1.000000000000000000 ) ) ;
#705 = CARTESIAN_POINT ( 'NONE',  ( -3.199999999999998845, -8.727922061357858752, 0.2000000000000000111 ) ) ;
#706 = PLANE ( 'NONE',  #1685 ) ;
#707 = ORIENTED_EDGE ( 'NONE', *, *, #276, .T. ) ;
#708 = ADVANCED_FACE ( 'NONE', ( #1796 ), #764, .T. ) ;
#709 = CARTESIAN_POINT ( 'NONE',  ( 5.999999999999999112, 0.1999999999999997613, 5.739934472717920677 ) ) ;
#710 = SURFACE_SIDE_STYLE ('',( #337 ) ) ;
#711 = CARTESIAN_POINT ( 'NONE',  ( 0.000000000000000000, 0.2000000000000000111, -0.1000000000000002554 ) ) ;
#712 = DIRECTION ( 'NONE',  ( 0.000000000000000000, -0.000000000000000000, 1.000000000000000000 ) ) ;
#713 = ORIENTED_EDGE ( 'NONE', *, *, #1781, .T. ) ;
#714 = CARTESIAN_POINT ( 'NONE',  ( -5.799999999999999822, 0.000000000000000000, 5.800000000000000711 ) ) ;
#715 = DIRECTION ( 'NONE',  ( -1.000000000000000000, 0.000000000000000000, 0.000000000000000000 ) ) ;
#716 = LINE ( 'NONE', #369, #569 ) ;
#717 = ORIENTED_EDGE ( 'NONE', *, *, #2100, .F. ) ;
#718 = ORIENTED_EDGE ( 'NONE', *, *, #912, .T. ) ;
#719 = AXIS2_PLACEMENT_3D ( 'NONE', #1388, #1991, #2182 ) ;
#720 = EDGE_CURVE ( 'NONE', #1015, #2475, #1567, .T. ) ;
#721 = AXIS2_PLACEMENT_3D ( 'NONE', #1979, #1375, #978 ) ;
#722 = DIRECTION ( 'NONE',  ( 1.000000000000000000, 0.000000000000000000, -0.000000000000000000 ) ) ;
#723 = VECTOR ( 'NONE', #1617, 1000.000000000000000 ) ;
#724 = CIRCLE ( 'NONE', #1719, 0.8000000000000000444 ) ;
#725 = LINE ( 'NONE', #1330, #1963 ) ;
#726 = ORIENTED_EDGE ( 'NONE', *, *, #634, .F. ) ;
#727 = CARTESIAN_POINT ( 'NONE',  ( 4.499999999999997335, 3.999999999999999112, 0.2000000000000000111 ) ) ;
#728 = ORIENTED_EDGE ( 'NONE', *, *, #1897, .T. ) ;
#729 = DIRECTION ( 'NONE',  ( 0.000000000000000000, 0.000000000000000000, 1.000000000000000000 ) ) ;
#730 = VECTOR ( 'NONE', #193, 1000.000000000000000 ) ;
#731 = DIRECTION ( 'NONE',  ( -0.000000000000000000, -1.000000000000000000, -0.000000000000000000 ) ) ;
#732 = LINE ( 'NONE', #1336, #191 ) ;
#733 = ORIENTED_EDGE ( 'NONE', *, *, #559, .T. ) ;
#734 = EDGE_CURVE ( 'NONE', #1138, #97, #350, .T. ) ;
#735 = VERTEX_POINT ( 'NONE', #1366 ) ;
#736 = AXIS2_PLACEMENT_3D ( 'NONE', #1564, #1373, #2186 ) ;
#737 = CARTESIAN_POINT ( 'NONE',  ( 6.000000000000000888, 4.099999999999999645, 5.700000000000000178 ) ) ;
#738 = ADVANCED_FACE ( 'NONE', ( #854 ), #623, .F. ) ;
#739 = VECTOR ( 'NONE', #2038, 1000.000000000000000 ) ;
#740 = PRESENTATION_STYLE_ASSIGNMENT (( #1680 ) ) ;
#741 = PLANE ( 'NONE',  #554 ) ;
#742 = VERTEX_POINT ( 'NONE', #2029 ) ;
#743 = LINE ( 'NONE', #155, #274 ) ;
#744 = ORIENTED_EDGE ( 'NONE', *, *, #269, .F. ) ;
#745 = LINE ( 'NONE', #1504, #1258 ) ;
#746 = LINE ( 'NONE', #2311, #775 ) ;
#747 = ORIENTED_EDGE ( 'NONE', *, *, #2501, .T. ) ;
#748 = VERTEX_POINT ( 'NONE', #490 ) ;
#749 = LINE ( 'NONE', #107, #1404 ) ;
#750 = EDGE_CURVE ( 'NONE', #402, #815, #828, .T. ) ;
#751 = CARTESIAN_POINT ( 'NONE',  ( -3.199999999999998845, 3.999999999999999112, 0.2000000000000000111 ) ) ;
#752 = CARTESIAN_POINT ( 'NONE',  ( 1.836970198721029934E-16, 0.1000000000000000056, 2.200000000000000178 ) ) ;
#753 = EDGE_CURVE ( 'NONE', #1297, #1425, #1886, .T. ) ;
#754 = DIRECTION ( 'NONE',  ( 0.000000000000000000, 0.000000000000000000, 1.000000000000000000 ) ) ;
#755 = DIRECTION ( 'NONE',  ( 1.000000000000000000, 0.000000000000000000, 0.000000000000000000 ) ) ;
#756 = CARTESIAN_POINT ( 'NONE',  ( 0.000000000000000000, 0.2000000000000000111, 0.6999999999999997335 ) ) ;
#757 = DIRECTION ( 'NONE',  ( -1.000000000000000000, -0.000000000000000000, -0.000000000000000000 ) ) ;
#758 = ORIENTED_EDGE ( 'NONE', *, *, #2202, .F. ) ;
#759 = ORIENTED_EDGE ( 'NONE', *, *, #413, .F. ) ;
#760 = VECTOR ( 'NONE', #1558, 1000.000000000000000 ) ;
#761 = LINE ( 'NONE', #200, #969 ) ;
#762 = VECTOR ( 'NONE', #2197, 1000.000000000000000 ) ;
#763 = ORIENTED_EDGE ( 'NONE', *, *, #291, .F. ) ;
#764 = PLANE ( 'NONE',  #1284 ) ;
#765 = AXIS2_PLACEMENT_3D ( 'NONE', #838, #26, #1046 ) ;
#766 = EDGE_LOOP ( 'NONE', ( #1855, #330 ) ) ;
#767 =( NAMED_UNIT ( * ) PLANE_ANGLE_UNIT ( ) SI_UNIT ( $, .RADIAN. ) );
#768 = ADVANCED_FACE ( 'NONE', ( #1443 ), #1605, .T. ) ;
#769 = DIRECTION ( 'NONE',  ( 0.000000000000000000, 0.000000000000000000, 1.000000000000000000 ) ) ;
#770 = CARTESIAN_POINT ( 'NONE',  ( 0.000000000000000000, -4.810660554072444412E-17, 1.100000000000000311 ) ) ;
#771 = ORIENTED_EDGE ( 'NONE', *, *, #2316, .T. ) ;
#772 = LINE ( 'NONE', #1148, #2051 ) ;
#773 = EDGE_CURVE ( 'NONE', #2475, #1572, #1664, .T. ) ;
#774 = DIRECTION ( 'NONE',  ( -0.7071067811865496822, 0.000000000000000000, 0.7071067811865453523 ) ) ;
#775 = VECTOR ( 'NONE', #2122, 1000.000000000000000 ) ;
#776 = EDGE_LOOP ( 'NONE', ( #1351, #1280, #370, #1115 ) ) ;
#777 = ORIENTED_EDGE ( 'NONE', *, *, #882, .F. ) ;
#778 = VECTOR ( 'NONE', #270, 1000.000000000000000 ) ;
#779 =( GEOMETRIC_REPRESENTATION_CONTEXT ( 3 ) GLOBAL_UNCERTAINTY_ASSIGNED_CONTEXT ( ( #2037 ) ) GLOBAL_UNIT_ASSIGNED_CONTEXT ( ( #1460, #1435, #1812 ) ) REPRESENTATION_CONTEXT ( 'NONE', 'WORKASPACE' ) );
#780 = CIRCLE ( 'NONE', #104, 1.415440850257598804 ) ;
#781 = DIRECTION ( 'NONE',  ( -1.000000000000000000, 0.000000000000000000, 0.000000000000000000 ) ) ;
#782 = AXIS2_PLACEMENT_3D ( 'NONE', #2044, #77, #2422 ) ;
#783 = LINE ( 'NONE', #2565, #1879 ) ;
#784 = PLANE ( 'NONE',  #2558 ) ;
#785 = AXIS2_PLACEMENT_3D ( 'NONE', #1884, #2484, #98 ) ;
#786 = CARTESIAN_POINT ( 'NONE',  ( 3.199999999999997069, 4.099999999999999645, -0.2000000000000000111 ) ) ;
#787 = CARTESIAN_POINT ( 'NONE',  ( -3.500000000000002220, 4.000000000000000000, 4.500000000000000888 ) ) ;
#788 = DIRECTION ( 'NONE',  ( 0.000000000000000000, 0.000000000000000000, 1.000000000000000000 ) ) ;
#789 = EDGE_CURVE ( 'NONE', #1623, #1888, #2137, .T. ) ;
#790 = ORIENTED_EDGE ( 'NONE', *, *, #958, .F. ) ;
#791 = ORIENTED_EDGE ( 'NONE', *, *, #667, .F. ) ;
#792 = ADVANCED_FACE ( 'NONE', ( #1651 ), #2250, .F. ) ;
#793 = DIRECTION ( 'NONE',  ( 0.000000000000000000, -1.000000000000000000, 0.000000000000000000 ) ) ;
#794 = DIRECTION ( 'NONE',  ( -1.000000000000000000, 0.000000000000000000, 0.000000000000000000 ) ) ;
#795 = PLANE ( 'NONE',  #1125 ) ;
#796 = SURFACE_STYLE_USAGE ( .BOTH. , #957 ) ;
#797 = SURFACE_STYLE_FILL_AREA ( #1949 ) ;
#798 = DIRECTION ( 'NONE',  ( 0.000000000000000000, -1.000000000000000000, 0.000000000000000000 ) ) ;
#799 = CARTESIAN_POINT ( 'NONE',  ( 0.000000000000000000, 4.583423085461251212, 0.7000000000000005107 ) ) ;
#800 = EDGE_LOOP ( 'NONE', ( #161, #2257, #1915, #1029 ) ) ;
#801 = EDGE_CURVE ( 'NONE', #1922, #1086, #2386, .T. ) ;
#802 = FACE_OUTER_BOUND ( 'NONE', #217, .T. ) ;
#803 = CARTESIAN_POINT ( 'NONE',  ( 5.800000000000001599, 4.099999999999999645, -4.917157287525375509 ) ) ;
#804 = ADVANCED_FACE ( 'NONE', ( #1010 ), #1165, .T. ) ;
#805 = LINE ( 'NONE', #1346, #2289 ) ;
#806 = CARTESIAN_POINT ( 'NONE',  ( 0.000000000000000000, 3.455745959545721835, 0.7000000000000003997 ) ) ;
#807 = LINE ( 'NONE', #1543, #2439 ) ;
#808 = VECTOR ( 'NONE', #1737, 1000.000000000000000 ) ;
#809 = FACE_OUTER_BOUND ( 'NONE', #481, .T. ) ;
#810 = ORIENTED_EDGE ( 'NONE', *, *, #1771, .F. ) ;
#811 = LINE ( 'NONE', #2410, #2140 ) ;
#812 = VECTOR ( 'NONE', #1863, 999.9999999999998863 ) ;
#813 = ORIENTED_EDGE ( 'NONE', *, *, #1032, .T. ) ;
#814 = PLANE ( 'NONE',  #1940 ) ;
#815 = VERTEX_POINT ( 'NONE', #1236 ) ;
#816 = CARTESIAN_POINT ( 'NONE',  ( -4.499999999999999112, 3.999999999999999112, -0.2000000000000000111 ) ) ;
#817 = CARTESIAN_POINT ( 'NONE',  ( 0.000000000000000000, 0.000000000000000000, 0.6999999999999999556 ) ) ;
#818 = LINE ( 'NONE', #1989, #1009 ) ;
#819 = EDGE_CURVE ( 'NONE', #1083, #2376, #265, .T. ) ;
#820 = AXIS2_PLACEMENT_3D ( 'NONE', #1033, #303, #1673 ) ;
#821 = DIRECTION ( 'NONE',  ( 0.000000000000000000, -0.000000000000000000, -1.000000000000000000 ) ) ;
#822 = DIRECTION ( 'NONE',  ( 0.000000000000000000, 0.000000000000000000, 1.000000000000000000 ) ) ;
#823 = VECTOR ( 'NONE', #1256, 1000.000000000000000 ) ;
#824 = EDGE_LOOP ( 'NONE', ( #1829, #2213, #412, #32 ) ) ;
#825 = EDGE_LOOP ( 'NONE', ( #1588, #652, #335, #694 ) ) ;
#826 = FACE_OUTER_BOUND ( 'NONE', #2359, .T. ) ;
#827 = VERTEX_POINT ( 'NONE', #1832 ) ;
#828 = LINE ( 'NONE', #1420, #2004 ) ;
#829 = PLANE ( 'NONE',  #323 ) ;
#830 = ADVANCED_FACE ( 'NONE', ( #2267 ), #2059, .F. ) ;
#831 = LINE ( 'NONE', #1981, #1400 ) ;
#832 = EDGE_CURVE ( 'NONE', #1345, #1074, #52, .T. ) ;
#833 = CARTESIAN_POINT ( 'NONE',  ( 4.499999999999997335, -8.727922061357858752, -0.2000000000000000111 ) ) ;
#834 = ORIENTED_EDGE ( 'NONE', *, *, #847, .T. ) ;
#835 = CARTESIAN_POINT ( 'NONE',  ( 0.000000000000000000, 0.000000000000000000, -0.8000000000000004885 ) ) ;
#836 = ORIENTED_EDGE ( 'NONE', *, *, #734, .T. ) ;
#837 = LINE ( 'NONE', #263, #144 ) ;
#838 = CARTESIAN_POINT ( 'NONE',  ( 0.000000000000000000, 0.2000000000000000111, 0.6999999999999997335 ) ) ;
#839 = DIRECTION ( 'NONE',  ( 1.000000000000000000, 0.000000000000000000, -0.000000000000000000 ) ) ;
#840 = CARTESIAN_POINT ( 'NONE',  ( 5.300000000000001599, 0.000000000000000000, 5.299999999999999822 ) ) ;
#841 = CARTESIAN_POINT ( 'NONE',  ( 1.836970198721030181E-16, 0.1000000000000000056, 2.200000000000000178 ) ) ;
#842 = ADVANCED_FACE ( 'NONE', ( #2449 ), #476, .F. ) ;
#843 = ORIENTED_EDGE ( 'NONE', *, *, #2149, .F. ) ;
#844 = ORIENTED_EDGE ( 'NONE', *, *, #186, .T. ) ;
#845 = DIRECTION ( 'NONE',  ( -0.000000000000000000, -0.000000000000000000, -1.000000000000000000 ) ) ;
#846 = ORIENTED_EDGE ( 'NONE', *, *, #1495, .F. ) ;
#847 = EDGE_CURVE ( 'NONE', #83, #992, #1248, .T. ) ;
#848 = CIRCLE ( 'NONE', #928, 1.500000000000000222 ) ;
#849 = LINE ( 'NONE', #1887, #1773 ) ;
#850 = ORIENTED_EDGE ( 'NONE', *, *, #1591, .T. ) ;
#851 = ADVANCED_FACE ( 'NONE', ( #76 ), #1458, .F. ) ;
#852 = VECTOR ( 'NONE', #1961, 1000.000000000000000 ) ;
#853 = ORIENTED_EDGE ( 'NONE', *, *, #15, .F. ) ;
#854 = FACE_OUTER_BOUND ( 'NONE', #536, .T. ) ;
#855 = CARTESIAN_POINT ( 'NONE',  ( 4.499999999999997335, 4.099999999999999645, 0.2000000000000000111 ) ) ;
#856 = DIRECTION ( 'NONE',  ( 0.000000000000000000, 0.000000000000000000, -1.000000000000000000 ) ) ;
#857 = VERTEX_POINT ( 'NONE', #2515 ) ;
#858 = AXIS2_PLACEMENT_3D ( 'NONE', #358, #913, #1285 ) ;
#859 = CARTESIAN_POINT ( 'NONE',  ( 4.500000000000000888, 4.000000000000000000, -3.500000000000000444 ) ) ;
#860 = CARTESIAN_POINT ( 'NONE',  ( -5.912132034355964016, 0.1796641884560708224, -5.912132034355964905 ) ) ;
#861 = COLOUR_RGB ( '',0.9882352941176471006, 0.7372549019607843590, 0.5176470588235293491 ) ;
#862 = EDGE_CURVE ( 'NONE', #2171, #1277, #2476, .T. ) ;
#863 = LINE ( 'NONE', #1631, #903 ) ;
#864 = ORIENTED_EDGE ( 'NONE', *, *, #973, .F. ) ;
#865 = ADVANCED_FACE ( 'NONE', ( #1486 ), #2074, .T. ) ;
#866 = CARTESIAN_POINT ( 'NONE',  ( 3.199999999999997069, 3.999999999999999112, 0.2000000000000000111 ) ) ;
#867 = CARTESIAN_POINT ( 'NONE',  ( -5.699999999999999289, 4.099999999999999645, 5.700000000000000178 ) ) ;
#868 = DIRECTION ( 'NONE',  ( -0.000000000000000000, 1.000000000000000000, 1.202665138518110209E-16 ) ) ;
#869 = CARTESIAN_POINT ( 'NONE',  ( -4.499999999999999112, -8.727922061357858752, 3.499999999999992006 ) ) ;
#870 = FILL_AREA_STYLE_COLOUR ( '', #319 ) ;
#871 = DIRECTION ( 'NONE',  ( 0.000000000000000000, -1.000000000000000000, 0.000000000000000000 ) ) ;
#872 = LINE ( 'NONE', #1231, #2129 ) ;
#873 = PLANE ( 'NONE',  #820 ) ;
#874 = ORIENTED_EDGE ( 'NONE', *, *, #1226, .T. ) ;
#875 = EDGE_CURVE ( 'NONE', #1704, #2325, #1473, .T. ) ;
#876 = ORIENTED_EDGE ( 'NONE', *, *, #2149, .T. ) ;
#877 = DIRECTION ( 'NONE',  ( 0.7071067811865432429, 0.000000000000000000, 0.7071067811865517916 ) ) ;
#878 = ADVANCED_FACE ( 'NONE', ( #1264 ), #1705, .T. ) ;
#879 = CARTESIAN_POINT ( 'NONE',  ( -5.961534000476413908, 0.1968634682341941500, 5.852168674940087634 ) ) ;
#880 = LINE ( 'NONE', #683, #1589 ) ;
#881 = DIRECTION ( 'NONE',  ( 0.000000000000000000, 1.000000000000000000, 0.000000000000000000 ) ) ;
#882 = EDGE_CURVE ( 'NONE', #1277, #1197, #1570, .T. ) ;
#883 = EDGE_LOOP ( 'NONE', ( #1671, #1603, #1994, #1882 ) ) ;
#884 = CARTESIAN_POINT ( 'NONE',  ( 5.300000000000001599, 0.1000000000000000056, -5.299999999999998934 ) ) ;
#885 = ORIENTED_EDGE ( 'NONE', *, *, #1678, .F. ) ;
#886 = CIRCLE ( 'NONE', #1078, 1.244254040454276788 ) ;
#887 = DIRECTION ( 'NONE',  ( -0.000000000000000000, 1.000000000000000000, -0.000000000000000000 ) ) ;
#888 = VERTEX_POINT ( 'NONE', #502 ) ;
#889 = CIRCLE ( 'NONE', #92, 1.500000000000000444 ) ;
#890 = AXIS2_PLACEMENT_3D ( 'NONE', #1037, #284, #2003 ) ;
#891 = ORIENTED_EDGE ( 'NONE', *, *, #1417, .F. ) ;
#892 = DIRECTION ( 'NONE',  ( 0.7071067811865431318, 0.000000000000000000, 0.7071067811865517916 ) ) ;
#893 =( NAMED_UNIT ( * ) SI_UNIT ( $, .STERADIAN. ) SOLID_ANGLE_UNIT ( ) );
#894 = DIRECTION ( 'NONE',  ( -0.7071067811865439090, 0.000000000000000000, -0.7071067811865512365 ) ) ;
#895 = ORIENTED_EDGE ( 'NONE', *, *, #225, .T. ) ;
#896 = ORIENTED_EDGE ( 'NONE', *, *, #525, .T. ) ;
#897 = EDGE_CURVE ( 'NONE', #1103, #992, #749, .T. ) ;
#898 = CARTESIAN_POINT ( 'NONE',  ( 3.500000000000011102, 4.000000000000000000, -4.500000000000000888 ) ) ;
#899 = DIRECTION ( 'NONE',  ( 0.000000000000000000, 0.000000000000000000, -1.000000000000000000 ) ) ;
#900 = AXIS2_PLACEMENT_3D ( 'NONE', #1823, #67, #1239 ) ;
#901 = CARTESIAN_POINT ( 'NONE',  ( 4.499999999999997335, 4.000000000000000000, 0.2000000000000000111 ) ) ;
#902 = ORIENTED_EDGE ( 'NONE', *, *, #28, .F. ) ;
#903 = VECTOR ( 'NONE', #62, 1000.000000000000000 ) ;
#904 = DIRECTION ( 'NONE',  ( -0.7071067811865519026, 0.000000000000000000, 0.7071067811865432429 ) ) ;
#905 =( BOUNDED_CURVE ( )  B_SPLINE_CURVE ( 3, ( #1398, #2000, #1830, #1604 ),
 .UNSPECIFIED., .F., .T. ) 
 B_SPLINE_CURVE_WITH_KNOTS ( ( 4, 4 ),
 ( 1.570796326794896558, 3.141592653589793116 ),
 .UNSPECIFIED. ) 
 CURVE ( )  GEOMETRIC_REPRESENTATION_ITEM ( )  RATIONAL_B_SPLINE_CURVE ( ( 1.000000000000000000, 0.8047378541243649375, 0.8047378541243649375, 1.000000000000000000 ) ) 
 REPRESENTATION_ITEM ( '' )  );
#906 = ORIENTED_EDGE ( 'NONE', *, *, #753, .F. ) ;
#907 = CARTESIAN_POINT ( 'NONE',  ( 6.000000000000001776, 3.900000000000000355, 5.739858688878073600 ) ) ;
#908 = EDGE_CURVE ( 'NONE', #492, #1552, #848, .T. ) ;
#909 = ORIENTED_EDGE ( 'NONE', *, *, #2085, .F. ) ;
#910 = CARTESIAN_POINT ( 'NONE',  ( -3.199999999999998845, 4.000000000000000000, -0.2000000000000000111 ) ) ;
#911 = FACE_OUTER_BOUND ( 'NONE', #2094, .T. ) ;
#912 = EDGE_CURVE ( 'NONE', #742, #113, #2125, .T. ) ;
#913 = DIRECTION ( 'NONE',  ( 0.000000000000000000, 1.000000000000000000, 0.000000000000000000 ) ) ;
#914 = ORIENTED_EDGE ( 'NONE', *, *, #720, .T. ) ;
#915 = DIRECTION ( 'NONE',  ( -0.000000000000000000, 1.000000000000000000, 1.202665138518110209E-16 ) ) ;
#916 = CARTESIAN_POINT ( 'NONE',  ( -5.999999999999999112, 0.1999999999999997613, -5.700000000000000178 ) ) ;
#917 = VERTEX_POINT ( 'NONE', #2300 ) ;
#918 = VERTEX_POINT ( 'NONE', #297 ) ;
#919 = EDGE_CURVE ( 'NONE', #97, #1138, #389, .T. ) ;
#920 = LINE ( 'NONE', #898, #2016 ) ;
#921 = CARTESIAN_POINT ( 'NONE',  ( 0.000000000000000000, 5.438478966994840569, 0.7000000000000006217 ) ) ;
#922 = CARTESIAN_POINT ( 'NONE',  ( 0.000000000000000000, 0.1000000000000000056, 0.6999999999999997335 ) ) ;
#923 = FACE_OUTER_BOUND ( 'NONE', #41, .T. ) ;
#924 = ORIENTED_EDGE ( 'NONE', *, *, #2301, .F. ) ;
#925 = EDGE_CURVE ( 'NONE', #259, #1094, #1692, .T. ) ;
#926 = VECTOR ( 'NONE', #881, 1000.000000000000000 ) ;
#927 = CARTESIAN_POINT ( 'NONE',  ( -6.319999999999999396, 0.000000000000000000, 6.000000000000000000 ) ) ;
#928 = AXIS2_PLACEMENT_3D ( 'NONE', #2287, #308, #1290 ) ;
#929 = DIRECTION ( 'NONE',  ( 1.000000000000000000, -0.000000000000000000, 0.000000000000000000 ) ) ;
#930 = ORIENTED_EDGE ( 'NONE', *, *, #93, .F. ) ;
#931 = DIRECTION ( 'NONE',  ( 0.000000000000000000, 1.000000000000000000, 0.000000000000000000 ) ) ;
#932 = ORIENTED_EDGE ( 'NONE', *, *, #2154, .T. ) ;
#933 = CIRCLE ( 'NONE', #147, 1.500000000000000222 ) ;
#934 = CARTESIAN_POINT ( 'NONE',  ( -5.699999999999999289, 4.099999999999999645, -5.700000000000000178 ) ) ;
#935 = CARTESIAN_POINT ( 'NONE',  ( -5.799999999999999822, 0.07853576714343994680, 5.800000000000000711 ) ) ;
#936 = VECTOR ( 'NONE', #204, 1000.000000000000000 ) ;
#937 = CYLINDRICAL_SURFACE ( 'NONE', #1412, 0.1999999999999996503 ) ;
#938 = ORIENTED_EDGE ( 'NONE', *, *, #2385, .F. ) ;
#939 = VERTEX_POINT ( 'NONE', #1932 ) ;
#940 = EDGE_CURVE ( 'NONE', #1509, #1315, #12, .T. ) ;
#941 = FACE_OUTER_BOUND ( 'NONE', #1872, .T. ) ;
#942 = ADVANCED_FACE ( 'NONE', ( #941 ), #430, .T. ) ;
#943 = CARTESIAN_POINT ( 'NONE',  ( 0.000000000000000000, 0.09999999999999939493, 0.6999999999999997335 ) ) ;
#944 = EDGE_LOOP ( 'NONE', ( #1614, #1610 ) ) ;
#945 = CARTESIAN_POINT ( 'NONE',  ( 6.000000000000000888, 3.899999999999999911, 5.700000000000000178 ) ) ;
#946 = DIRECTION ( 'NONE',  ( -1.000000000000000000, 0.000000000000000000, 0.000000000000000000 ) ) ;
#947 = CARTESIAN_POINT ( 'NONE',  ( 0.000000000000000000, 4.099999999999999645, 0.000000000000000000 ) ) ;
#948 = CARTESIAN_POINT ( 'NONE',  ( 0.000000000000000000, 0.000000000000000000, 0.6999999999999997335 ) ) ;
#949 = CARTESIAN_POINT ( 'NONE',  ( -4.500000000000002665, 3.999999999999999112, -4.500000000000000888 ) ) ;
#950 = ORIENTED_EDGE ( 'NONE', *, *, #1320, .F. ) ;
#951 = EDGE_CURVE ( 'NONE', #1520, #2153, #120, .T. ) ;
#952 = CARTESIAN_POINT ( 'NONE',  ( 5.800000000000001599, 0.000000000000000000, -4.917157287525375509 ) ) ;
#953 = B_SPLINE_CURVE_WITH_KNOTS ( 'NONE', 3,
 ( #1025, #1665, #879, #39, #251, #1225 ),
 .UNSPECIFIED., .F., .F.,
 ( 4, 2, 4 ),
 ( 0.000000000000000000, 0.0001180112493637318447, 0.0002360224987274636894 ),
 .UNSPECIFIED. ) ;
#954 = EDGE_CURVE ( 'NONE', #132, #815, #2111, .T. ) ;
#955 = ORIENTED_EDGE ( 'NONE', *, *, #664, .F. ) ;
#956 = CARTESIAN_POINT ( 'NONE',  ( -5.699999999999999289, 4.099999999999999645, 6.000000000000000000 ) ) ;
#957 = SURFACE_SIDE_STYLE ('',( #541 ) ) ;
#958 = EDGE_CURVE ( 'NONE', #2514, #1549, #474, .T. ) ;
#959 = CARTESIAN_POINT ( 'NONE',  ( -4.499999999999999112, 3.999999999999999112, 0.2000000000000000111 ) ) ;
#960 = CARTESIAN_POINT ( 'NONE',  ( -5.912132034355964016, 0.1796641884560708224, 5.912132034355964905 ) ) ;
#961 = CARTESIAN_POINT ( 'NONE',  ( 6.000000000000000888, 0.1999999999999997613, 6.319999999999999396 ) ) ;
#962 = ORIENTED_EDGE ( 'NONE', *, *, #2531, .F. ) ;
#963 = ORIENTED_EDGE ( 'NONE', *, *, #1397, .T. ) ;
#964 = AXIS2_PLACEMENT_3D ( 'NONE', #1306, #2120, #344 ) ;
#965 = CIRCLE ( 'NONE', #676, 0.3196484015909675791 ) ;
#966 = CARTESIAN_POINT ( 'NONE',  ( 0.000000000000000000, -1.799999999999999600, 0.6999999999999997335 ) ) ;
#967 = VECTOR ( 'NONE', #1199, 1000.000000000000000 ) ;
#968 = CARTESIAN_POINT ( 'NONE',  ( -5.999999999999999112, 4.099999999999999645, -6.000000000000000000 ) ) ;
#969 = VECTOR ( 'NONE', #986, 1000.000000000000000 ) ;
#970 = ADVANCED_FACE ( 'NONE', ( #134 ), #2527, .F. ) ;
#971 = LINE ( 'NONE', #2390, #591 ) ;
#972 = CARTESIAN_POINT ( 'NONE',  ( 4.500000000000000888, 3.999999999999999112, 4.500000000000000888 ) ) ;
#973 = EDGE_CURVE ( 'NONE', #992, #1268, #761, .T. ) ;
#974 = VERTEX_POINT ( 'NONE', #952 ) ;
#975 = VECTOR ( 'NONE', #931, 1000.000000000000000 ) ;
#976 = DIRECTION ( 'NONE',  ( -0.000000000000000000, 1.000000000000000000, -0.000000000000000000 ) ) ;
#977 = FACE_OUTER_BOUND ( 'NONE', #2088, .T. ) ;
#978 = DIRECTION ( 'NONE',  ( 0.000000000000000000, 0.000000000000000000, -1.000000000000000000 ) ) ;
#979 = AXIS2_PLACEMENT_3D ( 'NONE', #101, #2457, #1690 ) ;
#980 = DIRECTION ( 'NONE',  ( 0.000000000000000000, 0.000000000000000000, -1.000000000000000000 ) ) ;
#981 = VECTOR ( 'NONE', #631, 1000.000000000000114 ) ;
#982 = EDGE_CURVE ( 'NONE', #1140, #1184, #2382, .T. ) ;
#983 = CARTESIAN_POINT ( 'NONE',  ( -5.999999999999998224, 3.900000000000000355, -5.739858688878073600 ) ) ;
#984 = APPLICATION_CONTEXT ( 'automotive_design' ) ;
#985 = DIRECTION ( 'NONE',  ( 1.000000000000000000, -0.000000000000000000, 0.000000000000000000 ) ) ;
#986 = DIRECTION ( 'NONE',  ( -1.000000000000000000, 0.000000000000000000, 0.000000000000000000 ) ) ;
#987 = CARTESIAN_POINT ( 'NONE',  ( 5.300000000000001599, 0.000000000000000000, -5.299999999999998934 ) ) ;
#988 = ORIENTED_EDGE ( 'NONE', *, *, #1341, .F. ) ;
#989 = DIRECTION ( 'NONE',  ( -1.000000000000000000, -0.000000000000000000, 0.000000000000000000 ) ) ;
#990 = EDGE_LOOP ( 'NONE', ( #1186, #1337, #1017, #154 ) ) ;
#991 = FACE_BOUND ( 'NONE', #2020, .T. ) ;
#992 = VERTEX_POINT ( 'NONE', #1537 ) ;
#993 = FACE_OUTER_BOUND ( 'NONE', #1906, .T. ) ;
#994 = EDGE_LOOP ( 'NONE', ( #611, #963, #843, #687 ) ) ;
#995 = PLANE ( 'NONE',  #2046 ) ;
#996 = EDGE_CURVE ( 'NONE', #2171, #748, #1364, .T. ) ;
#997 = LINE ( 'NONE', #578, #762 ) ;
#998 = ORIENTED_EDGE ( 'NONE', *, *, #1943, .T. ) ;
#999 = FACE_BOUND ( 'NONE', #639, .T. ) ;
#1000 =( LENGTH_UNIT ( ) NAMED_UNIT ( * ) SI_UNIT ( .MILLI., .METRE. ) );
#1001 = AXIS2_PLACEMENT_3D ( 'NONE', #2529, #349, #327 ) ;
#1002 = CARTESIAN_POINT ( 'NONE',  ( 5.800000000000001599, 0.000000000000000000, 6.319999999999999396 ) ) ;
#1003 = ORIENTED_EDGE ( 'NONE', *, *, #295, .T. ) ;
#1004 = CARTESIAN_POINT ( 'NONE',  ( -5.961534000476413908, 3.903136531765805994, -5.852168674940087634 ) ) ;
#1005 = VECTOR ( 'NONE', #794, 1000.000000000000000 ) ;
#1006 = CARTESIAN_POINT ( 'NONE',  ( -4.499999999999999112, 3.999999999999999112, 0.2000000000000000111 ) ) ;
#1007 = ORIENTED_EDGE ( 'NONE', *, *, #1355, .F. ) ;
#1008 = CARTESIAN_POINT ( 'NONE',  ( -3.199999999999998845, 4.099999999999999645, -0.2000000000000000111 ) ) ;
#1009 = VECTOR ( 'NONE', #1968, 1000.000000000000000 ) ;
#1010 = FACE_OUTER_BOUND ( 'NONE', #1647, .T. ) ;
#1011 = FACE_OUTER_BOUND ( 'NONE', #2065, .T. ) ;
#1012 = AXIS2_PLACEMENT_3D ( 'NONE', #1918, #2478, #1266 ) ;
#1013 = DIRECTION ( 'NONE',  ( -0.000000000000000000, 1.000000000000000000, 1.202665138518110209E-16 ) ) ;
#1014 = DIRECTION ( 'NONE',  ( 0.000000000000000000, 0.000000000000000000, 1.000000000000000000 ) ) ;
#1015 = VERTEX_POINT ( 'NONE', #1354 ) ;
#1016 = CARTESIAN_POINT ( 'NONE',  ( 5.779404583374838644, 0.2004257493312407434, 5.991976456546221463 ) ) ;
#1017 = ORIENTED_EDGE ( 'NONE', *, *, #108, .F. ) ;
#1018 = AXIS2_PLACEMENT_3D ( 'NONE', #1271, #871, #1627 ) ;
#1019 = UNCERTAINTY_MEASURE_WITH_UNIT (LENGTH_MEASURE( 1.000000000000000082E-05 ), #1786, 'distance_accuracy_value', 'NONE');
#1020 = DIRECTION ( 'NONE',  ( 1.000000000000000000, 0.000000000000000000, -0.000000000000000000 ) ) ;
#1021 = DIRECTION ( 'NONE',  ( 0.000000000000000000, 0.000000000000000000, -1.000000000000000000 ) ) ;
#1022 = ORIENTED_EDGE ( 'NONE', *, *, #2316, .F. ) ;
#1023 = EDGE_CURVE ( 'NONE', #2417, #1471, #564, .T. ) ;
#1024 = DIRECTION ( 'NONE',  ( 1.000000000000000000, 0.000000000000000000, 0.000000000000000000 ) ) ;
#1025 = CARTESIAN_POINT ( 'NONE',  ( -5.912132034355964016, 0.1796641884560708224, 5.912132034355964905 ) ) ;
#1026 = EDGE_CURVE ( 'NONE', #2473, #130, #1565, .T. ) ;
#1027 = CARTESIAN_POINT ( 'NONE',  ( -5.300000000000002487, 0.000000000000000000, 5.299999999999999822 ) ) ;
#1028 = CARTESIAN_POINT ( 'NONE',  ( -5.300000000000002487, 0.1000000000000000056, -5.299999999999998934 ) ) ;
#1029 = ORIENTED_EDGE ( 'NONE', *, *, #1193, .F. ) ;
#1030 = CARTESIAN_POINT ( 'NONE',  ( -5.992059791502666322, 3.899569162431590019, 5.779152310603575593 ) ) ;
#1031 = EDGE_LOOP ( 'NONE', ( #1311, #1213, #2048, #629 ) ) ;
#1032 = EDGE_CURVE ( 'NONE', #1429, #438, #1374, .T. ) ;
#1033 = CARTESIAN_POINT ( 'NONE',  ( -4.500000000000002665, -8.727922061357858752, -4.500000000000000888 ) ) ;
#1034 = ORIENTED_EDGE ( 'NONE', *, *, #1023, .T. ) ;
#1035 = CYLINDRICAL_SURFACE ( 'NONE', #1131, 0.8000000000000000444 ) ;
#1036 = ORIENTED_EDGE ( 'NONE', *, *, #511, .F. ) ;
#1037 = CARTESIAN_POINT ( 'NONE',  ( 0.000000000000000000, 3.455745959545721835, 0.7000000000000003997 ) ) ;
#1038 = CARTESIAN_POINT ( 'NONE',  ( -5.300000000000002487, 0.000000000000000000, -5.299999999999998934 ) ) ;
#1039 = CARTESIAN_POINT ( 'NONE',  ( -5.739858688878071824, 3.900000000000000355, 6.000000000000000000 ) ) ;
#1040 = ADVANCED_FACE ( 'NONE', ( #1955 ), #361, .F. ) ;
#1041 = AXIS2_PLACEMENT_3D ( 'NONE', #1947, #553, #894 ) ;
#1042 = CARTESIAN_POINT ( 'NONE',  ( 5.800000000000001599, 0.000000000000000000, 5.800000000000000711 ) ) ;
#1043 = VECTOR ( 'NONE', #393, 1000.000000000000000 ) ;
#1044 = ORIENTED_EDGE ( 'NONE', *, *, #1026, .F. ) ;
#1045 = DIRECTION ( 'NONE',  ( 0.000000000000000000, 0.000000000000000000, -1.000000000000000000 ) ) ;
#1046 = DIRECTION ( 'NONE',  ( 0.000000000000000000, 0.000000000000000000, -1.000000000000000000 ) ) ;
#1047 = CYLINDRICAL_SURFACE ( 'NONE', #1553, 0.2999999999999999334 ) ;
#1048 = CARTESIAN_POINT ( 'NONE',  ( -3.199999999999998845, -8.727922061357858752, -0.2000000000000000111 ) ) ;
#1049 = DIRECTION ( 'NONE',  ( -0.000000000000000000, -1.000000000000000000, -0.000000000000000000 ) ) ;
#1050 = EDGE_LOOP ( 'NONE', ( #1744, #685, #1480, #1414 ) ) ;
#1051 = CARTESIAN_POINT ( 'NONE',  ( -3.199999999999998845, 4.099999999999999645, 0.2000000000000000111 ) ) ;
#1052 = EDGE_CURVE ( 'NONE', #2163, #1934, #2370, .T. ) ;
#1053 = CARTESIAN_POINT ( 'NONE',  ( -4.499999999999999112, 3.999999999999999112, -0.2000000000000000111 ) ) ;
#1054 = AXIS2_PLACEMENT_3D ( 'NONE', #1993, #216, #1020 ) ;
#1055 = EDGE_CURVE ( 'NONE', #1094, #2292, #1784, .T. ) ;
#1056 = B_SPLINE_CURVE_WITH_KNOTS ( 'NONE', 3,
 ( #860, #673, #2444, #469, #1244, #1333 ),
 .UNSPECIFIED., .F., .F.,
 ( 4, 2, 4 ),
 ( 0.000000000000000000, 0.0001180112493637337692, 0.0002360224987274675383 ),
 .UNSPECIFIED. ) ;
#1057 = FACE_OUTER_BOUND ( 'NONE', #990, .T. ) ;
#1058 = ORIENTED_EDGE ( 'NONE', *, *, #1897, .F. ) ;
#1059 = DIRECTION ( 'NONE',  ( -1.000000000000000000, 0.000000000000000000, 0.000000000000000000 ) ) ;
#1060 = ORIENTED_EDGE ( 'NONE', *, *, #279, .T. ) ;
#1061 = CARTESIAN_POINT ( 'NONE',  ( 3.500000000000011102, 4.099999999999999645, -4.500000000000000888 ) ) ;
#1062 = FACE_OUTER_BOUND ( 'NONE', #1735, .T. ) ;
#1063 = DIRECTION ( 'NONE',  ( 0.7071067811865431318, 0.000000000000000000, 0.7071067811865517916 ) ) ;
#1064 = FACE_OUTER_BOUND ( 'NONE', #1942, .T. ) ;
#1065 = CARTESIAN_POINT ( 'NONE',  ( 3.199999999999997069, 3.999999999999999112, 0.2000000000000000111 ) ) ;
#1066 = ORIENTED_EDGE ( 'NONE', *, *, #1393, .F. ) ;
#1067 = UNCERTAINTY_MEASURE_WITH_UNIT (LENGTH_MEASURE( 1.000000000000000082E-05 ), #167, 'distance_accuracy_value', 'NONE');
#1068 = CARTESIAN_POINT ( 'NONE',  ( 6.000000000000000888, 0.000000000000000000, 6.319999999999999396 ) ) ;
#1069 = ORIENTED_EDGE ( 'NONE', *, *, #2501, .F. ) ;
#1070 = CARTESIAN_POINT ( 'NONE',  ( 5.300000000000001599, 0.000000000000000000, -5.299999999999998934 ) ) ;
#1071 = ORIENTED_EDGE ( 'NONE', *, *, #279, .F. ) ;
#1072 = ORIENTED_EDGE ( 'NONE', *, *, #2217, .F. ) ;
#1073 = EDGE_CURVE ( 'NONE', #535, #1074, #1944, .T. ) ;
#1074 = VERTEX_POINT ( 'NONE', #2155 ) ;
#1075 = DIRECTION ( 'NONE',  ( -0.000000000000000000, 1.000000000000000000, 1.202665138518110209E-16 ) ) ;
#1076 = EDGE_CURVE ( 'NONE', #1660, #918, #373, .T. ) ;
#1077 = CARTESIAN_POINT ( 'NONE',  ( 4.499999999999997335, 3.999999999999999112, -0.2000000000000000111 ) ) ;
#1078 = AXIS2_PLACEMENT_3D ( 'NONE', #571, #1169, #1191 ) ;
#1079 = AXIS2_PLACEMENT_3D ( 'NONE', #968, #2540, #2178 ) ;
#1080 = DIRECTION ( 'NONE',  ( -8.068481283613053822E-16, 0.000000000000000000, -1.000000000000000000 ) ) ;
#1081 = VERTEX_POINT ( 'NONE', #172 ) ;
#1082 = AXIS2_PLACEMENT_3D ( 'NONE', #1433, #1820, #1847 ) ;
#1083 = VERTEX_POINT ( 'NONE', #551 ) ;
#1084 = CARTESIAN_POINT ( 'NONE',  ( 4.500000000000000888, -8.727922061357858752, 4.500000000000000888 ) ) ;
#1085 = FACE_OUTER_BOUND ( 'NONE', #1540, .T. ) ;
#1086 = VERTEX_POINT ( 'NONE', #2361 ) ;
#1087 = DIRECTION ( 'NONE',  ( 0.000000000000000000, 1.000000000000000000, 0.000000000000000000 ) ) ;
#1088 = ORIENTED_EDGE ( 'NONE', *, *, #165, .T. ) ;
#1089 = VECTOR ( 'NONE', #29, 1000.000000000000000 ) ;
#1090 = CARTESIAN_POINT ( 'NONE',  ( -5.300000000000002487, 15.09066376115480956, -5.299999999999998934 ) ) ;
#1091 = COLOUR_RGB ( '',0.7921568627450980005, 0.8196078431372548767, 0.9333333333333333481 ) ;
#1092 = DIRECTION ( 'NONE',  ( -8.068481283613053822E-16, 0.000000000000000000, -1.000000000000000000 ) ) ;
#1093 = DIRECTION ( 'NONE',  ( -0.000000000000000000, 0.000000000000000000, -1.000000000000000000 ) ) ;
#1094 = VERTEX_POINT ( 'NONE', #1327 ) ;
#1095 = ORIENTED_EDGE ( 'NONE', *, *, #819, .F. ) ;
#1096 = PRESENTATION_LAYER_ASSIGNMENT (  '', '', ( #609 ) ) ;
#1097 = DIRECTION ( 'NONE',  ( 0.000000000000000000, 0.000000000000000000, -1.000000000000000000 ) ) ;
#1098 = EDGE_CURVE ( 'NONE', #1233, #2550, #2, .T. ) ;
#1099 = APPLICATION_PROTOCOL_DEFINITION ( 'draft international standard', 'automotive_design', 1998, #189 ) ;
#1100 = CARTESIAN_POINT ( 'NONE',  ( 5.912132034355965793, 3.920335811543929072, 5.912132034355964016 ) ) ;
#1101 = ORIENTED_EDGE ( 'NONE', *, *, #2526, .F. ) ;
#1102 =( NAMED_UNIT ( * ) SI_UNIT ( $, .STERADIAN. ) SOLID_ANGLE_UNIT ( ) );
#1103 = VERTEX_POINT ( 'NONE', #1978 ) ;
#1104 = PRODUCT_RELATED_PRODUCT_CATEGORY ( 'part', '', ( #1810 ) ) ;
#1105 = PLANE ( 'NONE',  #2268 ) ;
#1106 = CARTESIAN_POINT ( 'NONE',  ( 4.500000000000000888, 4.099999999999999645, -3.500000000000000444 ) ) ;
#1107 = LINE ( 'NONE', #128, #682 ) ;
#1108 = DIRECTION ( 'NONE',  ( 0.000000000000000000, 1.000000000000000000, 0.000000000000000000 ) ) ;
#1109 = ORIENTED_EDGE ( 'NONE', *, *, #2015, .F. ) ;
#1110 = ORIENTED_EDGE ( 'NONE', *, *, #750, .T. ) ;
#1111 = DIRECTION ( 'NONE',  ( 0.000000000000000000, -1.000000000000000000, 0.000000000000000000 ) ) ;
#1112 = DIRECTION ( 'NONE',  ( -0.000000000000000000, 0.000000000000000000, 1.000000000000000000 ) ) ;
#1113 = VERTEX_POINT ( 'NONE', #803 ) ;
#1114 = SURFACE_STYLE_USAGE ( .BOTH. , #1948 ) ;
#1115 = ORIENTED_EDGE ( 'NONE', *, *, #2495, .F. ) ;
#1116 = CARTESIAN_POINT ( 'NONE',  ( -4.499999999999999112, 3.999999999999999112, 3.499999999999992006 ) ) ;
#1117 = FACE_OUTER_BOUND ( 'NONE', #2494, .T. ) ;
#1118 = ADVANCED_FACE ( 'NONE', ( #576 ), #1162, .F. ) ;
#1119 = CARTESIAN_POINT ( 'NONE',  ( 4.999999999999998224, 3.899999999999999911, -6.000000000000000888 ) ) ;
#1120 = VECTOR ( 'NONE', #60, 1000.000000000000000 ) ;
#1121 = DIRECTION ( 'NONE',  ( -0.000000000000000000, 1.000000000000000000, -0.000000000000000000 ) ) ;
#1122 = ORIENTED_EDGE ( 'NONE', *, *, #958, .T. ) ;
#1123 = EDGE_CURVE ( 'NONE', #1527, #1733, #383, .T. ) ;
#1124 = AXIS2_PLACEMENT_3D ( 'NONE', #409, #1358, #1971 ) ;
#1125 = AXIS2_PLACEMENT_3D ( 'NONE', #1776, #1356, #1188 ) ;
#1126 = CARTESIAN_POINT ( 'NONE',  ( 0.000000000000000000, 0.000000000000000000, 0.6999999999999999556 ) ) ;
#1127 = AXIS2_PLACEMENT_3D ( 'NONE', #640, #1224, #434 ) ;
#1128 = CARTESIAN_POINT ( 'NONE',  ( 0.000000000000000000, 4.099999999999999645, 0.000000000000000000 ) ) ;
#1129 = CARTESIAN_POINT ( 'NONE',  ( 5.300000000000001599, 15.09066376115480956, -5.299999999999998934 ) ) ;
#1130 = EDGE_LOOP ( 'NONE', ( #250, #1274, #1745, #661 ) ) ;
#1131 = AXIS2_PLACEMENT_3D ( 'NONE', #2041, #1860, #1045 ) ;
#1132 = CARTESIAN_POINT ( 'NONE',  ( -4.499999999999999112, 4.099999999999999645, 3.499999999999992006 ) ) ;
#1133 = CARTESIAN_POINT ( 'NONE',  ( 4.499999999999997335, 4.099999999999999645, -0.2000000000000000111 ) ) ;
#1134 = CONICAL_SURFACE ( 'NONE', #17, 0.9999999999999995559, 1.134464013796321114 ) ;
#1135 = CARTESIAN_POINT ( 'NONE',  ( -5.300000000000002487, 0.000000000000000000, 5.299999999999999822 ) ) ;
#1136 = ADVANCED_FACE ( 'NONE', ( #977 ), #995, .F. ) ;
#1137 = LINE ( 'NONE', #2534, #526 ) ;
#1138 = VERTEX_POINT ( 'NONE', #1774 ) ;
#1139 = COLOUR_RGB ( '',1.000000000000000000, 1.000000000000000000, 1.000000000000000000 ) ;
#1140 = VERTEX_POINT ( 'NONE', #2564 ) ;
#1141 = EDGE_CURVE ( 'NONE', #748, #1113, #905, .T. ) ;
#1142 = CARTESIAN_POINT ( 'NONE',  ( -4.499999999999999112, 4.000000000000000000, 0.2000000000000000111 ) ) ;
#1143 = VECTOR ( 'NONE', #332, 1000.000000000000000 ) ;
#1144 = VERTEX_POINT ( 'NONE', #432 ) ;
#1145 = CARTESIAN_POINT ( 'NONE',  ( -3.199999999999998845, 3.999999999999999112, -0.2000000000000000111 ) ) ;
#1146 = CARTESIAN_POINT ( 'NONE',  ( 0.000000000000000000, 4.699999999999998401, 1.174155520259379193 ) ) ;
#1147 = LINE ( 'NONE', #1544, #550 ) ;
#1148 = CARTESIAN_POINT ( 'NONE',  ( 5.300000000000001599, 0.09999999999999939493, -5.299999999999998934 ) ) ;
#1149 = B_SPLINE_CURVE_WITH_KNOTS ( 'NONE', 3,
 ( #357, #618, #1004, #1170, #983, #20 ),
 .UNSPECIFIED., .F., .F.,
 ( 4, 2, 4 ),
 ( 0.000000000000000000, 0.0001180112493637319260, 0.0002360224987274638520 ),
 .UNSPECIFIED. ) ;
#1150 = FACE_OUTER_BOUND ( 'NONE', #87, .T. ) ;
#1151 = EDGE_LOOP ( 'NONE', ( #2481, #1343, #1194, #771 ) ) ;
#1152 = VERTEX_POINT ( 'NONE', #1008 ) ;
#1153 = DIRECTION ( 'NONE',  ( -1.000000000000000000, 0.000000000000000000, 0.000000000000000000 ) ) ;
#1154 = DIRECTION ( 'NONE',  ( 1.000000000000000000, -0.000000000000000000, -0.000000000000000000 ) ) ;
#1155 = EDGE_CURVE ( 'NONE', #398, #426, #837, .T. ) ;
#1156 = DIRECTION ( 'NONE',  ( 1.000000000000000000, -0.000000000000000000, 0.000000000000000000 ) ) ;
#1157 = CARTESIAN_POINT ( 'NONE',  ( -4.500000000000002665, 4.099999999999999645, -4.500000000000000888 ) ) ;
#1158 = ORIENTED_EDGE ( 'NONE', *, *, #573, .F. ) ;
#1159 = EDGE_LOOP ( 'NONE', ( #1525, #2089, #471, #548 ) ) ;
#1160 = CLOSED_SHELL ( 'NONE', ( #842, #1550, #219, #2383, #2226, #1857, #1663, #2112 ) ) ;
#1161 = DIRECTION ( 'NONE',  ( 0.000000000000000000, 0.000000000000000000, 1.000000000000000000 ) ) ;
#1162 = CYLINDRICAL_SURFACE ( 'NONE', #1452, 0.1999999999999996780 ) ;
#1163 = ADVANCED_FACE ( 'NONE', ( #653 ), #53, .T. ) ;
#1164 = CARTESIAN_POINT ( 'NONE',  ( -4.499999999999999112, 3.999999999999999112, -0.2000000000000000111 ) ) ;
#1165 = TOROIDAL_SURFACE ( 'NONE', #890, 0.4741555202593786267, 1.244254040454276788 ) ;
#1166 = ORIENTED_EDGE ( 'NONE', *, *, #1324, .F. ) ;
#1167 = CARTESIAN_POINT ( 'NONE',  ( 0.000000000000000000, 0.000000000000000000, 0.000000000000000000 ) ) ;
#1168 = EDGE_CURVE ( 'NONE', #521, #2530, #613, .T. ) ;
#1169 = DIRECTION ( 'NONE',  ( -1.000000000000000000, -0.000000000000000000, 0.000000000000000000 ) ) ;
#1170 = CARTESIAN_POINT ( 'NONE',  ( -5.991976456546220575, 3.899574250668758069, -5.779404583374838644 ) ) ;
#1171 = AXIS2_PLACEMENT_3D ( 'NONE', #756, #2148, #1455 ) ;
#1172 = ORIENTED_EDGE ( 'NONE', *, *, #305, .F. ) ;
#1173 = EDGE_LOOP ( 'NONE', ( #10, #850, #351, #2278 ) ) ;
#1174 = FACE_OUTER_BOUND ( 'NONE', #245, .T. ) ;
#1175 = AXIS2_PLACEMENT_3D ( 'NONE', #227, #1013, #253 ) ;
#1176 = DIRECTION ( 'NONE',  ( -0.000000000000000000, 0.000000000000000000, 1.000000000000000000 ) ) ;
#1177 = CARTESIAN_POINT ( 'NONE',  ( 4.917157287525379061, 4.099999999999999645, -5.799999999999999822 ) ) ;
#1178 = ORIENTED_EDGE ( 'NONE', *, *, #1599, .T. ) ;
#1179 = EDGE_CURVE ( 'NONE', #1392, #1733, #2419, .T. ) ;
#1180 = DIRECTION ( 'NONE',  ( 0.000000000000000000, -1.000000000000000000, 0.000000000000000000 ) ) ;
#1181 = CARTESIAN_POINT ( 'NONE',  ( 0.000000000000000000, 4.099999999999999645, 1.980351598409032743 ) ) ;
#1182 = ORIENTED_EDGE ( 'NONE', *, *, #1052, .T. ) ;
#1183 = CARTESIAN_POINT ( 'NONE',  ( 3.500000000000011102, 3.999999999999999112, -4.500000000000000888 ) ) ;
#1184 = VERTEX_POINT ( 'NONE', #49 ) ;
#1185 = CARTESIAN_POINT ( 'NONE',  ( -5.885350785999724721, 3.907237965887025766, -5.938913282712204200 ) ) ;
#1186 = ORIENTED_EDGE ( 'NONE', *, *, #42, .F. ) ;
#1187 = DIRECTION ( 'NONE',  ( -0.7071067811865496822, 0.000000000000000000, 0.7071067811865453523 ) ) ;
#1188 = DIRECTION ( 'NONE',  ( 0.000000000000000000, -1.202665138518110209E-16, 1.000000000000000000 ) ) ;
#1189 = CARTESIAN_POINT ( 'NONE',  ( 5.912132034355965793, 3.920335811543929072, 5.912132034355964016 ) ) ;
#1190 = LINE ( 'NONE', #176, #1426 ) ;
#1191 = DIRECTION ( 'NONE',  ( 0.000000000000000000, 0.000000000000000000, 1.000000000000000000 ) ) ;
#1192 = FACE_OUTER_BOUND ( 'NONE', #1173, .T. ) ;
#1193 = EDGE_CURVE ( 'NONE', #71, #1914, #2246, .T. ) ;
#1194 = ORIENTED_EDGE ( 'NONE', *, *, #1155, .T. ) ;
#1195 = EDGE_CURVE ( 'NONE', #499, #735, #724, .T. ) ;
#1196 = CARTESIAN_POINT ( 'NONE',  ( -4.500000000000001776, 4.000000000000000000, -4.500000000000000888 ) ) ;
#1197 = VERTEX_POINT ( 'NONE', #1222 ) ;
#1198 = AXIS2_PLACEMENT_3D ( 'NONE', #1283, #2092, #356 ) ;
#1199 = DIRECTION ( 'NONE',  ( -0.000000000000000000, -0.000000000000000000, -1.000000000000000000 ) ) ;
#1200 = FACE_BOUND ( 'NONE', #2341, .T. ) ;
#1201 = CIRCLE ( 'NONE', #1124, 0.8000000000000000444 ) ;
#1202 = ORIENTED_EDGE ( 'NONE', *, *, #410, .F. ) ;
#1203 = DIRECTION ( 'NONE',  ( 0.000000000000000000, -1.000000000000000000, 0.000000000000000000 ) ) ;
#1204 = EDGE_LOOP ( 'NONE', ( #2454, #759, #1257, #170 ) ) ;
#1205 = ADVANCED_FACE ( 'NONE', ( #249 ), #1035, .T. ) ;
#1206 = CIRCLE ( 'NONE', #596, 1.415440850257598804 ) ;
#1207 = PLANE ( 'NONE',  #736 ) ;
#1208 = EDGE_LOOP ( 'NONE', ( #1109, #2541, #362, #1088 ) ) ;
#1209 = LINE ( 'NONE', #2017, #2433 ) ;
#1210 = EDGE_CURVE ( 'NONE', #96, #939, #1844, .T. ) ;
#1211 = AXIS2_PLACEMENT_3D ( 'NONE', #2549, #160, #2150 ) ;
#1212 = DIRECTION ( 'NONE',  ( 0.000000000000000000, -1.000000000000000000, 0.000000000000000000 ) ) ;
#1213 = ORIENTED_EDGE ( 'NONE', *, *, #497, .T. ) ;
#1214 = PLANE ( 'NONE',  #272 ) ;
#1215 = ORIENTED_EDGE ( 'NONE', *, *, #1320, .T. ) ;
#1216 = AXIS2_PLACEMENT_3D ( 'NONE', #516, #1910, #6 ) ;
#1217 = UNCERTAINTY_MEASURE_WITH_UNIT (LENGTH_MEASURE( 1.000000000000000082E-05 ), #1639, 'distance_accuracy_value', 'NONE');
#1218 = CARTESIAN_POINT ( 'NONE',  ( -3.199999999999998845, 3.999999999999999112, 0.2000000000000000111 ) ) ;
#1219 = EDGE_LOOP ( 'NONE', ( #1586, #1060 ) ) ;
#1220 = CARTESIAN_POINT ( 'NONE',  ( 1.836970198721029934E-16, 0.000000000000000000, 2.200000000000000178 ) ) ;
#1221 = ORIENTED_EDGE ( 'NONE', *, *, #1261, .T. ) ;
#1222 = CARTESIAN_POINT ( 'NONE',  ( 5.912132034355965793, 0.1796641884560704061, 5.912132034355964016 ) ) ;
#1223 = EDGE_LOOP ( 'NONE', ( #562, #2352, #2157, #1293, #1260, #1066 ) ) ;
#1224 = DIRECTION ( 'NONE',  ( 0.000000000000000000, -1.000000000000000000, 0.000000000000000000 ) ) ;
#1225 = CARTESIAN_POINT ( 'NONE',  ( -5.999999999999999112, 0.1999999999999997613, 5.700000000000000178 ) ) ;
#1226 = EDGE_CURVE ( 'NONE', #742, #259, #2055, .T. ) ;
#1227 = DIRECTION ( 'NONE',  ( 0.000000000000000000, -1.000000000000000000, 0.000000000000000000 ) ) ;
#1228 = CARTESIAN_POINT ( 'NONE',  ( -5.885401493552999241, 3.907262765317493169, 5.938862575158927015 ) ) ;
#1229 = ORIENTED_EDGE ( 'NONE', *, *, #207, .F. ) ;
#1230 = CYLINDRICAL_SURFACE ( 'NONE', #401, 0.1999999999999996503 ) ;
#1231 = CARTESIAN_POINT ( 'NONE',  ( 5.300000000000001599, 15.09066376115480956, 5.299999999999999822 ) ) ;
#1232 = DIRECTION ( 'NONE',  ( 1.000000000000000000, 0.000000000000000000, -0.000000000000000000 ) ) ;
#1233 = VERTEX_POINT ( 'NONE', #2459 ) ;
#1234 = DIRECTION ( 'NONE',  ( 0.000000000000000000, 0.000000000000000000, -1.000000000000000000 ) ) ;
#1235 = ORIENTED_EDGE ( 'NONE', *, *, #1982, .F. ) ;
#1236 = CARTESIAN_POINT ( 'NONE',  ( -5.699999999999995737, 3.899999999999999911, -6.000000000000000000 ) ) ;
#1237 = CARTESIAN_POINT ( 'NONE',  ( 5.885350785999725609, 3.907237965887026654, 5.938913282712204200 ) ) ;
#1238 = EDGE_CURVE ( 'NONE', #1144, #156, #368, .T. ) ;
#1239 = DIRECTION ( 'NONE',  ( 0.000000000000000000, 0.000000000000000000, -1.000000000000000000 ) ) ;
#1240 = CARTESIAN_POINT ( 'NONE',  ( -4.500000000000002665, 3.999999999999999112, -4.500000000000000888 ) ) ;
#1241 = EDGE_CURVE ( 'NONE', #2513, #2215, #1754, .T. ) ;
#1242 = AXIS2_PLACEMENT_3D ( 'NONE', #2034, #2407, #856 ) ;
#1243 = LINE ( 'NONE', #290, #1643 ) ;
#1244 = CARTESIAN_POINT ( 'NONE',  ( -5.739858688878071824, 0.1999999999999990674, -6.000000000000000000 ) ) ;
#1245 = VECTOR ( 'NONE', #781, 1000.000000000000000 ) ;
#1246 = ORIENTED_EDGE ( 'NONE', *, *, #61, .F. ) ;
#1247 = ORIENTED_EDGE ( 'NONE', *, *, #940, .T. ) ;
#1248 = LINE ( 'NONE', #1061, #812 ) ;
#1249 = FACE_OUTER_BOUND ( 'NONE', #1496, .T. ) ;
#1250 =( GEOMETRIC_REPRESENTATION_CONTEXT ( 3 ) GLOBAL_UNCERTAINTY_ASSIGNED_CONTEXT ( ( #1697 ) ) GLOBAL_UNIT_ASSIGNED_CONTEXT ( ( #2127, #767, #1102 ) ) REPRESENTATION_CONTEXT ( 'NONE', 'WORKASPACE' ) );
#1251 = DIRECTION ( 'NONE',  ( 8.068481283613054808E-16, 0.000000000000000000, 1.000000000000000000 ) ) ;
#1252 = LINE ( 'NONE', #1607, #218 ) ;
#1253 = MECHANICAL_DESIGN_GEOMETRIC_PRESENTATION_REPRESENTATION (  '', ( #2099 ), #779 ) ;
#1254 = ORIENTED_EDGE ( 'NONE', *, *, #269, .T. ) ;
#1255 = ORIENTED_EDGE ( 'NONE', *, *, #2418, .F. ) ;
#1256 = DIRECTION ( 'NONE',  ( 0.000000000000000000, 1.000000000000000000, 0.000000000000000000 ) ) ;
#1257 = ORIENTED_EDGE ( 'NONE', *, *, #1032, .F. ) ;
#1258 = VECTOR ( 'NONE', #343, 1000.000000000000000 ) ;
#1259 = DIRECTION ( 'NONE',  ( 1.000000000000000000, -0.000000000000000000, -0.000000000000000000 ) ) ;
#1260 = ORIENTED_EDGE ( 'NONE', *, *, #1397, .F. ) ;
#1261 = EDGE_CURVE ( 'NONE', #71, #1928, #1721, .T. ) ;
#1262 = CARTESIAN_POINT ( 'NONE',  ( 4.951471862576140914, 3.899999999999999467, -5.882842712474618985 ) ) ;
#1263 = ORIENTED_EDGE ( 'NONE', *, *, #925, .F. ) ;
#1264 = FACE_OUTER_BOUND ( 'NONE', #1696, .T. ) ;
#1265 = B_SPLINE_CURVE_WITH_KNOTS ( 'NONE', 3,
 ( #2201, #608, #1370, #1016, #399, #582 ),
 .UNSPECIFIED., .F., .F.,
 ( 4, 2, 4 ),
 ( 0.000000000000000000, 0.0001180112493637325494, 0.0002360224987274650989 ),
 .UNSPECIFIED. ) ;
#1266 = DIRECTION ( 'NONE',  ( 1.000000000000000000, 0.000000000000000000, 0.000000000000000000 ) ) ;
#1267 = DIRECTION ( 'NONE',  ( -0.000000000000000000, 0.000000000000000000, 1.000000000000000000 ) ) ;
#1268 = VERTEX_POINT ( 'NONE', #1157 ) ;
#1269 = SURFACE_STYLE_FILL_AREA ( #82 ) ;
#1270 = ORIENTED_EDGE ( 'NONE', *, *, #1703, .T. ) ;
#1271 = CARTESIAN_POINT ( 'NONE',  ( 0.000000000000000000, 0.000000000000000000, 0.6999999999999997335 ) ) ;
#1272 = ORIENTED_EDGE ( 'NONE', *, *, #1073, .F. ) ;
#1273 = EDGE_CURVE ( 'NONE', #2163, #328, #772, .T. ) ;
#1274 = ORIENTED_EDGE ( 'NONE', *, *, #630, .F. ) ;
#1275 = ORIENTED_EDGE ( 'NONE', *, *, #996, .T. ) ;
#1276 = EDGE_CURVE ( 'NONE', #132, #662, #105, .T. ) ;
#1277 = VERTEX_POINT ( 'NONE', #168 ) ;
#1278 = DIRECTION ( 'NONE',  ( 0.000000000000000000, 1.000000000000000000, 0.000000000000000000 ) ) ;
#1279 = CARTESIAN_POINT ( 'NONE',  ( 0.000000000000000000, 0.2000000000000000111, -0.1000000000000002554 ) ) ;
#1280 = ORIENTED_EDGE ( 'NONE', *, *, #2402, .F. ) ;
#1281 = EDGE_LOOP ( 'NONE', ( #1846, #2443, #36, #1501, #232, #1307 ) ) ;
#1282 = CARTESIAN_POINT ( 'NONE',  ( -5.938913282712202424, 0.1927620341129741566, -5.885350785999724721 ) ) ;
#1283 = CARTESIAN_POINT ( 'NONE',  ( 0.000000000000000000, 3.999999999999999112, 0.000000000000000000 ) ) ;
#1284 = AXIS2_PLACEMENT_3D ( 'NONE', #14, #1967, #184 ) ;
#1285 = DIRECTION ( 'NONE',  ( 0.000000000000000000, -0.000000000000000000, 1.000000000000000000 ) ) ;
#1286 = ORIENTED_EDGE ( 'NONE', *, *, #1023, .F. ) ;
#1287 = AXIS2_PLACEMENT_3D ( 'NONE', #927, #537, #13 ) ;
#1288 = EDGE_CURVE ( 'NONE', #2229, #2411, #1712, .T. ) ;
#1289 = ORIENTED_EDGE ( 'NONE', *, *, #1481, .T. ) ;
#1290 = DIRECTION ( 'NONE',  ( 0.000000000000000000, 0.000000000000000000, -1.000000000000000000 ) ) ;
#1291 = DIRECTION ( 'NONE',  ( -0.000000000000000000, 0.000000000000000000, -1.000000000000000000 ) ) ;
#1292 = EDGE_CURVE ( 'NONE', #735, #499, #2343, .T. ) ;
#1293 = ORIENTED_EDGE ( 'NONE', *, *, #2304, .F. ) ;
#1294 = AXIS2_PLACEMENT_3D ( 'NONE', #1606, #2452, #1850 ) ;
#1295 = CARTESIAN_POINT ( 'NONE',  ( -5.912132034355964016, 0.1796641884560708224, -5.912132034355964905 ) ) ;
#1296 = DIRECTION ( 'NONE',  ( 0.000000000000000000, 0.000000000000000000, -1.000000000000000000 ) ) ;
#1297 = VERTEX_POINT ( 'NONE', #2071 ) ;
#1298 = VECTOR ( 'NONE', #1108, 1000.000000000000000 ) ;
#1299 = VECTOR ( 'NONE', #2559, 1000.000000000000000 ) ;
#1300 = CARTESIAN_POINT ( 'NONE',  ( 0.000000000000000000, 0.000000000000000000, -0.1000000000000002554 ) ) ;
#1301 = ORIENTED_EDGE ( 'NONE', *, *, #1666, .T. ) ;
#1302 = CARTESIAN_POINT ( 'NONE',  ( -5.912132034355964016, 0.1796641884560708224, 5.912132034355964905 ) ) ;
#1303 = ORIENTED_EDGE ( 'NONE', *, *, #2301, .T. ) ;
#1304 = EDGE_CURVE ( 'NONE', #132, #748, #1335, .T. ) ;
#1305 = CARTESIAN_POINT ( 'NONE',  ( -5.961570326051265134, 0.1968723640320024504, -5.852134725213869793 ) ) ;
#1306 = CARTESIAN_POINT ( 'NONE',  ( 0.000000000000000000, 0.000000000000000000, 0.6999999999999997335 ) ) ;
#1307 = ORIENTED_EDGE ( 'NONE', *, *, #2277, .T. ) ;
#1308 = DIRECTION ( 'NONE',  ( 0.000000000000000000, 0.000000000000000000, 1.000000000000000000 ) ) ;
#1309 = CARTESIAN_POINT ( 'NONE',  ( -6.319999999999999396, 4.099999999999999645, 5.800000000000000711 ) ) ;
#1310 = EDGE_LOOP ( 'NONE', ( #1289, #853, #493, #998 ) ) ;
#1311 = ORIENTED_EDGE ( 'NONE', *, *, #360, .F. ) ;
#1312 = CARTESIAN_POINT ( 'NONE',  ( 4.499999999999997335, -8.727922061357858752, -0.2000000000000000111 ) ) ;
#1313 =( NAMED_UNIT ( * ) PLANE_ANGLE_UNIT ( ) SI_UNIT ( $, .RADIAN. ) );
#1314 = DIRECTION ( 'NONE',  ( 0.000000000000000000, 0.000000000000000000, -1.000000000000000000 ) ) ;
#1315 = VERTEX_POINT ( 'NONE', #1319 ) ;
#1316 = EDGE_CURVE ( 'NONE', #1704, #1277, #143, .T. ) ;
#1317 = LINE ( 'NONE', #1741, #2224 ) ;
#1318 = CARTESIAN_POINT ( 'NONE',  ( -4.499999999999999112, 4.000000000000000000, -0.2000000000000000111 ) ) ;
#1319 = CARTESIAN_POINT ( 'NONE',  ( 9.797174393178826150E-17, 0.2000000000000000111, 1.499999999999999778 ) ) ;
#1320 = EDGE_CURVE ( 'NONE', #1862, #444, #1206, .T. ) ;
#1321 = VECTOR ( 'NONE', #755, 1000.000000000000000 ) ;
#1322 = CARTESIAN_POINT ( 'NONE',  ( 3.500000000000011102, 4.099999999999999645, -4.500000000000000888 ) ) ;
#1323 = ORIENTED_EDGE ( 'NONE', *, *, #1052, .F. ) ;
#1324 = EDGE_CURVE ( 'NONE', #1549, #2514, #933, .T. ) ;
#1325 = ORIENTED_EDGE ( 'NONE', *, *, #511, .T. ) ;
#1326 = VECTOR ( 'NONE', #135, 1000.000000000000000 ) ;
#1327 = CARTESIAN_POINT ( 'NONE',  ( -4.499999999999999112, 4.000000000000000000, 3.499999999999992006 ) ) ;
#1328 = AXIS2_PLACEMENT_3D ( 'NONE', #2235, #239, #1024 ) ;
#1329 = ORIENTED_EDGE ( 'NONE', *, *, #1714, .T. ) ;
#1330 = CARTESIAN_POINT ( 'NONE',  ( 1.224646799147352714E-16, 4.583423085461251212, 1.700000000000000178 ) ) ;
#1331 = CARTESIAN_POINT ( 'NONE',  ( 0.000000000000000000, 4.099999999999999645, 0.7000000000000005107 ) ) ;
#1332 = FACE_OUTER_BOUND ( 'NONE', #271, .T. ) ;
#1333 = CARTESIAN_POINT ( 'NONE',  ( -5.699999999999995737, 0.1999999999999997335, -6.000000000000000000 ) ) ;
#1334 = AXIS2_PLACEMENT_3D ( 'NONE', #1359, #1767, #788 ) ;
#1335 = LINE ( 'NONE', #2264, #391 ) ;
#1336 = CARTESIAN_POINT ( 'NONE',  ( 0.000000000000000000, 0.1000000000000000056, -0.8000000000000004885 ) ) ;
#1337 = ORIENTED_EDGE ( 'NONE', *, *, #681, .T. ) ;
#1338 = ORIENTED_EDGE ( 'NONE', *, *, #61, .T. ) ;
#1339 = PRESENTATION_LAYER_ASSIGNMENT (  '', '', ( #2099 ) ) ;
#1340 = ORIENTED_EDGE ( 'NONE', *, *, #173, .F. ) ;
#1341 = EDGE_CURVE ( 'NONE', #1704, #748, #1107, .T. ) ;
#1342 = AXIS2_PLACEMENT_3D ( 'NONE', #1413, #584, #635 ) ;
#1343 = ORIENTED_EDGE ( 'NONE', *, *, #467, .T. ) ;
#1344 = CARTESIAN_POINT ( 'NONE',  ( 4.499999999999997335, 4.099999999999999645, 0.2000000000000000111 ) ) ;
#1345 = VERTEX_POINT ( 'NONE', #1911 ) ;
#1346 = CARTESIAN_POINT ( 'NONE',  ( 4.500000000000000888, 4.099999999999999645, 4.500000000000000888 ) ) ;
#1347 = VERTEX_POINT ( 'NONE', #378 ) ;
#1348 =( NAMED_UNIT ( * ) PLANE_ANGLE_UNIT ( ) SI_UNIT ( $, .RADIAN. ) );
#1349 = CARTESIAN_POINT ( 'NONE',  ( -5.799999999999999822, 0.000000000000000000, -6.319999999999999396 ) ) ;
#1350 = DIRECTION ( 'NONE',  ( -1.000000000000000000, 0.000000000000000000, 0.000000000000000000 ) ) ;
#1351 = ORIENTED_EDGE ( 'NONE', *, *, #1273, .F. ) ;
#1352 = ORIENTED_EDGE ( 'NONE', *, *, #1195, .T. ) ;
#1353 = EDGE_CURVE ( 'NONE', #1552, #492, #100, .T. ) ;
#1354 = CARTESIAN_POINT ( 'NONE',  ( 3.199999999999997069, 4.099999999999999645, -0.2000000000000000111 ) ) ;
#1355 = EDGE_CURVE ( 'NONE', #1345, #1870, #746, .T. ) ;
#1356 = DIRECTION ( 'NONE',  ( -0.000000000000000000, 1.000000000000000000, 1.202665138518110209E-16 ) ) ;
#1357 = FACE_OUTER_BOUND ( 'NONE', #2313, .T. ) ;
#1358 = DIRECTION ( 'NONE',  ( 0.000000000000000000, -1.000000000000000000, 0.000000000000000000 ) ) ;
#1359 = CARTESIAN_POINT ( 'NONE',  ( 0.000000000000000000, 4.099999999999999645, 0.7000000000000005107 ) ) ;
#1360 = DIRECTION ( 'NONE',  ( 0.000000000000000000, 0.000000000000000000, -1.000000000000000000 ) ) ;
#1361 = EDGE_LOOP ( 'NONE', ( #2082, #895, #47, #1072 ) ) ;
#1362 = FACE_OUTER_BOUND ( 'NONE', #1534, .T. ) ;
#1363 = ADVANCED_FACE ( 'NONE', ( #2133 ), #937, .F. ) ;
#1364 = LINE ( 'NONE', #2342, #1621 ) ;
#1365 = AXIS2_PLACEMENT_3D ( 'NONE', #1988, #384, #394 ) ;
#1366 = CARTESIAN_POINT ( 'NONE',  ( 9.797174393178826150E-17, 0.2000000000000000111, 1.499999999999999778 ) ) ;
#1367 = AXIS2_PLACEMENT_3D ( 'NONE', #1526, #904, #892 ) ;
#1368 = CARTESIAN_POINT ( 'NONE',  ( -5.999999999999999112, 4.099999999999999645, 5.700000000000000178 ) ) ;
#1369 = DIRECTION ( 'NONE',  ( 0.000000000000000000, 0.000000000000000000, 1.000000000000000000 ) ) ;
#1370 = CARTESIAN_POINT ( 'NONE',  ( 5.852168674940088522, 0.1968634682341942055, 5.961534000476415684 ) ) ;
#1371 = VECTOR ( 'NONE', #473, 1000.000000000000000 ) ;
#1372 = ORIENTED_EDGE ( 'NONE', *, *, #610, .T. ) ;
#1373 = DIRECTION ( 'NONE',  ( 0.000000000000000000, 0.000000000000000000, -1.000000000000000000 ) ) ;
#1374 = LINE ( 'NONE', #2139, #1005 ) ;
#1375 = DIRECTION ( 'NONE',  ( 0.000000000000000000, -1.000000000000000000, 0.000000000000000000 ) ) ;
#1376 = ORIENTED_EDGE ( 'NONE', *, *, #1292, .T. ) ;
#1377 =( NAMED_UNIT ( * ) PLANE_ANGLE_UNIT ( ) SI_UNIT ( $, .RADIAN. ) );
#1378 = FACE_OUTER_BOUND ( 'NONE', #1746, .T. ) ;
#1379 = DIRECTION ( 'NONE',  ( 0.000000000000000000, 1.000000000000000000, 0.000000000000000000 ) ) ;
#1380 = EDGE_CURVE ( 'NONE', #1533, #1472, #572, .T. ) ;
#1381 = ORIENTED_EDGE ( 'NONE', *, *, #649, .F. ) ;
#1382 = CARTESIAN_POINT ( 'NONE',  ( 0.000000000000000000, 15.09066376115480956, 0.6999999999999997335 ) ) ;
#1383 = ORIENTED_EDGE ( 'NONE', *, *, #1512, .T. ) ;
#1384 = DIRECTION ( 'NONE',  ( -0.000000000000000000, -0.000000000000000000, 1.000000000000000000 ) ) ;
#1385 = DIRECTION ( 'NONE',  ( 0.000000000000000000, -1.202665138518110209E-16, 1.000000000000000000 ) ) ;
#1386 = CARTESIAN_POINT ( 'NONE',  ( -5.300000000000002487, 0.000000000000000000, 5.299999999999999822 ) ) ;
#1387 = PLANE ( 'NONE',  #1808 ) ;
#1388 = CARTESIAN_POINT ( 'NONE',  ( -5.300000000000002487, 15.09066376115480956, -5.299999999999998934 ) ) ;
#1389 = EDGE_CURVE ( 'NONE', #1432, #2215, #2161, .T. ) ;
#1390 = ORIENTED_EDGE ( 'NONE', *, *, #413, .T. ) ;
#1391 = LINE ( 'NONE', #972, #936 ) ;
#1392 = VERTEX_POINT ( 'NONE', #545 ) ;
#1393 = EDGE_CURVE ( 'NONE', #1922, #1144, #1149, .T. ) ;
#1394 = B_SPLINE_CURVE_WITH_KNOTS ( 'NONE', 3,
 ( #1772, #403, #2194, #1783, #1185, #1818 ),
 .UNSPECIFIED., .F., .F.,
 ( 4, 2, 4 ),
 ( 3.576224061345498009E-18, 0.0001180749589259574872, 0.0002361499178519113964 ),
 .UNSPECIFIED. ) ;
#1395 = FACE_OUTER_BOUND ( 'NONE', #994, .T. ) ;
#1396 = ORIENTED_EDGE ( 'NONE', *, *, #1210, .F. ) ;
#1397 = EDGE_CURVE ( 'NONE', #1144, #500, #1598, .T. ) ;
#1398 = CARTESIAN_POINT ( 'NONE',  ( 6.000000000000000888, 3.899999999999999911, -4.999999999999993783 ) ) ;
#1399 = AXIS2_PLACEMENT_3D ( 'NONE', #947, #333, #2310 ) ;
#1400 = VECTOR ( 'NONE', #30, 1000.000000000000000 ) ;
#1401 = CARTESIAN_POINT ( 'NONE',  ( 4.499999999999997335, 4.099999999999999645, -0.2000000000000000111 ) ) ;
#1402 = CARTESIAN_POINT ( 'NONE',  ( 3.500000000000011102, 4.000000000000000000, -4.500000000000000888 ) ) ;
#1403 = VECTOR ( 'NONE', #95, 1000.000000000000000 ) ;
#1404 = VECTOR ( 'NONE', #1278, 1000.000000000000000 ) ;
#1405 = LINE ( 'NONE', #437, #2380 ) ;
#1406 = ORIENTED_EDGE ( 'NONE', *, *, #667, .T. ) ;
#1407 = VERTEX_POINT ( 'NONE', #1815 ) ;
#1408 = DIRECTION ( 'NONE',  ( -1.000000000000000000, 0.000000000000000000, 0.000000000000000000 ) ) ;
#1409 = ORIENTED_EDGE ( 'NONE', *, *, #1055, .T. ) ;
#1410 = VECTOR ( 'NONE', #1521, 1000.000000000000000 ) ;
#1411 = EDGE_CURVE ( 'NONE', #1757, #1392, #1391, .T. ) ;
#1412 = AXIS2_PLACEMENT_3D ( 'NONE', #533, #1730, #345 ) ;
#1413 = CARTESIAN_POINT ( 'NONE',  ( 0.000000000000000000, 4.099999999999999645, 2.300000000000000266 ) ) ;
#1414 = ORIENTED_EDGE ( 'NONE', *, *, #2447, .F. ) ;
#1415 = DIRECTION ( 'NONE',  ( -0.000000000000000000, 1.000000000000000000, -0.000000000000000000 ) ) ;
#1416 = AXIS2_PLACEMENT_3D ( 'NONE', #1065, #69, #2258 ) ;
#1417 = EDGE_CURVE ( 'NONE', #1197, #857, #1265, .T. ) ;
#1418 = COLOUR_RGB ( '',0.7921568627450980005, 0.8196078431372548767, 0.9333333333333333481 ) ;
#1419 = VECTOR ( 'NONE', #2406, 1000.000000000000000 ) ;
#1420 = CARTESIAN_POINT ( 'NONE',  ( -5.699999999999999289, 4.099999999999999645, -6.000000000000000000 ) ) ;
#1421 = LINE ( 'NONE', #1459, #188 ) ;
#1422 = CARTESIAN_POINT ( 'NONE',  ( 1.836970198721029934E-16, 0.000000000000000000, 2.200000000000000178 ) ) ;
#1423 = AXIS2_PLACEMENT_3D ( 'NONE', #292, #1646, #1232 ) ;
#1424 = CARTESIAN_POINT ( 'NONE',  ( -5.699999999999995737, 0.1999999999999997335, -6.000000000000000000 ) ) ;
#1425 = VERTEX_POINT ( 'NONE', #31 ) ;
#1426 = VECTOR ( 'NONE', #616, 1000.000000000000000 ) ;
#1427 = LINE ( 'NONE', #2231, #1792 ) ;
#1428 = FACE_OUTER_BOUND ( 'NONE', #675, .T. ) ;
#1429 = VERTEX_POINT ( 'NONE', #1183 ) ;
#1430 = CARTESIAN_POINT ( 'NONE',  ( 0.000000000000000000, 4.583423085461251212, 0.7000000000000005107 ) ) ;
#1431 = ADVANCED_FACE ( 'NONE', ( #1192 ), #1629, .T. ) ;
#1432 = VERTEX_POINT ( 'NONE', #1585 ) ;
#1433 = CARTESIAN_POINT ( 'NONE',  ( 0.000000000000000000, 15.09066376115480956, 0.6999999999999997335 ) ) ;
#1434 = PLANE ( 'NONE',  #1728 ) ;
#1435 =( NAMED_UNIT ( * ) PLANE_ANGLE_UNIT ( ) SI_UNIT ( $, .RADIAN. ) );
#1436 = CARTESIAN_POINT ( 'NONE',  ( -4.500000000000002665, 3.999999999999999112, -4.500000000000000888 ) ) ;
#1437 = ORIENTED_EDGE ( 'NONE', *, *, #1595, .F. ) ;
#1438 = ORIENTED_EDGE ( 'NONE', *, *, #497, .F. ) ;
#1439 = LINE ( 'NONE', #70, #2187 ) ;
#1440 = LINE ( 'NONE', #2244, #2354 ) ;
#1441 = VERTEX_POINT ( 'NONE', #1609 ) ;
#1442 = EDGE_LOOP ( 'NONE', ( #1352, #2184, #1536, #1036 ) ) ;
#1443 = FACE_OUTER_BOUND ( 'NONE', #119, .T. ) ;
#1444 = PLANE ( 'NONE',  #782 ) ;
#1445 = LINE ( 'NONE', #625, #2057 ) ;
#1446 = CARTESIAN_POINT ( 'NONE',  ( -5.841581710012958339, 0.1451602980101320550, -5.841581710012959228 ) ) ;
#1447 = AXIS2_PLACEMENT_3D ( 'NONE', #1813, #2365, #203 ) ;
#1448 = ORIENTED_EDGE ( 'NONE', *, *, #1750, .T. ) ;
#1449 = ORIENTED_EDGE ( 'NONE', *, *, #2495, .T. ) ;
#1450 = VECTOR ( 'NONE', #2345, 1000.000000000000000 ) ;
#1451 = CARTESIAN_POINT ( 'NONE',  ( 4.499999999999997335, 3.999999999999999112, 0.2000000000000000111 ) ) ;
#1452 = AXIS2_PLACEMENT_3D ( 'NONE', #2164, #2384, #1187 ) ;
#1453 = LINE ( 'NONE', #498, #2105 ) ;
#1454 = ORIENTED_EDGE ( 'NONE', *, *, #1512, .F. ) ;
#1455 = DIRECTION ( 'NONE',  ( 0.000000000000000000, 0.000000000000000000, -1.000000000000000000 ) ) ;
#1456 = VECTOR ( 'NONE', #294, 1000.000000000000000 ) ;
#1457 = ORIENTED_EDGE ( 'NONE', *, *, #1954, .F. ) ;
#1458 = CYLINDRICAL_SURFACE ( 'NONE', #50, 0.1999999999999996503 ) ;
#1459 = CARTESIAN_POINT ( 'NONE',  ( 0.000000000000000000, 0.2000000000000000111, -0.1000000000000002554 ) ) ;
#1460 =( LENGTH_UNIT ( ) NAMED_UNIT ( * ) SI_UNIT ( .MILLI., .METRE. ) );
#1461 = DIRECTION ( 'NONE',  ( -8.068481283613054808E-16, 0.000000000000000000, -1.000000000000000000 ) ) ;
#1462 = EDGE_LOOP ( 'NONE', ( #542, #2232, #353, #1516 ) ) ;
#1463 = PLANE ( 'NONE',  #1893 ) ;
#1464 = ADVANCED_FACE ( 'NONE', ( #991, #423 ), #1214, .T. ) ;
#1465 = ORIENTED_EDGE ( 'NONE', *, *, #1195, .F. ) ;
#1466 = VECTOR ( 'NONE', #1259, 1000.000000000000000 ) ;
#1467 = DIRECTION ( 'NONE',  ( -0.000000000000000000, 0.000000000000000000, 1.000000000000000000 ) ) ;
#1468 = DIRECTION ( 'NONE',  ( 0.000000000000000000, 1.000000000000000000, 0.000000000000000000 ) ) ;
#1469 = ADVANCED_FACE ( 'NONE', ( #214 ), #1134, .T. ) ;
#1470 = LINE ( 'NONE', #650, #1466 ) ;
#1471 = VERTEX_POINT ( 'NONE', #2401 ) ;
#1472 = VERTEX_POINT ( 'NONE', #388 ) ;
#1473 = LINE ( 'NONE', #2279, #94 ) ;
#1474 = FACE_OUTER_BOUND ( 'NONE', #1204, .T. ) ;
#1475 = ORIENTED_EDGE ( 'NONE', *, *, #78, .F. ) ;
#1476 = CARTESIAN_POINT ( 'NONE',  ( -3.500000000000002220, 3.999999999999999112, 4.500000000000000888 ) ) ;
#1477 = EDGE_LOOP ( 'NONE', ( #1034, #1246, #1069, #1390 ) ) ;
#1478 = EDGE_CURVE ( 'NONE', #2468, #1429, #811, .T. ) ;
#1479 = FACE_OUTER_BOUND ( 'NONE', #1223, .T. ) ;
#1480 = ORIENTED_EDGE ( 'NONE', *, *, #919, .F. ) ;
#1481 = EDGE_CURVE ( 'NONE', #1572, #2143, #2561, .T. ) ;
#1482 = DIRECTION ( 'NONE',  ( -0.000000000000000000, -0.000000000000000000, 1.000000000000000000 ) ) ;
#1483 = ORIENTED_EDGE ( 'NONE', *, *, #2368, .F. ) ;
#1484 = ORIENTED_EDGE ( 'NONE', *, *, #2156, .T. ) ;
#1485 = ADVANCED_FACE ( 'NONE', ( #2183 ), #2391, .F. ) ;
#1486 = FACE_OUTER_BOUND ( 'NONE', #2058, .T. ) ;
#1487 = FACE_OUTER_BOUND ( 'NONE', #825, .T. ) ;
#1488 = DIRECTION ( 'NONE',  ( 0.000000000000000000, 0.000000000000000000, 1.000000000000000000 ) ) ;
#1489 = VERTEX_POINT ( 'NONE', #1560 ) ;
#1490 = DIRECTION ( 'NONE',  ( 0.7071067811865439090, -0.000000000000000000, 0.7071067811865512365 ) ) ;
#1491 = PLANE ( 'NONE',  #1399 ) ;
#1492 = AXIS2_PLACEMENT_3D ( 'NONE', #2047, #1668, #1461 ) ;
#1493 = DIRECTION ( 'NONE',  ( 0.000000000000000000, 0.000000000000000000, -1.000000000000000000 ) ) ;
#1494 = ORIENTED_EDGE ( 'NONE', *, *, #634, .T. ) ;
#1495 = EDGE_CURVE ( 'NONE', #827, #2536, #2471, .T. ) ;
#1496 = EDGE_LOOP ( 'NONE', ( #1930, #718, #1381, #1756 ) ) ;
#1497 = CARTESIAN_POINT ( 'NONE',  ( 5.912132034355965793, 0.1796641884560704061, 5.912132034355964016 ) ) ;
#1498 = AXIS2_PLACEMENT_3D ( 'NONE', #179, #731, #1308 ) ;
#1499 = EDGE_CURVE ( 'NONE', #1081, #918, #2377, .T. ) ;
#1500 = LINE ( 'NONE', #711, #424 ) ;
#1501 = ORIENTED_EDGE ( 'NONE', *, *, #1510, .T. ) ;
#1502 = DIRECTION ( 'NONE',  ( 0.000000000000000000, -0.4226182617406931130, -0.9063077870366529343 ) ) ;
#1503 = ORIENTED_EDGE ( 'NONE', *, *, #573, .T. ) ;
#1504 = CARTESIAN_POINT ( 'NONE',  ( -5.300000000000002487, 0.1000000000000000056, -5.299999999999998934 ) ) ;
#1505 = DIRECTION ( 'NONE',  ( 0.000000000000000000, 0.000000000000000000, -1.000000000000000000 ) ) ;
#1506 = CARTESIAN_POINT ( 'NONE',  ( -3.199999999999998845, 4.099999999999999645, 0.2000000000000000111 ) ) ;
#1507 = ORIENTED_EDGE ( 'NONE', *, *, #2482, .F. ) ;
#1508 = VECTOR ( 'NONE', #1360, 1000.000000000000000 ) ;
#1509 = VERTEX_POINT ( 'NONE', #411 ) ;
#1510 = EDGE_CURVE ( 'NONE', #156, #244, #2394, .T. ) ;
#1511 = CARTESIAN_POINT ( 'NONE',  ( 5.961570326051266022, 0.1968723640320024504, 5.852134725213869793 ) ) ;
#1512 = EDGE_CURVE ( 'NONE', #2172, #1520, #2426, .T. ) ;
#1513 =( NAMED_UNIT ( * ) PLANE_ANGLE_UNIT ( ) SI_UNIT ( $, .RADIAN. ) );
#1514 = CARTESIAN_POINT ( 'NONE',  ( 3.500000000000011102, 3.999999999999999112, -4.500000000000000888 ) ) ;
#1515 = CARTESIAN_POINT ( 'NONE',  ( 5.912132034355965793, 3.920335811543929072, 5.912132034355964016 ) ) ;
#1516 = ORIENTED_EDGE ( 'NONE', *, *, #630, .T. ) ;
#1517 = EDGE_CURVE ( 'NONE', #1757, #1527, #702, .T. ) ;
#1518 = DIRECTION ( 'NONE',  ( 0.000000000000000000, 0.000000000000000000, 1.000000000000000000 ) ) ;
#1519 = CYLINDRICAL_SURFACE ( 'NONE', #302, 0.4000000000000002998 ) ;
#1520 = VERTEX_POINT ( 'NONE', #1051 ) ;
#1521 = DIRECTION ( 'NONE',  ( 0.000000000000000000, -1.000000000000000000, 0.000000000000000000 ) ) ;
#1522 = FACE_OUTER_BOUND ( 'NONE', #1477, .T. ) ;
#1523 = ORIENTED_EDGE ( 'NONE', *, *, #25, .T. ) ;
#1524 = ORIENTED_EDGE ( 'NONE', *, *, #951, .T. ) ;
#1525 = ORIENTED_EDGE ( 'NONE', *, *, #1389, .F. ) ;
#1526 = CARTESIAN_POINT ( 'NONE',  ( -4.499999999999999112, -8.727922061357858752, 3.499999999999992006 ) ) ;
#1527 = VERTEX_POINT ( 'NONE', #1854 ) ;
#1528 = CARTESIAN_POINT ( 'NONE',  ( -5.300000000000002487, 0.1000000000000000056, 5.299999999999999822 ) ) ;
#1529 = DIRECTION ( 'NONE',  ( 0.000000000000000000, -0.000000000000000000, -1.000000000000000000 ) ) ;
#1530 = CARTESIAN_POINT ( 'NONE',  ( 0.000000000000000000, 0.2000000000000000111, 0.6999999999999997335 ) ) ;
#1531 = CARTESIAN_POINT ( 'NONE',  ( 0.000000000000000000, 4.389699835475712852, 0.7000000000000005107 ) ) ;
#1532 = ADVANCED_FACE ( 'NONE', ( #2281 ), #670, .F. ) ;
#1533 = VERTEX_POINT ( 'NONE', #2271 ) ;
#1534 = EDGE_LOOP ( 'NONE', ( #2064, #2117, #1691, #1584 ) ) ;
#1535 = VECTOR ( 'NONE', #7, 1000.000000000000000 ) ;
#1536 = ORIENTED_EDGE ( 'NONE', *, *, #2516, .F. ) ;
#1537 = CARTESIAN_POINT ( 'NONE',  ( 3.500000000000011102, 4.099999999999999645, -4.500000000000000888 ) ) ;
#1538 = VECTOR ( 'NONE', #2490, 1000.000000000000114 ) ;
#1539 = MANIFOLD_SOLID_BREP ( 'Revolve1[1]', #672 ) ;
#1540 = EDGE_LOOP ( 'NONE', ( #619, #2446, #1383, #1524, #2318, #1986, #2290, #2339, #1707, #2502, #1650, #1896, #834, #34 ) ) ;
#1541 = CYLINDRICAL_SURFACE ( 'NONE', #721, 0.2999999999999999334 ) ;
#1542 = PLANE ( 'NONE',  #689 ) ;
#1543 = CARTESIAN_POINT ( 'NONE',  ( 0.000000000000000000, 5.438478966994840569, 1.100000000000000977 ) ) ;
#1544 = CARTESIAN_POINT ( 'NONE',  ( -6.319999999999999396, 0.1999999999999997613, 6.000000000000000000 ) ) ;
#1545 = ADVANCED_FACE ( 'NONE', ( #1921, #1708 ), #1463, .F. ) ;
#1546 = EDGE_LOOP ( 'NONE', ( #1563, #2077, #1483, #222 ) ) ;
#1547 = DIRECTION ( 'NONE',  ( 0.000000000000000000, -1.000000000000000000, 0.000000000000000000 ) ) ;
#1548 = AXIS2_PLACEMENT_3D ( 'NONE', #806, #27, #1798 ) ;
#1549 = VERTEX_POINT ( 'NONE', #2144 ) ;
#1550 = ADVANCED_FACE ( 'NONE', ( #112 ), #556, .T. ) ;
#1551 = AXIS2_PLACEMENT_3D ( 'NONE', #2464, #1821, #839 ) ;
#1552 = VERTEX_POINT ( 'NONE', #752 ) ;
#1553 = AXIS2_PLACEMENT_3D ( 'NONE', #867, #793, #414 ) ;
#1554 = DIRECTION ( 'NONE',  ( 0.000000000000000000, 0.000000000000000000, 1.000000000000000000 ) ) ;
#1555 = DIRECTION ( 'NONE',  ( -1.000000000000000000, 0.000000000000000000, 0.000000000000000000 ) ) ;
#1556 =( NAMED_UNIT ( * ) PLANE_ANGLE_UNIT ( ) SI_UNIT ( $, .RADIAN. ) );
#1557 = SURFACE_STYLE_FILL_AREA ( #2374 ) ;
#1558 = DIRECTION ( 'NONE',  ( 0.000000000000000000, 0.000000000000000000, 1.000000000000000000 ) ) ;
#1559 = ORIENTED_EDGE ( 'NONE', *, *, #480, .T. ) ;
#1560 = CARTESIAN_POINT ( 'NONE',  ( -3.199999999999998845, 4.099999999999999645, 0.2000000000000000111 ) ) ;
#1561 = EDGE_CURVE ( 'NONE', #2054, #1660, #138, .T. ) ;
#1562 = ORIENTED_EDGE ( 'NONE', *, *, #2154, .F. ) ;
#1563 = ORIENTED_EDGE ( 'NONE', *, *, #773, .T. ) ;
#1564 = CARTESIAN_POINT ( 'NONE',  ( 4.499999999999997335, -8.727922061357858752, 0.2000000000000000111 ) ) ;
#1565 = LINE ( 'NONE', #1747, #1929 ) ;
#1566 = EDGE_CURVE ( 'NONE', #132, #2325, #743, .T. ) ;
#1567 = LINE ( 'NONE', #588, #1450 ) ;
#1568 = CARTESIAN_POINT ( 'NONE',  ( 4.499999999999997335, 4.000000000000000000, -0.2000000000000000111 ) ) ;
#1569 = CARTESIAN_POINT ( 'NONE',  ( 5.882842712474620761, 0.2000000000000002054, -4.951471862576137362 ) ) ;
#1570 = B_SPLINE_CURVE_WITH_KNOTS ( 'NONE', 3,
 ( #510, #709, #2084, #1511, #1892, #1497 ),
 .UNSPECIFIED., .F., .F.,
 ( 4, 2, 4 ),
 ( 0.000000000000000000, 0.0001180749589259558473, 0.0002361499178519116946 ),
 .UNSPECIFIED. ) ;
#1571 = DIRECTION ( 'NONE',  ( 0.000000000000000000, -0.000000000000000000, -1.000000000000000000 ) ) ;
#1572 = VERTEX_POINT ( 'NONE', #340 ) ;
#1573 = B_SPLINE_CURVE_WITH_KNOTS ( 'NONE', 3,
 ( #2451, #461, #285, #1618, #1237, #2060 ),
 .UNSPECIFIED., .F., .F.,
 ( 4, 2, 4 ),
 ( 8.673617379884034509E-19, 0.0001180749589259563216, 0.0002361499178519117759 ),
 .UNSPECIFIED. ) ;
#1574 = CARTESIAN_POINT ( 'NONE',  ( -4.499999999999999112, -8.727922061357858752, -0.2000000000000000111 ) ) ;
#1575 = DIRECTION ( 'NONE',  ( 1.000000000000000000, 0.000000000000000000, 0.000000000000000000 ) ) ;
#1576 = EDGE_CURVE ( 'NONE', #540, #2171, #2236, .T. ) ;
#1577 = AXIS2_PLACEMENT_3D ( 'NONE', #417, #2397, #210 ) ;
#1578 = PLANE ( 'NONE',  #1577 ) ;
#1579 = EDGE_CURVE ( 'NONE', #24, #535, #2103, .T. ) ;
#1580 = VECTOR ( 'NONE', #2315, 1000.000000000000000 ) ;
#1581 =( NAMED_UNIT ( * ) SI_UNIT ( $, .STERADIAN. ) SOLID_ANGLE_UNIT ( ) );
#1582 = FILL_AREA_STYLE_COLOUR ( '', #861 ) ;
#1583 = DIRECTION ( 'NONE',  ( -1.000000000000000000, 0.000000000000000000, 0.000000000000000000 ) ) ;
#1584 = ORIENTED_EDGE ( 'NONE', *, *, #2418, .T. ) ;
#1585 = CARTESIAN_POINT ( 'NONE',  ( -5.300000000000002487, 0.09999999999999939493, 5.299999999999999822 ) ) ;
#1586 = ORIENTED_EDGE ( 'NONE', *, *, #2516, .T. ) ;
#1587 = CARTESIAN_POINT ( 'NONE',  ( 0.000000000000000000, 0.000000000000000000, 0.000000000000000000 ) ) ;
#1588 = ORIENTED_EDGE ( 'NONE', *, *, #2097, .T. ) ;
#1589 = VECTOR ( 'NONE', #1251, 1000.000000000000000 ) ;
#1590 = CARTESIAN_POINT ( 'NONE',  ( 5.300000000000001599, 15.09066376115480956, -5.299999999999998934 ) ) ;
#1591 = EDGE_CURVE ( 'NONE', #2536, #827, #644, .T. ) ;
#1592 = DIRECTION ( 'NONE',  ( -0.000000000000000000, 1.000000000000000000, 1.202665138518110209E-16 ) ) ;
#1593 = PRESENTATION_LAYER_ASSIGNMENT (  '', '', ( #1851 ) ) ;
#1594 = DIRECTION ( 'NONE',  ( 0.000000000000000000, 1.000000000000000000, 0.000000000000000000 ) ) ;
#1595 = EDGE_CURVE ( 'NONE', #2249, #444, #1740, .T. ) ;
#1596 =( NAMED_UNIT ( * ) SI_UNIT ( $, .STERADIAN. ) SOLID_ANGLE_UNIT ( ) );
#1597 = CARTESIAN_POINT ( 'NONE',  ( 3.199999999999997069, 4.099999999999999645, 0.2000000000000000111 ) ) ;
#1598 = LINE ( 'NONE', #2170, #730 ) ;
#1599 = EDGE_CURVE ( 'NONE', #444, #1862, #780, .T. ) ;
#1600 = DIRECTION ( 'NONE',  ( -0.7071067811865463515, 0.000000000000000000, -0.7071067811865487940 ) ) ;
#1601 = VERTEX_POINT ( 'NONE', #1302 ) ;
#1602 = CARTESIAN_POINT ( 'NONE',  ( -5.779152310603572928, 0.2004308375684094035, 5.992059791502666322 ) ) ;
#1603 = ORIENTED_EDGE ( 'NONE', *, *, #862, .T. ) ;
#1604 = CARTESIAN_POINT ( 'NONE',  ( 5.800000000000001599, 4.099999999999999645, -4.917157287525375509 ) ) ;
#1605 = PLANE ( 'NONE',  #557 ) ;
#1606 = CARTESIAN_POINT ( 'NONE',  ( 0.000000000000000000, 0.000000000000000000, 0.6999999999999997335 ) ) ;
#1607 = CARTESIAN_POINT ( 'NONE',  ( 9.797174393178826150E-17, 0.2000000000000000111, 1.499999999999999778 ) ) ;
#1608 = VERTEX_POINT ( 'NONE', #1695 ) ;
#1609 = CARTESIAN_POINT ( 'NONE',  ( -5.912132034355964016, 0.1796641884560708224, -5.912132034355964905 ) ) ;
#1610 = ORIENTED_EDGE ( 'NONE', *, *, #1861, .T. ) ;
#1611 = PRODUCT_DEFINITION_CONTEXT ( 'detailed design', #984, 'design' ) ;
#1612 = EDGE_LOOP ( 'NONE', ( #479, #1941, #902, #371 ) ) ;
#1613 = CARTESIAN_POINT ( 'NONE',  ( -5.912132034355964016, 3.920335811543929072, -5.912132034355964905 ) ) ;
#1614 = ORIENTED_EDGE ( 'NONE', *, *, #789, .T. ) ;
#1615 = CARTESIAN_POINT ( 'NONE',  ( -3.199999999999998845, 3.999999999999999112, 0.2000000000000000111 ) ) ;
#1616 = AXIS2_PLACEMENT_3D ( 'NONE', #1530, #1752, #1296 ) ;
#1617 = DIRECTION ( 'NONE',  ( 1.051347561198064810E-15, 0.000000000000000000, -1.000000000000000000 ) ) ;
#1618 = CARTESIAN_POINT ( 'NONE',  ( 5.852134725213869793, 3.903127635967996945, 5.961570326051266022 ) ) ;
#1619 = CIRCLE ( 'NONE', #2337, 1.244254040454276788 ) ;
#1620 = CARTESIAN_POINT ( 'NONE',  ( 5.199999999999997513, 0.000000000000000000, -5.800000000000000711 ) ) ;
#1621 = VECTOR ( 'NONE', #1987, 1000.000000000000000 ) ;
#1622 = DIRECTION ( 'NONE',  ( 1.000000000000000000, 0.000000000000000000, 1.051347561198064810E-15 ) ) ;
#1623 = VERTEX_POINT ( 'NONE', #1146 ) ;
#1624 = MANIFOLD_SOLID_BREP ( 'Boss-Extrude3', #1160 ) ;
#1625 = ORIENTED_EDGE ( 'NONE', *, *, #416, .T. ) ;
#1626 = ADVANCED_FACE ( 'NONE', ( #407 ), #1542, .T. ) ;
#1627 = DIRECTION ( 'NONE',  ( 0.000000000000000000, 0.000000000000000000, -1.000000000000000000 ) ) ;
#1628 = ORIENTED_EDGE ( 'NONE', *, *, #2543, .T. ) ;
#1629 = TOROIDAL_SURFACE ( 'NONE', #1802, 1.280351598409032565, 0.3196484015909676346 ) ;
#1630 = EDGE_CURVE ( 'NONE', #1928, #1935, #818, .T. ) ;
#1631 = CARTESIAN_POINT ( 'NONE',  ( -3.500000000000002220, -8.727922061357858752, 4.500000000000000888 ) ) ;
#1632 = ORIENTED_EDGE ( 'NONE', *, *, #1481, .F. ) ;
#1633 = DIRECTION ( 'NONE',  ( 0.000000000000000000, -1.000000000000000000, 0.000000000000000000 ) ) ;
#1634 = VECTOR ( 'NONE', #2373, 1000.000000000000000 ) ;
#1635 = ORIENTED_EDGE ( 'NONE', *, *, #734, .F. ) ;
#1636 = CARTESIAN_POINT ( 'NONE',  ( 0.000000000000000000, 4.699999999999998401, 0.7000000000000005107 ) ) ;
#1637 = DIRECTION ( 'NONE',  ( 0.000000000000000000, 0.000000000000000000, 1.000000000000000000 ) ) ;
#1638 = VECTOR ( 'NONE', #1828, 1000.000000000000000 ) ;
#1639 =( LENGTH_UNIT ( ) NAMED_UNIT ( * ) SI_UNIT ( .MILLI., .METRE. ) );
#1640 = LINE ( 'NONE', #2063, #2045 ) ;
#1641 = DIRECTION ( 'NONE',  ( -0.000000000000000000, -0.000000000000000000, 1.000000000000000000 ) ) ;
#1642 = ORIENTED_EDGE ( 'NONE', *, *, #954, .T. ) ;
#1643 = VECTOR ( 'NONE', #646, 1000.000000000000000 ) ;
#1644 = DIRECTION ( 'NONE',  ( 0.000000000000000000, -1.000000000000000000, 0.000000000000000000 ) ) ;
#1645 = ADVANCED_FACE ( 'NONE', ( #2557 ), #2474, .T. ) ;
#1646 = DIRECTION ( 'NONE',  ( 0.000000000000000000, 0.000000000000000000, 1.000000000000000000 ) ) ;
#1647 = EDGE_LOOP ( 'NONE', ( #2572, #1503, #51, #1946 ) ) ;
#1648 = CARTESIAN_POINT ( 'NONE',  ( -4.499999999999999112, -8.727922061357858752, -0.2000000000000000111 ) ) ;
#1649 = EDGE_CURVE ( 'NONE', #81, #2483, #1762, .T. ) ;
#1650 = ORIENTED_EDGE ( 'NONE', *, *, #1026, .T. ) ;
#1651 = FACE_OUTER_BOUND ( 'NONE', #453, .T. ) ;
#1652 = CARTESIAN_POINT ( 'NONE',  ( 4.500000000000000888, 4.099999999999999645, 4.500000000000000888 ) ) ;
#1653 = EDGE_CURVE ( 'NONE', #540, #2499, #636, .T. ) ;
#1654 = LINE ( 'NONE', #1835, #1089 ) ;
#1655 = PLANE ( 'NONE',  #1492 ) ;
#1656 = ORIENTED_EDGE ( 'NONE', *, *, #2447, .T. ) ;
#1657 = CARTESIAN_POINT ( 'NONE',  ( 1.224646799147352714E-16, 4.583423085461251212, -0.2999999999999990452 ) ) ;
#1658 = DIRECTION ( 'NONE',  ( -0.000000000000000000, 1.000000000000000000, -0.000000000000000000 ) ) ;
#1659 = PLANE ( 'NONE',  #979 ) ;
#1660 = VERTEX_POINT ( 'NONE', #2179 ) ;
#1661 = DIRECTION ( 'NONE',  ( 0.000000000000000000, -0.000000000000000000, 1.000000000000000000 ) ) ;
#1662 = ORIENTED_EDGE ( 'NONE', *, *, #604, .T. ) ;
#1663 = ADVANCED_FACE ( 'NONE', ( #999, #1357 ), #784, .F. ) ;
#1664 = LINE ( 'NONE', #1401, #723 ) ;
#1665 = CARTESIAN_POINT ( 'NONE',  ( -5.938862575158927903, 0.1927372346825070859, 5.885401493553001906 ) ) ;
#1666 = EDGE_CURVE ( 'NONE', #2229, #1197, #2230, .T. ) ;
#1667 = DIRECTION ( 'NONE',  ( 0.000000000000000000, 0.000000000000000000, 1.000000000000000000 ) ) ;
#1668 = DIRECTION ( 'NONE',  ( 1.000000000000000000, 0.000000000000000000, -8.068481283613054808E-16 ) ) ;
#1669 = VECTOR ( 'NONE', #1014, 1000.000000000000000 ) ;
#1670 = EDGE_LOOP ( 'NONE', ( #1806, #2485, #1007, #1770 ) ) ;
#1671 = ORIENTED_EDGE ( 'NONE', *, *, #996, .F. ) ;
#1672 = ORIENTED_EDGE ( 'NONE', *, *, #1718, .F. ) ;
#1673 = DIRECTION ( 'NONE',  ( 8.068481283613053822E-16, 0.000000000000000000, 1.000000000000000000 ) ) ;
#1674 = ORIENTED_EDGE ( 'NONE', *, *, #2015, .T. ) ;
#1675 = ORIENTED_EDGE ( 'NONE', *, *, #681, .F. ) ;
#1676 = VECTOR ( 'NONE', #1641, 1000.000000000000000 ) ;
#1677 = DIRECTION ( 'NONE',  ( 0.000000000000000000, 0.000000000000000000, 1.000000000000000000 ) ) ;
#1678 = EDGE_CURVE ( 'NONE', #1184, #1138, #615, .T. ) ;
#1679 = VECTOR ( 'NONE', #2159, 1000.000000000000000 ) ;
#1680 = SURFACE_STYLE_USAGE ( .BOTH. , #710 ) ;
#1681 = CARTESIAN_POINT ( 'NONE',  ( 3.199999999999997069, -8.727922061357858752, -0.2000000000000000111 ) ) ;
#1682 = ORIENTED_EDGE ( 'NONE', *, *, #1878, .F. ) ;
#1683 = ORIENTED_EDGE ( 'NONE', *, *, #847, .F. ) ;
#1684 = ADVANCED_FACE ( 'NONE', ( #1200, #2005 ), #829, .T. ) ;
#1685 = AXIS2_PLACEMENT_3D ( 'NONE', #2431, #2487, #2080 ) ;
#1686 = CARTESIAN_POINT ( 'NONE',  ( -5.992059791502666322, 0.2004308375684094035, -5.779152310603575593 ) ) ;
#1687 = CARTESIAN_POINT ( 'NONE',  ( 3.500000000000011102, 3.999999999999999112, -4.500000000000000888 ) ) ;
#1688 = AXIS2_PLACEMENT_3D ( 'NONE', #125, #114, #1518 ) ;
#1689 = ADVANCED_FACE ( 'NONE', ( #1011 ), #1809, .F. ) ;
#1690 = DIRECTION ( 'NONE',  ( -1.000000000000000000, 0.000000000000000000, -0.000000000000000000 ) ) ;
#1691 = ORIENTED_EDGE ( 'NONE', *, *, #1193, .T. ) ;
#1692 = LINE ( 'NONE', #91, #1538 ) ;
#1693 = CARTESIAN_POINT ( 'NONE',  ( 0.000000000000000000, 0.1000000000000000056, -0.8000000000000004885 ) ) ;
#1694 = EDGE_LOOP ( 'NONE', ( #876, #2110, #501, #744, #2050, #1885 ) ) ;
#1695 = CARTESIAN_POINT ( 'NONE',  ( 4.917157287525379061, 0.000000000000000000, -5.799999999999999822 ) ) ;
#1696 = EDGE_LOOP ( 'NONE', ( #1263, #1723, #962, #2507 ) ) ;
#1697 = UNCERTAINTY_MEASURE_WITH_UNIT (LENGTH_MEASURE( 1.000000000000000082E-05 ), #2127, 'distance_accuracy_value', 'NONE');
#1698 = CARTESIAN_POINT ( 'NONE',  ( 4.951471862576140914, 0.2000000000000004552, -5.882842712474618097 ) ) ;
#1699 = FACE_BOUND ( 'NONE', #359, .T. ) ;
#1700 =( BOUNDED_CURVE ( )  B_SPLINE_CURVE ( 3, ( #1899, #2334, #1938, #2107 ),
 .UNSPECIFIED., .F., .T. ) 
 B_SPLINE_CURVE_WITH_KNOTS ( ( 4, 4 ),
 ( 5.167252626366337864, 6.283185307179586232 ),
 .UNSPECIFIED. ) 
 CURVE ( )  GEOMETRIC_REPRESENTATION_ITEM ( )  RATIONAL_B_SPLINE_CURVE ( ( 1.000000000000000000, 0.8988890734333164767, 0.8988890734333164767, 1.000000000000000000 ) ) 
 REPRESENTATION_ITEM ( '' )  );
#1701 = CARTESIAN_POINT ( 'NONE',  ( 4.499999999999997335, 3.999999999999999112, 0.2000000000000000111 ) ) ;
#1702 = ORIENTED_EDGE ( 'NONE', *, *, #1276, .F. ) ;
#1703 = EDGE_CURVE ( 'NONE', #2204, #1533, #2566, .T. ) ;
#1704 = VERTEX_POINT ( 'NONE', #590 ) ;
#1705 = PLANE ( 'NONE',  #1367 ) ;
#1706 = CARTESIAN_POINT ( 'NONE',  ( 5.806730401836959714E-17, 3.455745959545721835, 0.2258444797406218008 ) ) ;
#1707 = ORIENTED_EDGE ( 'NONE', *, *, #1076, .T. ) ;
#1708 = FACE_OUTER_BOUND ( 'NONE', #1151, .T. ) ;
#1709 = ORIENTED_EDGE ( 'NONE', *, *, #25, .F. ) ;
#1710 = DIRECTION ( 'NONE',  ( 0.000000000000000000, 0.000000000000000000, -1.000000000000000000 ) ) ;
#1711 = DIRECTION ( 'NONE',  ( -0.000000000000000000, 1.000000000000000000, 1.202665138518110209E-16 ) ) ;
#1712 = LINE ( 'NONE', #2533, #2009 ) ;
#1713 = VECTOR ( 'NONE', #268, 1000.000000000000000 ) ;
#1714 = EDGE_CURVE ( 'NONE', #1856, #1103, #2030, .T. ) ;
#1715 = PLANE ( 'NONE',  #858 ) ;
#1716 = ORIENTED_EDGE ( 'NONE', *, *, #312, .F. ) ;
#1717 = VECTOR ( 'NONE', #655, 1000.000000000000000 ) ;
#1718 = EDGE_CURVE ( 'NONE', #521, #1152, #1209, .T. ) ;
#1719 = AXIS2_PLACEMENT_3D ( 'NONE', #2221, #445, #1234 ) ;
#1720 = CARTESIAN_POINT ( 'NONE',  ( 5.199999999999997513, 3.899999999999999911, -6.000000000000000000 ) ) ;
#1721 = CIRCLE ( 'NONE', #1498, 1.500000000000000444 ) ;
#1722 =( NAMED_UNIT ( * ) SI_UNIT ( $, .STERADIAN. ) SOLID_ANGLE_UNIT ( ) );
#1723 = ORIENTED_EDGE ( 'NONE', *, *, #2027, .T. ) ;
#1724 = DIRECTION ( 'NONE',  ( -0.000000000000000000, 0.000000000000000000, -1.000000000000000000 ) ) ;
#1725 = EDGE_LOOP ( 'NONE', ( #106, #1475, #1819, #509 ) ) ;
#1726 = AXIS2_PLACEMENT_3D ( 'NONE', #1331, #364, #1488 ) ;
#1727 = CARTESIAN_POINT ( 'NONE',  ( -5.300000000000002487, 0.09999999999999939493, -5.299999999999998934 ) ) ;
#1728 = AXIS2_PLACEMENT_3D ( 'NONE', #240, #1864, #449 ) ;
#1729 = CARTESIAN_POINT ( 'NONE',  ( -5.799999999999999822, 0.000000000000000000, -5.800000000000000711 ) ) ;
#1730 = DIRECTION ( 'NONE',  ( 0.000000000000000000, 0.000000000000000000, -1.000000000000000000 ) ) ;
#1731 = VECTOR ( 'NONE', #887, 1000.000000000000000 ) ;
#1732 = DIRECTION ( 'NONE',  ( 0.000000000000000000, 0.000000000000000000, 1.000000000000000000 ) ) ;
#1733 = VERTEX_POINT ( 'NONE', #1652 ) ;
#1734 = COLOUR_RGB ( '',0.7921568627450980005, 0.8196078431372548767, 0.9333333333333333481 ) ;
#1735 = EDGE_LOOP ( 'NONE', ( #988, #379, #1739, #102 ) ) ;
#1736 = DIRECTION ( 'NONE',  ( 0.000000000000000000, -1.202665138518110209E-16, 1.000000000000000000 ) ) ;
#1737 = DIRECTION ( 'NONE',  ( -1.000000000000000000, -0.000000000000000000, -0.000000000000000000 ) ) ;
#1738 = ADVANCED_FACE ( 'NONE', ( #1249 ), #1848, .T. ) ;
#1739 = ORIENTED_EDGE ( 'NONE', *, *, #1566, .F. ) ;
#1740 = LINE ( 'NONE', #329, #2145 ) ;
#1741 = CARTESIAN_POINT ( 'NONE',  ( 4.499999999999997335, 3.999999999999999112, -0.2000000000000000111 ) ) ;
#1742 = CARTESIAN_POINT ( 'NONE',  ( 4.917157287525379061, 4.099999999999999645, -5.799999999999999822 ) ) ;
#1743 = FACE_OUTER_BOUND ( 'NONE', #776, .T. ) ;
#1744 = ORIENTED_EDGE ( 'NONE', *, *, #982, .T. ) ;
#1745 = ORIENTED_EDGE ( 'NONE', *, *, #2001, .F. ) ;
#1746 = EDGE_LOOP ( 'NONE', ( #1247, #293 ) ) ;
#1747 = CARTESIAN_POINT ( 'NONE',  ( 4.499999999999997335, 4.099999999999999645, -0.2000000000000000111 ) ) ;
#1748 = ORIENTED_EDGE ( 'NONE', *, *, #919, .T. ) ;
#1749 = FACE_OUTER_BOUND ( 'NONE', #1920, .T. ) ;
#1750 = EDGE_CURVE ( 'NONE', #1998, #540, #1573, .T. ) ;
#1751 = DIRECTION ( 'NONE',  ( -1.000000000000000000, 0.000000000000000000, 0.000000000000000000 ) ) ;
#1752 = DIRECTION ( 'NONE',  ( 0.000000000000000000, -1.000000000000000000, 0.000000000000000000 ) ) ;
#1753 = VECTOR ( 'NONE', #482, 1000.000000000000000 ) ;
#1754 = LINE ( 'NONE', #1135, #2296 ) ;
#1755 = LINE ( 'NONE', #1506, #195 ) ;
#1756 = ORIENTED_EDGE ( 'NONE', *, *, #2027, .F. ) ;
#1757 = VERTEX_POINT ( 'NONE', #435 ) ;
#1758 = CIRCLE ( 'NONE', #1001, 0.3196484015909675791 ) ;
#1759 = VECTOR ( 'NONE', #523, 1000.000000000000000 ) ;
#1760 = DIRECTION ( 'NONE',  ( -0.000000000000000000, 1.000000000000000000, 1.202665138518110209E-16 ) ) ;
#1761 = LINE ( 'NONE', #2556, #2173 ) ;
#1762 = LINE ( 'NONE', #1386, #1679 ) ;
#1763 = ADVANCED_FACE ( 'NONE', ( #1062 ), #1434, .F. ) ;
#1764 = STYLED_ITEM ( 'NONE', ( #314 ), #1539 ) ;
#1765 = LINE ( 'NONE', #396, #1299 ) ;
#1766 = PLANE ( 'NONE',  #2248 ) ;
#1767 = DIRECTION ( 'NONE',  ( -0.000000000000000000, 1.000000000000000000, 1.202665138518110209E-16 ) ) ;
#1768 = ADVANCED_FACE ( 'NONE', ( #680 ), #1444, .F. ) ;
#1769 = CARTESIAN_POINT ( 'NONE',  ( -3.199999999999998845, 4.099999999999999645, -0.2000000000000000111 ) ) ;
#1770 = ORIENTED_EDGE ( 'NONE', *, *, #832, .T. ) ;
#1771 = EDGE_CURVE ( 'NONE', #1601, #57, #953, .T. ) ;
#1772 = CARTESIAN_POINT ( 'NONE',  ( -5.699999999999995737, 3.899999999999999911, -6.000000000000000000 ) ) ;
#1773 = VECTOR ( 'NONE', #693, 1000.000000000000000 ) ;
#1774 = CARTESIAN_POINT ( 'NONE',  ( 4.898587196589416773E-17, 4.810660554072444412E-17, 0.2999999999999997113 ) ) ;
#1775 = MECHANICAL_DESIGN_GEOMETRIC_PRESENTATION_REPRESENTATION (  '', ( #609 ), #1977 ) ;
#1776 = CARTESIAN_POINT ( 'NONE',  ( 0.000000000000000000, -1.800000000000000044, 0.6999999999999995115 ) ) ;
#1777 = CARTESIAN_POINT ( 'NONE',  ( 5.800000000000001599, 4.099999999999999645, 5.800000000000000711 ) ) ;
#1778 = DIRECTION ( 'NONE',  ( 0.000000000000000000, 0.000000000000000000, -1.000000000000000000 ) ) ;
#1779 = CARTESIAN_POINT ( 'NONE',  ( -4.499999999999999112, -8.727922061357858752, 0.2000000000000000111 ) ) ;
#1780 = DIRECTION ( 'NONE',  ( -0.000000000000000000, 1.000000000000000000, 1.202665138518110209E-16 ) ) ;
#1781 = EDGE_CURVE ( 'NONE', #426, #2537, #66, .T. ) ;
#1782 = ORIENTED_EDGE ( 'NONE', *, *, #664, .T. ) ;
#1783 = CARTESIAN_POINT ( 'NONE',  ( -5.852134725213868904, 3.903127635967998277, -5.961570326051265134 ) ) ;
#1784 = LINE ( 'NONE', #1142, #1043 ) ;
#1785 = LINE ( 'NONE', #174, #1883 ) ;
#1786 =( LENGTH_UNIT ( ) NAMED_UNIT ( * ) SI_UNIT ( .MILLI., .METRE. ) );
#1787 = DIRECTION ( 'NONE',  ( 0.000000000000000000, 0.000000000000000000, -1.000000000000000000 ) ) ;
#1788 = B_SPLINE_CURVE_WITH_KNOTS ( 'NONE', 3,
 ( #35, #429, #1602, #208, #1964, #621 ),
 .UNSPECIFIED., .F., .F.,
 ( 4, 2, 4 ),
 ( 0.000000000000000000, 0.0001180749589259558744, 0.0002361499178519117488 ),
 .UNSPECIFIED. ) ;
#1789 = PLANE ( 'NONE',  #1054 ) ;
#1790 = ORIENTED_EDGE ( 'NONE', *, *, #801, .T. ) ;
#1791 = EDGE_CURVE ( 'NONE', #1509, #1425, #1421, .T. ) ;
#1792 = VECTOR ( 'NONE', #2274, 1000.000000000000000 ) ;
#1793 = LINE ( 'NONE', #1006, #2185 ) ;
#1794 = VERTEX_POINT ( 'NONE', #1038 ) ;
#1795 = DIRECTION ( 'NONE',  ( 0.000000000000000000, 0.000000000000000000, -1.000000000000000000 ) ) ;
#1796 = FACE_OUTER_BOUND ( 'NONE', #944, .T. ) ;
#1797 = VECTOR ( 'NONE', #1966, 1000.000000000000000 ) ;
#1798 = DIRECTION ( 'NONE',  ( 0.000000000000000000, -1.202665138518110209E-16, 1.000000000000000000 ) ) ;
#1799 = ADVANCED_FACE ( 'NONE', ( #624 ), #1833, .F. ) ;
#1800 = DIRECTION ( 'NONE',  ( 0.000000000000000000, 0.000000000000000000, 1.000000000000000000 ) ) ;
#1801 = CARTESIAN_POINT ( 'NONE',  ( -5.999999999999999112, 3.900000000000000355, 5.739934472717920677 ) ) ;
#1802 = AXIS2_PLACEMENT_3D ( 'NONE', #439, #1780, #1983 ) ;
#1803 = ORIENTED_EDGE ( 'NONE', *, *, #753, .T. ) ;
#1804 = AXIS2_PLACEMENT_3D ( 'NONE', #1129, #352, #1724 ) ;
#1805 = DIRECTION ( 'NONE',  ( 0.7071067811865463515, -0.000000000000000000, 0.7071067811865487940 ) ) ;
#1806 = ORIENTED_EDGE ( 'NONE', *, *, #291, .T. ) ;
#1807 = CARTESIAN_POINT ( 'NONE',  ( -3.199999999999998845, 4.000000000000000000, 0.2000000000000000111 ) ) ;
#1808 = AXIS2_PLACEMENT_3D ( 'NONE', #959, #1751, #769 ) ;
#1809 = CYLINDRICAL_SURFACE ( 'NONE', #519, 0.1999999999999996503 ) ;
#1810 = PRODUCT ( 'YFGC012WWA', 'YFGC012WWA', '', ( #699 ) ) ;
#1811 = EDGE_CURVE ( 'NONE', #113, #1660, #266, .T. ) ;
#1812 =( NAMED_UNIT ( * ) SI_UNIT ( $, .STERADIAN. ) SOLID_ANGLE_UNIT ( ) );
#1813 = CARTESIAN_POINT ( 'NONE',  ( 0.000000000000000000, 4.583423085461251212, 0.7000000000000005107 ) ) ;
#1814 = VERTEX_POINT ( 'NONE', #656 ) ;
#1815 = CARTESIAN_POINT ( 'NONE',  ( 4.499999999999997335, 3.999999999999999112, -0.2000000000000000111 ) ) ;
#1816 = ORIENTED_EDGE ( 'NONE', *, *, #372, .F. ) ;
#1817 = ORIENTED_EDGE ( 'NONE', *, *, #2450, .F. ) ;
#1818 = CARTESIAN_POINT ( 'NONE',  ( -5.912132034355964016, 3.920335811543929072, -5.912132034355964905 ) ) ;
#1819 = ORIENTED_EDGE ( 'NONE', *, *, #2285, .F. ) ;
#1820 = DIRECTION ( 'NONE',  ( 0.000000000000000000, -1.000000000000000000, 0.000000000000000000 ) ) ;
#1821 = DIRECTION ( 'NONE',  ( 0.000000000000000000, -0.000000000000000000, 1.000000000000000000 ) ) ;
#1822 = ADVANCED_FACE ( 'NONE', ( #2237 ), #1047, .T. ) ;
#1823 = CARTESIAN_POINT ( 'NONE',  ( 0.000000000000000000, 0.2000000000000000111, 0.6999999999999997335 ) ) ;
#1824 = LINE ( 'NONE', #2212, #1713 ) ;
#1825 = ORIENTED_EDGE ( 'NONE', *, *, #2385, .T. ) ;
#1826 = ADVANCED_FACE ( 'NONE', ( #1174 ), #2174, .T. ) ;
#1827 = CARTESIAN_POINT ( 'NONE',  ( 5.199999999999997513, 4.099999999999999645, -5.800000000000000711 ) ) ;
#1828 = DIRECTION ( 'NONE',  ( -1.000000000000000000, 0.000000000000000000, 0.000000000000000000 ) ) ;
#1829 = ORIENTED_EDGE ( 'NONE', *, *, #1123, .T. ) ;
#1830 = CARTESIAN_POINT ( 'NONE',  ( 5.800000000000002487, 3.982842712474618629, -4.917157287525375509 ) ) ;
#1831 = ORIENTED_EDGE ( 'NONE', *, *, #1714, .F. ) ;
#1832 = CARTESIAN_POINT ( 'NONE',  ( 0.000000000000000000, 4.099999999999999645, 2.300000000000000711 ) ) ;
#1833 = CYLINDRICAL_SURFACE ( 'NONE', #1849, 0.1999999999999996503 ) ;
#1834 = AXIS2_PLACEMENT_3D ( 'NONE', #122, #929, #1314 ) ;
#1835 = CARTESIAN_POINT ( 'NONE',  ( -5.300000000000002487, 0.09999999999999939493, 5.299999999999999822 ) ) ;
#1836 = AXIS2_PLACEMENT_3D ( 'NONE', #38, #2043, #877 ) ;
#1837 = CARTESIAN_POINT ( 'NONE',  ( -5.300000000000002487, 0.1000000000000000056, 5.299999999999999822 ) ) ;
#1838 = ADVANCED_FACE ( 'NONE', ( #802 ), #2381, .T. ) ;
#1839 = EDGE_LOOP ( 'NONE', ( #659, #1672, #1716, #1338 ) ) ;
#1840 = VECTOR ( 'NONE', #1633, 1000.000000000000000 ) ;
#1841 = CARTESIAN_POINT ( 'NONE',  ( 0.000000000000000000, 0.09999999999999939493, -0.8000000000000004885 ) ) ;
#1842 = DIRECTION ( 'NONE',  ( -0.000000000000000000, -1.000000000000000000, -0.000000000000000000 ) ) ;
#1843 = EDGE_LOOP ( 'NONE', ( #1229, #367, #1215, #1437 ) ) ;
#1844 = LINE ( 'NONE', #1648, #1371 ) ;
#1845 = CIRCLE ( 'NONE', #692, 0.4000000000000002998 ) ;
#1846 = ORIENTED_EDGE ( 'NONE', *, *, #801, .F. ) ;
#1847 = DIRECTION ( 'NONE',  ( 0.000000000000000000, 0.000000000000000000, -1.000000000000000000 ) ) ;
#1848 = PLANE ( 'NONE',  #1551 ) ;
#1849 = AXIS2_PLACEMENT_3D ( 'NONE', #54, #1637, #477 ) ;
#1850 = DIRECTION ( 'NONE',  ( 0.000000000000000000, 0.000000000000000000, -1.000000000000000000 ) ) ;
#1851 = STYLED_ITEM ( 'NONE', ( #570 ), #2434 ) ;
#1852 = CARTESIAN_POINT ( 'NONE',  ( 0.000000000000000000, 4.389699835475712852, -0.7154408502575979600 ) ) ;
#1853 = ORIENTED_EDGE ( 'NONE', *, *, #1576, .F. ) ;
#1854 = CARTESIAN_POINT ( 'NONE',  ( -3.500000000000002220, 4.099999999999999645, 4.500000000000000888 ) ) ;
#1855 = ORIENTED_EDGE ( 'NONE', *, *, #908, .F. ) ;
#1856 = VERTEX_POINT ( 'NONE', #1196 ) ;
#1857 = ADVANCED_FACE ( 'NONE', ( #1362 ), #381, .F. ) ;
#1858 = CARTESIAN_POINT ( 'NONE',  ( 5.700000000000000178, 3.899999999999999911, 6.000000000000000000 ) ) ;
#1859 = ORIENTED_EDGE ( 'NONE', *, *, #428, .F. ) ;
#1860 = DIRECTION ( 'NONE',  ( 0.000000000000000000, -1.000000000000000000, 0.000000000000000000 ) ) ;
#1861 = EDGE_CURVE ( 'NONE', #1888, #1623, #2477, .T. ) ;
#1862 = VERTEX_POINT ( 'NONE', #234 ) ;
#1863 = DIRECTION ( 'NONE',  ( -0.7071067811865439090, -0.000000000000000000, -0.7071067811865512365 ) ) ;
#1864 = DIRECTION ( 'NONE',  ( -0.7071067811865487940, 0.000000000000000000, 0.7071067811865463515 ) ) ;
#1865 = FACE_OUTER_BOUND ( 'NONE', #342, .T. ) ;
#1866 = ORIENTED_EDGE ( 'NONE', *, *, #1982, .T. ) ;
#1867 = LINE ( 'NONE', #2413, #981 ) ;
#1868 = ORIENTED_EDGE ( 'NONE', *, *, #116, .F. ) ;
#1869 = LINE ( 'NONE', #485, #1731 ) ;
#1870 = VERTEX_POINT ( 'NONE', #220 ) ;
#1871 = ADVANCED_FACE ( 'NONE', ( #826 ), #1207, .T. ) ;
#1872 = EDGE_LOOP ( 'NONE', ( #504, #1559, #950, #339 ) ) ;
#1873 = ORIENTED_EDGE ( 'NONE', *, *, #1380, .T. ) ;
#1874 = DIRECTION ( 'NONE',  ( 0.000000000000000000, -1.202665138518110209E-16, 1.000000000000000000 ) ) ;
#1875 = EDGE_CURVE ( 'NONE', #2448, #2326, #1793, .T. ) ;
#1876 = APPLICATION_PROTOCOL_DEFINITION ( 'draft international standard', 'automotive_design', 1998, #984 ) ;
#1877 = DIRECTION ( 'NONE',  ( 1.000000000000000000, 0.000000000000000000, 0.000000000000000000 ) ) ;
#1878 = EDGE_CURVE ( 'NONE', #654, #1601, #1788, .T. ) ;
#1879 = VECTOR ( 'NONE', #1555, 1000.000000000000000 ) ;
#1880 = ORIENTED_EDGE ( 'NONE', *, *, #2355, .F. ) ;
#1881 = CARTESIAN_POINT ( 'NONE',  ( -5.961570326051265134, 3.903127635967996945, 5.852134725213869793 ) ) ;
#1882 = ORIENTED_EDGE ( 'NONE', *, *, #1341, .T. ) ;
#1883 = VECTOR ( 'NONE', #2372, 1000.000000000000000 ) ;
#1884 = CARTESIAN_POINT ( 'NONE',  ( 4.500000000000000888, 3.999999999999999112, 4.500000000000000888 ) ) ;
#1885 = ORIENTED_EDGE ( 'NONE', *, *, #1771, .T. ) ;
#1886 = CIRCLE ( 'NONE', #1127, 0.8000000000000000444 ) ;
#1887 = CARTESIAN_POINT ( 'NONE',  ( 4.499999999999997335, 4.099999999999999645, 0.2000000000000000111 ) ) ;
#1888 = VERTEX_POINT ( 'NONE', #392 ) ;
#1889 = AXIS2_PLACEMENT_3D ( 'NONE', #922, #2511, #1505 ) ;
#1890 = EDGE_LOOP ( 'NONE', ( #2469, #1376, #1325, #1071 ) ) ;
#1891 = AXIS2_PLACEMENT_3D ( 'NONE', #2214, #2021, #822 ) ;
#1892 = CARTESIAN_POINT ( 'NONE',  ( 5.938913282712205977, 0.1927620341129743786, 5.885350785999724721 ) ) ;
#1893 = AXIS2_PLACEMENT_3D ( 'NONE', #2519, #1087, #712 ) ;
#1894 = DIRECTION ( 'NONE',  ( 0.000000000000000000, 1.000000000000000000, 0.000000000000000000 ) ) ;
#1895 = ORIENTED_EDGE ( 'NONE', *, *, #2036, .T. ) ;
#1896 = ORIENTED_EDGE ( 'NONE', *, *, #194, .T. ) ;
#1897 = EDGE_CURVE ( 'NONE', #662, #1113, #2011, .T. ) ;
#1898 = CARTESIAN_POINT ( 'NONE',  ( 0.000000000000000000, 0.2000000000000000111, 0.6999999999999997335 ) ) ;
#1899 = CARTESIAN_POINT ( 'NONE',  ( -5.912132034355964016, 3.920335811543929072, 5.912132034355964905 ) ) ;
#1900 = VECTOR ( 'NONE', #754, 1000.000000000000000 ) ;
#1901 = CARTESIAN_POINT ( 'NONE',  ( 5.999999999999998224, 0.000000000000000000, -4.717157287525376219 ) ) ;
#1902 = ORIENTED_EDGE ( 'NONE', *, *, #1566, .T. ) ;
#1903 = CARTESIAN_POINT ( 'NONE',  ( 0.000000000000000000, 4.099999999999999645, 0.7000000000000002887 ) ) ;
#1904 =( LENGTH_UNIT ( ) NAMED_UNIT ( * ) SI_UNIT ( .MILLI., .METRE. ) );
#1905 = DIRECTION ( 'NONE',  ( -1.000000000000000000, 0.000000000000000000, 0.000000000000000000 ) ) ;
#1906 = EDGE_LOOP ( 'NONE', ( #1254, #139, #2282, #2241, #63 ) ) ;
#1907 = CARTESIAN_POINT ( 'NONE',  ( 4.499999999999997335, -8.727922061357858752, 0.2000000000000000111 ) ) ;
#1908 = ADVANCED_FACE ( 'NONE', ( #1395 ), #199, .F. ) ;
#1909 = ORIENTED_EDGE ( 'NONE', *, *, #2547, .T. ) ;
#1910 = DIRECTION ( 'NONE',  ( -0.000000000000000000, 1.000000000000000000, 1.202665138518110209E-16 ) ) ;
#1911 = CARTESIAN_POINT ( 'NONE',  ( 3.199999999999997069, 3.999999999999999112, 0.2000000000000000111 ) ) ;
#1912 = EDGE_CURVE ( 'NONE', #815, #1922, #1394, .T. ) ;
#1913 = FACE_OUTER_BOUND ( 'NONE', #1130, .T. ) ;
#1914 = VERTEX_POINT ( 'NONE', #835 ) ;
#1915 = ORIENTED_EDGE ( 'NONE', *, *, #2238, .T. ) ;
#1916 = DIRECTION ( 'NONE',  ( 0.000000000000000000, 0.000000000000000000, -1.000000000000000000 ) ) ;
#1917 = ADVANCED_BREP_SHAPE_REPRESENTATION ( 'YFGC012WWA', ( #1539, #2491, #1624, #2434, #2429, #1012 ), #231 ) ;
#1918 = CARTESIAN_POINT ( 'NONE',  ( 0.000000000000000000, 0.000000000000000000, 0.000000000000000000 ) ) ;
#1919 = DIRECTION ( 'NONE',  ( -0.7071067811865439090, 0.000000000000000000, -0.7071067811865512365 ) ) ;
#1920 = EDGE_LOOP ( 'NONE', ( #1859, #2191, #415, #790 ) ) ;
#1921 = FACE_BOUND ( 'NONE', #766, .T. ) ;
#1922 = VERTEX_POINT ( 'NONE', #1613 ) ;
#1923 = EDGE_CURVE ( 'NONE', #857, #1998, #2416, .T. ) ;
#1924 = DIRECTION ( 'NONE',  ( -0.000000000000000000, -1.000000000000000000, 0.000000000000000000 ) ) ;
#1925 = LINE ( 'NONE', #192, #422 ) ;
#1926 = CARTESIAN_POINT ( 'NONE',  ( -5.300000000000002487, 15.09066376115480956, 5.299999999999999822 ) ) ;
#1927 = VECTOR ( 'NONE', #463, 1000.000000000000000 ) ;
#1928 = VERTEX_POINT ( 'NONE', #11 ) ;
#1929 = VECTOR ( 'NONE', #2553, 1000.000000000000000 ) ;
#1930 = ORIENTED_EDGE ( 'NONE', *, *, #1226, .F. ) ;
#1931 = ADVANCED_FACE ( 'NONE', ( #1985, #993 ), #814, .T. ) ;
#1932 = CARTESIAN_POINT ( 'NONE',  ( -4.499999999999999112, 4.099999999999999645, -0.2000000000000000111 ) ) ;
#1933 = DIRECTION ( 'NONE',  ( 0.000000000000000000, -0.000000000000000000, 1.000000000000000000 ) ) ;
#1934 = VERTEX_POINT ( 'NONE', #1070 ) ;
#1935 = VERTEX_POINT ( 'NONE', #1220 ) ;
#1936 = MECHANICAL_DESIGN_GEOMETRIC_PRESENTATION_REPRESENTATION (  '', ( #600 ), #2218 ) ;
#1937 = PLANE ( 'NONE',  #785 ) ;
#1938 = CARTESIAN_POINT ( 'NONE',  ( -5.799999999999999822, 4.021464232856559740, 5.799999999999999822 ) ) ;
#1939 = DIRECTION ( 'NONE',  ( -1.000000000000000000, -0.000000000000000000, -0.000000000000000000 ) ) ;
#1940 = AXIS2_PLACEMENT_3D ( 'NONE', #1587, #2395, #2053 ) ;
#1941 = ORIENTED_EDGE ( 'NONE', *, *, #1210, .T. ) ;
#1942 = EDGE_LOOP ( 'NONE', ( #2104, #2079, #1166, #909 ) ) ;
#1943 = EDGE_CURVE ( 'NONE', #2468, #1572, #1869, .T. ) ;
#1944 = LINE ( 'NONE', #1344, #1245 ) ;
#1945 = ADVANCED_FACE ( 'NONE', ( #2025 ), #706, .F. ) ;
#1946 = ORIENTED_EDGE ( 'NONE', *, *, #256, .F. ) ;
#1947 = CARTESIAN_POINT ( 'NONE',  ( 3.500000000000011102, -8.727922061357858752, -4.500000000000000888 ) ) ;
#1948 = SURFACE_SIDE_STYLE ('',( #1269 ) ) ;
#1949 = FILL_AREA_STYLE ('',( #1582 ) ) ;
#1950 = CARTESIAN_POINT ( 'NONE',  ( -5.841581710012958339, 0.1451602980101320550, 5.841581710012959228 ) ) ;
#1951 = CARTESIAN_POINT ( 'NONE',  ( 4.917157287525379061, 3.982842712474617741, -5.799999999999999822 ) ) ;
#1952 = CYLINDRICAL_SURFACE ( 'NONE', #651, 0.1999999999999996780 ) ;
#1953 = ORIENTED_EDGE ( 'NONE', *, *, #1141, .T. ) ;
#1954 = EDGE_CURVE ( 'NONE', #398, #2483, #2262, .T. ) ;
#1955 = FACE_OUTER_BOUND ( 'NONE', #1839, .T. ) ;
#1956 = ADVANCED_FACE ( 'NONE', ( #470 ), #873, .T. ) ;
#1957 = FACE_OUTER_BOUND ( 'NONE', #466, .T. ) ;
#1958 = DIRECTION ( 'NONE',  ( 1.000000000000000000, 0.000000000000000000, 0.000000000000000000 ) ) ;
#1959 = FACE_OUTER_BOUND ( 'NONE', #347, .T. ) ;
#1960 = CLOSED_SHELL ( 'NONE', ( #1205, #2415, #688, #145, #90, #2321, #1464 ) ) ;
#1961 = DIRECTION ( 'NONE',  ( 0.000000000000000000, 0.000000000000000000, 1.000000000000000000 ) ) ;
#1962 = ORIENTED_EDGE ( 'NONE', *, *, #165, .F. ) ;
#1963 = VECTOR ( 'NONE', #2142, 1000.000000000000000 ) ;
#1964 = CARTESIAN_POINT ( 'NONE',  ( -5.885350785999724721, 0.1927620341129741566, 5.938913282712205977 ) ) ;
#1965 = AXIS2_PLACEMENT_3D ( 'NONE', #816, #1176, #1575 ) ;
#1966 = DIRECTION ( 'NONE',  ( 1.000000000000000000, -0.000000000000000000, -0.000000000000000000 ) ) ;
#1967 = DIRECTION ( 'NONE',  ( -0.000000000000000000, 1.000000000000000000, 1.202665138518110209E-16 ) ) ;
#1968 = DIRECTION ( 'NONE',  ( 0.000000000000000000, -1.000000000000000000, 0.000000000000000000 ) ) ;
#1969 = EDGE_CURVE ( 'NONE', #2376, #96, #86, .T. ) ;
#1970 = SURFACE_SIDE_STYLE ('',( #797 ) ) ;
#1971 = DIRECTION ( 'NONE',  ( 0.000000000000000000, 0.000000000000000000, -1.000000000000000000 ) ) ;
#1972 = VECTOR ( 'NONE', #666, 1000.000000000000000 ) ;
#1973 = ADVANCED_FACE ( 'NONE', ( #2275 ), #674, .T. ) ;
#1974 = ORIENTED_EDGE ( 'NONE', *, *, #1595, .T. ) ;
#1975 = VECTOR ( 'NONE', #507, 1000.000000000000000 ) ;
#1976 = CARTESIAN_POINT ( 'NONE',  ( 5.999999999999998224, 4.099999999999999645, -4.717157287525376219 ) ) ;
#1977 =( GEOMETRIC_REPRESENTATION_CONTEXT ( 3 ) GLOBAL_UNCERTAINTY_ASSIGNED_CONTEXT ( ( #425 ) ) GLOBAL_UNIT_ASSIGNED_CONTEXT ( ( #1000, #1377, #2350 ) ) REPRESENTATION_CONTEXT ( 'NONE', 'WORKASPACE' ) );
#1978 = CARTESIAN_POINT ( 'NONE',  ( 3.500000000000011546, 4.000000000000000000, -4.500000000000000888 ) ) ;
#1979 = CARTESIAN_POINT ( 'NONE',  ( 5.700000000000001066, 4.099999999999999645, 5.700000000000000178 ) ) ;
#1980 = ORIENTED_EDGE ( 'NONE', *, *, #2013, .T. ) ;
#1981 = CARTESIAN_POINT ( 'NONE',  ( 4.499999999999997335, 4.099999999999999645, -0.2000000000000000111 ) ) ;
#1982 = EDGE_CURVE ( 'NONE', #1870, #1407, #1470, .T. ) ;
#1983 = DIRECTION ( 'NONE',  ( 0.000000000000000000, -1.202665138518110209E-16, 1.000000000000000000 ) ) ;
#1984 = ORIENTED_EDGE ( 'NONE', *, *, #467, .F. ) ;
#1985 = FACE_BOUND ( 'NONE', #1725, .T. ) ;
#1986 = ORIENTED_EDGE ( 'NONE', *, *, #2531, .T. ) ;
#1987 = DIRECTION ( 'NONE',  ( 0.000000000000000000, 0.000000000000000000, -1.000000000000000000 ) ) ;
#1988 = CARTESIAN_POINT ( 'NONE',  ( 0.000000000000000000, 0.1000000000000000056, 0.6999999999999997335 ) ) ;
#1989 = CARTESIAN_POINT ( 'NONE',  ( 1.836970198721030181E-16, 15.09066376115480956, 2.200000000000000178 ) ) ;
#1990 = FACE_OUTER_BOUND ( 'NONE', #1462, .T. ) ;
#1991 = DIRECTION ( 'NONE',  ( 0.000000000000000000, 0.000000000000000000, -1.000000000000000000 ) ) ;
#1992 = CARTESIAN_POINT ( 'NONE',  ( -5.999999999999999112, 3.899999999999999911, 5.700000000000000178 ) ) ;
#1993 = CARTESIAN_POINT ( 'NONE',  ( -5.300000000000002487, 0.1000000000000000056, 5.299999999999999822 ) ) ;
#1994 = ORIENTED_EDGE ( 'NONE', *, *, #1316, .F. ) ;
#1995 = VECTOR ( 'NONE', #246, 1000.000000000000000 ) ;
#1996 = ADVANCED_FACE ( 'NONE', ( #1428 ), #456, .F. ) ;
#1997 = DIRECTION ( 'NONE',  ( 0.000000000000000000, -1.000000000000000000, 0.000000000000000000 ) ) ;
#1998 = VERTEX_POINT ( 'NONE', #1858 ) ;
#1999 = CIRCLE ( 'NONE', #1447, 0.9999999999999995559 ) ;
#2000 = CARTESIAN_POINT ( 'NONE',  ( 5.882842712474619873, 3.899999999999999911, -4.951471862576138250 ) ) ;
#2001 = EDGE_CURVE ( 'NONE', #2530, #2448, #46, .T. ) ;
#2002 = AXIS2_PLACEMENT_3D ( 'NONE', #1128, #1894, #1933 ) ;
#2003 = DIRECTION ( 'NONE',  ( 0.000000000000000000, -1.202665138518110209E-16, 1.000000000000000000 ) ) ;
#2004 = VECTOR ( 'NONE', #665, 1000.000000000000000 ) ;
#2005 = FACE_OUTER_BOUND ( 'NONE', #2414, .T. ) ;
#2006 = CARTESIAN_POINT ( 'NONE',  ( 0.000000000000000000, -1.799999999999999600, 0.6999999999999997335 ) ) ;
#2007 = CARTESIAN_POINT ( 'NONE',  ( 4.499999999999997335, 3.999999999999999112, 0.2000000000000000111 ) ) ;
#2008 = DIRECTION ( 'NONE',  ( -0.7071067811865439090, -0.000000000000000000, -0.7071067811865512365 ) ) ;
#2009 = VECTOR ( 'NONE', #560, 1000.000000000000000 ) ;
#2010 = ORIENTED_EDGE ( 'NONE', *, *, #374, .F. ) ;
#2011 = LINE ( 'NONE', #1976, #487 ) ;
#2012 = ORIENTED_EDGE ( 'NONE', *, *, #1123, .F. ) ;
#2013 = EDGE_CURVE ( 'NONE', #1733, #535, #849, .T. ) ;
#2014 = DIRECTION ( 'NONE',  ( 0.000000000000000000, 0.000000000000000000, -1.000000000000000000 ) ) ;
#2015 = EDGE_CURVE ( 'NONE', #1315, #1297, #1453, .T. ) ;
#2016 = VECTOR ( 'NONE', #1490, 999.9999999999998863 ) ;
#2017 = CARTESIAN_POINT ( 'NONE',  ( -3.199999999999998845, 3.999999999999999112, -0.2000000000000000111 ) ) ;
#2018 = FACE_OUTER_BOUND ( 'NONE', #1208, .T. ) ;
#2019 = PLANE ( 'NONE',  #472 ) ;
#2020 = EDGE_LOOP ( 'NONE', ( #1748, #836 ) ) ;
#2021 = DIRECTION ( 'NONE',  ( -1.000000000000000000, 0.000000000000000000, 0.000000000000000000 ) ) ;
#2022 = EDGE_LOOP ( 'NONE', ( #677, #2200, #1974, #1178 ) ) ;
#2023 = CARTESIAN_POINT ( 'NONE',  ( -5.300000000000002487, 0.000000000000000000, 5.299999999999999822 ) ) ;
#2024 = LINE ( 'NONE', #1827, #1995 ) ;
#2025 = FACE_OUTER_BOUND ( 'NONE', #75, .T. ) ;
#2026 = ORIENTED_EDGE ( 'NONE', *, *, #1292, .F. ) ;
#2027 = EDGE_CURVE ( 'NONE', #259, #888, #863, .T. ) ;
#2028 = EDGE_LOOP ( 'NONE', ( #1642, #486, #1790, #43, #1702 ) ) ;
#2029 = CARTESIAN_POINT ( 'NONE',  ( 4.500000000000000888, 4.000000000000000000, 4.500000000000000888 ) ) ;
#2030 = LINE ( 'NONE', #1402, #1972 ) ;
#2031 = PRODUCT_DEFINITION ( 'UNKNOWN', '', #152, #1611 ) ;
#2032 =( BOUNDED_CURVE ( )  B_SPLINE_CURVE ( 3, ( #2568, #2169, #1569, #2375 ),
 .UNSPECIFIED., .F., .T. ) 
 B_SPLINE_CURVE_WITH_KNOTS ( ( 4, 4 ),
 ( 3.141592653589793116, 4.712388980384693227 ),
 .UNSPECIFIED. ) 
 CURVE ( )  GEOMETRIC_REPRESENTATION_ITEM ( )  RATIONAL_B_SPLINE_CURVE ( ( 1.000000000000000000, 0.8047378541243641603, 0.8047378541243641603, 1.000000000000000000 ) ) 
 REPRESENTATION_ITEM ( '' )  );
#2033 = CYLINDRICAL_SURFACE ( 'NONE', #900, 0.8000000000000000444 ) ;
#2034 = CARTESIAN_POINT ( 'NONE',  ( 0.000000000000000000, 0.1000000000000000056, 0.6999999999999997335 ) ) ;
#2035 = ORIENTED_EDGE ( 'NONE', *, *, #1055, .F. ) ;
#2036 = EDGE_CURVE ( 'NONE', #96, #1856, #1440, .T. ) ;
#2037 = UNCERTAINTY_MEASURE_WITH_UNIT (LENGTH_MEASURE( 1.000000000000000082E-05 ), #1460, 'distance_accuracy_value', 'NONE');
#2038 = DIRECTION ( 'NONE',  ( 1.000000000000000000, 0.000000000000000000, 0.000000000000000000 ) ) ;
#2039 = LINE ( 'NONE', #1053, #2461 ) ;
#2040 = EDGE_LOOP ( 'NONE', ( #1323, #2138, #2245, #938 ) ) ;
#2041 = CARTESIAN_POINT ( 'NONE',  ( 0.000000000000000000, 0.2000000000000000111, 0.6999999999999997335 ) ) ;
#2042 = ORIENTED_EDGE ( 'NONE', *, *, #2371, .F. ) ;
#2043 = DIRECTION ( 'NONE',  ( -0.7071067811865517916, 0.000000000000000000, 0.7071067811865432429 ) ) ;
#2044 = CARTESIAN_POINT ( 'NONE',  ( -5.300000000000002487, 0.1000000000000000056, -5.299999999999998934 ) ) ;
#2045 = VECTOR ( 'NONE', #1877, 1000.000000000000000 ) ;
#2046 = AXIS2_PLACEMENT_3D ( 'NONE', #2188, #405, #1795 ) ;
#2047 = CARTESIAN_POINT ( 'NONE',  ( 4.499999999999997335, 3.999999999999999112, 0.2000000000000000111 ) ) ;
#2048 = ORIENTED_EDGE ( 'NONE', *, *, #2177, .F. ) ;
#2049 = VECTOR ( 'NONE', #1384, 1000.000000000000000 ) ;
#2050 = ORIENTED_EDGE ( 'NONE', *, *, #116, .T. ) ;
#2051 = VECTOR ( 'NONE', #1661, 1000.000000000000000 ) ;
#2052 = ADVANCED_FACE ( 'NONE', ( #1057 ), #1659, .F. ) ;
#2053 = DIRECTION ( 'NONE',  ( 0.000000000000000000, -0.000000000000000000, -1.000000000000000000 ) ) ;
#2054 = VERTEX_POINT ( 'NONE', #901 ) ;
#2055 = LINE ( 'NONE', #281, #267 ) ;
#2056 = VECTOR ( 'NONE', #2542, 1000.000000000000000 ) ;
#2057 = VECTOR ( 'NONE', #1063, 1000.000000000000114 ) ;
#2058 = EDGE_LOOP ( 'NONE', ( #2266, #2320, #1044, #1438 ) ) ;
#2059 = CYLINDRICAL_SURFACE ( 'NONE', #1328, 0.1999999999999996503 ) ;
#2060 = CARTESIAN_POINT ( 'NONE',  ( 5.912132034355965793, 3.920335811543929072, 5.912132034355964016 ) ) ;
#2061 = CARTESIAN_POINT ( 'NONE',  ( -5.300000000000002487, 15.09066376115480956, -5.299999999999998934 ) ) ;
#2062 = VECTOR ( 'NONE', #44, 1000.000000000000000 ) ;
#2063 = CARTESIAN_POINT ( 'NONE',  ( -4.499999999999999112, 4.099999999999999645, -0.2000000000000000111 ) ) ;
#2064 = ORIENTED_EDGE ( 'NONE', *, *, #1630, .F. ) ;
#2065 = EDGE_LOOP ( 'NONE', ( #930, #464, #459, #1448, #2207, #1484 ) ) ;
#2066 = ADVANCED_FACE ( 'NONE', ( #1913 ), #2123, .F. ) ;
#2067 = LINE ( 'NONE', #495, #235 ) ;
#2068 = ADVANCED_FACE ( 'NONE', ( #1522 ), #146, .F. ) ;
#2069 = DIRECTION ( 'NONE',  ( -1.000000000000000000, -0.000000000000000000, -0.000000000000000000 ) ) ;
#2070 = ORIENTED_EDGE ( 'NONE', *, *, #1179, .T. ) ;
#2071 = CARTESIAN_POINT ( 'NONE',  ( 9.797174393178826150E-17, 0.000000000000000000, 1.499999999999999778 ) ) ;
#2072 = EDGE_CURVE ( 'NONE', #1856, #1268, #2324, .T. ) ;
#2073 = ORIENTED_EDGE ( 'NONE', *, *, #1591, .F. ) ;
#2074 = PLANE ( 'NONE',  #2548 ) ;
#2075 = CARTESIAN_POINT ( 'NONE',  ( -5.912132034355964016, 0.1796641884560708224, -5.912132034355964905 ) ) ;
#2076 = ORIENTED_EDGE ( 'NONE', *, *, #1510, .F. ) ;
#2077 = ORIENTED_EDGE ( 'NONE', *, *, #1943, .F. ) ;
#2078 = LINE ( 'NONE', #33, #326 ) ;
#2079 = ORIENTED_EDGE ( 'NONE', *, *, #428, .T. ) ;
#2080 = DIRECTION ( 'NONE',  ( 0.000000000000000000, 0.000000000000000000, 1.000000000000000000 ) ) ;
#2081 = ORIENTED_EDGE ( 'NONE', *, *, #1324, .T. ) ;
#2082 = ORIENTED_EDGE ( 'NONE', *, *, #1703, .F. ) ;
#2083 = CIRCLE ( 'NONE', #964, 0.8000000000000000444 ) ;
#2084 = CARTESIAN_POINT ( 'NONE',  ( 5.992059791502667210, 0.2004308375684094035, 5.779152310603575593 ) ) ;
#2085 = EDGE_CURVE ( 'NONE', #492, #1549, #732, .T. ) ;
#2086 = FACE_OUTER_BOUND ( 'NONE', #1310, .T. ) ;
#2087 = VECTOR ( 'NONE', #375, 1000.000000000000000 ) ;
#2088 = EDGE_LOOP ( 'NONE', ( #2535, #791, #2096, #255 ) ) ;
#2089 = ORIENTED_EDGE ( 'NONE', *, *, #2331, .T. ) ;
#2090 = UNCERTAINTY_MEASURE_WITH_UNIT (LENGTH_MEASURE( 1.000000000000000082E-05 ), #1904, 'distance_accuracy_value', 'NONE');
#2091 = LINE ( 'NONE', #2106, #282 ) ;
#2092 = DIRECTION ( 'NONE',  ( 0.000000000000000000, 1.000000000000000000, 0.000000000000000000 ) ) ;
#2093 = DIRECTION ( 'NONE',  ( 8.068481283613054808E-16, 0.000000000000000000, 1.000000000000000000 ) ) ;
#2094 = EDGE_LOOP ( 'NONE', ( #885, #1909, #1656, #1635 ) ) ;
#2095 = PRESENTATION_LAYER_ASSIGNMENT (  '', '', ( #1764 ) ) ;
#2096 = ORIENTED_EDGE ( 'NONE', *, *, #2136, .F. ) ;
#2097 = EDGE_CURVE ( 'NONE', #1152, #1489, #1755, .T. ) ;
#2098 = CARTESIAN_POINT ( 'NONE',  ( 0.000000000000000000, 0.2000000000000000111, 0.6999999999999997335 ) ) ;
#2099 = STYLED_ITEM ( 'NONE', ( #79 ), #2491 ) ;
#2100 = EDGE_CURVE ( 'NONE', #1608, #974, #169, .T. ) ;
#2101 = DIRECTION ( 'NONE',  ( 1.224646799147353207E-16, 0.000000000000000000, -1.000000000000000000 ) ) ;
#2102 = ORIENTED_EDGE ( 'NONE', *, *, #604, .F. ) ;
#2103 = LINE ( 'NONE', #727, #2056 ) ;
#2104 = ORIENTED_EDGE ( 'NONE', *, *, #908, .T. ) ;
#2105 = VECTOR ( 'NONE', #1842, 1000.000000000000000 ) ;
#2106 = CARTESIAN_POINT ( 'NONE',  ( -5.300000000000002487, 0.09999999999999939493, -5.299999999999998934 ) ) ;
#2107 = CARTESIAN_POINT ( 'NONE',  ( -5.799999999999999822, 4.099999999999999645, 5.800000000000000711 ) ) ;
#2108 = VECTOR ( 'NONE', #946, 1000.000000000000000 ) ;
#2109 = DIRECTION ( 'NONE',  ( -1.000000000000000000, 0.000000000000000000, 8.068481283613054808E-16 ) ) ;
#2110 = ORIENTED_EDGE ( 'NONE', *, *, #2304, .T. ) ;
#2111 = LINE ( 'NONE', #1720, #1580 ) ;
#2112 = ADVANCED_FACE ( 'NONE', ( #1743, #117 ), #1715, .T. ) ;
#2113 = FILL_AREA_STYLE_COLOUR ( '', #1418 ) ;
#2114 = FACE_OUTER_BOUND ( 'NONE', #236, .T. ) ;
#2115 = ORIENTED_EDGE ( 'NONE', *, *, #312, .T. ) ;
#2116 = FILL_AREA_STYLE ('',( #166 ) ) ;
#2117 = ORIENTED_EDGE ( 'NONE', *, *, #1261, .F. ) ;
#2118 = EDGE_CURVE ( 'NONE', #2326, #2550, #547, .T. ) ;
#2119 = CARTESIAN_POINT ( 'NONE',  ( 5.300000000000001599, 0.000000000000000000, -5.299999999999998934 ) ) ;
#2120 = DIRECTION ( 'NONE',  ( 0.000000000000000000, -1.000000000000000000, 0.000000000000000000 ) ) ;
#2121 = ORIENTED_EDGE ( 'NONE', *, *, #1411, .T. ) ;
#2122 = DIRECTION ( 'NONE',  ( 0.000000000000000000, 0.000000000000000000, -1.000000000000000000 ) ) ;
#2123 = PLANE ( 'NONE',  #1211 ) ;
#2124 = EDGE_LOOP ( 'NONE', ( #123, #2128 ) ) ;
#2125 = LINE ( 'NONE', #1084, #2466 ) ;
#2126 = PLANE ( 'NONE',  #2002 ) ;
#2127 =( LENGTH_UNIT ( ) NAMED_UNIT ( * ) SI_UNIT ( .MILLI., .METRE. ) );
#2128 = ORIENTED_EDGE ( 'NONE', *, *, #2547, .F. ) ;
#2129 = VECTOR ( 'NONE', #1644, 1000.000000000000000 ) ;
#2130 = LINE ( 'NONE', #1727, #1143 ) ;
#2131 = CARTESIAN_POINT ( 'NONE',  ( -5.799999999999999822, 0.000000000000000000, 5.800000000000000711 ) ) ;
#2132 = ADVANCED_FACE ( 'NONE', ( #923 ), #320, .F. ) ;
#2133 = FACE_OUTER_BOUND ( 'NONE', #206, .T. ) ;
#2134 = VECTOR ( 'NONE', #1049, 1000.000000000000000 ) ;
#2135 = ORIENTED_EDGE ( 'NONE', *, *, #2368, .T. ) ;
#2136 = EDGE_CURVE ( 'NONE', #2220, #555, #346, .T. ) ;
#2137 = CIRCLE ( 'NONE', #354, 0.4741555202593787377 ) ;
#2138 = ORIENTED_EDGE ( 'NONE', *, *, #1273, .T. ) ;
#2139 = CARTESIAN_POINT ( 'NONE',  ( 3.500000000000011102, 3.999999999999999112, -4.500000000000000888 ) ) ;
#2140 = VECTOR ( 'NONE', #2008, 999.9999999999998863 ) ;
#2141 = EDGE_LOOP ( 'NONE', ( #1340, #707, #283, #1709 ) ) ;
#2142 = DIRECTION ( 'NONE',  ( 1.109906930436757903E-16, -0.4226182617406932795, 0.9063077870366528233 ) ) ;
#2143 = VERTEX_POINT ( 'NONE', #1322 ) ;
#2144 = CARTESIAN_POINT ( 'NONE',  ( 0.000000000000000000, 0.000000000000000000, -0.8000000000000004885 ) ) ;
#2145 = VECTOR ( 'NONE', #1502, 1000.000000000000114 ) ;
#2146 = FACE_OUTER_BOUND ( 'NONE', #2028, .T. ) ;
#2147 = FACE_OUTER_BOUND ( 'NONE', #1890, .T. ) ;
#2148 = DIRECTION ( 'NONE',  ( 0.000000000000000000, -1.000000000000000000, 0.000000000000000000 ) ) ;
#2149 = EDGE_CURVE ( 'NONE', #57, #500, #1137, .T. ) ;
#2150 = DIRECTION ( 'NONE',  ( -1.000000000000000000, 0.000000000000000000, -0.000000000000000000 ) ) ;
#2151 = VERTEX_POINT ( 'NONE', #2498 ) ;
#2152 = CIRCLE ( 'NONE', #1018, 1.500000000000000222 ) ;
#2153 = VERTEX_POINT ( 'NONE', #129 ) ;
#2154 = EDGE_CURVE ( 'NONE', #2054, #742, #716, .T. ) ;
#2155 = CARTESIAN_POINT ( 'NONE',  ( 3.199999999999997069, 4.099999999999999645, 0.2000000000000000111 ) ) ;
#2156 = EDGE_CURVE ( 'NONE', #2499, #917, #534, .T. ) ;
#2157 = ORIENTED_EDGE ( 'NONE', *, *, #74, .F. ) ;
#2158 = DIRECTION ( 'NONE',  ( -0.000000000000000000, -1.000000000000000000, -0.000000000000000000 ) ) ;
#2159 = DIRECTION ( 'NONE',  ( -1.000000000000000000, -0.000000000000000000, -0.000000000000000000 ) ) ;
#2160 = DIRECTION ( 'NONE',  ( 0.000000000000000000, 0.000000000000000000, -1.000000000000000000 ) ) ;
#2161 = LINE ( 'NONE', #1926, #1410 ) ;
#2162 = CARTESIAN_POINT ( 'NONE',  ( 6.000000000000000888, 3.899999999999999911, 5.700000000000000178 ) ) ;
#2163 = VERTEX_POINT ( 'NONE', #2338 ) ;
#2164 = CARTESIAN_POINT ( 'NONE',  ( 6.141421356237308338, 0.000000000000000000, -4.858578643762685445 ) ) ;
#2165 = CYLINDRICAL_SURFACE ( 'NONE', #1365, 1.500000000000000222 ) ;
#2166 = ADVANCED_FACE ( 'NONE', ( #1150 ), #1952, .F. ) ;
#2167 = ORIENTED_EDGE ( 'NONE', *, *, #2486, .F. ) ;
#2168 = LINE ( 'NONE', #1368, #197 ) ;
#2169 = CARTESIAN_POINT ( 'NONE',  ( 5.800000000000001599, 0.1171572875253811818, -4.917157287525376397 ) ) ;
#2170 = CARTESIAN_POINT ( 'NONE',  ( -5.999999999999999112, 4.099999999999999645, -5.700000000000000178 ) ) ;
#2171 = VERTEX_POINT ( 'NONE', #2162 ) ;
#2172 = VERTEX_POINT ( 'NONE', #1769 ) ;
#2173 = VECTOR ( 'NONE', #614, 1000.000000000000000 ) ;
#2174 = PLANE ( 'NONE',  #1342 ) ;
#2175 = VECTOR ( 'NONE', #2538, 1000.000000000000000 ) ;
#2176 = DIRECTION ( 'NONE',  ( 0.000000000000000000, 0.000000000000000000, 1.000000000000000000 ) ) ;
#2177 = EDGE_CURVE ( 'NONE', #918, #2473, #2571, .T. ) ;
#2178 = DIRECTION ( 'NONE',  ( 1.000000000000000000, 0.000000000000000000, -0.000000000000000000 ) ) ;
#2179 = CARTESIAN_POINT ( 'NONE',  ( 4.499999999999997335, 4.099999999999999645, 0.2000000000000000111 ) ) ;
#2180 = ADVANCED_FACE ( 'NONE', ( #2378 ), #1789, .F. ) ;
#2181 = DIRECTION ( 'NONE',  ( 0.000000000000000000, 1.000000000000000000, -0.000000000000000000 ) ) ;
#2182 = DIRECTION ( 'NONE',  ( -1.000000000000000000, 0.000000000000000000, -0.000000000000000000 ) ) ;
#2183 = FACE_OUTER_BOUND ( 'NONE', #883, .T. ) ;
#2184 = ORIENTED_EDGE ( 'NONE', *, *, #341, .T. ) ;
#2185 = VECTOR ( 'NONE', #1161, 1000.000000000000000 ) ;
#2186 = DIRECTION ( 'NONE',  ( -1.000000000000000000, 0.000000000000000000, -0.000000000000000000 ) ) ;
#2187 = VECTOR ( 'NONE', #301, 1000.000000000000000 ) ;
#2188 = CARTESIAN_POINT ( 'NONE',  ( 5.300000000000001599, 0.1000000000000000056, -5.299999999999998934 ) ) ;
#2189 = CARTESIAN_POINT ( 'NONE',  ( 5.300000000000001599, 0.1000000000000000056, 5.299999999999999822 ) ) ;
#2190 = DIRECTION ( 'NONE',  ( 0.000000000000000000, 1.000000000000000000, 0.000000000000000000 ) ) ;
#2191 = ORIENTED_EDGE ( 'NONE', *, *, #1353, .T. ) ;
#2192 = CARTESIAN_POINT ( 'NONE',  ( 0.000000000000000000, 0.000000000000000000, 0.6999999999999997335 ) ) ;
#2193 = ORIENTED_EDGE ( 'NONE', *, *, #2408, .F. ) ;
#2194 = CARTESIAN_POINT ( 'NONE',  ( -5.779152310603576481, 3.899569162431589131, -5.992059791502665433 ) ) ;
#2195 = ORIENTED_EDGE ( 'NONE', *, *, #1076, .F. ) ;
#2196 = CARTESIAN_POINT ( 'NONE',  ( 0.000000000000000000, 15.09066376115480956, -0.8000000000000004885 ) ) ;
#2197 = DIRECTION ( 'NONE',  ( -0.000000000000000000, -0.000000000000000000, 1.000000000000000000 ) ) ;
#2198 = CARTESIAN_POINT ( 'NONE',  ( 5.841581710012961004, 0.1451602980101315554, 5.841581710012959228 ) ) ;
#2199 = CARTESIAN_POINT ( 'NONE',  ( 0.000000000000000000, 0.2000000000000000111, 0.6999999999999997335 ) ) ;
#2200 = ORIENTED_EDGE ( 'NONE', *, *, #2570, .F. ) ;
#2201 = CARTESIAN_POINT ( 'NONE',  ( 5.912132034355965793, 0.1796641884560704061, 5.912132034355964016 ) ) ;
#2202 = EDGE_CURVE ( 'NONE', #2220, #678, #1439, .T. ) ;
#2203 = CARTESIAN_POINT ( 'NONE',  ( 3.199999999999997069, 4.099999999999999645, 0.2000000000000000111 ) ) ;
#2204 = VERTEX_POINT ( 'NONE', #859 ) ;
#2205 = EDGE_CURVE ( 'NONE', #2530, #1489, #671, .T. ) ;
#2206 = DIRECTION ( 'NONE',  ( 1.000000000000000000, 0.000000000000000000, -0.000000000000000000 ) ) ;
#2207 = ORIENTED_EDGE ( 'NONE', *, *, #1653, .T. ) ;
#2208 = VECTOR ( 'NONE', #668, 1000.000000000000000 ) ;
#2209 = CARTESIAN_POINT ( 'NONE',  ( -5.841581710012958339, 3.954839701989868228, -5.841581710012958339 ) ) ;
#2210 = DIRECTION ( 'NONE',  ( -0.000000000000000000, 1.000000000000000000, -0.000000000000000000 ) ) ;
#2211 = LINE ( 'NONE', #1048, #484 ) ;
#2212 = CARTESIAN_POINT ( 'NONE',  ( -4.499999999999999112, 3.999999999999999112, -0.2000000000000000111 ) ) ;
#2213 = ORIENTED_EDGE ( 'NONE', *, *, #1179, .F. ) ;
#2214 = CARTESIAN_POINT ( 'NONE',  ( 6.000000000000000888, 4.099999999999999645, 6.000000000000000000 ) ) ;
#2215 = VERTEX_POINT ( 'NONE', #2023 ) ;
#2216 = CARTESIAN_POINT ( 'NONE',  ( -5.999999999999999112, 0.1999999999999997613, -5.700000000000000178 ) ) ;
#2217 = EDGE_CURVE ( 'NONE', #1533, #130, #454, .T. ) ;
#2218 =( GEOMETRIC_REPRESENTATION_CONTEXT ( 3 ) GLOBAL_UNCERTAINTY_ASSIGNED_CONTEXT ( ( #1019 ) ) GLOBAL_UNIT_ASSIGNED_CONTEXT ( ( #1786, #1556, #1581 ) ) REPRESENTATION_CONTEXT ( 'NONE', 'WORKASPACE' ) );
#2219 = CARTESIAN_POINT ( 'NONE',  ( -5.300000000000002487, 0.1000000000000000056, 5.299999999999999822 ) ) ;
#2220 = VERTEX_POINT ( 'NONE', #884 ) ;
#2221 = CARTESIAN_POINT ( 'NONE',  ( 0.000000000000000000, 0.2000000000000000111, 0.6999999999999997335 ) ) ;
#2222 = ORIENTED_EDGE ( 'NONE', *, *, #58, .F. ) ;
#2223 = DIRECTION ( 'NONE',  ( 0.000000000000000000, 0.000000000000000000, 1.000000000000000000 ) ) ;
#2224 = VECTOR ( 'NONE', #704, 1000.000000000000000 ) ;
#2225 = DIRECTION ( 'NONE',  ( -0.000000000000000000, -1.000000000000000000, -0.000000000000000000 ) ) ;
#2226 = ADVANCED_FACE ( 'NONE', ( #273 ), #2242, .T. ) ;
#2227 = DIRECTION ( 'NONE',  ( 0.000000000000000000, 1.000000000000000000, 0.000000000000000000 ) ) ;
#2228 = CARTESIAN_POINT ( 'NONE',  ( -5.799999999999999822, 0.07853576714343994680, -5.800000000000000711 ) ) ;
#2229 = VERTEX_POINT ( 'NONE', #1042 ) ;
#2230 =( BOUNDED_CURVE ( )  B_SPLINE_CURVE ( 3, ( #2398, #211, #2198, #385 ),
 .UNSPECIFIED., .F., .T. ) 
 B_SPLINE_CURVE_WITH_KNOTS ( ( 4, 4 ),
 ( 3.141592653589793116, 4.257525334403037931 ),
 .UNSPECIFIED. ) 
 CURVE ( )  GEOMETRIC_REPRESENTATION_ITEM ( )  RATIONAL_B_SPLINE_CURVE ( ( 1.000000000000000000, 0.8988890734333170318, 0.8988890734333170318, 1.000000000000000000 ) ) 
 REPRESENTATION_ITEM ( '' )  );
#2231 = CARTESIAN_POINT ( 'NONE',  ( -4.500000000000002665, 4.099999999999999645, -4.500000000000000888 ) ) ;
#2232 = ORIENTED_EDGE ( 'NONE', *, *, #2118, .F. ) ;
#2233 = EDGE_LOOP ( 'NONE', ( #2222, #1449, #2427, #111 ) ) ;
#2234 = EDGE_CURVE ( 'NONE', #1471, #1152, #468, .T. ) ;
#2235 = CARTESIAN_POINT ( 'NONE',  ( -5.999999999999999112, 0.000000000000000000, -6.319999999999999396 ) ) ;
#2236 = B_SPLINE_CURVE_WITH_KNOTS ( 'NONE', 3,
 ( #1515, #2506, #2330, #2291, #907, #945 ),
 .UNSPECIFIED., .F., .F.,
 ( 4, 2, 4 ),
 ( 0.000000000000000000, 0.0001180112493637314381, 0.0002360224987274628762 ),
 .UNSPECIFIED. ) ;
#2237 = FACE_OUTER_BOUND ( 'NONE', #552, .T. ) ;
#2238 = EDGE_CURVE ( 'NONE', #1935, #1914, #2152, .T. ) ;
#2239 = LINE ( 'NONE', #2061, #2308 ) ;
#2240 = ORIENTED_EDGE ( 'NONE', *, *, #2402, .T. ) ;
#2241 = ORIENTED_EDGE ( 'NONE', *, *, #198, .T. ) ;
#2242 = PLANE ( 'NONE',  #489 ) ;
#2243 = LINE ( 'NONE', #705, #8 ) ;
#2244 = CARTESIAN_POINT ( 'NONE',  ( -4.500000000000002665, 4.000000000000000000, -4.500000000000000888 ) ) ;
#2245 = ORIENTED_EDGE ( 'NONE', *, *, #58, .T. ) ;
#2246 = LINE ( 'NONE', #2196, #1840 ) ;
#2247 = AXIS2_PLACEMENT_3D ( 'NONE', #2430, #899, #690 ) ;
#2248 = AXIS2_PLACEMENT_3D ( 'NONE', #2199, #798, #821 ) ;
#2249 = VERTEX_POINT ( 'NONE', #1657 ) ;
#2250 = CYLINDRICAL_SURFACE ( 'NONE', #765, 0.8000000000000000444 ) ;
#2251 = CARTESIAN_POINT ( 'NONE',  ( -5.300000000000002487, 0.1000000000000000056, -5.299999999999998934 ) ) ;
#2252 = VECTOR ( 'NONE', #2158, 1000.000000000000000 ) ;
#2253 = EDGE_CURVE ( 'NONE', #2550, #1527, #2067, .T. ) ;
#2254 = CARTESIAN_POINT ( 'NONE',  ( 1.959434878635765230E-16, 4.099999999999999645, -0.8999999999999996891 ) ) ;
#2255 = VECTOR ( 'NONE', #698, 1000.000000000000000 ) ;
#2256 = CARTESIAN_POINT ( 'NONE',  ( -5.779404583374836868, 3.899574250668758069, 5.991976456546221463 ) ) ;
#2257 = ORIENTED_EDGE ( 'NONE', *, *, #1630, .T. ) ;
#2258 = DIRECTION ( 'NONE',  ( 0.000000000000000000, 0.000000000000000000, -1.000000000000000000 ) ) ;
#2259 = EDGE_LOOP ( 'NONE', ( #701, #2488, #891, #777, #2437, #1853 ) ) ;
#2260 = AXIS2_PLACEMENT_3D ( 'NONE', #1430, #237, #37 ) ;
#2261 = CARTESIAN_POINT ( 'NONE',  ( -6.319999999999999396, 3.899999999999999911, 6.000000000000000000 ) ) ;
#2262 = LINE ( 'NONE', #2219, #606 ) ;
#2263 = ORIENTED_EDGE ( 'NONE', *, *, #446, .T. ) ;
#2264 = CARTESIAN_POINT ( 'NONE',  ( 6.141421356237309226, 3.899999999999999911, -4.858578643762686333 ) ) ;
#2265 = VECTOR ( 'NONE', #641, 1000.000000000000000 ) ;
#2266 = ORIENTED_EDGE ( 'NONE', *, *, #1380, .F. ) ;
#2267 = FACE_OUTER_BOUND ( 'NONE', #1694, .T. ) ;
#2268 = AXIS2_PLACEMENT_3D ( 'NONE', #1090, #2532, #729 ) ;
#2269 = FACE_OUTER_BOUND ( 'NONE', #1031, .T. ) ;
#2270 = ORIENTED_EDGE ( 'NONE', *, *, #2118, .T. ) ;
#2271 = CARTESIAN_POINT ( 'NONE',  ( 4.499999999999997335, 4.000000000000000000, -0.2000000000000000111 ) ) ;
#2272 = ORIENTED_EDGE ( 'NONE', *, *, #1666, .F. ) ;
#2273 = CARTESIAN_POINT ( 'NONE',  ( -5.300000000000002487, 15.09066376115480956, 5.299999999999999822 ) ) ;
#2274 = DIRECTION ( 'NONE',  ( 8.068481283613054808E-16, 0.000000000000000000, 1.000000000000000000 ) ) ;
#2275 = FACE_OUTER_BOUND ( 'NONE', #1361, .T. ) ;
#2276 = EDGE_LOOP ( 'NONE', ( #747, #2115, #697, #669, #530, #1303, #2121, #844, #1494, #452, #1866, #2135, #89, #813 ) ) ;
#2277 = EDGE_CURVE ( 'NONE', #917, #1086, #2078, .T. ) ;
#2278 = ORIENTED_EDGE ( 'NONE', *, *, #1599, .F. ) ;
#2279 = CARTESIAN_POINT ( 'NONE',  ( 6.141421356237309226, 0.1999999999999997613, -4.858578643762686333 ) ) ;
#2280 = PLANE ( 'NONE',  #177 ) ;
#2281 = FACE_OUTER_BOUND ( 'NONE', #1670, .T. ) ;
#2282 = ORIENTED_EDGE ( 'NONE', *, *, #2100, .T. ) ;
#2283 = CARTESIAN_POINT ( 'NONE',  ( 3.500000000000011102, 4.099999999999999645, -4.500000000000000888 ) ) ;
#2284 = LINE ( 'NONE', #2261, #1753 ) ;
#2285 = EDGE_CURVE ( 'NONE', #2483, #2537, #1243, .T. ) ;
#2286 = ORIENTED_EDGE ( 'NONE', *, *, #832, .F. ) ;
#2287 = CARTESIAN_POINT ( 'NONE',  ( 0.000000000000000000, 0.1000000000000000056, 0.6999999999999997335 ) ) ;
#2288 = DIRECTION ( 'NONE',  ( -0.000000000000000000, 1.000000000000000000, -0.000000000000000000 ) ) ;
#2289 = VECTOR ( 'NONE', #1154, 1000.000000000000000 ) ;
#2290 = ORIENTED_EDGE ( 'NONE', *, *, #649, .T. ) ;
#2291 = CARTESIAN_POINT ( 'NONE',  ( 5.991976456546223240, 3.899574250668758069, 5.779404583374838644 ) ) ;
#2292 = VERTEX_POINT ( 'NONE', #2428 ) ;
#2293 = CYLINDRICAL_SURFACE ( 'NONE', #1216, 0.4000000000000002998 ) ;
#2294 = PLANE ( 'NONE',  #419 ) ;
#2295 = CARTESIAN_POINT ( 'NONE',  ( -4.500000000000002665, -8.727922061357858752, -4.500000000000000888 ) ) ;
#2296 = VECTOR ( 'NONE', #1939, 1000.000000000000000 ) ;
#2297 =( BOUNDED_CURVE ( )  B_SPLINE_CURVE ( 3, ( #243, #2228, #1446, #2075 ),
 .UNSPECIFIED., .F., .T. ) 
 B_SPLINE_CURVE_WITH_KNOTS ( ( 4, 4 ),
 ( 0.000000000000000000, 1.115932680813249478 ),
 .UNSPECIFIED. ) 
 CURVE ( )  GEOMETRIC_REPRESENTATION_ITEM ( )  RATIONAL_B_SPLINE_CURVE ( ( 1.000000000000000000, 0.8988890734333161436, 0.8988890734333161436, 1.000000000000000000 ) ) 
 REPRESENTATION_ITEM ( '' )  );
#2298 = ORIENTED_EDGE ( 'NONE', *, *, #173, .T. ) ;
#2299 = ADVANCED_FACE ( 'NONE', ( #257 ), #1230, .F. ) ;
#2300 = CARTESIAN_POINT ( 'NONE',  ( -5.799999999999999822, 4.099999999999999645, 5.800000000000000711 ) ) ;
#2301 = EDGE_CURVE ( 'NONE', #2326, #1757, #1867, .T. ) ;
#2302 = VECTOR ( 'NONE', #2440, 1000.000000000000000 ) ;
#2303 = CARTESIAN_POINT ( 'NONE',  ( 9.797174393178826150E-17, 0.000000000000000000, 1.499999999999999778 ) ) ;
#2304 = EDGE_CURVE ( 'NONE', #500, #1441, #238, .T. ) ;
#2305 = AXIS2_PLACEMENT_3D ( 'NONE', #1574, #23, #2206 ) ;
#2306 = ORIENTED_EDGE ( 'NONE', *, *, #1073, .T. ) ;
#2307 = ORIENTED_EDGE ( 'NONE', *, *, #897, .F. ) ;
#2308 = VECTOR ( 'NONE', #1227, 1000.000000000000000 ) ;
#2309 = DIRECTION ( 'NONE',  ( 0.000000000000000000, -1.000000000000000000, 0.000000000000000000 ) ) ;
#2310 = DIRECTION ( 'NONE',  ( 0.000000000000000000, -0.000000000000000000, -1.000000000000000000 ) ) ;
#2311 = CARTESIAN_POINT ( 'NONE',  ( 3.199999999999997069, 3.999999999999999112, 0.2000000000000000111 ) ) ;
#2312 = DIRECTION ( 'NONE',  ( 8.068481283613053822E-16, -0.000000000000000000, 1.000000000000000000 ) ) ;
#2313 = EDGE_LOOP ( 'NONE', ( #1825, #2328, #1372, #324 ) ) ;
#2314 = ORIENTED_EDGE ( 'NONE', *, *, #2277, .F. ) ;
#2315 = DIRECTION ( 'NONE',  ( -1.000000000000000000, 0.000000000000000000, 0.000000000000000000 ) ) ;
#2316 = EDGE_CURVE ( 'NONE', #426, #2220, #745, .T. ) ;
#2317 = CARTESIAN_POINT ( 'NONE',  ( 3.199999999999997069, 3.999999999999999112, -0.2000000000000000111 ) ) ;
#2318 = ORIENTED_EDGE ( 'NONE', *, *, #305, .T. ) ;
#2319 = CARTESIAN_POINT ( 'NONE',  ( 0.000000000000000000, 4.389699835475712852, 0.7000000000000005107 ) ) ;
#2320 = ORIENTED_EDGE ( 'NONE', *, *, #2217, .T. ) ;
#2321 = ADVANCED_FACE ( 'NONE', ( #1332 ), #558, .F. ) ;
#2322 = LINE ( 'NONE', #2119, #1900 ) ;
#2323 = DIRECTION ( 'NONE',  ( 0.000000000000000000, 0.000000000000000000, 1.000000000000000000 ) ) ;
#2324 = LINE ( 'NONE', #2295, #1298 ) ;
#2325 = VERTEX_POINT ( 'NONE', #157 ) ;
#2326 = VERTEX_POINT ( 'NONE', #1116 ) ;
#2327 = DIRECTION ( 'NONE',  ( 0.000000000000000000, 1.000000000000000000, 0.000000000000000000 ) ) ;
#2328 = ORIENTED_EDGE ( 'NONE', *, *, #1241, .T. ) ;
#2329 = PLANE ( 'NONE',  #1041 ) ;
#2330 = CARTESIAN_POINT ( 'NONE',  ( 5.961534000476415684, 3.903136531765805994, 5.852168674940087634 ) ) ;
#2331 = EDGE_CURVE ( 'NONE', #1432, #2151, #2091, .T. ) ;
#2332 = CARTESIAN_POINT ( 'NONE',  ( 4.917157287525379061, 0.000000000000000000, -5.799999999999999822 ) ) ;
#2333 = VECTOR ( 'NONE', #1787, 1000.000000000000000 ) ;
#2334 = CARTESIAN_POINT ( 'NONE',  ( -5.841581710012958339, 3.954839701989868228, 5.841581710012958339 ) ) ;
#2335 = DIRECTION ( 'NONE',  ( -0.000000000000000000, 1.000000000000000000, 1.202665138518110209E-16 ) ) ;
#2336 = ADVANCED_FACE ( 'NONE', ( #543 ), #1937, .F. ) ;
#2337 = AXIS2_PLACEMENT_3D ( 'NONE', #1706, #2480, #2101 ) ;
#2338 = CARTESIAN_POINT ( 'NONE',  ( 5.300000000000000711, 0.09999999999999939493, -5.299999999999998934 ) ) ;
#2339 = ORIENTED_EDGE ( 'NONE', *, *, #1811, .T. ) ;
#2340 = ORIENTED_EDGE ( 'NONE', *, *, #295, .F. ) ;
#2341 = EDGE_LOOP ( 'NONE', ( #1962, #906 ) ) ;
#2342 = CARTESIAN_POINT ( 'NONE',  ( 6.000000000000000888, 3.899999999999999911, 6.319999999999999396 ) ) ;
#2343 = CIRCLE ( 'NONE', #1171, 0.8000000000000000444 ) ;
#2344 = ORIENTED_EDGE ( 'NONE', *, *, #2238, .F. ) ;
#2345 = DIRECTION ( 'NONE',  ( 1.000000000000000000, -0.000000000000000000, -0.000000000000000000 ) ) ;
#2346 = EDGE_LOOP ( 'NONE', ( #380, #321, #2272, #595, #1003 ) ) ;
#2347 = DIRECTION ( 'NONE',  ( 0.000000000000000000, -1.000000000000000000, 0.000000000000000000 ) ) ;
#2348 = PRESENTATION_LAYER_ASSIGNMENT (  '', '', ( #600 ) ) ;
#2349 =( GEOMETRIC_REPRESENTATION_CONTEXT ( 3 ) GLOBAL_UNCERTAINTY_ASSIGNED_CONTEXT ( ( #2090 ) ) GLOBAL_UNIT_ASSIGNED_CONTEXT ( ( #1904, #1513, #893 ) ) REPRESENTATION_CONTEXT ( 'NONE', 'WORKASPACE' ) );
#2350 =( NAMED_UNIT ( * ) SI_UNIT ( $, .STERADIAN. ) SOLID_ANGLE_UNIT ( ) );
#2351 = LINE ( 'NONE', #387, #760 ) ;
#2352 = ORIENTED_EDGE ( 'NONE', *, *, #750, .F. ) ;
#2353 = DIRECTION ( 'NONE',  ( 0.000000000000000000, 1.000000000000000000, 0.000000000000000000 ) ) ;
#2354 = VECTOR ( 'NONE', #1080, 1000.000000000000000 ) ;
#2355 = EDGE_CURVE ( 'NONE', #2143, #2417, #316, .T. ) ;
#2356 = PRODUCT_DEFINITION_SHAPE ( 'NONE', 'NONE',  #2031 ) ;
#2357 = ORIENTED_EDGE ( 'NONE', *, *, #875, .F. ) ;
#2358 = AXIS2_PLACEMENT_3D ( 'NONE', #934, #1924, #531 ) ;
#2359 = EDGE_LOOP ( 'NONE', ( #2102, #2425, #2195, #2432 ) ) ;
#2360 = ADVANCED_FACE ( 'NONE', ( #2146 ), #2509, .F. ) ;
#2361 = CARTESIAN_POINT ( 'NONE',  ( -5.799999999999999822, 4.099999999999999645, -5.800000000000000711 ) ) ;
#2362 = CARTESIAN_POINT ( 'NONE',  ( -5.699999999999999289, 0.1999999999999997613, 6.000000000000000000 ) ) ;
#2363 = CARTESIAN_POINT ( 'NONE',  ( -3.199999999999998845, -8.727922061357858752, 0.2000000000000000111 ) ) ;
#2364 = DIRECTION ( 'NONE',  ( -0.000000000000000000, 1.000000000000000000, 1.202665138518110209E-16 ) ) ;
#2365 = DIRECTION ( 'NONE',  ( -0.000000000000000000, 1.000000000000000000, 1.202665138518110209E-16 ) ) ;
#2366 = ORIENTED_EDGE ( 'NONE', *, *, #256, .T. ) ;
#2367 = ORIENTED_EDGE ( 'NONE', *, *, #433, .F. ) ;
#2368 = EDGE_CURVE ( 'NONE', #1407, #2468, #1317, .T. ) ;
#2369 = CARTESIAN_POINT ( 'NONE',  ( 0.000000000000000000, 4.699999999999998401, 0.7000000000000005107 ) ) ;
#2370 = LINE ( 'NONE', #1590, #2175 ) ;
#2371 = EDGE_CURVE ( 'NONE', #1103, #2204, #920, .T. ) ;
#2372 = DIRECTION ( 'NONE',  ( 1.000000000000000000, -0.000000000000000000, 0.000000000000000000 ) ) ;
#2373 = DIRECTION ( 'NONE',  ( -1.051347561198064810E-15, 0.000000000000000000, 1.000000000000000000 ) ) ;
#2374 = FILL_AREA_STYLE ('',( #2567 ) ) ;
#2375 = CARTESIAN_POINT ( 'NONE',  ( 6.000000000000001776, 0.1999999999999997613, -4.999999999999993783 ) ) ;
#2376 = VERTEX_POINT ( 'NONE', #910 ) ;
#2377 = LINE ( 'NONE', #594, #226 ) ;
#2378 = FACE_OUTER_BOUND ( 'NONE', #574, .T. ) ;
#2379 = ORIENTED_EDGE ( 'NONE', *, *, #1288, .F. ) ;
#2380 = VECTOR ( 'NONE', #1267, 1000.000000000000000 ) ;
#2381 = PLANE ( 'NONE',  #2305 ) ;
#2382 = CIRCLE ( 'NONE', #180, 0.4000000000000002998 ) ;
#2383 = ADVANCED_FACE ( 'NONE', ( #366 ), #1105, .T. ) ;
#2384 = DIRECTION ( 'NONE',  ( -0.7071067811865463515, -0.000000000000000000, -0.7071067811865487940 ) ) ;
#2385 = EDGE_CURVE ( 'NONE', #1934, #2513, #2322, .T. ) ;
#2386 =( BOUNDED_CURVE ( )  B_SPLINE_CURVE ( 3, ( #65, #2209, #460, #448 ),
 .UNSPECIFIED., .F., .T. ) 
 B_SPLINE_CURVE_WITH_KNOTS ( ( 4, 4 ),
 ( 5.167252626366337864, 6.283185307179586232 ),
 .UNSPECIFIED. ) 
 CURVE ( )  GEOMETRIC_REPRESENTATION_ITEM ( )  RATIONAL_B_SPLINE_CURVE ( ( 1.000000000000000000, 0.8988890734333164767, 0.8988890734333164767, 1.000000000000000000 ) ) 
 REPRESENTATION_ITEM ( '' )  );
#2387 = PLANE ( 'NONE',  #1079 ) ;
#2388 = CARTESIAN_POINT ( 'NONE',  ( 5.800000000000002487, 4.021464232856560628, 5.800000000000000711 ) ) ;
#2389 = CARTESIAN_POINT ( 'NONE',  ( -4.500000000000002665, 4.099999999999999645, -4.500000000000000888 ) ) ;
#2390 = CARTESIAN_POINT ( 'NONE',  ( 4.500000000000000888, -8.727922061357858752, -3.500000000000000444 ) ) ;
#2391 = PLANE ( 'NONE',  #1891 ) ;
#2392 = CIRCLE ( 'NONE', #1294, 0.8000000000000000444 ) ;
#2393 = ORIENTED_EDGE ( 'NONE', *, *, #819, .T. ) ;
#2394 = B_SPLINE_CURVE_WITH_KNOTS ( 'NONE', 3,
 ( #1992, #1801, #1030, #1881, #465, #289 ),
 .UNSPECIFIED., .F., .F.,
 ( 4, 2, 4 ),
 ( 0.000000000000000000, 0.0001180749589259558880, 0.0002361499178519117759 ),
 .UNSPECIFIED. ) ;
#2395 = DIRECTION ( 'NONE',  ( 0.000000000000000000, -1.000000000000000000, 0.000000000000000000 ) ) ;
#2396 = ORIENTED_EDGE ( 'NONE', *, *, #2570, .T. ) ;
#2397 = DIRECTION ( 'NONE',  ( 0.000000000000000000, 1.000000000000000000, 0.000000000000000000 ) ) ;
#2398 = CARTESIAN_POINT ( 'NONE',  ( 5.800000000000001599, 0.000000000000000000, 5.800000000000000711 ) ) ;
#2399 = ADVANCED_FACE ( 'NONE', ( #1479 ), #355, .T. ) ;
#2400 = LINE ( 'NONE', #1002, #1669 ) ;
#2401 = CARTESIAN_POINT ( 'NONE',  ( -4.499999999999999112, 4.099999999999999645, -0.2000000000000000111 ) ) ;
#2402 = EDGE_CURVE ( 'NONE', #2151, #2163, #2130, .T. ) ;
#2403 = DIRECTION ( 'NONE',  ( 0.000000000000000000, 0.000000000000000000, -1.000000000000000000 ) ) ;
#2404 = VERTEX_POINT ( 'NONE', #1132 ) ;
#2405 = DIRECTION ( 'NONE',  ( -1.000000000000000000, 0.000000000000000000, -0.000000000000000000 ) ) ;
#2406 = DIRECTION ( 'NONE',  ( -0.000000000000000000, 1.000000000000000000, 1.202665138518110209E-16 ) ) ;
#2407 = DIRECTION ( 'NONE',  ( -0.000000000000000000, -1.000000000000000000, -0.000000000000000000 ) ) ;
#2408 = EDGE_CURVE ( 'NONE', #1608, #2325, #2500, .T. ) ;
#2409 = ORIENTED_EDGE ( 'NONE', *, *, #1649, .T. ) ;
#2410 = CARTESIAN_POINT ( 'NONE',  ( 3.500000000000011102, 3.999999999999999112, -4.500000000000000888 ) ) ;
#2411 = VERTEX_POINT ( 'NONE', #714 ) ;
#2412 =( BOUNDED_CURVE ( )  B_SPLINE_CURVE ( 3, ( #2131, #935, #1950, #960 ),
 .UNSPECIFIED., .F., .T. ) 
 B_SPLINE_CURVE_WITH_KNOTS ( ( 4, 4 ),
 ( 0.000000000000000000, 1.115932680813249478 ),
 .UNSPECIFIED. ) 
 CURVE ( )  GEOMETRIC_REPRESENTATION_ITEM ( )  RATIONAL_B_SPLINE_CURVE ( ( 1.000000000000000000, 0.8988890734333161436, 0.8988890734333161436, 1.000000000000000000 ) ) 
 REPRESENTATION_ITEM ( '' )  );
#2413 = CARTESIAN_POINT ( 'NONE',  ( -4.499999999999999112, 3.999999999999999112, 3.499999999999992006 ) ) ;
#2414 = EDGE_LOOP ( 'NONE', ( #2081, #1122 ) ) ;
#2415 = ADVANCED_FACE ( 'NONE', ( #2522 ), #2293, .T. ) ;
#2416 = LINE ( 'NONE', #182, #280 ) ;
#2417 = VERTEX_POINT ( 'NONE', #2389 ) ;
#2418 = EDGE_CURVE ( 'NONE', #1914, #1935, #2563, .T. ) ;
#2419 = LINE ( 'NONE', #638, #2551 ) ;
#2420 = VECTOR ( 'NONE', #2014, 1000.000000000000000 ) ;
#2421 = DIRECTION ( 'NONE',  ( -0.000000000000000000, 1.000000000000000000, 1.202665138518110209E-16 ) ) ;
#2422 = DIRECTION ( 'NONE',  ( -1.000000000000000000, 0.000000000000000000, -0.000000000000000000 ) ) ;
#2423 = CARTESIAN_POINT ( 'NONE',  ( -5.300000000000002487, 0.000000000000000000, -5.299999999999998934 ) ) ;
#2424 = CARTESIAN_POINT ( 'NONE',  ( -5.912132034355964016, 3.920335811543929072, 5.912132034355964905 ) ) ;
#2425 = ORIENTED_EDGE ( 'NONE', *, *, #1499, .T. ) ;
#2426 = LINE ( 'NONE', #686, #1676 ) ;
#2427 = ORIENTED_EDGE ( 'NONE', *, *, #1389, .T. ) ;
#2428 = CARTESIAN_POINT ( 'NONE',  ( -4.499999999999999112, 4.000000000000000000, 0.2000000000000000111 ) ) ;
#2429 = MANIFOLD_SOLID_BREP ( 'Boss-Extrude4', #1960 ) ;
#2430 = CARTESIAN_POINT ( 'NONE',  ( -4.499999999999999112, -8.727922061357858752, 0.2000000000000000111 ) ) ;
#2431 = CARTESIAN_POINT ( 'NONE',  ( -5.300000000000002487, 0.1000000000000000056, -5.299999999999998934 ) ) ;
#2432 = ORIENTED_EDGE ( 'NONE', *, *, #1561, .F. ) ;
#2433 = VECTOR ( 'NONE', #2210, 1000.000000000000000 ) ;
#2434 = MANIFOLD_SOLID_BREP ( 'Cut-Extrude3', #587 ) ;
#2435 = EDGE_CURVE ( 'NONE', #1794, #1934, #1190, .T. ) ;
#2436 = AXIS2_PLACEMENT_3D ( 'NONE', #949, #2109, #2093 ) ;
#2437 = ORIENTED_EDGE ( 'NONE', *, *, #862, .F. ) ;
#2438 = CARTESIAN_POINT ( 'NONE',  ( 3.500000000000011102, -8.727922061357858752, -4.500000000000000888 ) ) ;
#2439 = VECTOR ( 'NONE', #2364, 1000.000000000000000 ) ;
#2440 = DIRECTION ( 'NONE',  ( -8.068481283613054808E-16, -0.000000000000000000, -1.000000000000000000 ) ) ;
#2441 = FILL_AREA_STYLE_COLOUR ( '', #1139 ) ;
#2442 = FACE_OUTER_BOUND ( 'NONE', #1546, .T. ) ;
#2443 = ORIENTED_EDGE ( 'NONE', *, *, #1393, .T. ) ;
#2444 = CARTESIAN_POINT ( 'NONE',  ( -5.852168674940085857, 0.1968634682341936781, -5.961534000476413908 ) ) ;
#2445 = DIRECTION ( 'NONE',  ( 1.051347561198064810E-15, 0.000000000000000000, -1.000000000000000000 ) ) ;
#2446 = ORIENTED_EDGE ( 'NONE', *, *, #372, .T. ) ;
#2447 = EDGE_CURVE ( 'NONE', #1140, #97, #807, .T. ) ;
#2448 = VERTEX_POINT ( 'NONE', #408 ) ;
#2449 = FACE_OUTER_BOUND ( 'NONE', #800, .T. ) ;
#2450 = EDGE_CURVE ( 'NONE', #402, #2325, #1765, .T. ) ;
#2451 = CARTESIAN_POINT ( 'NONE',  ( 5.700000000000000178, 3.899999999999999911, 6.000000000000000000 ) ) ;
#2452 = DIRECTION ( 'NONE',  ( 0.000000000000000000, -1.000000000000000000, 0.000000000000000000 ) ) ;
#2453 = LINE ( 'NONE', #2467, #1403 ) ;
#2454 = ORIENTED_EDGE ( 'NONE', *, *, #2355, .T. ) ;
#2455 = DIRECTION ( 'NONE',  ( 0.7071067811865431318, 0.000000000000000000, 0.7071067811865517916 ) ) ;
#2456 = PLANE ( 'NONE',  #2247 ) ;
#2457 = DIRECTION ( 'NONE',  ( 0.000000000000000000, 0.000000000000000000, -1.000000000000000000 ) ) ;
#2458 = ORIENTED_EDGE ( 'NONE', *, *, #2543, .F. ) ;
#2459 = CARTESIAN_POINT ( 'NONE',  ( -4.499999999999999112, 4.099999999999999645, 0.2000000000000000111 ) ) ;
#2460 = ORIENTED_EDGE ( 'NONE', *, *, #108, .T. ) ;
#2461 = VECTOR ( 'NONE', #1658, 1000.000000000000000 ) ;
#2462 = ORIENTED_EDGE ( 'NONE', *, *, #954, .F. ) ;
#2463 = CARTESIAN_POINT ( 'NONE',  ( 5.199999999999997513, 0.000000000000000000, -6.000000000000000000 ) ) ;
#2464 = CARTESIAN_POINT ( 'NONE',  ( 4.500000000000000888, -8.727922061357858752, 4.500000000000000888 ) ) ;
#2465 = AXIS2_PLACEMENT_3D ( 'NONE', #751, #110, #1112 ) ;
#2466 = VECTOR ( 'NONE', #2327, 1000.000000000000000 ) ;
#2467 = CARTESIAN_POINT ( 'NONE',  ( -4.499999999999999112, 4.099999999999999645, 0.2000000000000000111 ) ) ;
#2468 = VERTEX_POINT ( 'NONE', #592 ) ;
#2469 = ORIENTED_EDGE ( 'NONE', *, *, #341, .F. ) ;
#2470 = ADVANCED_FACE ( 'NONE', ( #1990 ), #1387, .F. ) ;
#2471 = CIRCLE ( 'NONE', #1334, 1.600000000000000311 ) ;
#2472 = CARTESIAN_POINT ( 'NONE',  ( 4.499999999999997335, -8.727922061357858752, -0.2000000000000000111 ) ) ;
#2473 = VERTEX_POINT ( 'NONE', #786 ) ;
#2474 = TOROIDAL_SURFACE ( 'NONE', #1548, 0.4741555202593786267, 1.244254040454276788 ) ;
#2475 = VERTEX_POINT ( 'NONE', #580 ) ;
#2476 = LINE ( 'NONE', #737, #2255 ) ;
#2477 = CIRCLE ( 'NONE', #648, 0.4741555202593787377 ) ;
#2478 = DIRECTION ( 'NONE',  ( 0.000000000000000000, 0.000000000000000000, 1.000000000000000000 ) ) ;
#2479 = AXIS2_PLACEMENT_3D ( 'NONE', #1898, #2309, #1529 ) ;
#2480 = DIRECTION ( 'NONE',  ( 1.000000000000000000, -1.472840012332311703E-32, 1.224646799147353207E-16 ) ) ;
#2481 = ORIENTED_EDGE ( 'NONE', *, *, #2136, .T. ) ;
#2482 = EDGE_CURVE ( 'NONE', #57, #156, #2168, .T. ) ;
#2483 = VERTEX_POINT ( 'NONE', #1027 ) ;
#2484 = DIRECTION ( 'NONE',  ( 0.000000000000000000, 0.000000000000000000, 1.000000000000000000 ) ) ;
#2485 = ORIENTED_EDGE ( 'NONE', *, *, #525, .F. ) ;
#2486 = EDGE_CURVE ( 'NONE', #2151, #1794, #2239, .T. ) ;
#2487 = DIRECTION ( 'NONE',  ( -1.000000000000000000, 0.000000000000000000, 0.000000000000000000 ) ) ;
#2488 = ORIENTED_EDGE ( 'NONE', *, *, #1923, .F. ) ;
#2489 = EDGE_LOOP ( 'NONE', ( #528, #2314, #124, #955, #1058 ) ) ;
#2490 = DIRECTION ( 'NONE',  ( -0.7071067811865431318, 0.000000000000000000, -0.7071067811865517916 ) ) ;
#2491 = MANIFOLD_SOLID_BREP ( 'Boss-Extrude2', #258 ) ;
#2492 = LINE ( 'NONE', #1681, #1326 ) ;
#2493 = ORIENTED_EDGE ( 'NONE', *, *, #2285, .T. ) ;
#2494 = EDGE_LOOP ( 'NONE', ( #1562, #99, #505, #622 ) ) ;
#2495 = EDGE_CURVE ( 'NONE', #328, #1432, #1654, .T. ) ;
#2496 = CARTESIAN_POINT ( 'NONE',  ( 4.999999999999998224, 0.1999999999999996503, -6.000000000000000000 ) ) ;
#2497 = FACE_OUTER_BOUND ( 'NONE', #2489, .T. ) ;
#2498 = CARTESIAN_POINT ( 'NONE',  ( -5.300000000000002487, 0.09999999999999939493, -5.299999999999998934 ) ) ;
#2499 = VERTEX_POINT ( 'NONE', #657 ) ;
#2500 =( BOUNDED_CURVE ( )  B_SPLINE_CURVE ( 3, ( #2332, #141, #1698, #2496 ),
 .UNSPECIFIED., .F., .T. ) 
 B_SPLINE_CURVE_WITH_KNOTS ( ( 4, 4 ),
 ( 3.141592653589793116, 4.712388980384695003 ),
 .UNSPECIFIED. ) 
 CURVE ( )  GEOMETRIC_REPRESENTATION_ITEM ( )  RATIONAL_B_SPLINE_CURVE ( ( 1.000000000000000000, 0.8047378541243637162, 0.8047378541243637162, 1.000000000000000000 ) ) 
 REPRESENTATION_ITEM ( '' )  );
#2501 = EDGE_CURVE ( 'NONE', #438, #703, #880, .T. ) ;
#2502 = ORIENTED_EDGE ( 'NONE', *, *, #2177, .T. ) ;
#2503 = CARTESIAN_POINT ( 'NONE',  ( -4.499999999999999112, 4.099999999999999645, 0.2000000000000000111 ) ) ;
#2504 = FACE_OUTER_BOUND ( 'NONE', #2562, .T. ) ;
#2505 = EDGE_LOOP ( 'NONE', ( #1095, #1523, #1454, #2458 ) ) ;
#2506 = CARTESIAN_POINT ( 'NONE',  ( 5.938862575158928792, 3.907262765317493169, 5.885401493552998353 ) ) ;
#2507 = ORIENTED_EDGE ( 'NONE', *, *, #446, .F. ) ;
#2508 = VECTOR ( 'NONE', #1153, 1000.000000000000000 ) ;
#2509 = CYLINDRICAL_SURFACE ( 'NONE', #1688, 0.1999999999999996503 ) ;
#2510 = CARTESIAN_POINT ( 'NONE',  ( -5.300000000000002487, 0.000000000000000000, -5.299999999999998934 ) ) ;
#2511 = DIRECTION ( 'NONE',  ( 0.000000000000000000, -1.000000000000000000, 0.000000000000000000 ) ) ;
#2512 = CARTESIAN_POINT ( 'NONE',  ( -4.499999999999999112, 3.999999999999999112, 3.499999999999992006 ) ) ;
#2513 = VERTEX_POINT ( 'NONE', #840 ) ;
#2514 = VERTEX_POINT ( 'NONE', #1422 ) ;
#2515 = CARTESIAN_POINT ( 'NONE',  ( 5.700000000000000178, 0.1999999999999997613, 6.000000000000000000 ) ) ;
#2516 = EDGE_CURVE ( 'NONE', #496, #475, #2392, .T. ) ;
#2517 = LINE ( 'NONE', #2317, #427 ) ;
#2518 = AXIS2_PLACEMENT_3D ( 'NONE', #1382, #1997, #2403 ) ;
#2519 = CARTESIAN_POINT ( 'NONE',  ( 0.000000000000000000, 0.1000000000000000056, 0.000000000000000000 ) ) ;
#2520 = ORIENTED_EDGE ( 'NONE', *, *, #1579, .F. ) ;
#2521 = AXIS2_PLACEMENT_3D ( 'NONE', #202, #1180, #1778 ) ;
#2522 = FACE_OUTER_BOUND ( 'NONE', #1050, .T. ) ;
#2523 = CARTESIAN_POINT ( 'NONE',  ( 4.499999999999997335, -8.727922061357858752, 0.2000000000000000111 ) ) ;
#2524 = DIRECTION ( 'NONE',  ( 0.000000000000000000, 0.000000000000000000, -1.000000000000000000 ) ) ;
#2525 = ORIENTED_EDGE ( 'NONE', *, *, #1098, .F. ) ;
#2526 = EDGE_CURVE ( 'NONE', #85, #1608, #286, .T. ) ;
#2527 = CYLINDRICAL_SURFACE ( 'NONE', #1287, 0.1999999999999996503 ) ;
#2528 = ADVANCED_FACE ( 'NONE', ( #2018 ), #2033, .F. ) ;
#2529 = CARTESIAN_POINT ( 'NONE',  ( 1.567978486774819119E-16, 4.099999999999999645, -0.5803515984090321655 ) ) ;
#2530 = VERTEX_POINT ( 'NONE', #420 ) ;
#2531 = EDGE_CURVE ( 'NONE', #2404, #888, #1445, .T. ) ;
#2532 = DIRECTION ( 'NONE',  ( -1.000000000000000000, 0.000000000000000000, 0.000000000000000000 ) ) ;
#2533 = CARTESIAN_POINT ( 'NONE',  ( -6.319999999999999396, 0.000000000000000000, 5.800000000000000711 ) ) ;
#2534 = CARTESIAN_POINT ( 'NONE',  ( -5.999999999999999112, 0.1999999999999997613, -6.319999999999999396 ) ) ;
#2535 = ORIENTED_EDGE ( 'NONE', *, *, #241, .T. ) ;
#2536 = VERTEX_POINT ( 'NONE', #2254 ) ;
#2537 = VERTEX_POINT ( 'NONE', #2423 ) ;
#2538 = DIRECTION ( 'NONE',  ( 0.000000000000000000, -1.000000000000000000, 0.000000000000000000 ) ) ;
#2539 = ORIENTED_EDGE ( 'NONE', *, *, #276, .F. ) ;
#2540 = DIRECTION ( 'NONE',  ( 0.000000000000000000, 0.000000000000000000, 1.000000000000000000 ) ) ;
#2541 = ORIENTED_EDGE ( 'NONE', *, *, #940, .F. ) ;
#2542 = DIRECTION ( 'NONE',  ( -0.000000000000000000, 1.000000000000000000, -0.000000000000000000 ) ) ;
#2543 = EDGE_CURVE ( 'NONE', #2376, #2172, #2211, .T. ) ;
#2544 = SURFACE_SIDE_STYLE ('',( #1557 ) ) ;
#2545 = LINE ( 'NONE', #2510, #1321 ) ;
#2546 = CARTESIAN_POINT ( 'NONE',  ( -5.999999999999999112, 3.899999999999999911, -6.319999999999999396 ) ) ;
#2547 = EDGE_CURVE ( 'NONE', #1184, #1140, #1845, .T. ) ;
#2548 = AXIS2_PLACEMENT_3D ( 'NONE', #1312, #151, #722 ) ;
#2549 = CARTESIAN_POINT ( 'NONE',  ( -4.499999999999999112, 3.999999999999999112, 0.2000000000000000111 ) ) ;
#2550 = VERTEX_POINT ( 'NONE', #450 ) ;
#2551 = VECTOR ( 'NONE', #1415, 1000.000000000000000 ) ;
#2552 = ORIENTED_EDGE ( 'NONE', *, *, #925, .T. ) ;
#2553 = DIRECTION ( 'NONE',  ( 1.000000000000000000, -0.000000000000000000, -0.000000000000000000 ) ) ;
#2554 = VECTOR ( 'NONE', #1350, 1000.000000000000000 ) ;
#2555 = VECTOR ( 'NONE', #229, 999.9999999999998863 ) ;
#2556 = CARTESIAN_POINT ( 'NONE',  ( -4.499999999999999112, 3.999999999999999112, 0.2000000000000000111 ) ) ;
#2557 = FACE_OUTER_BOUND ( 'NONE', #299, .T. ) ;
#2558 = AXIS2_PLACEMENT_3D ( 'NONE', #602, #1594, #395 ) ;
#2559 = DIRECTION ( 'NONE',  ( 1.000000000000000000, 0.000000000000000000, 0.000000000000000000 ) ) ;
#2560 = PLANE ( 'NONE',  #215 ) ;
#2561 = LINE ( 'NONE', #628, #2555 ) ;
#2562 = EDGE_LOOP ( 'NONE', ( #1895, #1329, #118, #1270, #1873, #19, #1662, #932, #874, #2552, #1409, #2298, #2393, #296 ) ) ;
#2563 = CIRCLE ( 'NONE', #2521, 1.500000000000000222 ) ;
#2564 = CARTESIAN_POINT ( 'NONE',  ( 0.000000000000000000, -1.799999999999999600, 1.100000000000000089 ) ) ;
#2565 = CARTESIAN_POINT ( 'NONE',  ( 4.499999999999997335, 3.999999999999999112, 0.2000000000000000111 ) ) ;
#2566 = LINE ( 'NONE', #1568, #1634 ) ;
#2567 = FILL_AREA_STYLE_COLOUR ( '', #1734 ) ;
#2568 = CARTESIAN_POINT ( 'NONE',  ( 5.800000000000001599, 0.000000000000000000, -4.917157287525375509 ) ) ;
#2569 = DIRECTION ( 'NONE',  ( 0.000000000000000000, 0.000000000000000000, -1.000000000000000000 ) ) ;
#2570 = EDGE_CURVE ( 'NONE', #2249, #1347, #522, .T. ) ;
#2571 = LINE ( 'NONE', #2203, #1508 ) ;
#2572 = ORIENTED_EDGE ( 'NONE', *, *, #207, .T. ) ;
ENDSEC;
END-ISO-10303-21;
